id,start_academic_year,provider_name,provider_code,provider_ukprn,partner_name,partner_reference,partner_type,school_name,school_urn,subject_name
e1967650-6862-4ce9-a569-abfe0b52f130,2019,Birmingham City University,B25,10007140,,,,Abbey Catholic Primary School,147669,Primary
f4a8e8dd-3084-48bd-adaa-8bc64662805f,2019,University of Bedfordshire,B22,10007152,,,,"Abbey College, Ramsey",137377,Physical education
991b8060-3a80-4e31-8ba8-ddd7904ac104,2019,Sheffield Hallam University,S21,10005790,,,,Abbeyfield Primary Academy,143052,Primary
dd4aa61c-af44-496a-808c-70dae43ce280,2019,Lincoln Bishop University,B38,10007811,,,,Abbey Hill Primary & Nursery,136006,Primary
825014cf-ae3f-4bc8-a9ca-d1f8ba44ab01,2019,University of Wolverhampton,W75,10007166,,,,Abbey Primary School,104168,Primary
e3abfbc9-2eeb-4049-a79c-cd417d316d4a,2019,Nottingham Trent University,N91,10004797,,,,Abbey Road Primary School,148168,Primary
80432d48-5c27-41c7-9b7c-d8453d88aa8e,2019,Canterbury Christ Church University,C10,10001143,,,,Abbot's Hall Community Primary School,147933,Primary
eed831c0-816f-4f2e-8895-f13d5f2dd4a6,2019,University Of Plymouth,P60,10007801,,,,Abbotsweld Primary Academy,141380,Primary
6bafa8ad-f23b-4a65-960c-dedbdffbeff2,2019,"University of the West of England, Bristol",B80,10007164,,,,Abbotswood Primary School,132199,Primary
c5da0043-61d1-400c-a782-e3ae832d9849,2019,University of Hertfordshire,H36,10007147,,,,Abel Smith School,117111,Primary
1ae0b001-4e36-43b8-a37a-12ff19f48175,2019,University of Hertfordshire,H36,10007147,,,,Aboyne Lodge Junior Mixed and Infant School,117141,Primary
d90d2beb-dd39-44be-bf28-de00dbae2d4b,2019,Edge Hill University,E42,10007823,,,,Abram Bryn Gates Primary School,106414,Primary
b36652ae-2e9e-40b6-a4c3-652bcf218fb1,2019,University of Sunderland,S84,10007159,,,,Academy 360,145477,Primary
c171fb91-9ec6-4879-ba14-dcd254e6cbd8,2019,Edge Hill University,E42,10007823,,,,Accrington Peel Park Primary School,119184,Primary
aa86e574-4f35-4ea1-800e-9266a9a2c7b9,2019,University of Northumbria at Newcastle,N77,10001282,,,,Acre Rigg Academy,138554,Primary
499e28eb-77ae-4dd0-8eb6-d93855ff18e5,2019,University of Sunderland,S84,10007159,,,,Acre Rigg Academy,138554,Primary
88a62952-dfd8-455f-81b0-10906377d3c3,2019,Roehampton University,R48,10007776,,,,Addison Primary School,100321,Primary
325cc98e-66b4-4d8d-9827-aaaa05464f63,2019,St Mary's University,S64,10007843,,,,Addison Primary School,100321,Primary
31034dc2-0a61-4bb2-83c9-30457367cae3,2019,University of Hull,H72,10007149,,,,Adelaide Primary School,144672,Primary
75b910cc-28f4-474d-be3f-1ad76645c10b,2019,Sheffield Hallam University,S21,10005790,,,,Adswood Primary School,106024,Primary
450b08d6-8c9e-412b-97f4-a10e125cde09,2019,The Manchester Metropolitan University,M40,10004180,,,,Adswood Primary School,106024,Primary
6b83167a-92e4-4e9a-a430-e543739e607b,2019,Leeds Beckett University,L27,10003861,,,,Ainthorpe Primary School,139570,Primary
488e83c9-3c6f-43aa-bb95-a95f1898d45f,2019,Edge Hill University,E42,10007823,,,,Aintree Davenhill Primary School,104868,Primary
45e0ed70-c2bf-4bee-901b-e9dfeee4030b,2019,University of Hull,H72,10007149,,,,Aldbrough Primary School,117823,Primary
9349eee2-33ed-425a-b789-1caef8def14c,2019,Sheffield Hallam University,S21,10005790,,,,Aldercar Infant School,146484,Primary
7f43e628-7c47-4b81-bdaf-fdadb0522170,2019,Lincoln Bishop University,B38,10007811,,,,Alderman Jacobs School,136653,Primary
c65dba69-09ea-427c-bd1b-6469574a2282,2019,Birmingham City University,B25,10007140,,,,Alderman Richard Hallam Primary School,120107,Primary
4dd2a9e1-9cae-4b00-aa35-4b86d3bef127,2019,University of Cumbria,C99,10007842,,,,Aldersbrook Primary School,102823,Primary
5940dd8e-4c78-4b8b-a491-dcd09d9ace70,2019,University of Chichester,C58,10007137,,,,Aldingbourne Primary School,125816,Primary
f4b60c2b-f2ed-4c62-a890-b9b6c9e4e513,2019,University of Sussex,S90,10007806,,,,Aldrington CofE Primary School,114555,Primary
52385a4e-72eb-4c00-ac82-27941c65fa7b,2019,The Manchester Metropolitan University,M40,10004180,,,,Alexandra Park Primary School,135746,Primary
82385b6a-7054-49a0-b3d7-ad17a7bbfd00,2019,St Mary's University,S64,10007843,,,,Alexandra Primary School,140974,Primary
91f2ed00-adc9-493e-86e6-6c245e4ec6e5,2019,University of Reading,R12,10007802,,,,Alfred Sutton Primary School,109776,Primary
3fa3fd08-59fe-47d0-ba39-ede818cd5312,2019,Newman University,N36,10007832,,,,Al-Furqan Primary School,131465,Primary
036a54e7-2b30-4372-8272-0cf1921ee353,2019,Edge Hill University,E42,10007823,,,,Allanson Street Primary School,104758,Primary
0699dc3f-1bcc-4a2c-9549-78d14f6fc619,2019,St Mary's University,S64,10007843,,,,Allen Edwards Primary School,100598,Primary
044a8f35-b70c-47b2-8292-fc4dea12f3cf,2019,Birmingham City University,B25,10007140,,,,Allens Croft Primary School,103243,Primary
0c6238ca-6c11-485f-a711-7fd14005acff,2019,University of Derby,D39,10007851,Allenton Primary School,141324,school,Allenton Primary School,141324,Primary
207f68d1-e55b-4d0c-b066-221bde749839,2019,Leeds Trinity University,L24,10003863,,,,Allerton Bywater Primary School,143242,Primary
af9145b7-3d0d-4301-a2f9-f2bc87a085b5,2019,Birmingham City University,B25,10007140,,,,All Saints Bedworth CofE Academy,148319,Primary
4e6ab09a-f196-45c8-96eb-3c8ad1dd02df,2019,Edge Hill University,E42,10007823,,,,"All Saints Catholic Primary School, Golborne, Wigan",106505,Modern languages
3e210128-730b-45ce-8a05-ccc755991363,2019,University of Nottingham,N84,10007154,,,,All Saints' Catholic Voluntary Academy,140698,English
3965ea24-4f6f-4b11-9684-af053adfb9a9,2019,Liverpool Hope University,L46,10003956,,,,All Saints' Catholic Voluntary Aided Primary School,134250,Primary
c664e4a2-eca3-403f-8551-6f60eb6e06e3,2019,University of Hertfordshire,H36,10007147,,,,"All Saints Church of England Primary School and Nursery, Bishop's Stortford",117472,Primary
fd24a7ce-be42-427e-8962-540afffd53f6,2019,University of Sussex,S90,10007806,,,,"All Saints Church of England Primary School, Bexhill",114491,Primary
184093db-62b1-4d32-ae24-9fe9a83be5bd,2019,The Manchester Metropolitan University,M40,10004180,,,,All Saints Church of England Primary School Stockport,106103,Primary
48b2f815-e451-4ae0-b58d-c6d3fc92ac5a,2019,University of Derby,D39,10007851,,,,All Saints CofE Academy Denstone,145681,Primary
666e1dcf-d647-4278-abe5-8c1ca55db72f,2019,The Manchester Metropolitan University,M40,10004180,,,,All Saints C of E Primary School,105505,Primary
b8bf0865-8887-473b-a13f-d22e16e1a97d,2019,Leeds Trinity University,L24,10003863,,,,All Saints CofE Primary School,107302,Primary
2aff35bc-a932-454f-8103-4d08dd008936,2019,Leeds Trinity University,L24,10003863,,,,All Saints CofE Primary School,149120,Primary
60704450-856f-4013-b339-a258693cf917,2019,The Manchester Metropolitan University,M40,10004180,,,,All Saints CofE Primary School,105238,Primary
2d552b64-f2fd-4445-b1ec-db43b45fab0c,2019,Liverpool Hope University,L46,10003956,,,,All Saints Primary School,105480,Primary
0d2513eb-0efe-4464-bbce-c983df9ea384,2019,University of Chester,C55,10007848,,,,All Saints Primary School,400458,Primary
eadaa091-32f7-4b02-af23-d6e23274f3fa,2019,University of Hertfordshire,H36,10007147,,,,Alma Primary School,145984,Primary
e16e8688-f119-4002-91e3-34838350cdc6,2019,The Manchester Metropolitan University,M40,10004180,,,,Alt Academy,141333,Primary
a9b0b095-a4d2-47f5-8767-24a4f56c9a7a,2019,Liverpool Hope University,L46,10003956,,,,Alvanley and Manley Village School,111003,Primary
a21e045e-fa17-4285-ab6b-210399e828e9,2019,University of Derby,D39,10007851,,,,Alvaston Infant and Nursery School,112744,Primary
7d386c1a-3935-43b5-b71f-abd2c11556cf,2019,University of Hertfordshire,H36,10007147,,,,Andrews Lane Primary School,117302,Primary
8e96324a-891f-4377-b222-e6b8e396321e,2019,Birmingham City University,B25,10007140,,,,Anglesey Primary School,132074,Primary
5bb4faaf-9f0e-4f2f-be31-b7c41d42d13e,2019,Sheffield Hallam University,S21,10005790,,,,Angram Bank Primary School,107085,Primary
74846287-3eea-4528-9d55-11a6956f826b,2019,University of Worcester,W80,10007139,,,,Ann Cam Church of England Primary School,149677,Primary
1d4eb6c3-54bf-4e17-b10f-44fd6980170f,2019,Birmingham City University,B25,10007140,,,,Annie Lennard Primary School,103932,Primary
613cd89a-6364-496a-92a9-a1fb56faa8cb,2019,University of Hertfordshire,H36,10007147,,,,Anstey First School,117218,Primary
61a1e75b-f769-40f5-83e3-d925c5f23737,2019,University of Cumbria,C99,10007842,,,,Applebee Wood Community Specialist School,119880,Primary
3d055df7-7a9f-406b-8745-ba8ed43d85d6,2019,University of Hull,H72,10007149,,,,Appleton Roebuck Primary School,146005,Primary
b31c2518-5cde-46c3-9b02-6afc2e09d5e7,2019,Birmingham City University,B25,10007140,,,,Aqueduct Primary School,123444,Primary
fcde7bbd-c861-45a6-905b-e5d156b0b1f6,2019,"University of the West of England, Bristol",B80,10007164,,,,Archbishop Rowan Williams CIW School,401502,Primary
aaa3a0ad-d292-4405-a49a-3551166893dc,2019,University of Northumbria at Newcastle,N77,10001282,,,,Archbishop Runcie CofE First School,108495,Primary
f88155fa-1ffe-4a3b-86fd-640ce357a636,2019,Leeds Beckett University,L27,10003861,,,,Archbishop Tenison's School,145857,Geography
e6749bf9-3fd2-462a-a5be-8741dadeec70,2019,St Mary's University,S64,10007843,,,,Archdeacon Cambridge's Church of England Primary School,102920,Primary
20bdce5a-cd19-4613-a25f-7f2cfa2edc88,2019,Newman University,N36,10007832,,,,Arden Primary School,103324,Primary
56cb32f0-0d45-4a71-866e-8670b63e8fed,2019,Birmingham City University,B25,10007140,,,,Arena Academy,145580,Primary
76c40a33-8c5a-47b1-9d7e-281cb8ccc92f,2019,University of Cumbria,C99,10007842,,,,Arkholme Church of England Primary School,119523,Primary
3a4fb273-65e9-4e59-b63f-b4c96c38a02b,2019,University of Greenwich,G70,10007146,,,,Ark Isaac Newton Academy,138518,Primary
8ed061cf-6f8d-4ea1-abaf-71593d9317a3,2019,Birmingham City University,B25,10007140,,,,Ark Kings Academy,137578,Primary
b7c7e40d-e4e8-4d18-8522-3f37c4b9d12a,2019,Newman University,N36,10007832,,,,Ark Kings Academy,137578,Primary
7855a5f7-17da-454d-9870-029db0d31301,2019,Birmingham City University,B25,10007140,,,,Ark Tindal Primary Academy,138397,Primary
68b33491-c563-4a6a-8e02-b5a9b41f670e,2019,Birmingham City University,B25,10007140,,,,Ark Victoria Academy,141752,Primary
1eff99e1-4c3f-46ab-8e95-99ec03126c73,2019,Sheffield Hallam University,S21,10005790,,,,Arkwright Primary School,112632,Primary
bad832ff-ddb9-41ef-aeb6-0e722744a171,2019,Liverpool Hope University,L46,10003956,,,,Arnot St Mary CofE Primary School,135267,Primary
d76da732-a1ac-41af-b17c-fca42437cae5,2019,University of Greenwich,G70,10007146,,,,Arthur Bugler Primary School,143378,Primary
9f844f02-164c-4cdf-96dd-a5aefc1bad7d,2019,Nottingham Trent University,N91,10004797,,,,Asfordby Hill Primary School,139340,Primary
cac894e8-4c69-4fd0-ace7-e5400609e96d,2019,University of Derby,D39,10007851,Allenton Primary School,141324,school,Ashbrook Junior School,147927,Primary
08a432d0-6d03-407f-91e1-3fc5f93aa23b,2019,Two Mile Ash ITT Partnership,T89,10059102,,,,Ashbrook School,147380,Primary
4ea7c8e1-19e0-4e84-a019-3b631b3d6120,2019,Oxford Brookes University,O66,10004930,,,,Ashbury with Compton Beauchamp Church of England (A) Primary School,123220,Primary
9d694869-5c15-4797-a7b6-938561ae33e1,2019,Canterbury Christ Church University,C10,10001143,,,,Ash Cartwright and Kelsey Church of England Primary School,118745,Primary
3721d7ce-5bbf-4028-8897-dca0e8e3afd1,2019,"University of the West of England, Bristol",B80,10007164,,,,Ashcombe Primary School,144924,Primary
f1317724-e51e-4531-a625-b426c3a6fe25,2019,University of Sussex,S90,10007806,,,,Ashdown Primary School,114392,Primary
a4083450-f13a-483e-ba5e-10867cfd5eee,2019,Canterbury Christ Church University,C10,10001143,,,,"Ashford, St Mary's Church of England Primary School",118738,Primary
cfb06fe2-dfaa-4531-9c39-2b2243460ac6,2019,Sheffield Hallam University,S21,10005790,,,,Ash Grove Primary Academy,146666,Primary
5bbe67e1-d777-4047-87b2-8ff007225fe3,2019,Leeds Trinity University,L24,10003863,,,,Ashlands Primary School,107277,Primary
370926a8-9cf4-4f14-9715-c5af3ad543ba,2019,University of Cumbria,C99,10007842,,,,Ashleigh Primary School,119200,Primary
a975dc1e-4f09-4ff1-b0ad-5af4a6b84dd1,2019,The University Of East Anglia,E14,10007789,,,,"Ashleigh Primary School and Nursery, Wymondham",120922,Primary
e0212f81-3192-40ca-a037-b982e373d66c,2019,St Mary's University,S64,10007843,,,,Ashley Church of England Primary School,141294,Primary
99279e11-e411-423b-a9c7-18dadfbee581,2019,University of Hertfordshire,H36,10007147,,,,Ashwell Primary School,117084,Primary
ca90d9f6-9d4a-4325-bcde-3cf6b0f4f261,2019,Newman University,N36,10007832,,,,Ashwood Park Primary School,103818,Primary
25ca4a35-fcaa-406e-acf9-73631982f7b8,2019,University of Derby,D39,10007851,,,,Ashwood Spencer Academy,146079,Primary
959d1e60-92b3-4bd1-9633-df43037585fe,2019,Leeds Beckett University,L27,10003861,,,,Asquith Primary School,132795,Primary
df06bb10-c273-4caf-a98f-1ab523324187,2019,The University Of East Anglia,E14,10007789,,,,Astley Primary School,144565,Primary
3016fcb5-012f-493b-bb21-e7cd1980b5d8,2019,Sheffield Hallam University,S21,10005790,,,,Aston Lodge Primary School,143055,Primary
1dcf8f5f-3d30-4bba-b809-56e6472b2e12,2019,Sheffield Hallam University,S21,10005790,,,,Astrea Academy Sheffield,145864,Primary
a17dba0d-4a75-4c93-acaf-2ca08acd82b0,2019,Sheffield Hallam University,S21,10005790,,,,Athelstan Primary School,107083,Primary
ae62de87-0252-4c8d-8a1d-1c0853f48b53,2019,University Of Exeter,E84,10007792,,,,Atlantic Academy,146567,Chemistry
df660df0-7e57-4260-8f7d-a9b632032be0,2019,Sheffield Hallam University,S21,10005790,,,,Aughton Early Years Centre,106828,Primary
5c0fed8b-c3e1-474c-8f2e-bc1a85686b33,2019,University of Greenwich,G70,10007146,,,,Avenue Primary School,102710,Primary
588b76bb-5a62-4b46-8a9d-2d05f2202071,2019,"University of the West of England, Bristol",B80,10007164,,,,Avonmouth Church of England Primary School and Nursery,109140,Primary
dd06469b-06ba-413d-9d88-b6257a0a299c,2019,Nottingham Trent University,N91,10004797,,,,Awsworth Primary and Nursery School,145786,Primary
6a977f4d-915a-4dd9-bea7-3086a6628d23,2019,Canterbury Christ Church University,C10,10001143,,,,Aycliffe Community Primary School,118449,Primary
60737187-78fa-4f86-b269-6f355bdd43e5,2019,The University of Brighton,B72,10000886,,,,Aylesford School,118882,Physical education
784a293c-6751-4245-946d-c430cf5882c8,2019,"University of the West of England, Bristol",B80,10007164,,,,Backwell School,136722,Mathematics
e238b5b4-b26b-4c16-9936-44475092e974,2019,University of Northumbria at Newcastle,N77,10001282,,,,Backworth Park Primary School,108580,Primary
e2f915f4-4aab-446b-93cc-c75ed18bf049,2019,The Manchester Metropolitan University,M40,10004180,,,,Bacup Holy Trinity Stacksteads Church of England Primary School,119414,Primary
7c61d72c-6846-4d89-b95d-d6366d4a3dc9,2019,Middlesex University,M80,10004351,,,,Baden-Powell School,100255,Primary
35c7db97-d546-4c9f-8093-666e0281f408,2019,"University of the West of England, Bristol",B80,10007164,,,,Badocks Wood E-ACT Academy,144779,Primary
181b88cf-ca5a-470e-9cee-fffadc52434e,2019,Edge Hill University,E42,10007823,,,,Balderstone St Leonard's Church of England Voluntary Aided Primary School,119415,Primary
b24f53db-e423-4dfe-86ae-ec88aa5e1f3c,2019,University of Derby,D39,10007851,,,,Baldwins Gate CofE(VC) Primary School,124290,Primary
fd908085-a5a6-4e69-86b9-af39fe8b6af5,2019,University of Sussex,S90,10007806,,,,Balfour Primary School,114382,Primary
5be90a3d-58c3-40f6-84f0-515b1afd3811,2019,The Manchester Metropolitan University,M40,10004180,,,,Bamford Academy,137471,Mathematics
55ca020b-4d17-488e-ae87-78fa01f4a8f1,2019,The Manchester Metropolitan University,M40,10004180,,,,Bamford Academy,137471,Primary
7fd326c3-d918-48c6-a961-0a94d37718ad,2019,Kingston University,K84,10003678,,,,Bandon Hill Primary School,102958,Primary
a0455df6-1adb-40cc-bfcb-e86418ea7e91,2019,The University of Brighton,B72,10000886,,,,Bandon Hill Primary School,102958,Primary
c97ca066-c7e4-44e4-871c-3d4a8a5df5ed,2019,Leeds Trinity University,L24,10003863,,,,Bankside Primary School,107901,Primary
9df51297-009f-4aad-8b34-d25a0f02cb8a,2019,Edge Hill University,E42,10007823,,,,Banks Road Primary School,104516,Primary
fe1d7366-ab03-48df-9b25-7dad543f8e7d,2019,University of Greenwich,G70,10007146,,,,Bannockburn Primary School,100113,Primary
93b03977-2246-4b76-ab01-4eb5c65869ee,2019,Edge Hill University,E42,10007823,,,,Barden Primary School,119260,Primary
ea32dccb-76ae-4858-a438-dcb54126ee99,2019,The Manchester Metropolitan University,M40,10004180,,,,Barden Primary School,119260,Primary
d2951806-78ee-4119-a8d3-a4d586c30d5c,2019,Canterbury Christ Church University,C10,10001143,,,,Bardfield Academy,143203,Primary
3fd73284-7a5b-4586-9973-d66e013d99f9,2019,Birmingham City University,B25,10007140,,,,Barford Primary School,103162,Primary
e71dd652-16e2-468e-af9b-7cb481d69ca1,2019,University of Greenwich,G70,10007146,,,,Baring Primary School,100673,Primary
ac1529c7-fb8a-4db0-af60-349a7eca9bf1,2019,The University of Brighton,B72,10000886,,,,"Barking Abbey School, A Specialist Sports and Humanities College",101241,Physical education
a5890d04-a7cb-47e2-bab4-171025569761,2019,Sheffield Hallam University,S21,10005790,,,,Barlborough Primary School,112505,Primary
f0727d67-9cac-4f6d-9d6b-d6181e4b4c12,2019,Leeds Beckett University,L27,10003861,,,,Barnby Dun Primary Academy,138163,Primary
9e507fc9-9b45-4fbb-b601-25a0877e5671,2019,York St John University,Y75,10007713,,,,Barnby Dun Primary Academy,138163,Primary
4060567e-00e0-435e-869e-d0c9ab3136d9,2019,Nottingham Trent University,N91,10004797,,,,Barnby Road Academy Primary and Nursery school,136274,Primary
b14bdaae-d967-44fe-ac58-1ddc757b9db7,2019,University of Greenwich,G70,10007146,,,,Barnehurst Junior School,140321,Primary
0c566607-9e9d-4b19-b107-366b750dfc8b,2019,University of Sunderland,S84,10007159,,,,Barnes Junior School,108755,Primary
930eb02a-4de1-4a2c-ac65-5f2a015b00aa,2019,Middlesex University,M80,10004351,,,,Barnet Hill Academy,131261,Primary
98a790d9-17b8-4f5d-a73d-796401e74c49,2019,University of Chichester,C58,10007137,,,,Barnham Primary School,142141,Primary
dae93f45-f931-4b3d-a2f5-5291bb177c90,2019,Edge Hill University,E42,10007823,,,,Barnoldswick Church of England Controlled Primary School,119360,Primary
709de468-f7aa-4d52-91c8-bc1b6c3dee08,2019,Edge Hill University,E42,10007823,,,,Barnston Primary School,105030,Modern languages
41e40acf-3016-4a1f-aee7-c1d7f35633c1,2019,University of Greenwich,G70,10007146,,,,Barrington Primary School,143868,Primary
afd07bea-031a-4e34-bac0-7bc905b62677,2019,Lincoln Bishop University,B38,10007811,,,,Barrowby Church of England Primary School,120513,Primary
30c63724-b55d-43fc-b3aa-43a2e2288c81,2019,The Manchester Metropolitan University,M40,10004180,,,,Barrowford School,119166,Primary
77c785d8-96db-48f6-904e-4c20a176969b,2019,Roehampton University,R48,10007776,,,,Barrow Hedges Primary School,145977,Primary
6a5cd095-ed31-485c-be86-9122131c7c20,2019,Sheffield Hallam University,S21,10005790,,,,Barrow Hill Primary Academy,143179,Primary
0eab7a6f-4ca4-4d6a-9544-1c4fad3ae92a,2019,University of Chichester,C58,10007137,,,,"Bartons Primary School, Bognor Regis",125922,Primary
6382a034-91ae-4b74-9424-bc2f8b7e3410,2019,University of Hull,H72,10007149,,,,Barton St Peter's CofE Primary School,118006,Primary
1d308c32-4138-4241-97bd-7e544a37c819,2019,Birmingham City University,B25,10007140,,,,Batchley First and Nursery School,116721,Primary
d8b1ba34-dc40-4f94-9745-2cfb44fae95c,2019,"University of the West of England, Bristol",B80,10007164,,,,Batheaston Church School,145512,Primary
c72b5bcb-0f28-4765-8f4f-7cf01dcb287c,2019,University of Reading,R12,10007802,,,,Battle Primary Academy,139066,Primary
a77c012e-fa6e-4ddf-8264-800f9a908862,2019,University of Hertfordshire,H36,10007147,,,,Bayford Church of England Voluntary Controlled Primary School,117387,Primary
37f92d0e-664c-40be-a47f-5791f2335219,2019,University of Northumbria at Newcastle,N77,10001282,,,,Beaconhill Community Primary School,122193,Primary
a59b6d08-e468-4d47-b225-706fa13ae9cb,2019,Birmingham City University,B25,10007140,,,,Beacon Primary School,131580,Primary
b7b0c349-0c2e-402f-962f-d81cd63cec17,2019,Edge Hill University,E42,10007823,,,,Beacon Primary School,146535,Primary
cf3e24ac-8c83-432b-8473-c5baa1d0ff5b,2019,University of Wolverhampton,W75,10007166,,,,Beacon Primary School,131580,Primary
78fc95a3-acac-449f-9d04-7ab725b76848,2019,Birmingham City University,B25,10007140,,,,Bearwood Primary School,103933,Primary
17fbf3a5-88c8-4bee-8d42-82df460dcb79,2019,Leeds Beckett University,L27,10003861,,,,Beaumont Hill Academy,138093,Primary
7a6bfdea-9d66-472a-a85d-dbbb1f783652,2019,Edge Hill University,E42,10007823,,,,Beaumont Primary School,105173,Primary
2101b43e-386d-40ab-9ac0-a8cb86b00585,2019,The University of Brighton,B72,10000886,,,,Becket Keys Church of England Free School,138239,Physical education
03816e01-340e-4d56-a160-c57b20c8fdff,2019,University of Derby,D39,10007851,,,,Becket Primary School,112717,Primary
c3d5142a-5907-47ac-b45a-4efa15f1976d,2019,Sheffield Hallam University,S21,10005790,,,,Beck Primary School,142542,Primary
b2e90574-98b4-4479-92f6-ed1c9f6c20b3,2019,Canterbury Christ Church University,C10,10001143,,,,Becontree Primary School,101231,Primary
b1dc7427-1ae3-40f7-8864-513bd69f6ebb,2019,University of Bedfordshire,B22,10007152,,,,Bedford Academy,136085,Physical education
634c9e68-83bc-482d-8c66-07a7d81722e8,2019,University of Bedfordshire,B22,10007152,,,,Bedford Greenacre Independent School,109717,Physical education
e0be1c97-2cc1-4f52-9cbe-fae78257b4bc,2019,University of Bedfordshire,B22,10007152,,,,Bedford Greenacre Independent School,109717,Primary
2b4c5b1a-93ea-4d4e-af9e-48b001667939,2019,University of Greenwich,G70,10007146,,,,Bedonwell Infant and Nursery School,143866,Primary
e26baaf5-53fd-43f0-9c1e-fcf71afd6ae0,2019,University of Hertfordshire,H36,10007147,,,,Beechfield School,145350,Primary
81d63dce-c7f1-4729-bbfa-1dca3a1aadea,2019,Oxford Brookes University,O66,10004930,,,,Beenham Primary School,109802,Primary
e304fe46-3d2f-457f-a799-5ed2b1038bc0,2019,Leeds Beckett University,L27,10003861,,,,Beeston Primary School,107946,Primary
b1c57088-0df0-4c7f-817b-45e2b187e8da,2019,University of Cumbria,C99,10007842,,,,Beetham CofE Primary School,112313,Primary
aaad4e46-a11c-495b-95b0-1c4ac8ee85f7,2019,Liverpool Hope University,L46,10003956,,,,Belle Vale Community Primary School,104519,Primary
5fca13df-8e8a-4833-83e1-6ac51653d82c,2019,Middlesex University,M80,10004351,,,,Bell Lane Primary School,101259,Primary
c83e30aa-29d6-44d8-b4be-92d93a837999,2019,University of Greenwich,G70,10007146,,,,Belmont Castle Academy,139105,Primary
80d03963-2d11-4250-930a-1c453ff649cb,2019,Edge Hill University,E42,10007823,,,,Belmont School,131025,Primary
a3ae4ee1-0e1c-4bf9-afa2-4b224c011456,2019,Edge Hill University,E42,10007823,,,,Belthorn Academy Primary School,137512,Primary
b21f1817-0456-4fc5-a96e-8e6d2e7ca773,2019,The Manchester Metropolitan University,M40,10004180,,,,Belthorn Academy Primary School,137512,Primary
e9ddea41-0c8f-4b2f-b127-e574b84f939c,2019,The Manchester Metropolitan University,M40,10004180,,,,Benchill Primary School,132241,Primary
f0da5269-5b33-42b3-931c-71680d4f52bb,2019,Canterbury Christ Church University,C10,10001143,,,,Benenden Church of England Primary School,118597,Primary
0b01da89-2221-4ccd-88f0-b8e1c1b6ec4f,2019,University of Sussex,S90,10007806,,,,Benfield Primary School,114412,Primary
cbf050ef-5c68-4aaa-9bba-9735d50b53e7,2019,University of Northumbria at Newcastle,N77,10001282,,,,Benton Park Primary School,108459,Primary
2195979f-7f20-46c2-9a95-7ba85a066676,2019,University of Chichester,C58,10007137,,,,Berewood Primary School,140211,Primary
0adb0924-1261-4411-bea6-602ca0bedb33,2019,"University of the West of England, Bristol",B80,10007164,,,,Berkeley Primary School,143207,Primary
a8bd0bbb-7a84-4dea-914f-58b40fe145ff,2019,Staffordshire University,S72,10006299,,,,Berkswich CofE (VC) Primary School,124234,Primary
11874d9e-33bc-41ce-a699-afecbcf3b9d9,2019,University of Wolverhampton,W75,10007166,,,,Berrybrook Primary School,140658,Primary
aecd2b41-68f2-4d0d-9186-bab0d74e59c2,2019,University Of Plymouth,P60,10007801,,,,Berrynarbor Church of England Primary School,113371,Primary
95704369-0b1b-4eb8-8407-62ae05b42fe8,2019,University of Chichester,C58,10007137,,,,"Bersted Green Primary School, Bognor Regis",125873,Primary
b03a568e-80ac-4162-a1d2-ed99a6740f72,2019,Staffordshire University,S72,10006299,,,,Betley CofE VC Primary School,124235,Primary
dd05db21-e9fc-45d6-8f56-7d927e3db8f1,2019,University of Chester,C55,10007848,,,,Bicton CofE Primary School and Nursery,123461,Primary
6024fe61-d507-4e7c-bf0f-746a1cc4f232,2019,University of Chichester,C58,10007137,,,,Bidbury Infant School,116084,Primary
aeb5abd4-6c93-4ff4-9af0-8b9b4d4af8ab,2019,University of Hull,H72,10007149,,,,Biggin Hill Primary School,139508,Primary
8c211157-2d3a-40b0-8eb5-d86d0acb75d4,2019,Birmingham City University,B25,10007140,,,,Bilbrook CofE (VC) Middle School,124453,Primary
2ba8c45a-c9a4-4bf2-bc96-bb209d29e664,2019,University of Hull,H72,10007149,,,,Bilton Community Primary School,117829,Primary
a0dfd0bf-396c-4f80-8f5f-3e688812bf33,2019,University of Reading,R12,10007802,,,,Birch Copse Primary School,109844,Primary
705d313d-3f99-491a-9ca0-b9d2a2d32075,2019,The Manchester Metropolitan University,M40,10004180,,,,Birchfields Primary School,130380,Primary
33411aeb-865b-434d-9bab-e5c783a6bd74,2019,University of Wolverhampton,W75,10007166,,,,Birchills Church of England Community Academy,139435,Primary
717b75ef-feac-45f1-93b0-9886e350d7ea,2019,University of Derby,D39,10007851,,,,Birchwood Primary School,138934,Primary
6f5e2a2b-1b83-4d69-a69e-35cc573a4998,2019,Sheffield Hallam University,S21,10005790,,,,Birdwell Primary School,106595,Primary
49a3c842-6039-4c36-a02b-f918a4df7147,2019,University of Greenwich,G70,10007146,,,,Birkbeck Primary School,101426,Primary
f7f66c91-d035-434c-999d-2926dab0c7c9,2019,Edge Hill University,E42,10007823,,,,Birkdale Primary School,104860,Primary
881d1250-501b-4d13-a35f-d91f04bad910,2019,Liverpool Hope University,L46,10003956,,,,Birkenhead Christ Church CofE Primary School,105064,Primary
b2d88707-eecd-4226-8624-f94a4bcb4dbe,2019,Liverpool Hope University,L46,10003956,,,,Birkenhead School,105123,Primary
bbe46960-e72f-4a7e-96f2-ca431848994b,2019,Leeds Beckett University,L27,10003861,,,,Birkenshaw Church of England Voluntary Controlled Primary School,107730,Primary
edb2f58b-8864-40d4-a31e-4fad7e70d0ac,2019,Sheffield Hallam University,S21,10005790,,,,Birley Primary Academy,143964,Primary
65ec8cb4-f590-4a60-9b34-08669b35a4bf,2019,Leeds Beckett University,L27,10003861,,,,Birstall Primary Academy,139356,Primary
dcf59995-0e5b-4a40-aa59-427aa8b754bf,2019,University Of Exeter,E84,10007792,,,,Bishop Fox's School,136851,Modern languages
bc06c151-1b44-4e69-8a81-bbdf277ba95b,2019,University Of Plymouth,P60,10007801,,,,"Bishop Henderson Church of England Primary School, Taunton",123852,Primary
6f416d38-615f-46b3-bb21-b84a61696acf,2019,"University of the West of England, Bristol",B80,10007164,,,,"Bishop Henderson Church of England Primary School, Taunton",123852,Primary
c9ecbdd5-af2d-48fe-9c92-eea335566193,2019,The University of Brighton,B72,10000886,,,,Bishop Justus CofE School,136466,Physical education
2d5c53ac-7cd0-40f2-911a-cab0b056d296,2019,Edge Hill University,E42,10007823,,,,Bishop Martin Church of England Primary School,119616,Primary
24694ce8-42dd-4446-ae17-00a73f179f9e,2019,University of Wolverhampton,W75,10007166,,,,Bishop Vesey's Grammar School,137988,Drama
bab85ba8-d5c3-4aaf-bf0d-cc9ea62c882c,2019,Edge Hill University,E42,10007823,,,,Blackburn the Redeemer CofE Primary,133987,Primary
2c820e17-d661-4f45-9734-6baf09330ccf,2019,"University of the West of England, Bristol",B80,10007164,,,,Blackhorse Primary School,109121,Primary
45981ce4-d564-48cd-93d6-b7ef05f248fb,2019,University of Worcester,W80,10007139,,,,Blackminster Middle School,116960,Primary
29151c01-05ac-49e0-8cc3-f4d41eed7655,2019,The Manchester Metropolitan University,M40,10004180,,,,Blackshaw Primary School,105175,Primary
5272b2e4-e11c-411d-89f1-fe975e5e5f1d,2019,Birmingham City University,B25,10007140,,,,Blackwater Academy,143039,Biology
270874a7-4c6e-46ce-8617-2c70a8dcf7e8,2019,University of Wolverhampton,W75,10007166,,,,Blackwood School,104211,Primary
13ca430f-8fef-40d4-bcdc-295007121ad4,2019,"University of the West of England, Bristol",B80,10007164,,,,Blagdon Primary School,147286,Primary
48431c69-2caf-40f6-82cd-a67761d45fca,2019,Leeds Trinity University,L24,10003863,,,,Blakehill Primary School,107224,Primary
48f196ca-6193-4afb-9fef-22f03d7c803d,2019,Birmingham City University,B25,10007140,,,,Blakesley Hall Primary School,103300,Primary
d49bcd15-9f6b-4435-b6c1-0d919daa65d2,2019,University of Northumbria at Newcastle,N77,10001282,,,,Blaydon West Primary School,108349,Primary
51fac446-4468-484f-ac88-87b6a479892b,2019,Canterbury Christ Church University,C10,10001143,,,,Blean Primary School,118356,Primary
9edaf8ac-e7b7-4ff8-8870-907515566a5d,2019,University of Worcester,W80,10007139,,,,Blessed Edward Oldcorne Catholic College,116999,Primary
87d29ebf-7d5c-4470-b03e-3d12e929cbc6,2019,University of Northumbria at Newcastle,N77,10001282,,,,Blessed John Duckett Roman Catholic Voluntary Aided Primary,114283,Primary
c1d71672-e118-4d7a-84c5-145f6e9e81a5,2019,Nottingham Trent University,N91,10004797,,,,Blessed Robert Widmerpool Catholic Primary and Nursery School,137425,Primary
ce478fd8-884c-4a12-a26c-836f6ca3d99b,2019,Edge Hill University,E42,10007823,,,,Blessed Sacrament Catholic Primary School,141076,Primary
1b00010b-4aa5-4ddc-8ecf-1ecffa893846,2019,Roehampton University,R48,10007776,,,,Blessed Sacrament RC Primary School,100451,Primary
0980b0ef-5614-4a80-ac8c-f54269b45245,2019,University of Sunderland,S84,10007159,,,,Bluebell Meadow Primary School,148138,Primary
dcc66b79-5984-4b2b-a670-3224a9fece97,2019,Edge Hill University,E42,10007823,,,,Blueberry Park,133691,Primary
00e3bf65-04c0-4379-9de6-fcb034e2ddeb,2019,Liverpool Hope University,L46,10003956,,,,Blueberry Park,133691,Primary
9a964791-2d86-464b-b849-ac4c2ba4c777,2019,Plymouth Marjon University,P63,10037449,,,,Bodmin College,136383,Physical education
8220c958-2559-445b-86ba-6665bfd22eb8,2019,Birmingham City University,B25,10007140,,,,Boldmere Infant School and Nursery,103342,Primary
90a2363d-6070-482f-956f-3ad57e1912ae,2019,Birmingham City University,B25,10007140,,,,Boldmere Junior School,103341,Primary
778ceb86-f1c1-484d-a8dd-aa0b62200fce,2019,Staffordshire University,S72,10006299,,,,Bollinbrook CofE (A) Primary School,111360,Primary
aeec8201-2578-40f4-88b5-5b3ea8709b7d,2019,The University of Brighton,B72,10000886,,,,Bolnore Village Primary School,135607,Mathematics
728f0b52-d743-4d54-8245-92e419589f3c,2019,The University of Brighton,B72,10000886,,,,Bolnore Village Primary School,150097,Primary
006a2be7-0744-4ed6-84d5-d2d717dc0313,2019,The Manchester Metropolitan University,M40,10004180,,,,Bolshaw Primary School,106029,Primary
8ed340d7-5c8d-4ab0-aede-d5593880523f,2019,The Manchester Metropolitan University,M40,10004180,,,,Bolton Parish Church CofE Primary School,105229,Primary
334a343f-ecbd-42d6-913a-1bdc7f2c419e,2019,University of Chester,C55,10007848,,,,Bomere Heath CofE Primary School,123495,Primary
b0b7fd4a-f716-41c4-8445-010cf53735e6,2019,University of Hertfordshire,H36,10007147,,,,Bonneygrove Primary School,117366,Primary
a92618ce-34c3-49cd-9173-aa2798ade0ac,2019,Birmingham City University,B25,10007140,,,,Bordesley Green Girls' School & Sixth Form,103493,Primary
fe462a0c-9e2f-4c9e-955d-f9b5793a0bec,2019,Birmingham City University,B25,10007140,,,,Bordesley Green Primary School,103172,Primary
022ab501-efc4-44f9-adfb-28458f0a43e4,2019,Newman University,N36,10007832,,,,Bordesley Green Primary School,103172,Primary
8e0017f3-c97c-4e47-a41d-2e83ead5590c,2019,Plymouth Marjon University,P63,10037449,,,,Boringdon Primary School,142688,Primary
0b338742-6ba6-4f16-94e4-ba532d7ee323,2019,University of Chichester,C58,10007137,,,,Bosham Primary School,125819,Primary
9622a274-96a5-4c4c-8d64-63c010d27c2c,2019,University of Chichester,C58,10007137,,,,Bosmere Junior School,115919,Primary
a5ddbcf0-4b25-491b-a353-14cc6c297b26,2019,Canterbury Christ Church University,C10,10001143,,,,Bournes Green Junior School,144877,Primary
44a40ff4-b4ca-4a1f-8908-b24119d82acd,2019,Birmingham City University,B25,10007140,,,,Bournville School,141318,Primary
bc211705-3c6e-4884-9f9c-2d876c50fcd0,2019,Leeds Trinity University,L24,10003863,,,,Bowling Park Primary School,107234,Primary
75c3d5d9-0374-497f-b116-7de5bf0c0010,2019,The University of Brighton,B72,10000886,,,,Bow School,100965,Physical education
3ed66f95-d2ea-438d-b8ce-5a36a9799273,2019,"University of the West of England, Bristol",B80,10007164,,,,Bowsland Green Primary School,130257,Primary
b0752bd6-0e62-45f7-a2eb-cb808edfc889,2019,University of Chichester,C58,10007137,,,,Boxgrove CofE Primary School,125974,Primary
67fd0ea0-fdac-4f57-8966-d4997d85a8f4,2019,University of Reading,R12,10007802,,,,Boyne Hill CofE Infant and Nursery School,109969,Primary
a5af9da3-7d41-478d-868e-ccec59278a26,2019,University of Sussex,S90,10007806,,,,Brackenbury Primary School,114413,Primary
79bba2af-dedd-4da1-94b7-4a3975dc2934,2019,University of Derby,D39,10007851,,,,Brackenfield Special School,113031,Primary
ba7e7848-4d14-4b84-9e2a-f82ff0ece43f,2019,Lincoln Bishop University,B38,10007811,,,,Bracken Lane Primary Academy,144526,Primary
8d5d964d-ed37-4f98-9cc7-ed93cb287dba,2019,University of Reading,R12,10007802,,,,Bradfield C.E. Primary School,110007,Primary
617fc0c0-d70d-43bc-9c3b-e8b578d0a886,2019,University of Sussex,S90,10007806,,,,Bramber Primary School,125968,Primary
da26c1d9-8669-4908-be5c-5c662bbd2b11,2019,University of Huddersfield,H60,10007148,,,,Brambles Primary Academy,145236,Primary
c7fa6a1d-ab29-4f3c-bf41-bb02c24a8f8d,2019,Nottingham Trent University,N91,10004797,,,,Bramcote Hills Primary School,122536,Primary
ae79efa1-6007-483e-bae5-38f9a5f25059,2019,University of Winchester,W76,10003614,,,,Bramley Church of England Primary School,116278,Primary
9de0ac30-2915-4155-9134-7662a602ae5c,2019,Leeds Trinity University,L24,10003863,,,,Bramley Park Academy,146542,Primary
6f594d51-ef30-4312-b828-6d82c00aa473,2019,Sheffield Hallam University,S21,10005790,,,,Bramley Sunnyside Junior School,106861,Primary
fbd0626f-7879-488a-ae44-63adf485a273,2019,University of Hull,H72,10007149,,,,Brandesburton Primary School,117831,Primary
6ca2c2cd-abe3-4f32-84f6-179385459ed4,2019,University Of Plymouth,P60,10007801,,,,Brannel School,145108,Mathematics
4ad4525d-7c31-43eb-b7f1-4ef1d1afc140,2019,University of Derby,D39,10007851,,,,Brant Broughton Church of England and Methodist Primary School,120594,Primary
8ae2be87-6907-4e49-84d0-4709365dd5c5,2019,Sheffield Hallam University,S21,10005790,,,,Bredbury Green Primary School,145054,Primary
173bf136-31af-4c4c-9c2e-2ca05cc3ea59,2019,The Manchester Metropolitan University,M40,10004180,,,,Brentnall Primary School,105893,Mathematics
2c0de904-3662-49ff-9bb2-9a42fceba2c9,2019,The University of Brighton,B72,10000886,,,,Brentwood County High School,145474,Physical education
46a89686-758c-4182-b42b-b74789110dcc,2019,The University of Brighton,B72,10000886,,,,Brentwood School,115429,Physical education
071c5b0a-37f1-4cfe-ad24-a9902b392d9a,2019,University of Worcester,W80,10007139,,,,Brickhouse Primary School,103936,Primary
414d289f-5963-404d-9599-0aed8fd78867,2019,The Manchester Metropolitan University,M40,10004180,,,,Bridge Hall Primary School,106032,Primary
f17f33a2-faac-46d5-a635-03d348a7df32,2019,The Manchester Metropolitan University,M40,10004180,,,,Bridgelea Pupil Referral Unit,133945,Primary
ad968090-23d4-4e0f-9c76-602b791ba2cf,2019,The Manchester Metropolitan University,M40,10004180,,,,Bridgewater Primary School,105912,Mathematics
15b32b01-67dd-420e-ab94-2de97df878eb,2019,Edge Hill University,E42,10007823,,,,Bridgewater School,105992,Primary
0473fe90-7a3c-46bb-97fb-6463a7980665,2019,Sheffield Hallam University,S21,10005790,,,,Brimington Junior School,143580,Primary
c5070d46-a451-4a83-b010-c7de9c0e72a4,2019,The University of Northampton,N38,10007138,,,,Bringhurst Primary School,141279,Primary
76dfc551-b3f2-4285-a36e-6c7041a790a8,2019,Edge Hill University,E42,10007823,,,,Britannia Community Primary School,119189,Primary
a1ea1dad-198c-4a6c-a898-919c9e7c5795,2019,The University of Northampton,N38,10007138,,,,Brixworth CofE VC Primary School,121964,Primary
8971a846-af4a-45a9-acdd-cf1ca7d8ec82,2019,The Manchester Metropolitan University,M40,10004180,,,,Broadfield Community Primary School,134220,Primary
72484a63-bee1-4ea6-bf91-783c85d61741,2019,Liverpool Hope University,L46,10003956,,,,Broadgreen Primary,104611,Primary
30390d44-18d0-420f-a141-4205cf040bb0,2019,The Manchester Metropolitan University,M40,10004180,,,,Broadheath Primary School,106289,Primary
52416a36-a14f-48d9-8a34-f1966474d156,2019,University of Worcester,W80,10007139,,,,Broadwas CofE Aided Primary School,116870,Primary
3524515e-f202-4d23-865f-0a7114ff5191,2019,Birmingham City University,B25,10007140,,,,Broadway Academy,139841,Primary
fd60f177-9062-4b7e-aa85-58ea6ff109ba,2019,Edge Hill University,E42,10007823,,,,Brockholes Wood Community Primary School and Nursery,119230,Primary
f67fe54b-53ff-4876-923d-e002c98a159a,2019,Nottingham Trent University,N91,10004797,,,,Brocklewood Primary and Nursery School,141397,Primary
5bc05a59-e8b0-4de3-b1ac-8e3598efc8a8,2019,Newman University,N36,10007832,,,,Brockmoor Primary School,103777,Primary
96ee8666-aafb-4d0b-a45e-1520db878dc2,2019,Sheffield Hallam University,S21,10005790,,,,Brockwell Junior School,112691,Primary
c8130e72-31ea-41d5-956c-cda769428120,2019,University of Hertfordshire,H36,10007147,,,,Bromet Primary School,144908,Primary
4b2050e8-5bc3-48d4-8a14-71e66967ba51,2019,Canterbury Christ Church University,C10,10001143,,,,"Bromstone Primary School, Broadstairs",118534,Primary
95409f3b-454e-42ca-a48c-61ed75164c28,2019,Birmingham City University,B25,10007140,,,,Bronington Voluntary Aided Primary School,400453,Primary
acda2881-e0bb-49bf-9c8b-087f504dac21,2019,Edge Hill University,E42,10007823,,,,Brookdale Primary School,105028,Primary
4d7dac8f-4da9-4feb-9700-2eb2bd96945a,2019,Sheffield Hallam University,S21,10005790,,,,Brookfield Primary School,147119,Primary
547af606-0b0e-4ccf-abc1-3ca995050d72,2019,University of Derby,D39,10007851,,,,Brookfield Primary School,147119,Primary
3c5ddcee-3dcb-4d36-b8f5-07b54616b537,2019,Sheffield Hallam University,S21,10005790,,,,Brook House Junior,148100,Primary
581b8086-c330-4d98-95df-264af8d15f29,2019,Liverpool John Moores University,L51,10003957,,,,Brookhurst Primary School,105018,Primary
4674c6f5-84ec-4dee-9b43-01aaca38f3c1,2019,The University of Brighton,B72,10000886,,,,Brook Infant School and Nursery,131602,Primary
f95417fe-d446-4b01-9d0a-b368ad3413f5,2019,Two Mile Ash ITT Partnership,T89,10059102,,,,Brooklands Farm Primary School,135271,Primary
09455725-cd30-465d-93f3-5c7b57a835aa,2019,The Manchester Metropolitan University,M40,10004180,,,,Brooklands Primary School,106301,Primary
0d67834a-5480-4016-aa47-ce5b708ee277,2019,Nottingham Trent University,N91,10004797,,,,Brookside Primary School,146491,Primary
dc56f2fe-d651-4433-981f-696eed001e55,2019,The University of Northampton,N38,10007138,,,,Brooksward School,132210,Primary
8dc16a9d-c819-4d01-ab90-7514e03509f1,2019,Sheffield Hallam University,S21,10005790,,,,Broomhill Infant School,107154,Primary
f8dad665-d816-4e39-80dc-f3d7d812798d,2019,University of Derby,D39,10007851,,,,Broom Leys School,138891,Primary
9f1e21fc-7a8c-41f1-98c9-9a748a34b919,2019,University of Wolverhampton,W75,10007166,,,,Broseley CofE Primary School,123523,Mathematics
d8809d8a-7196-4440-8de3-399a7197dd29,2019,University of Cumbria,C99,10007842,,,,Brough Community Primary School,112177,Primary
fdb6866a-7bf7-4e1e-a89b-20e655741d69,2019,University of Hull,H72,10007149,,,,Brough Primary School,117842,Primary
1c2791af-fc58-4904-a719-0bfbfc23aeb9,2019,The Manchester Metropolitan University,M40,10004180,,,,Broughton Jewish Cassel Fox Primary School,138543,Mathematics
cbc293d5-86b2-496a-90fb-c2959267e61a,2019,Sheffield Hallam University,S21,10005790,,,,Brunswick Community Primary School,107069,Primary
2a4f9378-3292-41a6-b69b-356a0c59cea1,2019,University of Hertfordshire,H36,10007147,,,,Brunswick Park Primary and Nursery School,101264,Primary
2a2db1e3-b774-446f-8b82-4edf51561f47,2019,The University of Brighton,B72,10000886,,,,Brunswick Primary School,114446,Primary
d62dee32-9eb0-433e-8ac3-03898c9f1a2b,2019,University of Cumbria,C99,10007842,,,,Brunswick School,112117,Primary
3ac94307-93ae-41c1-8570-525a54c71b2e,2019,The University of Brighton,B72,10000886,,,,Buckingham Park Primary School,134791,Primary
1026467b-5c13-4478-9cd3-0dce2e282e35,2019,St Mary's University,S64,10007843,,,,Buckland Primary School,135237,Primary
7f95e536-37e9-4451-9d7e-6170663a86cf,2019,Lincoln Bishop University,B38,10007811,,,,Buckminster Primary School,119910,Primary
a4d22c1a-0037-45b7-b77d-ee1374fcc9d8,2019,University of Hull,H72,10007149,,,,Bude Park Primary School,139511,Primary
e8442dde-409b-40df-a97a-76163c2bb12e,2019,Staffordshire University,S72,10006299,,,,Buglawton Primary School,111033,Primary
ba62b957-5a97-4cea-a0f7-0fd70b6cb6b1,2019,University of Chester,C55,10007848,,,,Buildwas Academy,142575,Primary
b1327e98-162a-464b-9164-6f406522129a,2019,Lincoln Bishop University,B38,10007811,,,,Bunny CofE Primary School,122751,Primary
825dbc4a-9c5e-43aa-9b84-4ef7568bef0a,2019,Nottingham Trent University,N91,10004797,,,,Burford Primary and Nursery School,143060,Primary
df624b05-98c5-4beb-93ee-fb4f49403c2b,2019,University of Sussex,S90,10007806,,,,Burgess Hill Girls,126134,Primary
05f6d64e-7ec5-470d-8a0c-f2a854cc74ab,2019,University of Reading,R12,10007802,,,,Burghfield St Mary's C.E. Primary School,109956,Primary
774e550a-7983-4641-be02-209cd3d91c91,2019,Kingston University,K84,10003678,,,,Burhill Primary School,125055,Primary
92930fce-a2b9-4df9-a904-d2716eb9a095,2019,The Manchester Metropolitan University,M40,10004180,,,,Burnley Springfield Community Primary School,133546,Primary
af5a7e34-c310-48fa-9c24-fef8d3488e90,2019,Nottingham Trent University,N91,10004797,,,,Burntstump Seely CofE Primary Academy,143297,Primary
d21ba517-3fe1-44a6-8165-fef3c263c3b2,2019,Newman University,N36,10007832,,,,Burnt Tree Primary School,103914,Primary
28151645-f35f-4f18-920b-00ed3c47e8a6,2019,University of Wolverhampton,W75,10007166,,,,Burnt Tree Primary School,103914,Primary
6880eb2b-60de-4c47-93d9-82c0ce480b7b,2019,Plymouth Marjon University,P63,10037449,,,,Burraton Community Primary School,111972,Primary
8028e05a-96af-4f94-9f9c-f852cf610fe7,2019,Edge Hill University,E42,10007823,,,,Burscough Bridge Methodist School,119402,Primary
7be04867-75eb-4e61-85d4-dd4adeb49b58,2019,Edge Hill University,E42,10007823,,,,Burscough Lordsgate Township Church of England Primary School,119481,Primary
9f67650d-a54c-448c-b991-492545b16e09,2019,University of Hull,H72,10007149,,,,Burton Agnes Church of England Voluntary Controlled Primary School,117973,Primary
840579f6-a2f3-45e2-9438-6c09f426aec2,2019,Nottingham Trent University,N91,10004797,,,,Burton-on-the-Wolds Primary School,119912,Primary
d732975c-48e5-408b-9558-d8895f4f4962,2019,University of Sussex,S90,10007806,,,,Burwash CofE School,114492,Primary
e2ba324d-54c5-4c62-97c6-16b094bad6f7,2019,The Manchester Metropolitan University,M40,10004180,,,,Bury and Whitefield Jewish Primary School,105352,Primary
19976612-52b7-4ab2-8155-39b4744f5bdb,2019,Nottingham Trent University,N91,10004797,,,,Butler's Hill Infant and Nursery School,122586,Primary
4d8abeae-d6d6-4a63-bde0-980970f84959,2019,The Manchester Metropolitan University,M40,10004180,,,,Button Lane Primary School,131938,Primary
af2f4300-c1ff-407f-b204-c5ba1f3ebd01,2019,The Manchester Metropolitan University,M40,10004180,,,,Buxton Infant School,112522,Primary
22d6ec72-cc57-466d-a742-1570b2ff638b,2019,York St John University,Y75,10007713,,,,Buxton Infant School,112522,Primary
607aaeb8-21db-4744-8fd7-f00310f5dc56,2019,Canterbury Christ Church University,C10,10001143,,,,Byron Primary School,142399,Primary
45927e47-7e80-4b65-8c95-a14ba9d42ff2,2019,"University of the West of England, Bristol",B80,10007164,,,,Cabot Primary School,108992,Primary
29565ab8-c1fa-42df-8e99-2ba84f3fc413,2019,The Manchester Metropolitan University,M40,10004180,,,,Cadishead Primary School,131008,Primary
59224335-5ec5-4f99-a7fb-4574c1f97706,2019,"University of the West of England, Bristol",B80,10007164,,,,Cadoxton Community Primary,402033,Primary
7ea020ea-278a-48ce-8338-797cb3feef01,2019,University of Wolverhampton,W75,10007166,,,,Caldmore Primary Academy,143904,Primary
29cfc850-7a1b-4b1d-b065-d5fb010346e9,2019,The Manchester Metropolitan University,M40,10004180,,,,Cale Green Primary School,106091,Primary
f938184e-ed5a-4dbf-9788-4e02bf9845fd,2019,Liverpool Hope University,L46,10003956,,,,Callands Community Primary School,111214,Primary
9c13b1a3-76bf-4e30-8c27-1c7a375f95c3,2019,University Of Plymouth,P60,10007801,,,,Callington Primary School,140577,Primary
3d6a9946-bb17-4c63-981f-6e544a2792fb,2019,Canterbury Christ Church University,C10,10001143,,,,Callis Grange Nursery and Infant School,118406,Primary
801c97f6-65fd-4ed6-853b-8f5b63740a63,2019,University of Wolverhampton,W75,10007166,,,,Calshot Primary School,103391,Primary
871d5128-f790-45cf-b26e-a93a00e14065,2019,Leeds Trinity University,L24,10003863,,,,Calverley Parkside Primary School,146540,Primary
d9961fcc-bd80-45b9-bc30-202a640eaa99,2019,University of Northumbria at Newcastle,N77,10001282,,,,Cambois Primary School,122179,Primary
664d3a13-7483-44b3-acbc-cc290347520b,2019,University of Chichester,C58,10007137,,,,Camelsdale Primary School,125821,Primary
ea177944-d26b-442b-9f31-5109b5d5fcc9,2019,"University of the West of England, Bristol",B80,10007164,,,,Cam Hopton Church of England Primary School,115676,Primary
2a180911-15f0-4218-aae7-825f37dcdad1,2019,University of Hertfordshire,H36,10007147,,,,Camps Hill Primary School,143786,Primary
a91b8b75-c361-4772-8317-e6ca63590c39,2019,St Mary's University,S64,10007843,,,,Cannon Lane Primary School,102204,Primary
2df80514-b811-4347-b6eb-b6b563e1e18f,2019,The Manchester Metropolitan University,M40,10004180,,,,Canon Sharples Church of England Primary School and Nursery,142028,Mathematics
48f117f0-b60a-49d1-bf4c-9b9d92a9fcfb,2019,Nottingham Trent University,N91,10004797,,,,Cantrell Primary and Nursery School,122413,Primary
986f7d4b-eebe-4fa9-970b-1257b9bef38c,2019,Canterbury Christ Church University,C10,10001143,,,,Capel Primary School,118271,Primary
c4af5f16-cbf3-4ca6-bf48-9a602607b568,2019,University Of Plymouth,P60,10007801,,,,Carclaze Community Primary School,141710,Primary
b81d5927-1242-4746-a848-483a94470a45,2019,Sheffield Hallam University,S21,10005790,,,,Carcroft Primary School,148408,Primary
5f1499b2-615d-4914-9c81-cfc5487d262a,2019,Sheffield Hallam University,S21,10005790,,,,Carfield Primary School,107087,Primary
79e833ed-6d9b-4a2c-a146-32bb2f639b6e,2019,Leeds Beckett University,L27,10003861,,,,Carlinghow Academy,147584,Primary
8550f208-d086-4dbe-8547-54449f370752,2019,Nottingham Trent University,N91,10004797,,,,Carlton Digby School,122953,Primary
64de4fa2-10bc-4977-bd37-06c7b9c6ea0a,2019,University of Cumbria,C99,10007842,,,,Carnforth Community Primary School,119126,Primary
d61645a6-6c42-4c63-be47-5c1c56830a9a,2019,University of Chester,C55,10007848,,,,Carreghofa C.P. School,400470,Primary
a80a92c8-8541-43df-a623-a60d49227109,2019,Leeds Beckett University,L27,10003861,,,,Carr Infant School,121273,Primary
057c493b-e522-4167-b155-e1d381dd2d54,2019,Edge Hill University,E42,10007823,,,,Carr Mill Primary School,134661,Primary
639a2f47-19c0-49a3-b011-9caf265e7ff5,2019,University of Hertfordshire,H36,10007147,,,,Cassiobury Junior School,117167,Primary
ec67e779-9cd5-4675-a934-39f8cdd2ec31,2019,Edge Hill University,E42,10007823,,,,Casterton Primary Academy,145978,Primary
5ed8f1e3-274f-4752-912f-ebc1d1d93079,2019,Sheffield Hallam University,S21,10005790,,,,Castle Academy,144483,Primary
356556d3-8dcb-4f6e-a2b6-8e4e90ff49e4,2019,Birmingham City University,B25,10007140,,,,Castle Bromwich Junior School,104066,Primary
9f839ad0-9580-4ddf-909f-27c9c6af286f,2019,Leeds Trinity University,L24,10003863,,,,Castleford Park Junior Academy,139359,Primary
0f61ddcd-5c2c-4f8e-88db-8472790127b4,2019,Leeds Beckett University,L27,10003861,,,,Castleford Wheldon Infant School and Nursery,108236,Primary
fecce97c-5eba-4a9d-9783-3e2feed27f42,2019,"University of the West of England, Bristol",B80,10007164,,,,Castle Park Primary School,402197,Primary
36fdc41e-c943-4e51-af77-9c44c04de2d7,2019,Leeds Trinity University,L24,10003863,,,,Castleton Primary School,107962,Primary
9b5222fc-7a4c-45e6-9759-aa498373368a,2019,Birmingham City University,B25,10007140,,,,Castle Vale Nursery School,103144,Primary
1cb6f0ab-4d94-4c95-9b78-edd8e0d644ec,2019,The University of Brighton,B72,10000886,,,,Castle View Academy,145372,Physical education
52c4e222-27c1-49ed-ab79-f4c2c6615892,2019,University of Northumbria at Newcastle,N77,10001282,,,,Catchgate Primary School,114023,Primary
366bb95e-fb2c-4dea-8fc9-4b49dc961699,2019,Birmingham City University,B25,10007140,,,,Causeway Green Primary School,103983,Primary
449a8be3-d529-4fda-8ba7-456d2905a327,2019,Leeds Trinity University,L24,10003863,,,,Cavendish Primary School,107243,Primary
58c101a1-3bcc-4688-a512-0e1744713046,2019,Leeds Trinity University,L24,10003863,,,,Cavendish Primary School,149583,Primary
d974a9e9-3506-41e6-8b3b-6b6ad1881e60,2019,University of Cumbria,C99,10007842,,,,Cayley Primary School,100894,Primary
4815ee94-3a7b-4b9b-9b71-064016947241,2019,University of Bedfordshire,B22,10007152,,,,Cedars Upper School,137462,Physical education
a7ce6eae-9145-43ad-b9d9-8b52e832efcc,2019,University of Chester,C55,10007848,,,,Cefn Mawr Primary School,400399,Primary
3cfc0d0b-5f6e-410d-a139-70843a8b9777,2019,University of Northumbria at Newcastle,N77,10001282,,,,Cestria Primary School,114012,Primary
08cbc3b5-82e1-43f3-b602-7be760dc576a,2019,University of Wolverhampton,W75,10007166,,,,Chadsmead Primary Academy,144498,Primary
9137ea0a-2758-4e08-b153-528ae21410b0,2019,Birmingham City University,B25,10007140,,,,Chadsmoor CofE (VC) Junior School,124240,Primary
73533fa6-d1ef-40b8-ba4e-6811d3948c43,2019,Birmingham City University,B25,10007140,,,,Chadsmoor Community Infants and Nursery School,124068,Primary
91268826-d990-481d-9592-b1a038e2a8f1,2019,University of Wolverhampton,W75,10007166,,,,Chancel Primary School,124168,Primary
bf474cfe-95ee-4e85-be52-d4a400f576f5,2019,Birmingham City University,B25,10007140,,,,Chandos Primary School,143908,Primary
98fc8781-0667-4336-b427-216d32874fa0,2019,Leeds Trinity University,L24,10003863,,,,Chapel Allerton Primary School,107903,Primary
928efd2a-7a7d-46e7-b82d-932cbcd4cc53,2019,Edge Hill University,E42,10007823,,,,Chapel End Primary School,104779,Primary
d39341a6-54e6-4724-b636-56f6a22361f1,2019,Edge Hill University,E42,10007823,,,,Charford First School,116659,Primary
82cbceca-726b-4dfb-be0d-e77973dc7c40,2019,University of Derby,D39,10007851,,,,Charlotte Nursery and Infant School,112575,Primary
69e075dd-8ebb-4c50-8f82-161c21a0a886,2019,Sheffield Hallam University,S21,10005790,,,,Charnock Hall Primary Academy,143970,Primary
93beef06-d834-470b-942e-70266e649c8b,2019,Birmingham City University,B25,10007140,,,,Chase Grammar School International Study Centre,131695,Biology
5d0c28c6-0f99-4494-ac39-407a21a49a74,2019,Edge Hill University,E42,10007823,,,,Cheadle Catholic Junior School,106112,Primary
383c2785-a7d4-4bf6-bafe-5f814e388616,2019,Kingston University,K84,10003678,,,,Cheam Common Junior Academy,142398,Primary
3b49a80e-e2a2-4f12-941c-80658ad2970a,2019,Kingston University,K84,10003678,,,,Cheam Fields Primary Academy,143375,Primary
2a1fc6b2-4a88-4078-9cbe-6f58a39aa54f,2019,Edge Hill University,E42,10007823,,,,Cheetham CofE Community Academy,137601,Primary
19cb6fa1-1c89-4640-8756-25ff7252779b,2019,The Manchester Metropolitan University,M40,10004180,,,,Cheetwood Primary School,105461,Primary
6220d631-2fc7-4fff-b737-d67998a5cff7,2019,Edge Hill University,E42,10007823,,,,Chelford CofE Primary School,111254,Primary
ee1ce8e4-12aa-4152-a9a9-8dfc61fb4686,2019,University of Derby,D39,10007851,,,,Chellaston Fields Spencer Academy,147070,Primary
fc695e54-5f8f-4bc6-8930-f4500b39a397,2019,The University of Brighton,B72,10000886,,,,Chelmer Valley High School,137260,Physical education
0edac253-8f10-46eb-8a73-e669ff533f9a,2019,St Mary's University,S64,10007843,,,,Chennestone Primary School,125094,Primary
f2ee1280-2dc2-40b8-a8df-13a1d3c08782,2019,Canterbury Christ Church University,C10,10001143,,,,Cheriton Primary School,118480,Primary
270e5de5-1729-4cf9-979e-54da071101c3,2019,Lincoln Bishop University,B38,10007811,,,,Cherry Tree Academy Trust Marham Infant,141161,Primary
5bbacd5e-4642-44af-8a4f-f6e3483e144d,2019,University of Hertfordshire,H36,10007147,,,,Cherry Tree Primary School,145353,Primary
e8d522fe-1f8d-4462-b7a6-6f412e12c719,2019,Birmingham City University,B25,10007140,,,,Cheslyn Hay Academy,146443,Physical education
056aefa3-8d08-42bb-934d-2017b518b6a1,2019,Birmingham City University,B25,10007140,,,,Cheslyn Hay Academy,146443,Primary
5f9b7566-2a52-44dc-a912-3ed8c397ac5b,2019,Liverpool Hope University,L46,10003956,,,,Chesnut Lodge Special School,111514,Primary
036ae81a-7a88-46f4-8363-f04d5791d00b,2019,Two Mile Ash ITT Partnership,T89,10059102,,,,Chestnuts Primary School,143265,Primary
2cd4e0c3-fbd2-4ae1-869f-64aecf4cc49a,2019,"University of the West of England, Bristol",B80,10007164,,,,Chew Stoke Church School,138617,Primary
266e4053-b8ef-4248-8f5b-8b03910c6af6,2019,University of Chichester,C58,10007137,,,,Chichester Free School,139668,Mathematics
34f63560-9b3a-4eca-be28-2bc711bc661b,2019,University of Chichester,C58,10007137,,,,Chichester Free School,139668,Primary
4d6f11f0-bf8f-43e3-aed0-99e11fd201be,2019,University of Chichester,C58,10007137,,,,Chichester High School,140105,Mathematics
e9761150-b083-4aff-8e7d-a4317876ac8d,2019,University of Sussex,S90,10007806,,,,Chiddingly Primary School,114391,Primary
4732d984-d0f6-4577-a1b7-1f09c2ed43f4,2019,University of Chichester,C58,10007137,,,,Chidham Parochial Primary School,125976,Primary
1ffcde91-5720-4934-8730-4611277be4f1,2019,Liverpool Hope University,L46,10003956,,,,Childwall Church of England Primary School,104625,Primary
f04d7a62-7441-490f-a0e1-8a8aa93bbc9d,2019,University of Northumbria at Newcastle,N77,10001282,,,,Chillingham Road Primary School,108463,Primary
7d963be1-d721-4bc4-a333-a5d1e5556d08,2019,University of Hull,H72,10007149,,,,Chiltern Primary School,143225,Primary
96199aec-c2e7-4d1a-bf95-acda271fe694,2019,Canterbury Christ Church University,C10,10001143,,,,Chilton Community Primary School,147932,Primary
4b45888e-ee1e-43fa-97ee-99e47d5f8fef,2019,University of Northumbria at Newcastle,N77,10001282,,,,Chopwell Primary School,131107,Primary
ba2140ad-81c5-466a-b3e3-c67180f00dd9,2019,Edge Hill University,E42,10007823,,,,Chorley St James' Church of England Primary School,119467,Primary
05a337b9-a8fd-43cc-8891-96b860b0e5dd,2019,Leeds Beckett University,L27,10003861,,,,Christ Church CE Academy,138584,Primary
058dcbfe-5f35-4b87-9989-4c398e78e1a6,2019,Canterbury Christ Church University,C10,10001143,,,,"Christ Church Cep Academy, Folkestone",139309,Primary
d37db329-48b7-4d49-bfdb-42243c0ea4a5,2019,Edge Hill University,E42,10007823,,,,Christ Church Charnock Richard CofE Primary School,119463,Primary
c87c729a-d59c-46d9-b1e1-e414b3c02e37,2019,"University of the West of England, Bristol",B80,10007164,,,,"Christ Church, Church of England Junior School, Downend",109165,Primary
e2869d10-1246-43ec-9a34-89ccc2d86ce7,2019,University of Greenwich,G70,10007146,,,,"Christ Church Church of England Primary School, Shooters Hill",100166,Primary
658e94ac-3d7a-48b0-9b1f-90810ab6f3e6,2019,Staffordshire University,S72,10006299,,,,Christ Church CofE Primary Academy,146155,Primary
94fa4448-0412-4183-8caf-580e5f88a71d,2019,University of Chester,C55,10007848,,,,Christ Church CofE Primary School,123471,Primary
88636e4b-0720-468d-b5a0-7fc0c8c170be,2019,University of Wolverhampton,W75,10007166,,,,Christ Church CofE Primary School,104220,Primary
4afba3d9-e0bc-4b72-a181-d160f4b23bf7,2019,University of Hertfordshire,H36,10007147,,,,Christ Church CofE (VA) Primary School and Nursery,117473,Primary
e3eefde6-b5bf-4c12-ae73-eb2b69c30824,2019,"University of the West of England, Bristol",B80,10007164,,,,Christ Church Hanham CofE Primary School,109163,Primary
2071a576-1fd0-497c-9bbf-1b372d7af710,2019,St Mary's University,S64,10007843,,,,Christ Church New Malden CofE Primary School,102585,Primary
2819fbbc-6968-43f5-a7ef-f5c39453b2ce,2019,Leeds Beckett University,L27,10003861,,,,Christ Church Pellon CofE VC Primary School,107535,Primary
354788cc-7391-4aeb-aa44-e1d44b81ed81,2019,University of Hertfordshire,H36,10007147,,,,Christ Church Primary School,101316,Primary
13d97dcd-5baa-40a9-984c-2785b0203077,2019,Leeds Beckett University,L27,10003861,,,,Christ Church Upper Armley Church of England Primary School,146306,Primary
8d7e680f-1f2f-4d78-8e48-5da7e63795eb,2019,University of Chester,C55,10007848,,,,Christleton Primary School,111149,Primary
b86029c1-2d68-47aa-b672-0f12c3f2453e,2019,University of Hull,H72,10007149,,,,Christopher Pickering Primary School,140902,Primary
7dbb407a-a0c9-45c5-bd4f-a3bd023c1225,2019,University of Cumbria,C99,10007842,,,,Christ The King Catholic Academy,141288,Primary
36a0bcd3-8317-4d6a-8933-32c16ecddf80,2019,Liverpool Hope University,L46,10003956,,,,Christ The King Catholic Primary School,104629,Primary
b7b4e28f-9fad-4938-b707-4fc8069eb4a2,2019,Leeds Beckett University,L27,10003861,,,,"Christ The King Catholic Primary School, A Voluntary Academy",144824,Primary
6f61190e-88b7-452c-9f18-4ac31d3c6834,2019,Edge Hill University,E42,10007823,,,,Christ The King RC Primary School Manchester,105514,Primary
204c8fa9-e956-438f-b025-e46a6bb8054f,2019,Plymouth Marjon University,P63,10037449,,,,Chudleigh Knighton Church of England Primary School,137666,Primary
b115bf92-e2e6-401c-baed-e10e269df3f1,2019,University of Reading,R12,10007802,,,,Churchend Primary Academy,136457,Primary
597374d2-7d08-4124-9e13-739261c1f43b,2019,University of Hertfordshire,H36,10007147,,,,Churchfield Church of England Academy,143856,Primary
5395fc9e-24cc-4161-afc0-6950775df9f4,2019,"University of the West of England, Bristol",B80,10007164,,,,Churchfield Church School,139278,Primary
b49fa562-2170-426c-85e5-9193eb0881fc,2019,University of Hertfordshire,H36,10007147,,,,Church Hill School,101266,Primary
0e2d33e3-0e31-4042-b5ee-c33bb255c7c3,2019,University of Worcester,W80,10007139,,,,Church Lench CofE First School,116792,Primary
0f0b1dc7-0b2e-42e6-871a-46249863cf4d,2019,Newman University,N36,10007832,,,,Church of the Ascension CofE Primary School,148864,Primary
ddabf8e7-1315-49cd-9fd6-a65dabba5562,2019,Lincoln Bishop University,B38,10007811,,,,Chuter Ede Primary School,122612,Primary
68d8fa3c-7302-4520-81d8-ea5e55bd67c2,2019,Birmingham City University,B25,10007140,,,,City Academy,148187,Primary
1bcce3f2-c9f1-4dda-9812-5fc98fa3b2bb,2019,Birmingham City University,B25,10007140,,,,City Road Primary School,146385,Primary
1c5a3016-813d-4904-ac5a-e14fd57e6d5d,2019,University of Reading,R12,10007802,,,,Civitas Academy,140379,Primary
0e3d6098-490c-4cd4-befb-6dc27246af39,2019,University of Derby,D39,10007851,,,,Claremont Primary and Nursery School,122702,Primary
dd8e1b4e-b352-4dd5-a165-5a87929e5cdf,2019,The Manchester Metropolitan University,M40,10004180,,,,Clarendon Cottage Preparatory School,106001,Primary
a629b6b5-7ef0-470e-99dd-627a2b5d98c7,2019,Edge Hill University,E42,10007823,,,,Clayton-le-Moors Mount Pleasant Primary School,119186,Primary
d3769743-ce42-4d2e-b816-f6ec002e80cf,2019,Edge Hill University,E42,10007823,,,,Clayton-le-Woods Manor Road Primary School,119318,Primary
d61b86e2-8746-4b65-97c6-691cd94353d5,2019,The Manchester Metropolitan University,M40,10004180,,,,Clayton-le-Woods Manor Road Primary School,119318,Primary
9345a893-d043-4297-935a-faf8a54ddf48,2019,University of Sunderland,S84,10007159,,,,Cleaswell Hill School,122382,Mathematics
87687569-08a8-4e3e-bdee-5b03cd8c3c1e,2019,University of Chester,C55,10007848,,,,Cledford Primary School,135567,Primary
603cbba1-13f2-458c-93f7-079ea12f8ecf,2019,Canterbury Christ Church University,C10,10001143,,,,Cleveland Road Primary School,102798,Primary
4f4d84a0-3396-4986-b1e5-ff6c9646e681,2019,Canterbury Christ Church University,C10,10001143,,,,Cliffe Woods Primary School,136859,Primary
92630eb5-c650-4677-a5c0-5e5a36094443,2019,Sheffield Hallam University,S21,10005790,,,,Clifford All Saints CofE Primary School,107150,Primary
f053eb93-2fa2-4bea-85f6-815de143a06a,2019,Canterbury Christ Church University,C10,10001143,,,,Cliftonville Primary School,140012,Primary
2987ef96-2d39-494f-b63a-ddea91c5ee46,2019,Leeds Beckett University,L27,10003861,,,,Clifton With Rawcliffe Primary School,144264,Primary
1595adc5-bcfd-4845-a9ff-41c7be665966,2019,Leeds Trinity University,L24,10003863,,,,Clough Head Junior and Infant School,107643,Primary
b7bc2714-ff26-4102-b4d6-65064ea1cbb1,2019,Leeds Beckett University,L27,10003861,,,,Cockburn Haigh Road Academy,147271,Primary
cd2b2523-def0-4772-b020-3f00f69cb662,2019,Plymouth Marjon University,P63,10037449,,,,Cockwood Primary School,145766,Primary
0e71bafb-856b-4ccf-98ec-de956423a9ac,2019,University of Sussex,S90,10007806,,,,Coldean Primary School,114384,Primary
84340ac6-1ddf-4194-abc6-b66c21fafe38,2019,St Mary's University,S64,10007843,,,,Colham Manor Primary School,102373,Primary
39b7fac1-b7f0-4946-846a-582abec0f3d7,2019,Sheffield Hallam University,S21,10005790,,,,Colleges Nursery School,110597,Primary
0c05cc6d-4b5e-4d0f-a260-a8616a4fc911,2019,St Mary's University,S64,10007843,,,,Collis Primary School,102903,Primary
de5a1b5d-e7e3-4112-8384-80c6f597e58b,2019,Lincoln Bishop University,B38,10007811,,,,Colston Bassett School Limited,135366,Primary
e2a919e7-5f5b-4f03-9319-b34a3ff47fe7,2019,University of Chichester,C58,10007137,,,,Compton and Up Marden CofE Primary School,125979,Primary
9c64d3d5-050d-49db-ae63-ef33bdf53820,2019,Plymouth Marjon University,P63,10037449,,,,Compton CofE Primary School,113416,Primary
38537d8f-650d-4b22-8a3b-ad8f07587157,2019,University of Chester,C55,10007848,,,,Connah's Quay High School,401708,Biology
8bdd40ca-aa4f-44f3-8a51-54040a1748b1,2019,University of East London,E28,10007144,,,,Cooks Spinney Primary Academy and Nursery,140024,Primary
390e6b94-3c8c-456f-8c94-bd27a2171faf,2019,Lincoln Bishop University,B38,10007811,,,,Coomb Briggs Primary School,117907,Primary
56a708a3-db2e-4fd5-b7bf-648919f2c4bd,2019,Plymouth Marjon University,P63,10037449,,,,Coombe Dean School,136558,Physical education
d2764ab4-9527-4d3d-b1d3-2cf5fa76b4ec,2019,Liverpool Hope University,L46,10003956,,,,Co-op Academy Woodslee,146740,Primary
587585db-9941-486b-9322-b0a987cf45e5,2019,University of Chester,C55,10007848,,,,Co-op Academy Woodslee,146740,Primary
1a674293-9e94-4d49-9057-82ad7ec483c4,2019,Nottingham Trent University,N91,10004797,,,,Coppice Farm Primary School,122516,Primary
8a52313c-18c5-4906-935c-4dfca5438521,2019,Birmingham City University,B25,10007140,,,,Coppice Performing Arts School,145114,Primary
fb9b7940-eb30-4151-8242-f37f4d1bbf72,2019,University of Wolverhampton,W75,10007166,,,,Coppice Performing Arts School,145114,Drama
80c28ff3-a9cb-4af6-82c4-71db1a9773cf,2019,Birmingham City University,B25,10007140,,,,Coppice Primary School,103390,Primary
4336c571-44c0-4f9f-8284-df1863fde30f,2019,Sheffield Hallam University,S21,10005790,,,,Coppice Primary School,112563,Primary
f41c6615-6ed8-49ee-8c84-0c87994a31ca,2019,Edge Hill University,E42,10007823,,,,Coppull Parish Church of England Primary School,119470,Primary
f289946d-b507-4e64-bab3-1d84d6c345a6,2019,University of Cumbria,C99,10007842,,,,Coppull Parish Church of England Primary School,119470,Primary
18cc8ac7-6f8b-4c15-ac60-a4c7b3dbfe4c,2019,University of Northumbria at Newcastle,N77,10001282,,,,Coquet Park First School,108590,Primary
32bc0697-b762-4564-90ac-0265a613a1fa,2019,Birmingham City University,B25,10007140,,,,Corbett VA CofE Primary School,124464,Primary
4e5f914f-1a40-4c71-b4e6-de5ba965b221,2019,Nottingham Trent University,N91,10004797,,,,Corby Glen Community Primary School,120374,Primary
f5a37b2d-b8c4-45e7-9064-a2042a9b062a,2019,Liverpool Hope University,L46,10003956,,,,Corinthian Community Primary School,104530,Primary
3aa799e8-243a-4d69-a219-73701812b85e,2019,Plymouth Marjon University,P63,10037449,,,,Cornwood Church of England Primary School,113409,Primary
8ae9b4da-8e22-4038-bf6d-ac127166ba0a,2019,The Manchester Metropolitan University,M40,10004180,,,,Corpus Christi RC Primary School,105718,Primary
26dc6dc1-4d6f-48ac-975c-5e7ce421c67c,2019,Nottingham Trent University,N91,10004797,,,,Cotmanhay Junior School,112569,Primary
a39a6ef8-e89f-483b-8666-8d710bfa12ff,2019,University of Sussex,S90,10007806,,,,Cottesmore St Mary's Catholic Primary School,114567,Primary
44f5a718-75a9-4323-bb56-9c7ce117264d,2019,University of Wolverhampton,W75,10007166,,,,County Bridge Primary School,104189,History
742af1f3-2c0f-4e35-88aa-acdd3a5d994e,2019,Sheffield Hallam University,S21,10005790,,,,Coupals Primary Academy,141371,Primary
b01614a8-d00b-4208-8dad-1fbb34375b96,2019,Birmingham City University,B25,10007140,,,,Court Farm Primary School,103267,Primary
b24aa637-b337-4732-88be-20aebd8423ab,2019,University Of Plymouth,P60,10007801,,,,Courtlands School,144009,Primary
2ef2e66e-ebe4-4183-b254-b418a2dcc86c,2019,York St John University,Y75,10007713,,,,Cowling Community Primary School,121388,Primary
83f8a4b3-8a99-4579-b47e-13df436c13f1,2019,Nottingham Trent University,N91,10004797,,,,Crabtree Farm Primary School,122476,Primary
4c89ca18-e563-42b2-adc6-9d4e9c933a95,2019,University of Northumbria at Newcastle,N77,10001282,,,,Cramlington Northburn Primary School,122269,Primary
a716e55f-388d-46e7-99c0-a6ef8f73849d,2019,St Mary's University,S64,10007843,,,,Crampton Primary,100784,Primary
15b0ad0f-a832-4aaa-8cb0-6e8a589c4382,2019,St Mary's University,S64,10007843,,,,Cranford Primary School,136809,Primary
1c47456d-a504-472b-98da-8d65b4a2d809,2019,St Mary's University,S64,10007843,,,,Cranmere Primary School,131125,Primary
202f57dd-e22b-436c-9cad-b52d2226f521,2019,University of Wolverhampton,W75,10007166,,,,Crestwood Park Primary School,103790,Drama
0c320cdf-1c1c-4a97-8785-1e5f2a1820bb,2019,Leeds Beckett University,L27,10003861,,,,Crigglestone Mackie Hill Junior and Infant School,108211,Primary
5a89f9ac-6ec6-4d1b-a530-7c6a8270010b,2019,Canterbury Christ Church University,C10,10001143,,,,Crockenhill Primary School,118254,Primary
0b17ad22-d37f-420f-9f94-e1a357e3465f,2019,Leeds Beckett University,L27,10003861,,,,Croftlands Infant School,112197,Primary
89c91458-eaab-4a7f-b432-37fc4d682298,2019,University of Winchester,W76,10003614,,,,Crofton Anne Dale Infant School,115967,Primary
396d5695-d381-44f4-83a1-47e4abb33708,2019,Sheffield Hallam University,S21,10005790,,,,Croft Primary School,122463,Primary
e1394fda-5100-4f1a-a6f2-f1876d5dd5f8,2019,The Manchester Metropolitan University,M40,10004180,,,,Crossacres Primary Academy,140709,Primary
161229f8-057f-4aab-ad8b-f57bbdd951aa,2019,Lincoln Bishop University,B38,10007811,,,,Crowle Primary Academy,139035,Primary
ba2e2346-e788-463f-875c-7d20558fcaf4,2019,University of Chester,C55,10007848,,,,Crowmoor Primary School and Nursery,123391,Primary
0ec8cbd7-bb4a-4e5b-a053-a971d709d23d,2019,Birmingham City University,B25,10007140,,,,Crown Meadow First School & Nursery,116646,Primary
ec34e8fc-fff8-46ae-a41f-b16b9c33438d,2019,University of Hull,H72,10007149,,,,Croxby Primary School,145177,Primary
f075a946-63ef-494b-a80c-9fb6d2b87331,2019,Liverpool Hope University,L46,10003956,,,,Croxteth Community Primary School,146768,Primary
8b8534ac-e329-445a-8211-3e8236ae496b,2019,University of Chester,C55,10007848,,,,Cuddington Primary School,111059,Primary
769e5ddf-4534-4ec2-9443-d2763c209ecc,2019,University of Hertfordshire,H36,10007147,,,,Cunningham Hill Infant School,117279,Primary
49c66bf5-4ccf-4647-99b4-5673dab5403d,2019,University of Worcester,W80,10007139,,,,Cutnall Green CofE Primary School,141412,Primary
f9d9df9f-2395-45d3-820f-c3abab1c7f9f,2019,University of Greenwich,G70,10007146,,,,Cuxton Community Infant School,141276,Primary
893adc0b-9b5c-4486-a8fd-ad1bc8ab353b,2019,St Mary's University,S64,10007843,,,,Cypress Primary School,144626,Primary
740925eb-59bd-4eb4-8540-f330df22a2c8,2019,University of Derby,D39,10007851,,,,Dallimore Primary & Nursery School,112675,Primary
ac294aa2-8524-4328-9398-96146e4acf27,2019,The University of Brighton,B72,10000886,,,,Dallington Church of England Primary School,114498,Primary
43a9f648-4c72-426b-baa5-462f144a1bd8,2019,Leeds Beckett University,L27,10003861,,,,Dalton School,131849,Primary
638c3e7f-4e61-4532-aa70-2e3bb584a1f8,2019,The University of Brighton,B72,10000886,,,,Dame Alice Owen's School,136554,Physical education
b3d4f9ee-af8b-4772-9572-e6e1151efe2e,2019,University of Northumbria at Newcastle,N77,10001282,,,,Dame Allan's Junior School,108651,Primary
ddc9b580-2ec5-4422-828d-9b5d181ed476,2019,Canterbury Christ Church University,C10,10001143,,,,Dame Janet Primary Academy,138972,Primary
e3040c2b-27ad-4a05-afe5-82f58281ac6d,2019,University Of Plymouth,P60,10007801,,,,Darite Primary Academy,142956,Primary
66f743f9-3b5d-4c80-b6b7-03489898c38a,2019,Edge Hill University,E42,10007823,,,,Darwen Aldridge Sudell Primary,141838,Primary
a89b8701-a232-40f3-b02f-c96249474770,2019,University of Bedfordshire,B22,10007152,,,,Daubeney Academy,138067,Physical education
bdc2a8d8-ee4c-47a9-8b44-339438cf4810,2019,Canterbury Christ Church University,C10,10001143,,,,Deansbrook Infant School,101274,Primary
6b0a6f54-5655-4dee-a92b-4c4719bf48a9,2019,Sheffield Hallam University,S21,10005790,,,,Deepcar St John's Church of England Junior School,107117,Primary
f491f08d-d96e-408e-a95b-4d87df71c015,2019,The Manchester Metropolitan University,M40,10004180,,,,Deeplish Primary Academy,141365,Primary
fa4a8252-a61d-4063-ae26-6c42449194e2,2019,University of Hertfordshire,H36,10007147,,,,De Havilland Primary School,148040,Primary
ee7361f4-33cd-48cf-b399-3d0c144926e4,2019,Leeds Beckett University,L27,10003861,,,,Delph Primary School,105669,Primary
6bba0c8c-7407-415e-a180-7f8eeff9492e,2019,University of Wolverhampton,W75,10007166,,,,Delves Infant School,104150,Primary
76fdb8e4-5316-4f07-8aba-eb5c88be36db,2019,The Manchester Metropolitan University,M40,10004180,,,,Denton Community College,135122,Mathematics
6b828dac-e0a3-496c-aa78-11975333ab32,2019,University of Greenwich,G70,10007146,,,,Deptford Park Primary School,100678,Primary
1234975a-ae86-4463-96fe-1e68ea85e946,2019,University of Derby,D39,10007851,,,,Derwent Primary School,144343,Primary
04ce1cf0-3e70-4a2d-8e18-a4db3c01b07d,2019,Plymouth Marjon University,P63,10037449,,,,Devonport High School for Boys,136496,Physical education
5dfa75cb-a7b3-425d-872e-8488b245dada,2019,St Mary's University,S64,10007843,,,,Devonshire House Preparatory School,100080,Primary
04e70cce-265c-49af-8012-4b2800fe227f,2019,Birmingham City University,B25,10007140,,,,Devonshire Junior Academy,141292,Primary
149281ad-0cfd-47e1-9194-8721174a1616,2019,Edge Hill University,E42,10007823,,,,Devonshire Primary Academy,140128,Primary
f63ea585-00f8-4398-ae11-98546b2cd88c,2019,University of Cumbria,C99,10007842,,,,Devonshire Primary Academy,140128,Primary
7cbb7409-6654-4d2a-afe6-9ac63da069d5,2019,Birmingham City University,B25,10007140,,,,Deykin Avenue Junior and Infant School,103313,Primary
ceb65dab-0a93-4995-a6a8-466ca680a661,2019,University of Huddersfield,H60,10007148,,,,Diggle School,105665,Primary
0fd60437-2b21-4caa-be1f-c755b3392671,2019,Staffordshire University,S72,10006299,,,,Dilhorne Endowed CofE Primary School,141770,Primary
95d73cf2-ca95-4299-b677-6a47cf50c168,2019,Sheffield Hallam University,S21,10005790,,,,Dinnington High School,141730,Biology
9b9f99b8-b7ab-45c0-85b3-dcd52bc4b4d9,2019,Sheffield Hallam University,S21,10005790,,,,Discovery Academy,149087,Primary
72dc892a-6846-4a10-9eb9-df53102b7d44,2019,University of Sussex,S90,10007806,,,,Ditchling (St Margaret's) Church of England Primary School,114500,Primary
42412061-07f6-4748-a0d8-d7dd5080f24d,2019,University of Hertfordshire,H36,10007147,,,,Divine Saviour Roman Catholic Primary School,146922,Primary
16c5f340-d522-4f9b-84d1-97376f770c61,2019,Leeds Trinity University,L24,10003863,,,,Dixons Marchbank Primary,140358,Primary
53140ba6-dd3a-42ff-9691-cc74bbfc5d4d,2019,Leeds Beckett University,L27,10003861,,,,Dixons Trinity Chapeltown,144743,Primary
c7735744-94ab-4966-889c-5e7eeb3c1f1d,2019,Sheffield Hallam University,S21,10005790,,,,Doncaster UTC,147838,Biology
99f8989c-fad3-4372-8a9f-0701846ae984,2019,University of Hull,H72,10007149,,,,Dorchester Primary School,139525,Primary
10b28a16-f7b6-42bd-82b5-3a772585ac40,2019,Sheffield Hallam University,S21,10005790,,,,Dore Primary School,132152,Primary
92eb357c-6911-4cc8-a2a7-2b4cb38ae41f,2019,St Mary's University,S64,10007843,,,,Dormers Wells Primary School,145406,Primary
112ff786-622c-4751-ac44-2631068a8d67,2019,University of Sussex,S90,10007806,,,,Dorothy Stringer School,114580,Other subjects
aa7fee1d-6d16-4638-8aba-d2ba4ff6ee94,2019,Plymouth Marjon University,P63,10037449,,,,Doubletrees School,143173,Physical education
9538de02-948d-4659-99d0-d459e1aa98a8,2019,University of Wolverhampton,W75,10007166,,,,Dovecotes Primary School,104350,Primary
adf04888-17d9-487c-8ed6-1d9b9e4c6286,2019,Edge Hill University,E42,10007823,,,,Downholland-Haskayne Voluntary Aided Church of England Primary School,119479,Primary
d4efc194-9769-4d32-a7d7-64e9e040ee81,2019,University of Cumbria,C99,10007842,,,,Downsell Primary School,103044,Primary
dd76a138-4524-4acb-8c53-2f5b22751d07,2019,The University of Brighton,B72,10000886,,,,Downs Junior School,114366,Primary
3a039229-e059-4110-b193-fb83125bbfd7,2019,University of Sussex,S90,10007806,,,,Downs Junior School,114366,Primary
3a1e356f-0f7d-4245-a237-b2d233742937,2019,University of Sussex,S90,10007806,,,,Downs View Special School,114680,Primary
56770290-f2fc-4110-98b5-c8fad5172a23,2019,University of Reading,R12,10007802,,,,Downsway Primary School,109896,Primary
249b7df5-7bdb-4ea5-a64c-b1931e65744c,2019,Staffordshire University,S72,10006299,,,,Doxey Primary and Nursery School,124200,Primary
3a1787ba-ea48-47e4-9762-439c16f6e457,2019,The University of Brighton,B72,10000886,,,,Drapers' Academy,136090,Physical education
163f8840-e057-43e3-a3a9-68bbc2598799,2019,Canterbury Christ Church University,C10,10001143,,,,Drapers Mills Primary Academy,139021,Primary
e5d3c960-5be5-4d53-8a83-d7a48400b4cb,2019,Sheffield Hallam University,S21,10005790,,,,Dronfield Henry Fanshawe School,112969,Physics
3dc85ad0-b6f9-4dc8-8716-71037745ce55,2019,Sheffield Hallam University,S21,10005790,,,,Dronfield Infant School,112540,Primary
66804e55-b253-4365-924e-4ba8768fc98b,2019,Sheffield Hallam University,S21,10005790,,,,Dronfield Stonelow Junior School,112698,Primary
fc1dc107-6691-4bb9-be4e-ba6fb1e72763,2019,The Manchester Metropolitan University,M40,10004180,,,,Droylsden Academy,135864,Mathematics
973e391c-04f3-4dfa-978c-23060c9b80e2,2019,St Mary's University,S64,10007843,,,,Dr Triplett's CofE Primary School,102420,Primary
9f0d81cc-1aa3-4d9b-972c-36decb64214a,2019,Sheffield Hallam University,S21,10005790,,,,Duckmanton Primary School,112630,Primary
3daf1d1c-7b4c-4e80-9191-751663d2e3a2,2019,The Manchester Metropolitan University,M40,10004180,,,,Duke Street Nursery School,119066,Primary
a8cf4d0c-b40d-4630-b2ea-280095531211,2019,Edge Hill University,E42,10007823,,,,Duke Street Primary School,119352,Primary
66b3846b-6630-4696-81c2-8fe310ca62e9,2019,University Of Plymouth,P60,10007801,,,,Duloe CofE VA Primary Academy,144570,Primary
49069443-6f9d-4b74-80dc-da1aac31615f,2019,University of Greenwich,G70,10007146,,,,Dulwich Village Church of England Infants' School,100823,Primary
4a7487ec-deae-4a8e-9a3b-92e8ceb21737,2019,The University of Brighton,B72,10000886,,,,Dunottar School,125356,Modern languages
c4d9806c-f6a2-44bf-8a90-0cf803952c29,2019,The University of Brighton,B72,10000886,,,,Dunottar School,125356,Physical education
69764707-d7ff-4cf3-8dec-e780add0f307,2019,Sheffield Hallam University,S21,10005790,,,,Dunston Primary and Nursery Academy,145250,Primary
e0696497-1c11-4840-9d37-912762861e31,2019,University of Sussex,S90,10007806,,,,Durrington Junior School,125952,Primary
54ce744c-6907-4765-b570-11ebe7622cea,2019,Canterbury Christ Church University,C10,10001143,,,,Dymchurch Primary School,142347,Primary
64c25df1-5efc-499e-b720-f6c4546e23d7,2019,Birmingham City University,B25,10007140,,,,E-ACT Heartlands Academy,135907,Primary
e679e6f3-047a-407f-8ca2-82e5298ff009,2019,Birmingham City University,B25,10007140,,,,E-ACT North Birmingham Academy,136032,History
824fce94-57c6-474a-b1b6-ed12eae4bc63,2019,Newman University,N36,10007832,,,,E-ACT Shenley Academy,135911,Mathematics
cdf5bb53-e765-476c-9a75-060650e16b9f,2019,"University of the West of England, Bristol",B80,10007164,,,,E-Act St Ursula's Academy,137068,Primary
6b927a28-66e5-4c3e-bd5d-4c7b7da26189,2019,Leeds Trinity University,L24,10003863,,,,Earlsheaton Infant School,107607,Primary
9b9041e0-1e01-4c08-a0be-dcf26d2a090e,2019,Middlesex University,M80,10004351,,,,Earlsmead Primary School,144883,Primary
e25c7521-d17e-4506-bb8b-0c357b6a5439,2019,University of Sussex,S90,10007806,,,,Eastbrook Primary Academy,139674,Primary
69e2cf19-ebba-48a6-8bc6-10f0d34b6a6c,2019,Edge Hill University,E42,10007823,,,,Eastcroft Park School,104447,Primary
6d013dfd-85f9-4143-bfb1-85a164887e52,2019,Lincoln Bishop University,B38,10007811,,,,East Dene Primary,139225,Primary
a048f87f-b2ad-432e-80ba-609ae7df82ed,2019,University of Sunderland,S84,10007159,,,,East Durham College,131859,Mathematics
4dd04626-773d-4cf9-b422-56cfcc32d379,2019,University of Chichester,C58,10007137,,,,Eastergate CofE Primary School,125981,Primary
7e4fadbe-65bd-4b9b-b77a-29071942d02c,2019,Lincoln Bishop University,B38,10007811,,,,Eastfield Infants and Nursery Academy,146505,Primary
2df956da-15e6-48d9-989e-8d7210afbe3d,2019,University of Wolverhampton,W75,10007166,,,,Eastfield Primary School,104342,Primary
0ea0d927-fd17-4c34-84a7-0baa36d6c7c7,2019,Leeds Beckett University,L27,10003861,,,,East Garforth Primary Academy,140068,Primary
fd97b057-fc07-4193-a9b9-8cd239900928,2019,The University of Northampton,N38,10007138,,,,East Haddon Church of England Primary School,121969,Primary
e904ccf1-ee5f-4e7d-92c7-360fc57bb2ad,2019,Leeds Trinity University,L24,10003863,,,,East Morton CofE Primary School,145072,Primary
6ea38334-a039-4e93-ae25-80a0e9059ef7,2019,University of Worcester,W80,10007139,,,,Eastnor Parochial Primary School,143974,Primary
2eb9cb05-3257-4d5d-86bf-f8eb9344df65,2019,"University of the West of England, Bristol",B80,10007164,,,,Eastover Primary School,123679,Primary
1a804533-67b6-4a91-88ad-dbae05602439,2019,Lincoln Bishop University,B38,10007811,,,,East Ravendale CofE Primary School Academy,137811,Primary
8406067b-9e8f-48ec-946d-c7afdf749299,2019,Canterbury Christ Church University,C10,10001143,,,,Eastry Church of England Primary School,118685,Primary
4e8a1797-9327-46ee-b5b7-c63941a64409,2019,Canterbury Christ Church University,C10,10001143,,,,East Stour Primary School,148991,Primary
810b033c-517a-427e-af16-9acb0f6f75dc,2019,Liverpool Hope University,L46,10003956,,,,Eastway Primary School,105001,Primary
6171038a-87ff-4d54-b028-a912077422da,2019,Oxford Brookes University,O66,10004930,,,,East Wichel Primary School & Nursery,136068,Primary
b0674888-011e-4c3a-806d-23cd16f24222,2019,University of Chichester,C58,10007137,,,,East Wittering Community Primary School,125829,Primary
7663a119-7072-4ade-9a80-0d06935134e1,2019,Leeds Beckett University,L27,10003861,,,,Eastwood Community School,146223,Primary
6cddab3c-ca66-4d98-ac2d-24cd35c02975,2019,Sheffield Hallam University,S21,10005790,,,,Ecclesall Primary School,107025,Primary
7c75b307-867d-419f-8a44-bd0468e90d6a,2019,Sheffield Hallam University,S21,10005790,,,,Eckington Junior School,144293,Primary
5022e316-c405-4226-8716-5961232f4e5f,2019,Birmingham City University,B25,10007140,,,,"Eden Boys' School, Birmingham",141969,Physical education
04aa426b-729c-4e7c-8008-c06846232f68,2019,Sheffield Hallam University,S21,10005790,,,,Edenthorpe Hall Primary Academy,142933,Primary
03009db9-9edf-4489-9cc9-3ce25a194c22,2019,University of Wolverhampton,W75,10007166,,,,Edgar Stammers Primary Academy,139610,Primary
80ecd889-7e8f-4a60-8b32-be63ecc84ba1,2019,St Mary's University,S64,10007843,,,,Edison Primary School,142889,Primary
3471c675-70b0-4429-be9a-530db55f0b39,2019,Lincoln Bishop University,B38,10007811,,,,Edlington Victoria Academy,144347,Primary
651681ff-19f9-47f5-b9f1-96bb9a8ea3ed,2019,Sheffield Hallam University,S21,10005790,,,,Edlington Victoria Academy,144347,Primary
28cb2a44-6034-4e7a-810d-bbb21e9db078,2019,University of Chichester,C58,10007137,,,,Edward Bryant School,137980,Primary
321ad95c-ebec-4268-b2ee-ab17cc21e90c,2019,University of Sussex,S90,10007806,,,,Edward Bryant School,137980,Primary
4088c41c-7155-4658-80f9-c0cf7f0ec6ab,2019,Plymouth Marjon University,P63,10037449,,,,Eggbuckland Community College,140104,Physical education
e2e8d3f0-7c2c-4a1c-89a0-0051f0140ee0,2019,University Of Plymouth,P60,10007801,,,,Egloskerry Primary School,144895,Primary
a9fbd644-0e7a-4c70-ae1b-21cbeb588039,2019,University of Chester,C55,10007848,,,,Egremont Primary School,143502,Primary
a22b7268-6961-429f-8df5-e23e22dce196,2019,University of Greenwich,G70,10007146,,,,Elaine Primary School,145926,Primary
9c215384-43e9-4259-93f5-297ecd78c88c,2019,Leeds Trinity University,L24,10003863,,,,Elements Primary School,145879,Primary
3514bf7d-26c3-4d9b-ac72-da3da28357bf,2019,University of Cumbria,C99,10007842,,,,Ellel St John the Evangelist Church of England Primary School,119527,Primary
63a3d1b0-a736-42c3-ab87-2085d282bc1c,2019,St Mary's University,S64,10007843,,,,Ellingham Primary School,102568,Primary
dc215d26-9c52-4c96-a118-a55394564bdc,2019,Leeds Beckett University,L27,10003861,,,,Ellison Boulters Church of England Primary School,138753,Primary
b5678b85-0922-4646-b55d-5852225d6c5c,2019,Lincoln Bishop University,B38,10007811,,,,Elliston Primary Academy,141773,Primary
9f8e2d22-590b-4290-be91-f39bdf3437c8,2019,University of Sussex,S90,10007806,,,,Elm Grove Primary School,114477,Primary
b5cc7d10-43ed-47eb-b7e5-cbaa46ae72da,2019,St Mary's University,S64,10007843,,,,Elmgrove Primary School & Nursery,102211,Primary
ac0bd0be-c57f-4937-9ba0-3000af032c69,2019,"University of the West of England, Bristol",B80,10007164,,,,Elmlea Infant School,147476,Primary
ed50bc57-83d1-46fc-bce1-dba7d75a9763,2019,Birmingham City University,B25,10007140,,,,Elms Farm Community Primary School,103381,Primary
9f919e18-8e60-45d6-820c-aeaf7bc3a170,2019,University of Wolverhampton,W75,10007166,,,,Elmwood School,135461,Primary
7d3ce66f-d6da-4f06-b2b9-301042acfb51,2019,University of Chichester,C58,10007137,,,,Elson Infant School,116163,Primary
fa3acb87-d79f-4530-8065-72c48a80e5d4,2019,University of Wolverhampton,W75,10007166,,,,Elston Hall Primary School,142349,Primary
b3dd1b9e-bd80-4246-b00e-28812e23b82d,2019,University of Northumbria at Newcastle,N77,10001282,,,,Embleton Vincent Edwards Church of England Primary School,122290,Primary
70362f49-9ed6-45d7-b583-e90c56734633,2019,Sheffield Hallam University,S21,10005790,,,,Emley First School,107651,Primary
c1ffb523-17fb-4eaa-9312-5b092e720f18,2019,Edge Hill University,E42,10007823,,,,Emmanuel Holcombe Church of England Primary School,105338,Primary
0c14f83f-06c4-4b48-a5d2-1bc4492bdb17,2019,Sheffield Hallam University,S21,10005790,,,,Emmaus Catholic and CofE Primary School,140826,Primary
30837a5c-5955-41da-8c3c-2fa03c41f36d,2019,University of Northumbria at Newcastle,N77,10001282,,,,Emmaville Primary School,108339,Primary
c0722ea9-d8ad-462e-93aa-90b46e6af2af,2019,The Manchester Metropolitan University,M40,10004180,,,,Endeavour Primary Academy,143495,Primary
f6f080e4-21d1-4c40-9408-173b2deb364c,2019,Birmingham City University,B25,10007140,,,,English Martyrs' Catholic Primary School,103425,Primary
54c11fe3-910f-4c0f-a07f-72b6effebef4,2019,University of Cumbria,C99,10007842,,,,Ennerdale and Kinniside CofE Primary School,112293,Primary
d592922d-e872-484e-a209-3f675e8d6ddd,2019,University of Reading,R12,10007802,,,,E P Collier Primary School,109780,Primary
5c995983-86c7-4a1a-a9d0-fcc37aa48ad4,2019,Lincoln Bishop University,B38,10007811,,,,Epworth Primary Academy,138712,Primary
787d0843-9e7d-408a-8e00-ce7bb67397e9,2019,Birmingham City University,B25,10007140,,,,Erdington Academy,143413,Primary
92734aca-e3c0-4aec-aa62-0c1d3451befb,2019,University Of Plymouth,P60,10007801,,,,Ermington Primary School,113249,Primary
eafec0e5-edaa-4450-ba17-fdff4df26aed,2019,The University Of East Anglia,E14,10007789,,,,Erpingham Voluntary Controlled Church of England Primary School,121036,Primary
2462ced8-4cc5-4135-a0d1-8d0eb6afcf7a,2019,Edge Hill University,E42,10007823,,,,Essa Primary Academy,140973,Primary
71b2afa7-bb5b-43be-869b-1d8b7d637314,2019,The Manchester Metropolitan University,M40,10004180,,,,Etchells Primary School,106045,Primary
0c0f1387-52d0-4585-933d-e2fc52345e1d,2019,Staffordshire University,S72,10006299,,,,Etruscan Primary School,146464,Primary
8970c47c-478b-4f57-a13e-36b6780db207,2019,Edge Hill University,E42,10007823,,,,Evelyn Community Primary School,104446,Primary
606b60c9-23b1-4236-a605-44f80e4167d1,2019,University of Chester,C55,10007848,,,,Ewloe Green C.P. School,400320,Primary
15ec0a48-1873-4190-ad4f-8aeb629ace0c,2019,University Of Exeter,E84,10007792,,,,Exmouth Community College,136612,Modern languages
4f22a115-0619-48fd-b4e8-cab2e1b726b1,2019,Leeds Trinity University,L24,10003863,,,,Fagley Primary School,107249,Primary
34f3bf09-8341-469f-a5b9-89b79d6dc97c,2019,Birmingham City University,B25,10007140,,,,Fairfax,136908,Primary
ed4cd7e0-7bdd-4c7e-beb6-1aa7dc0d0f67,2019,Liverpool Hope University,L46,10003956,,,,Fairfield Primary School,111197,Primary
9fb1188b-8f28-4d20-92ef-9e0e9f64a09d,2019,University of Derby,D39,10007851,,,,Fairfield Spencer Academy,140071,Primary
f7d305ab-f9b1-4b45-a3ed-a88eaa7c4c21,2019,Two Mile Ash ITT Partnership,T89,10059102,,,,Fairfields Primary School,143766,Primary
8c4ed7c7-80cd-45d2-a4e6-9bdbd8c815e4,2019,University of Hertfordshire,H36,10007147,,,,Fairfields Primary School and Nursery,117334,Primary
fa58eae2-326c-4ca2-a325-e56131d68e27,2019,University of Hertfordshire,H36,10007147,,,,Fairlands Primary School,143785,Primary
ad1bfe0d-09ea-412b-84e5-f475c05ac6cc,2019,The University of Brighton,B72,10000886,,,,Fairlight Primary School,114487,Primary
b7cc5a31-b368-440f-86b9-ac94e38ca436,2019,University of Wolverhampton,W75,10007166,,,,Fairway Primary Academy,139484,Primary
e18876a0-5503-43e9-844f-22ed7133bf6f,2019,The Manchester Metropolitan University,M40,10004180,,,,Falinge Park High School,105837,Mathematics
6ddd54c3-c875-4898-9793-a43c34bd8d3a,2019,University of Wolverhampton,W75,10007166,,,,Fallings Park Primary School,104294,Primary
d00949fa-f185-4b0d-b78d-c781efa51bf4,2019,Sheffield Hallam University,S21,10005790,,,,Farmilo Primary School and Nursery,133272,Primary
59325800-8ec9-4e78-b928-19058f081c5d,2019,Nottingham Trent University,N91,10004797,,,,Farnsfield St Michael's Church of England Primary School,145640,Primary
004669a7-54a9-4808-8580-e2a59dfdfea3,2019,University of Chester,C55,10007848,,,,Farnworth Church of England Controlled Primary School,111394,Primary
e1f2617c-5218-4e61-b078-57c253a549e0,2019,Leeds Trinity University,L24,10003863,,,,Farsley Farfield Primary School,107981,Primary
5259c9b5-b4e0-4b6b-aa8e-b6be6a0c9c20,2019,University of Sunderland,S84,10007159,,,,Fatfield Academy,142997,Primary
0384192b-409a-402b-84a3-786aed4785ec,2019,Liverpool Hope University,L46,10003956,,,,Fazakerley Primary School,131818,Primary
6234746d-169c-4385-932b-6e083e8806a8,2019,Leeds Trinity University,L24,10003863,,,,Fearnville Primary School,146435,Primary
6139af6d-b489-4b60-9383-f5bff20dfee8,2019,Leeds Beckett University,L27,10003861,,,,Featherstone Girnhill Infant School,144573,Primary
4faa1613-5e39-465c-befa-4ec5177c2791,2019,University of Hertfordshire,H36,10007147,,,,Featherstone Wood Primary School,131505,Primary
7db3460f-a636-4895-93bc-6b5557b969f0,2019,University of Chichester,C58,10007137,,,,Felpham Community College,126080,Mathematics
b98b695c-2d00-4846-8915-ea5e23be1c7a,2019,Sheffield Hallam University,S21,10005790,,,,Ferham Primary School,148013,Primary
2ccf8e2b-0844-4c23-a269-a4d58cf8eab7,2019,The University of Northampton,N38,10007138,,,,Fernvale Primary School,143248,Primary
c4e0b13f-3867-44d3-9795-cf4555507f12,2019,University Of Plymouth,P60,10007801,,,,Fieldstone School,141515,Primary
3f79fb8a-c078-4e46-9d69-c266ac29bd6e,2019,University of Wolverhampton,W75,10007166,,,,Field View Primary School,141775,Primary
124f15d1-c2cb-4ece-af45-82f311bca717,2019,Canterbury Christ Church University,C10,10001143,,,,Finchingfield St John the Baptist CofE Primary Academy,147817,Primary
99e0e574-b266-481d-be96-f9e8504c1dfc,2019,Birmingham City University,B25,10007140,,,,Finham Park School,136963,Primary
f3cc0046-3054-4387-87a8-6c82517119fd,2019,Roehampton University,R48,10007776,,,,Fircroft Primary School,101007,Primary
02e12877-b76a-496e-bca9-c748d4ab0d3d,2019,University of Derby,D39,10007851,,,,Firfield Primary School,112516,Primary
95bf1e70-0292-44f0-8623-5687b562c3ea,2019,Lincoln Bishop University,B38,10007811,,,,Fiskerton Church of England Primary School,120570,Primary
58215d39-e5f0-4cba-95ed-e2e4244b8563,2019,University of Huddersfield,H60,10007148,,,,Fixby Junior and Infant School,107634,Primary
7f78d67c-e4f4-4d8d-8d73-390f0f872c84,2019,University Of Plymouth,P60,10007801,,,,Fletewood School at Derry Villas,113594,Primary
17dd7730-8d85-4607-a3b6-a7d663bda9f6,2019,University of Huddersfield,H60,10007148,,,,Flockton CofE (C) First School,107714,Primary
5bd17dea-c82c-4918-9bda-3e7319293087,2019,St Mary's University,S64,10007843,,,,Flora Gardens Primary School,100328,Primary
ac8d42c2-1fa8-4a68-8d6c-2db539f2b0e3,2019,University of Reading,R12,10007802,,,,Floreat Montague Park Primary School and Nursery,142182,Primary
847eed49-3a23-4223-bf89-1451c249299d,2019,Canterbury Christ Church University,C10,10001143,,,,Folkestone Primary,148068,Primary
8af781e4-6ae3-4484-931b-d7baa7aeb94e,2019,"University of the West of England, Bristol",B80,10007164,,,,Fonthill Primary Academy,144892,Primary
09fca335-95d3-4517-b83c-f226991e0d15,2019,Liverpool Hope University,L46,10003956,,,,Forefield Community Infant and Nursery School,104872,Primary
dfa2b40d-77ca-4492-97aa-153ad47c6f4e,2019,Edge Hill University,E42,10007823,,,,Forest Gate Academy,138788,Primary
8a44207f-79fb-45d3-b1fc-124e0b5c9f1f,2019,Plymouth Marjon University,P63,10037449,,,,Forest Gate Community School,143274,Physical education
16816325-8610-455e-a75c-dbca758f3402,2019,University of Sussex,S90,10007806,,,,Forest Row Church of England Primary School and Nursery,114504,Primary
c0b7735d-b6d3-409b-b373-97618aa99d20,2019,University of Greenwich,G70,10007146,,,,Forster Park Primary School,100683,Primary
c48b5ab1-f15a-4376-b800-f07a3b066821,2019,Liverpool Hope University,L46,10003956,,,,Four Oaks Primary School,131313,Primary
d43dd661-7c26-420e-9f49-afcf10615a54,2019,"University of the West of England, Bristol",B80,10007164,,,,Frampton Cotterell Church of England Primary School,109160,Primary
b27bcdc7-73f4-4153-9a51-07a81058e884,2019,University of Worcester,W80,10007139,,,,Franche Primary School,135050,Primary
9aaeaedc-ae4e-48de-ac84-343e3a3338b7,2019,Oxford Brookes University,O66,10004930,,,,Francis Baily Primary School,147273,Primary
a8fc11d1-163b-487a-ac47-029e49544f92,2019,University of Reading,R12,10007802,,,,Francis Baily Primary School,147273,Primary
5bed4129-e24e-4729-b45a-0d8a39d1031b,2019,The Manchester Metropolitan University,M40,10004180,,,,Freehold Community Academy,142425,Primary
fc1034cb-ba84-4605-9834-23d54d073a93,2019,The University Of East Anglia,E14,10007789,,,,Freethorpe Community Primary and Nursery School,120808,Mathematics
0d6cbdac-7217-4cde-9c15-4b70acabb308,2019,"University of the West of England, Bristol",B80,10007164,,,,Frenchay Church of England Primary School,109178,Primary
8f3eedfa-06af-4a68-b510-473089acf78d,2019,The Manchester Metropolitan University,M40,10004180,,,,Freshfield Nursery School,106021,Primary
21739c06-8683-4f48-a40f-9156ae4c7446,2019,University of Huddersfield,H60,10007148,,,,Friezland Primary School,105666,Primary
96a59f18-eaf5-4402-be16-53c503c87971,2019,Lincoln Bishop University,B38,10007811,,,,Frodingham Infant School,117748,Primary
e472f2f7-6062-4f71-8777-71683d1d2db0,2019,University of Chester,C55,10007848,,,,Frodsham Manor House Primary School,111236,Primary
848bab6f-80c7-4547-824c-405cd131cef8,2019,University of Reading,R12,10007802,,,,Frogmore Infant School,115981,Primary
3386fc04-7c1e-4578-9084-052f0317f8f6,2019,University of Chichester,C58,10007137,,,,Front Lawn Primary Academy,139273,Primary
31315fbe-da46-4b7e-bc20-1b21da1c841c,2019,University of Chichester,C58,10007137,,,,Funtington Primary School,125830,Primary
ad8b2a5d-9645-477d-b28d-714d86e3300f,2019,University of Reading,R12,10007802,,,,Furze Platt Junior School,109842,Primary
2365b15a-a434-469d-9720-fcc805d8a815,2019,University Of Plymouth,P60,10007801,,,,Galmpton Church of England Primary School,145104,Primary
4bb441ff-5166-4f21-b431-058150fa55ff,2019,Liverpool Hope University,L46,10003956,,,,Gamesley Primary School,146665,Primary
848d3569-b768-4728-8c39-703de7fcba63,2019,Canterbury Christ Church University,C10,10001143,,,,Garlinge Primary School and Nursery,135212,Primary
eb8d8eec-fdbb-46df-b0c7-8ee76ae1f8dd,2019,University of Cumbria,C99,10007842,,,,Garstang Community Primary School,119300,Primary
0ddd8f06-12a7-4c14-ad26-2073cbc8181b,2019,University of Hull,H72,10007149,,,,Garton-on-the-Wolds Church of England Voluntary Controlled Primary School,117977,Primary
b033e6a4-5a4d-4586-9479-7402660dc2a5,2019,University Of Plymouth,P60,10007801,,,,Gatehouse Primary Academy,141353,Primary
601f23f6-d8cc-415d-8df6-00f063bb34a4,2019,Edge Hill University,E42,10007823,,,,Gatley Primary School,141275,Primary
5380dd4f-5a3f-4990-9019-87e0ab0887d2,2019,The Manchester Metropolitan University,M40,10004180,Gatley Primary School,141275,school,Gatley Primary School,141275,Primary
6a1b825f-e36f-48d4-bc5c-37babfa64218,2019,Leeds Beckett University,L27,10003861,,,,Gawthorpe Community Academy,137643,Primary
d7286f6c-4d7b-4cdf-bb57-d81d153f1ec4,2019,The University of Brighton,B72,10000886,,,,George Green's School,100974,Physical education
2ab0c417-2906-42fa-9f45-5505b1559b9d,2019,University of Greenwich,G70,10007146,,,,George Tomlinson Primary School,103075,Primary
a81760fd-7594-40df-883c-26d613cfe117,2019,University of Sussex,S90,10007806,,,,Georgian Gardens Community Primary School,125959,Primary
cbedb4dc-d90a-44fc-a71a-6bb1b9c6757d,2019,Canterbury Christ Church University,C10,10001143,,,,Giffards Primary School,140720,Primary
71addc0e-0359-49fb-9eff-79891ad2bd57,2019,St Mary's University,S64,10007843,,,,Gifford Primary School,101898,Primary
806e4ca0-a5d2-4140-92a8-2f051c614345,2019,Edge Hill University,E42,10007823,,,,Gilded Hollins Community School,106431,Primary
517dce5a-6083-49c0-ac97-1cdcc77c80ef,2019,University of Sussex,S90,10007806,,,,Gildredge House,139796,Primary
aacde552-acea-4254-94ba-9d1928ce1c0e,2019,"University of the West of England, Bristol",B80,10007164,,,,Gilfach Fargoed Primary School,401319,Primary
638677cb-7a5c-4032-8137-714b545e46a8,2019,"University of the West of England, Bristol",B80,10007164,,,,Gillingstool Primary School,109126,Primary
813f1c16-dacc-4cb3-9345-35574cc01db7,2019,Staffordshire University,S72,10006299,,,,Gladstone Primary Academy,142991,Primary
5054d752-4fec-4800-a11f-fa8490624ca6,2019,Birmingham City University,B25,10007140,,,,Glascote Academy,141450,Primary
47a3766e-c402-4964-b387-c40ff65a9618,2019,Newman University,N36,10007832,,,,Glebefields Primary School,103925,Primary
a8228295-8f3d-4638-9cb9-366e319ff8e1,2019,Leeds Trinity University,L24,10003863,,,,Gledhow Primary School,107904,Primary
4d0876e6-4860-4b56-b580-c28887ac5b4a,2019,Leeds Beckett University,L27,10003861,,,,Glenbrook Spencer Academy,140548,Primary
6f4a777e-442e-456f-8ae3-e7af8a8a914a,2019,"University of the West of England, Bristol",B80,10007164,,,,Glenfrome Primary School,108931,Primary
b453d249-6ca8-401d-ba11-6551f51aaf5a,2019,"University of the West of England, Bristol",B80,10007164,,,,Goddard Park Community Primary School,136293,Primary
42da3a27-8f6f-4156-b723-6dac31b4efbb,2019,University of Huddersfield,H60,10007148,,,,Golcar Junior Infant and Nursery School,107696,Primary
03b4ad6d-4b53-4ffd-8f10-f869cc65e3d7,2019,Canterbury Christ Church University,C10,10001143,,,,Gonville Academy,136714,Primary
68ef2b78-4ad5-4e61-8eb0-72d4e904c159,2019,University of Worcester,W80,10007139,,,,Goodrich CofE Primary School,116813,Primary
e329517b-0cb1-4b3a-9804-f41b265f9083,2019,University Of Plymouth,P60,10007801,,,,Goosewell Primary Academy,143826,Primary
68939422-c33b-45c6-aef6-7e2923f87e68,2019,University of Cumbria,C99,10007842,,,,Goosnargh Whitechapel Primary School,119154,Primary
a91daec0-6e5d-4b8f-834d-2b42f3deb786,2019,"University of the West of England, Bristol",B80,10007164,,,,Gordano School,136856,Mathematics
26191138-facf-4710-885c-a233b523405f,2019,Canterbury Christ Church University,C10,10001143,,,,Gordon Primary School,102808,Primary
441407d0-7d48-4a20-884a-a6998e49848b,2019,University of Sussex,S90,10007806,,,,Goring-By-Sea CofE (Aided) Primary School,126045,Primary
6e8dc71a-1a86-477e-84bb-eb78894d1b84,2019,Liverpool Hope University,L46,10003956,,,,Gorsewood Primary School,111176,Primary
3a26667f-8b31-4e7e-855e-14b749a4c562,2019,Birmingham City University,B25,10007140,,,,Gospel Oak School,135599,Primary
477d5d55-5ff8-4464-9f9a-b757202eb222,2019,Nottingham Trent University,N91,10004797,,,,Gotham Primary School,122644,Primary
a256257b-3bb6-4d23-b19f-971e9947527b,2019,Birmingham City University,B25,10007140,,,,Grace Mary Primary School,103945,Primary
60fe4555-b60b-41d5-95c2-ecb077b0602b,2019,Birmingham City University,B25,10007140,,,,Graiseley Primary School,104302,Primary
24fae5ff-2181-4626-bee2-97d7e20d4839,2019,University of Reading,R12,10007802,,,,Grange Community Junior School,116147,Primary
0cd388ce-682c-4459-a6e0-bd73d7f51077,2019,Birmingham City University,B25,10007140,,,,Grangehurst Primary School,103663,Primary
b754ffcc-8796-4997-92ce-fc7d4d7496d0,2019,Lincoln Bishop University,B38,10007811,,,,Grange Lane Infant Academy,137482,Primary
7203f17d-e8dc-4557-aa93-968b73b4813d,2019,Middlesex University,M80,10004351,,,,Grange Park Primary School,145207,Primary
7236bcf0-85dd-445e-8030-652f988ce20d,2019,Roehampton University,R48,10007776,,,,Grange Primary School,131144,Primary
da72bfa9-9a2e-4a10-bcdc-cce3ce552901,2019,University of Hertfordshire,H36,10007147,,,,Graveley Primary School,117395,Primary
136b431d-8c3c-48ed-a9c3-2f23cdbaf0c2,2019,University of Reading,R12,10007802,,,,Grazeley Parochial Church of England Aided Primary School,110015,Primary
50b8e030-a96a-4b9a-8db1-2e35573e08de,2019,Sheffield Hallam University,S21,10005790,,,,Greasbrough Primary School,141901,Primary
e2f8565f-5631-4d44-99d9-1f0f4c5673bd,2019,Birmingham City University,B25,10007140,,,,Great Bridge Primary School,103915,Primary
6e11e252-684b-40fd-9b9b-100629032c50,2019,Lincoln Bishop University,B38,10007811,,,,Great Coates Primary School,142841,Primary
6dabe92c-4ac2-4c16-9b2f-3309d5ad0116,2019,Edge Hill University,E42,10007823,,,,Great Crosby Catholic Primary School,104926,Primary
45601460-01a7-4de3-bfc5-1e6d7decae4e,2019,University of Derby,D39,10007851,,,,Great Glen St Cuthbert's Church of England Primary School,120131,Primary
335645cf-ab7f-43f9-8161-6ee22427a5f7,2019,Two Mile Ash ITT Partnership,T89,10059102,,,,Great Kingshill Church of England Combined School,145245,Primary
2bb8d266-223c-47f1-8f23-bd68164f1362,2019,University of Cumbria,C99,10007842,,,,Great Marsden St John's Primary School A Church of England Academy,141981,Primary
c08b089c-db08-4595-b326-b1932920e800,2019,Two Mile Ash ITT Partnership,T89,10059102,,,,Great Missenden CofE Combined School,140721,Primary
7eaf0dc7-23e2-4c3e-a93b-e8c71852572e,2019,The Manchester Metropolitan University,M40,10004180,,,,Great Moor Infant School,106048,Mathematics
487aa1f7-04ff-445d-8619-022c6a78e490,2019,The Manchester Metropolitan University,M40,10004180,,,,Great Moor Infant School,106048,Primary
122e20d2-d6f2-4988-bade-f90ad5aef73b,2019,Lincoln Bishop University,B38,10007811,,,,Great Ponton Church of England School,120602,Primary
a5312e63-48ad-40f4-8ba9-59ee4082518f,2019,Liverpool Hope University,L46,10003956,,,,Great Sankey Primary School,144798,Primary
43eac97a-8d49-48f1-b35f-56483ea49cc6,2019,The Manchester Metropolitan University,M40,10004180,,,,Greave Primary School,106050,Primary
3cce8cb4-61f1-40f5-94c9-068277b9d058,2019,Edge Hill University,E42,10007823,,,,Greenacre Community Nursery School,104848,Primary
6a7bc30c-4456-460c-9dc3-afa63fa817d4,2019,Liverpool Hope University,L46,10003956,,,,Greenbank Primary School,133332,Primary
1985e131-b48d-4afc-81bc-6705dfd43a9a,2019,Edge Hill University,E42,10007823,,,,Greenfield Primary School,105667,Primary
da3798ee-3225-40a3-aec5-401c0099bddd,2019,Sheffield Hallam University,S21,10005790,,,,Greengate Lane Academy,139297,Primary
040acb06-bf9a-4c2d-8437-ff747988dc23,2019,The Manchester Metropolitan University,M40,10004180,,,,Greenhill Academy,140579,Primary
1f9e56f0-898d-4347-a749-bde296dc6161,2019,Birmingham City University,B25,10007140,,,,Greenholm Primary School,138693,Primary
2672bd0a-4925-4de8-a731-8aaa5689ddb1,2019,University of Huddersfield,H60,10007148,,,,Green Lane Primary School,143573,Primary
b23fa648-9081-40ab-b282-2d6fbec3053c,2019,Canterbury Christ Church University,C10,10001143,,,,Green Park Community Primary School,135197,Primary
4e855f04-5b10-460b-bf04-49ecf46caa3d,2019,Leeds Trinity University,L24,10003863,,,,Greenside Primary School,107828,Primary
19012860-d532-4d1c-81c1-25a2a8b5f42b,2019,Kingston University,K84,10003678,,,,Greenvale Primary School,101781,Primary
7054fd6c-8344-495c-8f66-bc10a30720e5,2019,Leeds Trinity University,L24,10003863,,,,Greenways Primary School,143338,Primary
6fe24c1b-8499-41e4-b167-4ab21481421f,2019,University of Cumbria,C99,10007842,,,,Greenways Primary School,143338,Primary
457973a8-c1f9-4502-91b2-311bfc18fa88,2019,Roehampton University,R48,10007776,,,,Greenwood Primary School,101899,Primary
0447a681-f49f-461e-810b-2339cb62acab,2019,Roehampton University,R48,10007776,,,,Gresham Primary School,101758,Primary
2933b0f7-e59d-47a8-a683-8e142c892378,2019,Birmingham City University,B25,10007140,,,,Greswold Primary School,104079,Primary
d0632ada-0504-458b-9c93-e53165cc72bb,2019,Leeds Beckett University,L27,10003861,,,,Greysbrooke Primary School,148316,Primary
6ce2206b-4d7d-49ff-acf6-ff18a5974bf1,2019,Sheffield Hallam University,S21,10005790,,,,Greystones Primary School,107098,Primary
b238fff7-5533-4157-81d9-cc6f66d6eb03,2019,University of Derby,D39,10007851,,,,Griffe Field Primary School,146579,Primary
6314e589-7717-4e35-90df-a1c4d90e4db2,2019,University of Derby,D39,10007851,,,,Griffydam Primary School,119918,Primary
087e2c07-698b-49cd-87a8-0b3ad2d97044,2019,University of Cumbria,C99,10007842,,,,Grimsargh St Michael's Church of England Primary School,119565,Primary
58a8d926-fec0-435b-867f-7b64639ff9a4,2019,St Mary's University,S64,10007843,,,,Grimsdyke School,102187,Primary
f08437f4-c6e5-41c4-97e7-729878df6452,2019,University of Northumbria at Newcastle,N77,10001282,,,,Grindon Infant School,108766,Primary
79f6037e-5f0f-49e2-9739-463a2d043c97,2019,Roehampton University,R48,10007776,,,,Grinling Gibbons Primary School,100685,Primary
509dbc79-97ae-4374-b3e7-815a77e264ff,2019,The Manchester Metropolitan University,M40,10004180,,,,Grosvenor Nursery School and Day Care Centre,105144,Primary
5693d4c1-488b-4365-b008-dffc302daf55,2019,Leeds Trinity University,L24,10003863,,,,Grove House Primary School,148201,Primary
c64f9976-85df-4a5b-8ea0-bf288684af2c,2019,The University of Brighton,B72,10000886,,,,Grovelands Community Primary School,114393,Primary
3b4d5aec-7045-40a2-b68b-a2b0cfb6ae68,2019,St Mary's University,S64,10007843,,,,Grovelands Primary School,125056,Primary
22551a9a-41d5-478d-9f98-0339fee828cb,2019,St Mary's University,S64,10007843,,,,Grove Road Primary School,102519,Primary
d9942ed1-96ac-443e-852c-c0cc9f185ba3,2019,Liverpool Hope University,L46,10003956,,,,Grove Street Primary School,105011,Primary
e2cd41b3-7c35-446f-8598-a96f36b7f483,2019,The University of Northampton,N38,10007138,,,,Guilsborough Church of England Primary School,144430,Primary
909d6164-2868-40ae-84d8-f8c4ee45efb1,2019,Leeds Beckett University,L27,10003861,,,,Guiseley Primary School,107809,Primary
9f1524c1-0338-42f7-94ab-bbf180459146,2019,Birmingham City University,B25,10007140,,,,Gunter Primary School,103208,Primary
3d8fdaaa-c34f-4d45-a17f-41ea55cbe67d,2019,"University of the West of England, Bristol",B80,10007164,,,,Gwauncelyn Primary,402057,Primary
ceaf1beb-3504-4c4d-b3cc-1442b2cce8a4,2019,Edge Hill University,E42,10007823,,,,Gwladys Street Primary and Nursery School,104610,Primary
99acf353-5c6a-428a-a273-028dce16be35,2019,University of Wolverhampton,W75,10007166,,,,Haberdashers' Abraham Darby,135582,Mathematics
c6764148-7aa7-419c-a789-6e533f9b5b17,2019,University of Wolverhampton,W75,10007166,,,,Haberdashers' Adams,137446,Mathematics
06737cd9-e2bf-4192-a900-5e444271df63,2019,University College London,U80,10007784,,,,Haberdashers' Hatcham College,135073,Psychology
7a4a7fbf-5a6a-4cbe-aa82-458bf1e85a04,2019,Sheffield Hallam University,S21,10005790,,,,Hadfield Infant School,112692,Primary
d07842a2-2960-4585-9bf0-81fa859ed862,2019,University of Northumbria at Newcastle,N77,10001282,,,,Hadrian Park Primary School,132141,Primary
39d3ef40-0fa6-42da-9a6c-01bb89647c74,2019,University of Sussex,S90,10007806,,,,Hailsham Community College,138472,Primary
7213ce8e-d538-4150-a218-6582b6bbc81c,2019,University of Greenwich,G70,10007146,,,,Haimo Primary School,100129,Primary
62d9c405-2b79-4d58-86a4-7feb9ebbdafa,2019,University Of Plymouth,P60,10007801,,,,Halberton Primary School,113338,Primary
d6912a45-1512-45a8-b62f-2e6e46c5865e,2019,Liverpool Hope University,L46,10003956,,,,Hale Church of England Voluntary Controlled Primary School,111294,Primary
7839338a-f73c-4b5e-8140-cde871461c2f,2019,Newman University,N36,10007832,,,,Halesowen CofE Primary School,103847,Primary
5b7b46b2-a3d8-497b-a400-00bc8f553c55,2019,Canterbury Christ Church University,C10,10001143,,,,Halfway Houses Primary School,143605,Primary
68a8c63c-1cef-460e-bf4f-9950cdf84015,2019,Sheffield Hallam University,S21,10005790,,,,Hall Cross Academy,137842,Physics
8439df02-e533-4cf1-b993-c7b0437b3ab2,2019,University of Hull,H72,10007149,,,,Hallgate Primary School Cottingham,135078,Primary
9de9591b-a209-44e5-aa2f-e17da1d590cd,2019,Birmingham City University,B25,10007140,,,,Hall Green Infant School,103210,Primary
0ef362d7-d12f-42d1-940b-57630f442acb,2019,University of Wolverhampton,W75,10007166,,,,Hallmoor School,144336,Primary
87173ae8-f9c3-40b8-8e5a-711fa93ba862,2019,The Manchester Metropolitan University,M40,10004180,,,,Halton Lodge Primary School,111229,Primary
e9b346d1-b530-458b-9216-e491c93e437a,2019,Birmingham City University,B25,10007140,,,,Hamilton School,103600,Primary
cfc6f6c6-e30a-436b-a258-1f7bf5239b42,2019,Lincoln Bishop University,B38,10007811,,,,Hampton Hargate Primary School,132763,Primary
c7e95387-4194-48bd-8df6-18527f4eb2c5,2019,St Mary's University,S64,10007843,,,,Hampton Junior School,102887,Primary
9dc84377-3da6-45e7-8c8e-89797d398322,2019,St Mary's University,S64,10007843,,,,Hampton Wick Infant and Nursery School,102889,Primary
a4cd3784-e1c5-45a5-92c6-5dde5ef2dccf,2019,Birmingham City University,B25,10007140,,,,Hamstead Hall Academy,139746,Primary
6169748f-79f5-424d-aa6e-5ecf65d3743d,2019,Canterbury Christ Church University,C10,10001143,,,,Hamstel Junior School,143335,Primary
6bf3eda8-4dc4-4a14-9f37-7ae93d9e567e,2019,The University of Brighton,B72,10000886,,,,Handcross Primary School,125932,Mathematics
7dfe6b7f-2100-459c-8482-f357521440f3,2019,The Manchester Metropolitan University,M40,10004180,,,,Handforth Grange Primary School,146615,Primary
457f46f6-a844-4087-80d1-2e39c1bee342,2019,St Mary's University,S64,10007843,,,,Handsworth Primary School,103059,Primary
93c8fc3a-9b8b-42b1-8ff6-e410240a2729,2019,Leeds Beckett University,L27,10003861,,,,Hanging Heaton Church of England Voluntary Controlled Junior and Infant School,107709,Primary
09e6ddeb-2ac6-46f1-90ec-f4726bac9e2b,2019,Sheffield Hallam University,S21,10005790,,,,Hanging Heaton Church of England Voluntary Controlled Junior and Infant School,107709,Primary
a18d575a-c4bd-4d85-88a9-284d25071e0d,2019,The University of Brighton,B72,10000886,,,,Hangleton Primary School,114399,Primary
033b452b-3477-4190-bb9c-ac5aa6b2a86b,2019,University of Sussex,S90,10007806,,,,Hangleton Primary School,114399,Primary
7596a8c3-6db1-42ac-a225-06f4dbb0d62e,2019,University of Sussex,S90,10007806,,,,Harbour Primary and Nursery School,114441,Primary
f286aad0-5e5a-4cb9-b57a-59dfc7d0c968,2019,Leeds Beckett University,L27,10003861,,,,Harehills Primary School,107925,Primary
c19e0efd-b7f5-4d3e-890f-ab8d73e36092,2019,Leeds Trinity University,L24,10003863,,,,Harehills Primary School,107925,Primary
3f99fcb8-4778-49be-bb6e-82febd7ec835,2019,University of Northumbria at Newcastle,N77,10001282,,,,Hareside Primary School,122268,Primary
c0c1fb36-23c5-4a3b-9a46-f94e2794632f,2019,University of Winchester,W76,10003614,,,,Harestock Primary School,116241,Primary
6a42610d-0451-4b22-94eb-3f27708dddd4,2019,University of Wolverhampton,W75,10007166,,,,Hargate Primary School,103905,Primary
c34a9c3f-be46-4689-9a08-67f726289d08,2019,The University of Brighton,B72,10000886,,,,Harlands Primary School,140723,Primary
1de4c6da-e969-4be4-a3a7-b9b3b2be246a,2019,University of Hertfordshire,H36,10007147,,,,Harlow Fields School and College,131838,Primary
806ac8e0-b47d-444e-9e72-a17deb15ef49,2019,University of Greenwich,G70,10007146,,,,Harold Court Primary School,102278,Primary
40ed6b3c-0729-4bee-afc3-91d1b13c0be5,2019,Birmingham City University,B25,10007140,,,,Harper Bell Seventh-day Adventist School,136440,Primary
d5916247-62ce-4e71-bf51-238448f230bb,2019,York St John University,Y75,10007713,,,,Harpur Hill Primary School,112523,Primary
af3baba2-584d-4fe6-8f15-af84096accfd,2019,University of East London,E28,10007144,,,,Harris Academy Battersea,140985,Computing
e7bf86ce-c767-476f-affa-ee42becc4aa5,2019,University of Greenwich,G70,10007146,,,,Harris Primary Academy Chafford Hundred,138349,Primary
48a52865-0dd8-4802-9b00-692f55ad45ba,2019,St Mary's University,S64,10007843,,,,Harris Primary Academy Haling Park,140208,Primary
1f92df87-318b-4161-8f3e-72e9cc70cf71,2019,Leeds Trinity University,L24,10003863,,,,Harrowgate Hill Primary School,135088,Primary
a2ff0aa6-e909-4426-ae2b-9ffb298a5c3f,2019,Sheffield Hallam University,S21,10005790,,,,Hartley Brook Primary School,144482,Primary
5198149b-0d70-4e43-ac40-78a5517f8022,2019,University of Worcester,W80,10007139,,,,Hartpury Church of England Primary School,147310,Primary
13479311-29f9-4029-9025-daf4c24139da,2019,Roehampton University,R48,10007776,,,,Haslemere Primary School,102643,Primary
18022884-782a-4808-9ca2-e6b348a82cae,2019,University of Cumbria,C99,10007842,,,,Haslingden St James Church of England Primary School,119452,Primary
dae5b762-231e-4a79-9077-28b71885ea3c,2019,Birmingham City University,B25,10007140,,,,Haslucks Green School,104046,Primary
96bb098f-07a8-4e85-9887-86627eba97e1,2019,University of Sussex,S90,10007806,,,,Hassocks Infant School,125933,Primary
1e196969-c893-4825-938b-be6235f0ea07,2019,University of Hertfordshire,H36,10007147,,,,Hatfield Community Free School,138201,Primary
8dc54f2e-e657-4967-a261-310f04ae4ce9,2019,Sheffield Hallam University,S21,10005790,,,,Hathern Church of England Primary School,120175,Primary
8a653c37-d871-4902-9362-800ee55ac706,2019,The University of Brighton,B72,10000886,,,,Hawkes Farm Academy,143119,Primary
d0dfb4a1-c912-4e77-be0e-efeb46b73678,2019,Leeds Beckett University,L27,10003861,,,,Hawksworth Wood Primary School,107893,Primary
78bf973d-e71f-4439-a421-ec95bb6ea21e,2019,Birmingham City University,B25,10007140,,,,Hawthorn Primary School,103214,Primary
8786513f-7688-4398-bd32-3a6d7d229f6b,2019,University of Greenwich,G70,10007146,,,,Hayes Primary School,136920,Primary
5486feed-4538-4995-8cbb-a6c85b4af604,2019,University Of Plymouth,P60,10007801,,,,Hayes School,136648,Primary
eaa7b858-dc54-4bac-abbd-764c5e45bbf2,2019,University of Bedfordshire,B22,10007152,,,,Haynes Lower School,109456,Primary
f52eec59-c90e-4268-865f-6dcf9832a343,2019,Plymouth Marjon University,P63,10037449,,,,Haywood Village Academy,140216,Primary
454ab746-b422-4922-800b-44d8d5a358f7,2019,The University of Brighton,B72,10000886,,,,Hazelwick School,137263,Physical education
551a0a3b-7b64-41f0-a160-f2d2784d8e09,2019,The Manchester Metropolitan University,M40,10004180,,,,Hazlehurst Community Primary School,105296,Primary
5dfdbef8-1fe1-4183-9f8f-f69b013257f2,2019,Canterbury Christ Church University,C10,10001143,,,,Headcorn Primary School,118291,Primary
0a551dab-2b8f-48ec-a853-544d745c8986,2019,Lincoln Bishop University,B38,10007811,,,,Heatherley Primary School,122734,Primary
9422e5b9-bbe0-4a12-9b60-2fae32900051,2019,University of Reading,R12,10007802,,,,Heatherside Junior School,116010,Primary
b4a81c58-7a70-4cea-9758-75607c0920e2,2019,St Mary's University,S64,10007843,,,,Heathfield Junior School,102890,Primary
31bcaec6-cd49-4b7a-8216-2e5bb384e979,2019,Newman University,N36,10007832,,,,Heathfield Primary School,142231,Primary
b2a03ebc-13f6-4976-91f3-3c82160ac0c8,2019,University of Wolverhampton,W75,10007166,,,,Heath Hayes Primary Academy,140490,Primary
7b0cc40b-d17a-41dc-afab-2cf23b1fb679,2019,Roehampton University,R48,10007776,,,,Heathmere Primary School,101029,Primary
a1d6dd6e-2412-4ec4-ba9d-87343f67b39e,2019,Birmingham City University,B25,10007140,,,,Heath Mount Primary School,149366,Primary
147951bb-e260-49ff-bf75-0cfd9b7660fe,2019,University of Wolverhampton,W75,10007166,,,,Heath Park,137730,History
dd9f221c-8304-4d72-bb35-2348219c03be,2019,Roehampton University,R48,10007776,,,,Heathrow Primary School,102385,Primary
07075e19-3da7-4a63-a69e-b23f9d96dde8,2019,The University Of East Anglia,E14,10007789,,,,Hellesdon High School,138039,Geography
49db7999-6dd9-40c9-ad3c-ddb67e84d596,2019,"University of the West of England, Bristol",B80,10007164,,,,Henbury Court Primary Academy,139116,Primary
8d546448-9d38-42e6-89f1-0047e6090173,2019,University of Derby,D39,10007851,,,,Henhurst Ridge Primary Academy,143663,Primary
c8ee0d0f-9739-40ae-94a6-330e5199adf8,2019,"University of the West of England, Bristol",B80,10007164,,,,Henleaze Infant School,108934,Primary
7f0db681-f916-4740-8fed-494b95d08335,2019,Leeds Beckett University,L27,10003861,,,,Hensall Community Primary School,121403,Primary
9e9fdcb6-0845-48ef-a269-4b87627cad22,2019,Canterbury Christ Church University,C10,10001143,,,,Herne Bay Junior School,118852,Primary
2d179ab8-7c94-4a10-8d46-4cd650288b6c,2019,University of Chichester,C58,10007137,,,,Herne Junior School,115940,Primary
fe77e393-c4a5-416a-9baf-8c5b4f7ac326,2019,University Of Plymouth,P60,10007801,,,,Herons' Moor Academy,138603,Primary
834ea155-4d78-454a-a108-061edff17067,2019,Sheffield Hallam University,S21,10005790,,,,Herringthorpe Junior School,141788,Primary
c3d16f1f-6cc3-4dc7-91e4-5191e1b41b67,2019,The University of Brighton,B72,10000886,,,,Hertford Junior School,114383,Primary
0c4b7126-b32c-49c8-8597-9e8bcda90110,2019,St Mary's University,S64,10007843,,,,Hertford Prep,117629,Primary
ff96edc9-eef2-4444-9794-61bf15fe3884,2019,University of Hertfordshire,H36,10007147,,,,Hertford St Andrew CofE Primary School,117397,Primary
cee1354d-94e3-4714-a297-7afbc0b63aea,2019,University of Hertfordshire,H36,10007147,,,,Hertingfordbury Cowper Primary School,117563,Primary
7f51eab5-fd49-41b1-9e38-a091a29e943c,2019,The University of Brighton,B72,10000886,,,,Hertswood Academy,138747,Physical education
9ee93f7b-2d0a-4f9a-af48-9d18238e61eb,2019,Kingston University,K84,10003678,,,,Hewens Primary School,139909,Primary
30c6b144-bbb4-4926-abcb-e229fcaa4824,2019,University of Greenwich,G70,10007146,,,,Hextable Primary School,135118,Primary
9f432346-aae4-4858-b385-c416eb6c2698,2019,Nottingham Trent University,N91,10004797,,,,Heymann Primary and Nursery School,143296,Primary
44f2b518-9f99-4ad0-8019-45d04f1065cd,2019,Birmingham City University,B25,10007140,,,,Higham Lane School,137767,Primary
9d6b780d-b66a-45ee-acc2-87550d1b4fd7,2019,Nottingham Trent University,N91,10004797,,,,Highbank Primary and Nursery School,140017,Primary
0cf05f93-21d4-442a-be24-68ef7583c77e,2019,University of Huddersfield,H60,10007148,,,,Highburton Church of England Voluntary Controlled First School,107715,Primary
fe89f3e5-1c3e-4529-acfc-48dfa34c0967,2019,Edge Hill University,E42,10007823,,,,Higher Walton Church of England Primary School,119393,Primary
31537d9a-16be-429d-838e-da70ace38ef1,2019,The Manchester Metropolitan University,M40,10004180,,,,Highfield Primary School,106329,Primary
0cf331e6-aaa5-422b-85a0-ffa3fe70300a,2019,University of Wolverhampton,W75,10007166,,,,Highfields Primary School,103946,Primary
0d995979-c925-4206-bdc4-164b090cb4f8,2019,University of Cumbria,C99,10007842,,,,Highfurlong School,119868,Primary
d0544ad5-1a16-407a-a6b2-30eccaef2e5c,2019,Middlesex University,M80,10004351,,,,Highgate Primary School,102092,Primary
2b79cb26-20db-4895-b81c-4320f26ab74f,2019,Sheffield Hallam University,S21,10005790,,,,High Greave Junior School,142976,Primary
9f38641d-e6f2-4231-9994-ca04ba7f3e40,2019,Sheffield Hallam University,S21,10005790,,,,High Green Primary School,107052,Primary
6f750457-7964-4221-9715-a98a4ce5b4b7,2019,Canterbury Christ Church University,C10,10001143,,,,High Halden Church of England Primary School,118666,Primary
2af8c7df-09d7-4b21-ab11-595fdeccbc17,2019,Sheffield Hallam University,S21,10005790,,,,High Hazels Junior School,141404,Primary
8bafd33b-2816-47b0-a428-2a78af07821b,2019,University of Hull,H72,10007149,,,,Highlands Primary School,139512,Primary
6046d8dd-d99f-4ff4-8938-fa047e0ffc1c,2019,Birmingham City University,B25,10007140,,,,High Meadow Community School,125584,Primary
5ded757c-fa11-4aea-bbc0-2a42dcecb900,2019,University of Hertfordshire,H36,10007147,,,,Highover Junior Mixed and Infant School,117115,Primary
299deef3-8221-4544-ae53-5fee000eabc6,2019,Roehampton University,R48,10007776,,,,High View Primary School,102971,Primary
9596b1e5-8053-4ce3-a10d-e3fae60ec176,2019,Plymouth Marjon University,P63,10037449,,,,High View School,135853,Primary
629e1995-b9a5-4857-90fd-fbc754da65ce,2019,University Of Plymouth,P60,10007801,,,,High View School,135853,Primary
625a31dc-c94b-484e-b31e-73abe9c9d1bf,2019,University Of Plymouth,P60,10007801,,,,Highweek Community Primary and Nursery School,113210,Primary
08be26e7-7a8e-42bf-af0a-ec8e72f151de,2019,University of Hertfordshire,H36,10007147,,,,High Wych Church of England Primary School,117398,Primary
8809f33c-8f4e-4488-8f69-b072e49cc82b,2019,The University of Brighton,B72,10000886,,,,Hildenborough Church of England Primary School,118603,Primary
86ab1f42-d8ad-4edf-89ea-2da6ebe661ba,2019,Birmingham City University,B25,10007140,,,,Hill Avenue Academy,143151,Primary
6a0cd70b-04eb-4d82-9cab-1a14364b4495,2019,Kingston University,K84,10003678,,,,Hillcross Primary School,102655,Primary
f9a72fd1-b9f6-497b-8cca-106b528b57e2,2019,St Mary's University,S64,10007843,,,,Hillcross Primary School,102655,Primary
83fcb1d4-0c95-46e3-83ed-c3b94c30b441,2019,The University Of East Anglia,E14,10007789,,,,"Hillside Avenue Primary and Nursery School, Thorpe",143280,Primary
80ae8bee-89f2-44bb-8459-830027132f50,2019,Birmingham City University,B25,10007140,,,,Hillstone Primary School,141270,Primary
93492343-8467-403e-9602-985125aeaf04,2019,Sheffield Hallam University,S21,10005790,,,,Hill Top Academy,144077,Primary
ea793048-2a96-435a-86b0-f81adf737dc8,2019,University of Chester,C55,10007848,,,,Hillview Primary School,111169,Primary
fc13b8c8-fa13-4e6d-b025-1790418744c0,2019,Birmingham City University,B25,10007140,,,,Hill West Primary School,139520,Primary
bdb68591-4b3b-455b-aa8f-d31ad1af1d0d,2019,Sheffield Hallam University,S21,10005790,,,,Hinde House 2-16 Academy,139856,Biology
148402d5-616b-4d8f-8985-290cd5f5c74c,2019,Canterbury Christ Church University,C10,10001143,,,,Hinguar Community Primary School,143333,Primary
0c4cb63d-5e6f-4b01-8f2d-06ee7dc3eede,2019,Birmingham City University,B25,10007140,,,,Hob Hill CE/Methodist (VC) Primary School,124291,Primary
a56bb8a3-be77-4344-ad02-269f6960faae,2019,Birmingham City University,B25,10007140,,,,Hodge Hill College,103503,Primary
e7c9fd12-c634-496c-95fc-ec26e2b2ac2e,2019,University of Chester,C55,10007848,,,,Hodnet Primary School,123373,Primary
f90d97fc-a191-4be9-88e0-0e6d4c52c230,2019,Sheffield Hallam University,S21,10005790,,,,Hodthorpe Primary School,147149,Primary
6dead5d3-1c49-447d-a17e-195fce049d4b,2019,Lincoln Bishop University,B38,10007811,,,,Holgate Primary and Nursery School,140616,Primary
ce34fa40-ef72-40cf-9c82-93f98ac1dd2c,2019,University of Hertfordshire,H36,10007147,,,,Hollybush Primary School,117263,Primary
8d26201f-8f05-459f-bc0f-c4dad5738b6e,2019,Birmingham City University,B25,10007140,,,,Holly Grove Primary Academy,149422,Primary
e29a75b9-a50e-485d-a750-5708394e0063,2019,Edge Hill University,E42,10007823,,,,Holly Grove School,135014,Primary
f2730731-b26a-4ee4-bbf8-78d1d543b070,2019,The University of Brighton,B72,10000886,,,,Holmbush Primary Academy,141906,Primary
253ef8ef-b574-4e71-828f-b674459b9d29,2019,Sheffield Hallam University,S21,10005790,,,,Holme Hall Primary School,146960,Primary
37f273d0-7d30-46ac-8e11-46fd5d3d7384,2019,Leeds Trinity University,L24,10003863,,,,Holme-upon-Spalding Moor Primary School,117852,Primary
a8abd332-f984-4445-a2b3-f74b36e5883a,2019,University of Hull,H72,10007149,,,,Holme-upon-Spalding Moor Primary School,117852,Primary
0106c5c9-93df-4517-a679-695ccfcc28b9,2019,Leeds Beckett University,L27,10003861,,,,Holmfirth Junior Infant and Nursery School,107655,Primary
8938b8fd-685a-42e7-979e-c1e2eff377c9,2019,Two Mile Ash ITT Partnership,T89,10059102,,,,Holmwood School,147381,Primary
6b2fb094-b823-44df-a686-21d3c807e0fc,2019,Birmingham City University,B25,10007140,,,,Holte School,103509,Primary
11172902-fbd6-4bd6-bfa8-a6cef5dddabe,2019,Lincoln Bishop University,B38,10007811,,,,Holton Le Clay Infant School,120453,Primary
705fc74d-eb07-43af-b805-ddab27f2f587,2019,The Manchester Metropolitan University,M40,10004180,,,,Holy Cross and All Saints RC Primary School,105952,Primary
3b25c36c-392e-4091-a59c-286d74fcbd8c,2019,Liverpool Hope University,L46,10003956,,,,Holy Cross Catholic Primary School,104804,Primary
b02d7dce-6481-4af8-8c94-ab113fb7a8cd,2019,Newman University,N36,10007832,,,,Holy Cross Catholic Primary School,140525,Primary
6e649950-2bd0-4421-9dbf-a446afacaba3,2019,Plymouth Marjon University,P63,10037449,,,,Holy Cross Catholic Primary School,140726,Early years ITT
feaad52f-888a-473b-8bb8-a4574360fbb7,2019,Plymouth Marjon University,P63,10037449,,,,Holy Cross Catholic Primary School,140726,Primary
c7a5fdc7-aaf5-43e6-b308-aac592d9b48d,2019,University Of Plymouth,P60,10007801,,,,Holy Cross Catholic Primary School,140726,Primary
72ed86c1-11c8-4b3b-b4a2-d43a521e05fc,2019,University of Hertfordshire,H36,10007147,,,,"Holy Cross Catholic Primary School, Harlow",136967,Primary
f55c1978-6ca3-4966-86e9-4eadab6a1eb5,2019,Leeds Beckett University,L27,10003861,,,,"Holy Cross Catholic School, a Voluntary Academy",146224,Primary
df93640e-b907-4b08-a10e-a6e01ae19cbb,2019,Nottingham Trent University,N91,10004797,,,,Holy Cross Primary Catholic Voluntary Academy,138812,Primary
92352be6-62ce-4fe1-876b-2b10c18d917f,2019,Edge Hill University,E42,10007823,,,,Holy Family Catholic Primary School,136062,Primary
e2a81266-7e5c-4421-9918-6048572a788e,2019,St Mary's University,S64,10007843,,,,Holy Family Catholic Primary School,137569,Primary
3df13c42-7a13-458c-a834-0cb30a3bd157,2019,University of Cumbria,C99,10007842,,,,Holy Family Catholic Primary School,150579,Primary
4f052b5d-177b-4b73-9a3a-7eeeb716acd2,2019,Liverpool Hope University,L46,10003956,,,,Holy Family Catholic Primary School & Nursery,104454,Primary
c3cdf9c6-61ec-4411-96b9-106cfb5051f1,2019,Birmingham City University,B25,10007140,,,,Holyhead School,137034,Primary
1bf29f4c-0ad5-49e1-ba7f-f840ae04ef9b,2019,Edge Hill University,E42,10007823,,,,Holy Name Catholic Primary School,104634,Primary
4df6b2f5-c4da-4d7f-b48d-f67ad12a6fee,2019,Birmingham City University,B25,10007140,,,,Holy Redeemer Catholic Primary School,116908,Primary
82536872-14c7-4d34-ae1c-f204b4750adc,2019,St Mary's University,S64,10007843,,,,Holy Rood Catholic Primary School,146903,Primary
a46047b3-e000-4382-9a19-4628ae34e557,2019,University of Hertfordshire,H36,10007147,,,,Holy Rood Catholic Primary School,146903,Primary
25a2b15a-e471-4a2f-a5a5-e881f3558306,2019,Edge Hill University,E42,10007823,,,,Holy Souls Roman Catholic Primary School Blackburn,119517,Primary
92959abe-3b5c-4924-b4d2-1182fb7d9f41,2019,Liverpool Hope University,L46,10003956,,,,Holy Trinity Catholic Primary School,104635,Primary
55397d40-7404-4a68-885c-06bcd2e7296e,2019,Leeds Beckett University,L27,10003861,,,,"Holy Trinity Church of England Academy, Rothwell",140399,Primary
e04f5644-631c-4a9d-a75d-456e116643bb,2019,Birmingham City University,B25,10007140,,,,Holy Trinity Church of England Primary Academy and Nursery,144460,Primary
7c3f8ebc-4576-4820-936d-c803d9eee43b,2019,St Mary's University,S64,10007843,,,,Holy Trinity Church of England Primary Academy and Nursery,144460,Primary
106dc8da-3213-489c-bc13-e2d8d757c9a4,2019,University of Chester,C55,10007848,,,,Holy Trinity Church of England Primary Academy and Nursery,144460,Primary
c5f6c6b8-c2d0-4cde-bd1c-4513997e1ea4,2019,Middlesex University,M80,10004351,,,,Holy Trinity Church of England Primary School,100723,Primary
166bff32-ce7c-4959-87f2-3fd3337adfc2,2019,University of Derby,D39,10007851,,,,Holy Trinity CofE (C) Primary School,124294,Primary
398d6223-b520-452c-9e37-ff204e3628c9,2019,Lincoln Bishop University,B38,10007811,,,,Holy Trinity CofE Infant School,145647,Primary
defaf111-8463-49fa-9f47-12baeabcd371,2019,Nottingham Trent University,N91,10004797,,,,Holy Trinity CofE Infant School,145647,Primary
8c73b537-fee1-4c28-844c-425557b2cdf4,2019,York St John University,Y75,10007713,,,,Holy Trinity CofE Infant School,121598,Primary
d1c76fdd-f2e7-44c0-8922-9bbd11ac8ab9,2019,The University of Brighton,B72,10000886,,,,Homefield Primary School and SSC,125961,Primary
5fbb29d5-bf0f-4c74-b563-0deeb6d4e258,2019,Leeds Beckett University,L27,10003861,,,,"Honley CofE (VC) Junior, Infant and Nursery School",144735,Primary
2b4fb5ca-9e19-4589-8496-cdf3f73d1704,2019,University of Greenwich,G70,10007146,,,,Hook Lane Primary School,147240,Primary
6142a2e0-d546-4ad5-b881-66f583ab7ffa,2019,University of Winchester,W76,10003614,,,,Hook-With-Warsash Church of England Academy,138719,Primary
f97db64b-faf7-4d31-bec4-87501b8e23c3,2019,Sheffield Hallam University,S21,10005790,,,,Hope Primary School,112566,Primary
d1fe429b-091d-45a1-9241-d45275d860d1,2019,Canterbury Christ Church University,C10,10001143,,,,Horndon-On-the-Hill CofE Primary School,146708,Primary
375589d3-e4c5-4300-9ebc-d7f78306e4a5,2019,University of Derby,D39,10007851,,,,Horninglow Primary School,142769,Primary
dadddd7a-38e3-43ac-99f8-995017f7118c,2019,Edge Hill University,E42,10007823,,,,Horn's Mill Primary School,111129,Primary
e40e7361-e284-46b2-8e19-9b850fc25fb5,2019,Plymouth Marjon University,P63,10037449,,,,Horrabridge Primary & Nursery School,113253,Early years ITT
0da48dc2-ce40-4578-992f-35b18065043b,2019,University of Reading,R12,10007802,,,,Horsell CofE Aided Junior School,125201,Primary
827e8c9d-fd3e-4170-9f01-a93cd1fed5be,2019,Staffordshire University,S72,10006299,,,,Horton St Michael's CofE First School,146126,Primary
786ae517-6c77-46eb-b2dc-18e6cf3ba3ad,2019,University of Northumbria at Newcastle,N77,10001282,,,,Hotspur Primary School,108491,Primary
21cd94dd-b2ae-4e30-930f-d77c851cdf25,2019,St Mary's University,S64,10007843,,,,Hounslow Heath Infant and Nursery School,102490,Primary
37e06ef9-e1c8-448d-874d-39510bbed675,2019,University of Sussex,S90,10007806,,,,Hove Junior School,114403,Primary
63142a9d-d000-40d8-bff2-352a70bab1a0,2019,Leeds Beckett University,L27,10003861,,,,Hovingham Primary School,107926,Primary
70a8ea2d-d0ea-4f72-a22e-a58793fa778c,2019,University of Hertfordshire,H36,10007147,,,,Howe Dell Primary School,117220,Primary
e317f39a-7ed1-4135-a846-8f09c9759a65,2019,University of Hertfordshire,H36,10007147,,,,How Wood Primary and Nursery School,117235,Primary
40ff5a68-3d59-4b17-b0f6-f94b352bda6c,2019,Liverpool Hope University,L46,10003956,,,,Hoylake Holy Trinity CofE Primary School,105063,Primary
4a1a6ea1-3045-45e2-859f-25464f6cb771,2019,Sheffield Hallam University,S21,10005790,,,,Hoyland Common Primary School,140242,Primary
cc5be36d-c3b7-4d3d-ba61-475f307a2c61,2019,Leeds Beckett University,L27,10003861,,,,Hoyland Springwood Primary School,141973,Primary
393c075d-9814-4b20-bd03-eb0412ce297e,2019,Sheffield Hallam University,S21,10005790,,,,Hoylandswaine Primary School,106585,Primary
6f6ad297-0dc2-4fd2-959a-a31f9769af20,2019,Sheffield Hallam University,S21,10005790,,,,Hucklow Primary School,142663,Primary
fd239a54-8354-462a-aa68-c028689688b5,2019,Sheffield Hallam University,S21,10005790,,,,Hunloke Park Primary School,112697,Primary
3a42743a-fd41-4a63-9211-84332faf249c,2019,Edge Hill University,E42,10007823,,,,Hunts Cross Primary School,104549,Modern languages
de5a13e1-f00b-4be7-857b-3235173d6048,2019,Edge Hill University,E42,10007823,,,,Hunts Cross Primary School,104549,Primary
067d140b-5b69-43f8-aeaa-a6cbc192e730,2019,Birmingham City University,B25,10007140,,,,Hurley Primary School,125515,Primary
bcc7d597-d8e5-4fb0-a8fd-32bec9576c7a,2019,Roehampton University,R48,10007776,,,,Hurst Park Primary School,125038,Primary
4d952866-ba0d-4878-a446-0593843b3781,2019,University of Greenwich,G70,10007146,,,,Hurst Primary School,140243,Primary
73eedf08-4f90-40f1-aab0-7cd55d328f11,2019,Staffordshire University,S72,10006299,,,,Hutchinson Memorial CofE First School,143983,Primary
6728b683-4d9f-495e-83ef-8d732cee7b33,2019,Plymouth Marjon University,P63,10037449,,,,Hyde Park Junior School,146710,Primary
0dcf2d1e-86ea-4a8f-87c2-0a385334d66e,2019,Canterbury Christ Church University,C10,10001143,,,,Hythe Bay CofE Primary School,131020,Primary
8796f111-29b2-4485-ab29-52de922635fc,2019,St Mary's University,S64,10007843,,,,Hythe Primary School,125107,Primary
3a942a66-0c4e-4f9d-9307-8dcb45e9278d,2019,The University of Brighton,B72,10000886,,,,Ifield Community College,126071,Physical education
d54e4aff-4ec7-4735-9e88-74b4a3fcb4ba,2019,The University of Brighton,B72,10000886,,,,Imberhorne School,126088,Physical education
4ad3dda6-ad8a-4757-9868-51741aa7e942,2019,University of Cumbria,C99,10007842,,,,Ingleton Primary School,121445,Primary
228124f9-6d1b-4177-820f-57611ea65235,2019,The Manchester Metropolitan University,M40,10004180,,,,Inglewood Infant School,112217,Mathematics
93c77052-1002-4664-ad10-06f17e292a95,2019,The University Of East Anglia,E14,10007789,,,,Ingoldisthorpe Church of England Voluntary Aided Primary School,121134,Primary
29ac545e-c77d-44d9-a4c9-2e389b49cad8,2019,Lincoln Bishop University,B38,10007811,,,,Ingoldsby Academy,141390,Primary
c073aaba-6680-41f3-8497-2e62447fb394,2019,University of Greenwich,G70,10007146,,,,Invicta Primary School,100134,Primary
aa2778b4-75df-4cf2-ad84-656e168226dc,2019,University Of Plymouth,P60,10007801,,,,Ipplepen Primary School,113203,Primary
e484d7e8-93cf-463a-9b08-80c8c0f97154,2019,The Manchester Metropolitan University,M40,10004180,,,,Irk Valley Community School,105452,Mathematics
cf896b22-7dc6-4215-a84c-2a1687e8ae86,2019,The Manchester Metropolitan University,M40,10004180,,,,Irk Valley Community School,105452,Primary
1c7bb59b-26ee-41ac-844b-6ae84ef6a2b8,2019,The Manchester Metropolitan University,M40,10004180,,,,Irlam Endowed Primary School,105939,Primary
70bbb181-e041-466f-af53-aafb93099239,2019,St Mary's University,S64,10007843,,,,Isleworth Town Primary School,102492,Primary
b613c9ff-c27a-48e2-8a8d-87ca4e53a74e,2019,Leeds Beckett University,L27,10003861,,,,Iveson Primary School,107886,Primary
e69dcf9f-531d-4e28-8664-f2cf02a142c7,2019,Plymouth Marjon University,P63,10037449,,,,Ivybridge Community College,136336,Physical education
d0c093cd-b284-46a2-b456-475fed6c54f0,2019,St Mary's University,S64,10007843,,,,Ivy House School,143037,Primary
4d1d72a0-2a32-46df-bab1-630df455fb19,2019,Canterbury Christ Church University,C10,10001143,,,,Iwade School,140900,Early years ITT
b82141d0-9582-4369-bbb5-f75f19647f29,2019,Canterbury Christ Church University,C10,10001143,,,,Iwade School,140900,Primary
14d20b38-6ecb-40fe-8592-4dae3376c042,2019,University of Cumbria,C99,10007842,,,,James Rennie School,146250,Primary
d6685030-017d-446d-a37f-88f143b51da7,2019,University of Reading,R12,10007802,,,,Jennett's Park CofE Primary School,144608,Primary
9b4a63f3-04a0-4571-9a7a-adc1d67ed9c5,2019,Nottingham Trent University,N91,10004797,,,,Jesse Gray Primary School,122597,Primary
66c6263c-503b-4a42-a97b-ea41211cda06,2019,University of Worcester,W80,10007139,,,,Jesson's CofE Primary School (VA),103845,Primary
215dd6d8-b3de-4e59-8828-953bfc85eb48,2019,Birmingham City University,B25,10007140,,,,Jewellery Quarter Academy,141003,Primary
596804fc-3fd2-44c1-bc31-0faf9fc1fe86,2019,University of Greenwich,G70,10007146,,,,John Ball Primary School,100709,Primary
0d1b4e6a-4663-4f1b-9608-71233d8fa7ba,2019,Lincoln Bishop University,B38,10007811,,,,John Hunt Academy,148284,Primary
3ce0d962-5024-4c8a-8f03-75356a4a4f85,2019,University of Worcester,W80,10007139,,,,John Masefield High School,136803,Primary
f6dc7de1-9a2c-4952-bf8c-90ae670216fa,2019,St Mary's University,S64,10007843,,,,John Perryn Primary School,101889,Primary
e993f082-ae3c-493c-be8f-176da2c05a43,2019,University of Chester,C55,10007848,,,,John Wilkinson Primary School and Nursery,123434,Primary
1db2f989-2ea3-41df-82eb-362338bb5147,2019,Birmingham City University,B25,10007140,,,,Joseph Leckie Academy,137830,Primary
155b183d-31dd-4c0a-9621-dd063d6b7ca1,2019,Newman University,N36,10007832,,,,Joseph Turner Primary School,103970,Primary
0c773f6a-c12a-4342-88d2-a4d5dc8f1b12,2019,University of Greenwich,G70,10007146,,,,Joydens Wood Infant School,137660,Primary
afc24d5e-0372-4ea5-87f1-daf3aba5bc0a,2019,Roehampton University,R48,10007776,,,,Jubilee Primary School,133662,Primary
92aabbc2-e615-4556-8eea-49f01acdf51d,2019,St Mary's University,S64,10007843,,,,Judith Kerr Primary School,139907,Primary
e7d8da4c-c914-4a87-b495-1bd015bdb21b,2019,Canterbury Christ Church University,C10,10001143,,,,Junior King's School,119010,Primary
74416504-0a85-443b-8b54-722d79510d0f,2019,University of Northumbria at Newcastle,N77,10001282,,,,Kader Academy,140869,Primary
a3220910-7485-40a9-9036-3977de984925,2019,University of Cumbria,C99,10007842,,,,Kaizen Primary School,143277,Primary
3de48a23-9361-4c0b-9b0a-490a8ee573d0,2019,University of Reading,R12,10007802,,,,Katesgrove Primary School,109920,Primary
d1ee1dfe-3132-427d-932b-6762a4049c91,2019,University of Reading,R12,10007802,,,,Keep Hatch Primary School,147805,Primary
ebc65c7e-c239-4179-ad2d-b552e5d3b6bf,2019,Leeds Beckett University,L27,10003861,,,,Keighley St Andrew's CofE Primary School and Nursery,107339,Primary
4656810b-5fdf-4af8-873a-22f5c4bb9ba3,2019,Leeds Trinity University,L24,10003863,,,,Keighley St Andrew's CofE Primary School and Nursery,107339,Primary
57e0dd5b-2b28-4023-883a-8b5303721a69,2019,University of Durham,D86,10007143,,,,Kelloe Primary School,114081,Primary
89d6bc8c-cbb3-4d0d-b802-cb68dd43aa50,2019,Canterbury Christ Church University,C10,10001143,,,,Kelvedon St Mary's Church of England Primary Academy,139360,Primary
70ad543c-7b95-4067-b4e3-4fac95b75a60,2019,University of Northumbria at Newcastle,N77,10001282,,,,Kelvin Grove Community Primary School,108323,Primary
c2f772dd-3165-484c-8bca-94b9ec336d83,2019,University of Worcester,W80,10007139,,,,Kempsey Primary School,144256,Primary
c4855f03-72e5-4109-8945-bc8289acad47,2019,University of Gloucestershire,G50,10007145,,,,Kempsford Church of England Primary School,115629,Primary
e2cb8eff-4e66-42a5-ac90-f139ed2e2a4b,2019,University of Reading,R12,10007802,,,,Kennet School,136647,Modern languages
aaed2623-7817-45af-a30e-dafdaf811cbf,2019,University of Reading,R12,10007802,,,,Kennet Valley Primary School,109898,Primary
eb677980-2a83-44ee-a7ac-9b851a2290c0,2019,Canterbury Christ Church University,C10,10001143,,,,Kenningtons Primary Academy,138735,Primary
9c2ae329-43c6-46af-b6dd-ba0477a80718,2019,University Of Plymouth,P60,10007801,,,,Kentisbeare Church of England Primary School,113357,Primary
4bc493df-6026-459a-9a0d-db5b9294095d,2019,The Manchester Metropolitan University,M40,10004180,,,,Kentmere Primary Academy,141400,Primary
c5bd6e7b-c785-4e6a-a60f-97405bf650a1,2019,St Mary's University,S64,10007843,,,,Kenyngton Manor Primary School,140348,Primary
afea0b86-4b81-467d-96c1-7448d72319a1,2019,University of Northumbria at Newcastle,N77,10001282,,,,Kibblesworth Academy,138211,Primary
ff693e90-6fed-4246-a4de-ec9948e5683b,2019,University of Hertfordshire,H36,10007147,,,,Kimpton Primary School,117118,Primary
5696726d-f39e-4400-8049-0a29e066401b,2019,Birmingham City University,B25,10007140,,,,King David Primary School,103444,Primary
6f33e0e7-adff-4783-9d8b-7fb56bbeff90,2019,Birmingham City University,B25,10007140,,,,King Edward VI Aston School,137043,Biology
3a5121aa-e800-4306-83fd-d91cc4daa7b9,2019,The University Of Birmingham,B32,10006840,,,,King Edward VI Handsworth Grammar School for Boys,143562,History
1143a263-91d5-41f0-ab2b-e80f59ee7385,2019,Lincoln Bishop University,B38,10007811,,,,King Edwin Primary and Nursery School,122639,Primary
13d69eec-c809-4164-a5ad-56af3c017117,2019,Lincoln Bishop University,B38,10007811,,,,Kingfisher Primary Academy,143876,Primary
7f87ec55-fb1c-4e81-8769-474ccd1caf2b,2019,University of Cumbria,C99,10007842,,,,Kingmoor Nursery and Infant School,112230,Primary
5833c713-5718-4acc-a694-da7bc2f2b763,2019,University Of Plymouth,P60,10007801,,,,Kingsbridge Community Primary School,113205,Primary
94c45f73-af7d-48b8-a598-33f10e170d63,2019,Birmingham City University,B25,10007140,,,,Kingsbury School - A Specialist Science and Mathematics Academy,145019,Primary
912bac0d-2906-4ce6-85ae-29b1a6848d51,2019,Lincoln Bishop University,B38,10007811,,,,Kings Cliffe Endowed Primary School,122012,Primary
719b0441-9865-4cb1-ba40-0a1463e596e5,2019,Canterbury Christ Church University,C10,10001143,,,,Kings Ford Academy,142001,Primary
43b1be01-99a5-4190-afd4-18f59d950f5f,2019,University of Chichester,C58,10007137,,,,Kingsham Primary School,141181,Primary
f960b63e-e0c9-4d38-957d-60402026363d,2019,Plymouth Marjon University,P63,10037449,,,,Kingskerswell Church of England Primary School,113398,Primary
819cdf26-0e8d-4f1d-89f9-8289adec0079,2019,University of Chester,C55,10007848,,,,Kingsley Community Primary School and Nursery,110995,Primary
b881dc0e-5c9c-4398-925b-7816c225fa7a,2019,The University of Northampton,N38,10007138,,,,Kingsley Primary School,144683,Primary
b7cf36c2-3b5b-4075-9a9b-7a62162b2243,2019,Birmingham City University,B25,10007140,,,,Kingsmead School,142313,Primary
4ffc06c0-13bd-439c-8cb5-f4a8baa6d203,2019,"University of the West of England, Bristol",B80,10007164,,,,Kingsmoor Primary School,123738,Primary
124ec4a1-0787-4270-862b-5622318b5ce8,2019,The University Of Birmingham,B32,10006840,,,,Kings Norton Girls' School,136590,History
c4efaa3c-3cc4-4d09-bd3a-10bd7d7035e5,2019,Sheffield Hallam University,S21,10005790,,,,Kings Oak Primary Learning Centre,134687,Primary
a1a27aef-6d08-4d4c-9e77-1ddc966a01af,2019,Roehampton University,R48,10007776,,,,King's Oak Primary School,102582,Primary
9aa71a37-1795-4bf2-867e-600bed31a6f1,2019,University of Northumbria at Newcastle,N77,10001282,,,,Kings Priory School,139658,Primary
2b920818-0b83-4700-a1c1-55496cf00874,2019,University Of Plymouth,P60,10007801,,,,King's School,113595,Primary
16aea046-4b2b-44bf-af50-b2ae6eaa5696,2019,University of Northumbria at Newcastle,N77,10001282,,,,Kingston Park Primary School,143270,Primary
ca2335cd-5839-4267-8cf5-a6611fd1a470,2019,Nottingham Trent University,N91,10004797,,,,Kingsway Primary School,122716,Primary
2173da08-b01f-4af6-84b1-9e46bae5d154,2019,The Manchester Metropolitan University,M40,10004180,,,,Kingsway Primary School,106334,Primary
01eb2d94-f646-452c-809d-bbb5c1b13621,2019,Nottingham Trent University,N91,10004797,,,,Kinoulton Primary School,122651,Primary
a36cc6cf-bef8-412b-ba2f-2894704db77a,2019,Edge Hill University,E42,10007823,,,,Kirkby CofE Primary School,104448,Primary
b8621b2f-5168-465f-9b09-a8760b2481d5,2019,Leeds Beckett University,L27,10003861,,,,Kirk Fenton Church of England Primary School,146007,Primary
1e00f2d2-de1b-4a56-858f-24a504e7e5e7,2019,Leeds Beckett University,L27,10003861,,,,Kirk Smeaton Church of England Voluntary Controlled Primary School,121573,Primary
c83681f1-5e98-4ccc-82fe-d00ae09fef1b,2019,Leeds Beckett University,L27,10003861,,,,Kirkstall St Stephen's Church of England (VA) Primary School,108043,Primary
c875fe7b-c21c-4f7b-8092-0e26a89af392,2019,Leeds Trinity University,L24,10003863,,,,Kirkstall Valley Primary School,107887,Primary
adc52036-0b26-4ff5-a722-9f5fc03dcd5d,2019,Newman University,N36,10007832,,,,Kitwell Primary School,103339,Primary
56b26d7c-1f4e-4e4d-996b-da95597987cc,2019,Sheffield Hallam University,S21,10005790,,,,Kiveton Park Infant School,146470,Primary
6c2407ed-c014-4f39-8138-83a76def5585,2019,University of Greenwich,G70,10007146,,,,Knockhall Primary School,145014,Primary
ecc192ef-cf48-48e7-a41e-fdfb8b24a287,2019,Roehampton University,R48,10007776,,,,Knollmead Primary School,140667,Primary
5a32690e-c0a9-4911-9e99-ac0c960b164d,2019,University of Northumbria at Newcastle,N77,10001282,,,,Knop Law Primary School,108450,Primary
803274a1-9418-4de1-af0f-3402cc5d875f,2019,Plymouth Marjon University,P63,10037449,,,,Knowle Primary School,145653,Primary
48d86cb6-a28c-4d2a-ad99-a08cdf44a491,2019,Edge Hill University,E42,10007823,,,,Knowsley Village School,104423,Modern languages
ec9d2d29-4784-4d7d-a536-a16691cf72fd,2019,Edge Hill University,E42,10007823,,,,Knowsley Village School,104423,Primary
3447688c-4528-4338-9c2a-b46c3b6a30be,2019,University of Derby,D39,10007851,,,,Krishna Avanti Primary School,136930,Primary
e1c465dd-9071-4e2b-a33d-48f8868ef6de,2019,Lincoln Bishop University,B38,10007811,,,,Laceby Acres Primary Academy,140581,Primary
eae866cd-48f0-4acb-ab19-70d52b966c12,2019,Lincoln Bishop University,B38,10007811,,,,Lacey Gardens Junior Academy,146499,Primary
96cdc54b-bf78-4b40-9d76-54f65491465f,2019,Edge Hill University,E42,10007823,,,,Lache Primary School,131350,Primary
b30fe89d-94c6-4b90-af92-3cbc2018f13c,2019,St Mary's University,S64,10007843,,,,Lache Primary School,131350,Primary
bf648f4e-108a-49c7-b2bc-16c439dc220e,2019,Nottingham Trent University,N91,10004797,,,,Lady Bay Primary School,122596,Primary
98995e43-9333-42b2-a7d1-78eeaeb6c8e5,2019,Birmingham City University,B25,10007140,,,,Ladypool Primary School,103265,Primary
feffb8a4-c97e-48a2-b321-0131428bbe0c,2019,Edge Hill University,E42,10007823,,,,Ladywood School,146406,Primary
f4a1b310-588f-4154-9df7-db3e3f303b82,2019,The University Of East Anglia,E14,10007789,,,,Lakenheath Community Primary School,124539,Primary
e5e49974-c526-4cf3-a5c0-26cfa4fe8f4c,2019,University of Bedfordshire,B22,10007152,,,,Lakeview School,135374,Primary
64d15a00-bad0-4080-8d8a-df1b9e922a15,2019,University of Derby,D39,10007851,,,,Lambley Primary School,122654,Primary
8b8df73e-b3bb-4a27-ae0d-6b8ff4b9bdd4,2019,University of Cumbria,C99,10007842,,,,Lancaster Christ Church Church of England Primary School,119532,Primary
17ae4353-cbd7-475b-8bbb-9cce4e3c78de,2019,University of Cumbria,C99,10007842,,,,Lancaster Road Primary School,119137,Primary
e2b6cc97-b528-4750-b542-a5efdb9bbd44,2019,Leeds Trinity University,L24,10003863,,,,Lane End Primary School,138893,Primary
a6d25179-45b7-4f86-a782-03b92395d7ba,2019,University of Northumbria at Newcastle,N77,10001282,,,,Langley First School,108591,Primary
9f03d0b5-1473-45e9-8d83-e7872ad0aaa2,2019,"University of the West of England, Bristol",B80,10007164,,,,Langley Fitzurse Church of England Primary School,126334,Primary
719f685a-bb67-4375-8ed2-b373057e3e89,2019,University of Sussex,S90,10007806,,,,Langley Green Primary,133967,Primary
6a0be46b-0240-4142-82b4-13478a33f8e6,2019,Sheffield Hallam University,S21,10005790,,,,Langold Dyscarr Community School,146963,Primary
230dfecd-6db2-408c-8270-243093947e19,2019,St Mary's University,S64,10007843,,,,Langrish Primary School,115924,Primary
03b40ed2-0f44-4ed9-9bc0-cd6075b96cc3,2019,University of Derby,D39,10007851,,,,Lansdowne Infant Academy,142799,Primary
d3726d4f-060e-44db-96d4-b7471073694e,2019,Canterbury Christ Church University,C10,10001143,,,,Lansdowne Primary School,141548,Primary
8ae7e5ae-ab28-4159-8536-74efa8ef9536,2019,Bradford College,B60,10000840,,,,Lapage Primary School and Nursery,143564,Primary
4ad0a51d-2fed-4d54-a437-fb6d4d5d7646,2019,Leeds Beckett University,L27,10003861,,,,Lapage Primary School and Nursery,143564,Primary
5cd385bf-22ba-4b0a-b255-f367d3e596e5,2019,Leeds Trinity University,L24,10003863,,,,Lapage Primary School and Nursery,143564,Primary
17e0a88b-07e1-47df-a9bf-7ec5825c1fc2,2019,University of Chester,C55,10007848,,,,Lawley Primary School and Nursery,123377,Primary
87170ff0-6892-496c-a9e0-5ad7e7d1f83e,2019,University of Wolverhampton,W75,10007166,,,,Lawley Village Academy,141699,Primary
c968d90b-9ba8-4549-9118-e885d1e877f2,2019,University of Greenwich,G70,10007146,,,,Lawn Primary School,118264,Primary
3440f617-4533-46bc-925f-bc20512c900a,2019,University of Derby,D39,10007851,,,,Lawrence View Primary and Nursery School,122571,Primary
c6ff94cb-de8f-4467-9f42-96c9351c4a62,2019,Leeds Beckett University,L27,10003861,,,,Layfield Primary School,146017,Primary
1556d691-86a9-4773-b36d-e8fe429b330a,2019,University of Northumbria at Newcastle,N77,10001282,,,,Leadgate Primary School - Split Site,114039,Primary
d6b0d7c0-3d51-4866-9ec8-92b084b88f99,2019,University of Bedfordshire,B22,10007152,,,,Lealands High School,109686,Physical education
fbd8daa8-f01f-4906-a27b-6acc2769daaa,2019,University of Cumbria,C99,10007842,,,,Lee Chapel Primary School,137108,Primary
b086cb4c-6da9-474a-80fb-29e7fff4da30,2019,University of Greenwich,G70,10007146,,,,Leesons Primary School,141291,Primary
43922d01-0b1c-429d-b583-b1ee31a79aaa,2019,University of Greenwich,G70,10007146,,,,Leigh Academy Dartford,141534,Primary
ac43f39a-68da-48c4-9915-adc06d9d6eb4,2019,The University of Brighton,B72,10000886,,,,Leigh Academy Hundred of Hoo,137119,Physical education
7d4a7e8b-0df2-4be1-9b3c-391a8db02228,2019,Canterbury Christ Church University,C10,10001143,,,,Leigh Academy Paddock Wood,147409,Primary
b30f0f21-9295-492b-ba5e-03b97d09efb9,2019,University of Greenwich,G70,10007146,,,,Leigh Beck Infant School and Nursery Academy,141326,Primary
a7a7aa93-50ab-4b2b-8ea7-01c9ce4e31b2,2019,Edge Hill University,E42,10007823,,,,Leigh St John's CofE Primary,106517,Primary
e9817618-8a70-43bf-bbb6-5f2315417e6f,2019,Edge Hill University,E42,10007823,,,,Leigh St Mary's CofE Primary School,106516,Primary
da54beac-65f4-4ef1-b55f-52485fbd05a7,2019,University of Wolverhampton,W75,10007166,,,,Leighswood School,131433,Primary
0f784c2b-8e10-47f3-94f9-7b99a3e93119,2019,Lincoln Bishop University,B38,10007811,,,,Leighton Primary and Preschool,110743,Primary
f889f865-61e8-48ff-91e9-2d81b246fc87,2019,Edge Hill University,E42,10007823,,,,Lever House Primary School,119305,Primary
b7902ce3-d006-4462-8506-3e0468c2f8b0,2019,University Of Plymouth,P60,10007801,,,,Leweston School,113920,Primary
9d7fef2f-a8d6-47ac-993b-06f12020ce1e,2019,Canterbury Christ Church University,C10,10001143,,,,"Leybourne, St Peter and St Paul Church of England Primary Academy",143987,Primary
45ae12a1-c1f2-40ea-be80-f8dcff794c8f,2019,Edge Hill University,E42,10007823,,,,Leyland Methodist Junior School,119400,Primary
41df582f-9fd3-470a-a511-db6561b0cfa5,2019,Edge Hill University,E42,10007823,,,,Leyland St Mary's Roman Catholic Primary School,119677,Primary
ac557e9b-792a-40a4-bb92-68313cc27871,2019,Sheffield Hallam University,S21,10005790,,,,Leys Junior School,112492,Primary
47876308-4a40-4d77-9549-4356ec664e9a,2019,Roehampton University,R48,10007776,,,,Liberty Primary,102656,Primary
4e9a70d9-4a82-457b-aebf-f7b8b137ccec,2019,Leeds Beckett University,L27,10003861,,,,Lift Feversham,138867,Primary
385dd3b4-44f1-4692-9f09-79427ba693e3,2019,Leeds Trinity University,L24,10003863,,,,Lift Feversham,138867,Primary
e48bcd56-1c7f-45ff-9991-fea7847b9ecc,2019,Sheffield Hallam University,S21,10005790,,,,Lift Firth Park,139334,Biology
5f20a3db-adde-4d62-9476-f453f85ce9c3,2019,The University of Brighton,B72,10000886,,,,Lift Greensward,135652,Physical education
5316a1e5-6355-4d81-98f9-294861db5e1e,2019,University of Hull,H72,10007149,,,,Lift Hall Road,138679,Primary
4e361234-9dfb-4824-8ecb-1048f61624c3,2019,Oxford Brookes University,O66,10004930,,,,Lift Hazelwood,139207,Primary
39f44343-1568-4dad-b382-66889d889d7f,2019,Birmingham City University,B25,10007140,,,,Lift Lea Forest,139003,Primary
00038465-c74e-4efc-b4c3-3489f017a821,2019,Sheffield Hallam University,S21,10005790,,,,Lift Meadstead,139132,Primary
ab37fc77-f2f8-45e7-8d7a-ba718e608a2a,2019,Canterbury Christ Church University,C10,10001143,,,,Lift St James the Great,138074,Primary
258fce09-6427-4d79-8242-06e831ded077,2019,Birmingham City University,B25,10007140,,,,Light Hall School,137231,Primary
c3f7bbe1-45b8-41b2-8490-17ab0f28e2a6,2019,The Manchester Metropolitan University,M40,10004180,,,,Light Oaks Infant School,105894,Primary
d8d9f5a1-806d-4213-af2e-81448258fb1a,2019,University of Chester,C55,10007848,,,,Lilleshall Primary School,123378,Primary
60c42a24-c215-44b1-ab64-29f776429e8f,2019,Leeds Beckett University,L27,10003861,,,,Lilycroft Primary School,143572,Primary
8c49b479-719b-4ed8-a7bc-7ca81fec8d06,2019,Sheffield Hallam University,S21,10005790,,,,Lime Academy Abbotsmede,144597,Primary
9177fa20-add2-4557-96e1-354ccfc25f5c,2019,Canterbury Christ Church University,C10,10001143,,,,Linton CofE Infant School,110832,Primary
a45ea2fe-8f0c-4722-b8d0-3f66dd3fa192,2019,Plymouth Marjon University,P63,10037449,,,,Lipson Co-operative Academy,136668,Physical education
62545241-f71e-42ad-bb64-28b1a486edf5,2019,Liverpool John Moores University,L51,10003957,,,,Liscard Primary School,104994,Primary
901c3222-f21b-4917-8b46-5a3b9a0c9178,2019,Plymouth Marjon University,P63,10037449,,,,Liskeard School and Community College,144291,Physical education
575973a8-26bd-4c81-ab12-72aa104aa576,2019,Edge Hill University,E42,10007823,,,,Lister Infant and Nursery School,104555,Primary
84805652-08ed-47d6-8901-cfa1724b4955,2019,Edge Hill University,E42,10007823,,,,Lister Junior School,104554,Primary
e445b932-4dc6-4bcb-8800-d6551afde1ae,2019,University of Wolverhampton,W75,10007166,,,,Little Aston Primary Academy,148285,Primary
f809e744-e5ce-47ca-a337-9cdb12eb5e76,2019,University of Hertfordshire,H36,10007147,,,,Little Gaddesden Church of England Voluntary Aided Primary School,117443,Primary
92d1991f-efbd-4763-93de-131d10bee717,2019,Edge Hill University,E42,10007823,,,,Little Heaton Church of England Primary School,105812,Primary
5f96da7f-0812-4bd7-871d-1739408cfae4,2019,Edge Hill University,E42,10007823,,,,Little Leigh Primary School,146202,Modern languages
dc3d0e1f-ad0f-4c78-94f2-dbeb45db7043,2019,University of East London,E28,10007144,,,,Little Parndon Primary Academy,140019,Primary
d67cfc4b-541e-4ceb-b457-2271b1b9c388,2019,Middlesex University,M80,10004351,,,,Little Reddings Primary School,137861,Primary
bfc14d20-3006-489b-b9ba-950e12a32be8,2019,Staffordshire University,S72,10006299,,,,Littleton Green Community School,143898,Primary
fffae2d1-1af0-40c4-87a9-bbb3d179f97f,2019,University of Wolverhampton,W75,10007166,,,,Littleton Green Community School,143898,Primary
998514ce-b9df-49c0-8cf1-03d4367c5448,2019,University of Huddersfield,H60,10007148,,,,Littletown Junior Infant and Nursery School,107670,Primary
f269dcc4-36b9-4483-95e7-56f03dc28921,2019,Liverpool Hope University,L46,10003956,,,,Llanbister C.P. School,400500,Primary
24a5995c-f4a7-417b-b9dc-c0bcb4cfb663,2019,"University of the West of England, Bristol",B80,10007164,,,,Llanedeyrn Primary School,401607,Primary
24718250-2250-4440-b6e6-7863ee424e29,2019,"University of the West of England, Bristol",B80,10007164,,,,Llanwern High School,401866,Mathematics
1515a968-5306-40c6-9b65-3d5f8b8f5b6c,2019,University of Hull,H72,10007149,,,,Lockington Church of England Voluntary Controlled Primary School,118001,Primary
d1bdb9c8-bbc7-4f33-bf12-ca6376c7f428,2019,University Of Plymouth,P60,10007801,,,,Loddiswell Primary School,113207,Primary
0388472d-7096-4276-8eac-d148f589f16f,2019,University of Reading,R12,10007802,,,,Loddon Primary School,131192,Primary
cbbff942-e981-49d8-902e-510a2bc36dea,2019,University of Wolverhampton,W75,10007166,,,,Lodge Farm Primary School,142765,Primary
efa6007d-8719-4d31-af2c-890a19e22b39,2019,University of Hertfordshire,H36,10007147,,,,London Colney Primary & Nursery School,117146,Primary
4f47cd4f-e123-4010-af20-a2911ed810aa,2019,University of East London,E28,10007144,,,,London Enterprise Academy,141133,Computing
3fd5044d-526d-416c-b3e3-99e3ce3de739,2019,University of Sussex,S90,10007806,,,,London Meed Community Primary School,125931,Primary
9dbf8153-1333-4ffd-905a-284658c6e0cd,2019,Kingston University,K84,10003678,,,,Longacre School,125393,Primary
9133cadd-5899-4249-82d1-959d485d4920,2019,University Of Plymouth,P60,10007801,,,,Longcause Community Special School,113650,Primary
6585daf0-a6b8-47a6-8949-91a8370c5a2b,2019,Kingston University,K84,10003678,,,,Long Ditton St Mary's CofE (Aided) Junior School,125180,Primary
3fe422e5-bc36-44f7-bf80-34de5e9633a3,2019,University of Wolverhampton,W75,10007166,,,,Longford Park Primary School,103648,Primary
554e1a89-7192-4ffe-a1b4-746defae39dc,2019,University of Wolverhampton,W75,10007166,,,,Longford Primary Academy,145685,Primary
17f529bc-5abe-4fcd-85d6-49cce803aad3,2019,University of Hull,H72,10007149,,,,Longhill Primary School,140245,Primary
8dbc556d-63aa-4ba0-9220-80c09ccdcfdd,2019,Leeds Trinity University,L24,10003863,,,,Long Lee Primary School,107265,Primary
480b87f3-2970-4807-bdaa-f52e88eb281d,2019,Liverpool Hope University,L46,10003956,,,,Longmoor Community Primary School,133334,Primary
8386eb78-7649-4406-ba98-79d1a32cd513,2019,University of Bedfordshire,B22,10007152,,,,Longsands Academy,136992,Physical education
c8c3b5e8-88e4-4be4-b245-672e959150ad,2019,The University Of East Anglia,E14,10007789,,,,Long Stratton High School,144018,English
b527ac43-637a-4a5b-b873-10c193f74fa3,2019,The University Of East Anglia,E14,10007789,,,,Long Stratton High School,144018,Geography
1f6478cd-d09f-49b9-b54e-b4a55522d493,2019,University of Cumbria,C99,10007842,,,,Longtown Primary School,143116,Primary
a5d63241-3e04-4632-b0f2-1aada6093ce6,2019,"University of the West of England, Bristol",B80,10007164,,,,Longwell Green Primary School,109030,Primary
e975d37e-a955-4257-8c43-ce15ce5f02a3,2019,University Of Plymouth,P60,10007801,,,,Longwood Primary Academy,141379,Primary
9c891055-cb13-4244-8156-a2002611b9ae,2019,University of Derby,D39,10007851,,,,Longwood Primary School,124104,Primary
c115b905-7bf3-45dd-900f-39afeb450c83,2019,Plymouth Marjon University,P63,10037449,,,,Looe Community Academy,137839,Primary
33b2ed54-ff52-47cf-b24d-a58fb22857bc,2019,University of Greenwich,G70,10007146,,,,Lordswood School,140186,Primary
0ceea200-2355-4b54-9e65-72599af84b78,2019,University Of Oxford,O33,10007774,,,,Lord Williams's School,138667,Modern languages
676244ef-ed86-4683-a8a2-a8084c18ef2b,2019,Kingston University,K84,10003678,,,,Loughborough Primary School,133584,Primary
946b7077-e8fd-4d31-ab40-22e229b9a48c,2019,Sheffield Hallam University,S21,10005790,,,,Lound Infant School,139862,Primary
3209ffeb-39f9-4745-b0d3-5a08c944dda1,2019,Sheffield Hallam University,S21,10005790,,,,Lound Junior School,139863,Primary
40c92ed4-6f2c-4dcd-bd4e-9e3803f242a0,2019,Sheffield Hallam University,S21,10005790,,,,Lower Meadow Primary School,142937,Primary
f0035a74-6577-41a8-96ac-f978185df956,2019,Edge Hill University,E42,10007823,,,,Lower Park School,111023,Primary
0c30e837-53d0-4977-b03a-3b3f72dd49a1,2019,University of Cumbria,C99,10007842,,,,Low Furness CofE Primary School,112299,Primary
a071bd97-d05c-4fda-a517-3120b59ecabc,2019,University of Wolverhampton,W75,10007166,,,,Low Hill Nursery School,104278,Primary
eb59484c-13dc-483e-b64b-299773979d0d,2019,Birmingham City University,B25,10007140,,,,Loxdale Primary School,104315,Primary
8255e899-674b-4929-bd2a-eb29f2f4fc72,2019,Birmingham City University,B25,10007140,,,,Lozells Junior and Infant School and Nursery,103227,Primary
814f56cf-431a-495d-9a17-4eb52a9610a4,2019,Leeds Trinity University,L24,10003863,,,,Luddendenfoot Academy,137699,Primary
827250ce-7f54-46f9-b333-e9a3e5b9a7b2,2019,Lincoln Bishop University,B38,10007811,,,,Luddington & Garthorpe Primary,117740,Primary
a1ac5094-b9c8-4e20-9d1a-ff1c5ab0b510,2019,Edge Hill University,E42,10007823,,,,Lum Head Primary School,106093,Primary
3196bd4e-45f7-49d1-b37b-59bebe37b8a3,2019,Edge Hill University,E42,10007823,,,,Lunts Heath Primary School,111199,Primary
892f2a30-e8da-4af6-882d-32c5efe3a78d,2019,The University of Brighton,B72,10000886,,,,LVS Ascot,110159,Physical education
fc42d9e9-a7fa-42d0-afc3-253507f895dd,2019,Sheffield Hallam University,S21,10005790,,,,Lydgate Infant School,106999,Primary
e15f8818-b518-43e5-b233-ef70ce0f1f5c,2019,Sheffield Hallam University,S21,10005790,,,,Lydgate Junior School,106998,Primary
13986ba8-d209-4a4e-9091-eeb3ddcc696c,2019,Canterbury Christ Church University,C10,10001143,,,,Lympne Church of England Primary School,118680,Primary
55354518-2148-4495-864b-341dda8a7e1f,2019,The University of Brighton,B72,10000886,,,,Lyndhurst Infant School,125960,Primary
72f47eb5-d4e6-4f8a-b526-0fadd27930d9,2019,University of Chichester,C58,10007137,,,,Lyndhurst Infant School,125960,Primary
a609575f-680c-4c34-b317-b7c6f5086088,2019,University of Sussex,S90,10007806,,,,Lyndhurst Infant School,125960,Primary
f501cc02-8566-4267-9679-63c183eddbe8,2019,Birmingham City University,B25,10007140,,,,Lyndon Green Junior School,103228,Primary
38e7040d-bdb0-4309-bc09-b60d289b9ecc,2019,The University Of East Anglia,E14,10007789,,,,Lynn Grove Academy,137541,Geography
dcdf2108-d924-4de5-bb05-1fcfa55c3bb7,2019,Edge Hill University,E42,10007823,,,,Lytham Church of England Voluntary Aided Primary School,119551,Primary
a799f1ab-bd3c-436e-9744-ba21a6923892,2019,Lincoln Bishop University,B38,10007811,,,,Mablethorpe Primary Academy,138445,Primary
c773ac9f-2f67-4264-a13b-4aef39a3399f,2019,"University of the West of England, Bristol",B80,10007164,,,,Maesglas C.P. School,401511,Primary
af82e149-a839-4635-8b69-e0d3e91f8e44,2019,"University of the West of England, Bristol",B80,10007164,,,,Magor V.A. Primary School,401499,Primary
9db60a28-9226-411b-a3ca-b3f52936fc40,2019,University Of Plymouth,P60,10007801,,,,Malborough with South Huish Church of England Primary School,113399,Primary
02b39f14-6216-4f35-9d2d-1fc26e3e44b5,2019,Sheffield Hallam University,S21,10005790,,,,Malin Bridge Primary School,148868,Primary
9fc28aee-0a75-45ad-961b-3ece2a143a22,2019,"University of the West of England, Bristol",B80,10007164,,,,Malmesbury Church of England Primary School,139753,Primary
cb2c3ed3-5c66-4e10-b56f-ff4a2e106bf9,2019,Edge Hill University,E42,10007823,,,,Malpas Alport Endowed Primary School,111282,Primary
43061b1b-5a90-4e65-82ad-25f738ba62c1,2019,University of Chester,C55,10007848,,,,Malpas Alport Endowed Primary School,111282,Primary
c41e5b4a-d60b-4481-a101-a878f7850a89,2019,Sheffield Hallam University,S21,10005790,,,,Maltby Manor Academy,141366,Primary
06cebdec-26cb-4524-b468-859d83a85a5e,2019,University Of Plymouth,P60,10007801,,,,Manadon Vale Primary School,143307,Primary
40ac2a19-490c-4803-bcad-d08ecc43cd40,2019,St Mary's University,S64,10007843,,,,Manby Lodge Infant School,125075,Primary
55f4ac41-eba8-4f44-bd2b-d8d649fa4cb8,2019,The Manchester Metropolitan University,M40,10004180,,,,Manchester Communication Academy,136105,Modern languages
50699964-1eaa-4113-93ba-a91710720a18,2019,University of Cumbria,C99,10007842,,,,Mandeville Primary School,100261,Primary
d4843e2a-4d5a-4ad3-bd61-1bb65996772f,2019,The Manchester Metropolitan University,M40,10004180,,,,Manley Park Primary School,105472,Mathematics
0910f6f9-c6d7-4bfb-8f62-b6b312dc4344,2019,The Manchester Metropolitan University,M40,10004180,,,,Manley Park Primary School,105472,Primary
cb1e1894-83a5-4e6c-80a7-54473358c0d6,2019,Birmingham City University,B25,10007140,,,,Manor Park Primary Academy,141977,Primary
4ef681a9-b4e4-4c83-a0f3-fe66bb5caaaa,2019,University of Reading,R12,10007802,,,,Manor Primary School,109944,Primary
1c465905-fb8e-42df-937a-2eac9211ed0b,2019,University Of Plymouth,P60,10007801,,,,"Manor Primary School, Ivybridge",113255,Primary
3adb605a-446c-4f51-97f0-2c429eac37cd,2019,Leeds Beckett University,L27,10003861,,,,Manor Wood Primary School,107913,Primary
d2d65129-7cd5-403b-8b23-f02339ccfbf6,2019,St Mary's University,S64,10007843,,,,Margaret Roper Catholic Primary School,101797,Primary
2b368c90-977e-432d-a75a-963b45a0caf0,2019,University Of Plymouth,P60,10007801,,,,Marine Academy Plymouth,147967,Mathematics
051a70ba-ab24-41f1-8a7e-f6dc5e6e2949,2019,Plymouth Marjon University,P63,10037449,,,,Marlborough Primary Academy,143891,Primary
30520bce-77d0-49c2-819c-dffc6df02f5b,2019,Staffordshire University,S72,10006299,,,,Marlfields Primary School,140895,Primary
51d15dc7-21fe-44e0-a754-f21fe354824e,2019,Roehampton University,R48,10007776,,,,Marnel Community Infant School,116023,Primary
4272c173-30bb-42d1-925b-86f05d6a47fb,2019,University of Wolverhampton,W75,10007166,,,,Marshbrook First School,145378,Primary
ecbfdcec-37e1-4809-9256-79e9ca43061c,2019,St Mary's University,S64,10007843,,,,Marshgate Primary School,133728,Primary
f77c37f0-a4d6-469b-829d-ffaabf626384,2019,Edge Hill University,E42,10007823,,,,Marshside Primary School,104866,Primary
4adc46e2-b520-4888-b676-6635005a7a18,2019,Birmingham City University,B25,10007140,,,,Marston Green Infant Academy,140733,Primary
ca4c29f6-50f5-4c3b-b01f-5b1db3f062c4,2019,The Manchester Metropolitan University,M40,10004180,,,,Martenscroft Nursery School & Children's Centre,105384,Primary
e089d016-52aa-4a7e-bd36-cb23fe4f7f78,2019,University of Chester,C55,10007848,,,,Marton and District CofE Aided Primary School,111329,Primary
be0adf01-b531-418a-8e51-0a282d3550f2,2019,Edge Hill University,E42,10007823,,,,Marus Bridge Primary School,143498,Primary
9b93beec-ed0d-40a5-8f11-3f4bf03befa0,2019,Plymouth Marjon University,P63,10037449,,,,Mary Dean's CofE Primary School,113418,Primary
bea31d41-48a7-4967-b173-e6bd65098c7b,2019,University Of Plymouth,P60,10007801,,,,Mary Tavy and Brentor Community Primary School,113264,Primary
da1a06dc-f750-45cd-b59d-d47836888efc,2019,Newman University,N36,10007832,,,,Maryvale Catholic Primary School,103426,Primary
6cd60587-80fa-48d7-bcd2-01378aa9835a,2019,Edge Hill University,E42,10007823,,,,Masefield Primary School,143031,Primary
fed8290b-6372-4375-95b4-21ffc4fa602a,2019,Sheffield Hallam University,S21,10005790,,,,Mattersey Primary School,122655,Primary
5b7a8f65-246c-4dcb-8238-4ea4a24d1895,2019,Edge Hill University,E42,10007823,,,,Mawdesley St Peter's Church of England Primary School,119477,Primary
3d9391f7-d023-4d5c-a1c5-fd27decc8c65,2019,St Mary's University,S64,10007843,,,,Mayfield Primary School,101877,Primary
250b4e3f-b19b-4a99-8686-fd6da740a971,2019,University Of Plymouth,P60,10007801,,,,Mayflower Academy,139710,Primary
7f002b07-ecd3-480c-9e05-994b29875e2e,2019,University of Greenwich,G70,10007146,,,,Mayplace Primary School,141114,Primary
8b800a36-a0a5-4141-baa1-8c5294aa352b,2019,University of Greenwich,G70,10007146,,,,Maypole Primary School,118246,Primary
ab201dea-7077-410b-9603-c28da2b13da2,2019,Roehampton University,R48,10007776,,,,Mayville Academy,142713,Primary
9cc31b6d-5ea3-47d1-aa60-a2df3c51e9dc,2019,Canterbury Christ Church University,C10,10001143,,,,Meadowfield School,134783,Early years ITT
a89da419-7a40-4294-92ee-0397cba72848,2019,Edge Hill University,E42,10007823,,,,Meadowhead Community Infant School and Nursery,119122,Primary
faa96249-b635-4107-9154-309b781c2894,2019,Newman University,N36,10007832,,,,Meadow View JMI School,104217,Primary
eb5d26d5-c3c2-4662-8233-e4a5429e3710,2019,Sheffield Hallam University,S21,10005790,,,,Meadow View Primary School,147920,Primary
3358da12-469c-4bde-b585-40beb4556f23,2019,University of Nottingham,N84,10007154,,,,Meden School,138411,English
e477faad-566e-4390-8a54-ad4cd1dc6d5e,2019,The Manchester Metropolitan University,M40,10004180,,,,Medlock Primary School,105483,Primary
9b60785f-ff4e-4e83-b468-f3d34d9d2e8e,2019,Edge Hill University,E42,10007823,,,,Melling Primary School,104889,Primary
2dc2d537-1f7a-414b-89a0-7a6a4b38c9cd,2019,Edge Hill University,E42,10007823,,,,Mendell Primary School,105017,Primary
90e7e746-cf5b-46ad-9305-65ff57120459,2019,"University of the West of England, Bristol",B80,10007164,,,,Mere School,126263,Primary
a1f7114f-1a07-484e-88a9-c7e785ea5f3a,2019,University of Chester,C55,10007848,,,,Mereside Church of England Primary Academy,147106,Primary
eaf4912c-6135-4154-aefa-8f90e0a26662,2019,Edge Hill University,E42,10007823,,,,Mereside Primary Academy,143771,Primary
01af7120-19fa-4c0f-b645-f188432c4397,2019,University of Chester,C55,10007848,,,,Merllyn C.P. School,400316,Primary
eecedbb0-5a2c-4591-8ba1-2434a62a3d11,2019,Birmingham City University,B25,10007140,,,,Merritts Brook Primary E-ACT Academy,139014,Primary
6b925980-1824-4819-9a83-21d9c66d9a7a,2019,University of Hertfordshire,H36,10007147,,,,Merryhills Primary School,101999,Primary
6065f89d-0a5d-46e8-a86e-d56350724ad4,2019,The University of Brighton,B72,10000886,,,,Merstham Primary School,144697,Primary
a6769003-648b-4639-8eb0-b1c895cf8338,2019,Sheffield Hallam University,S21,10005790,,,,Mexborough St John the Baptist CofE Primary School,143581,Primary
d5dc0834-31cb-46f0-88ba-504c658ac53f,2019,Liverpool Hope University,L46,10003956,,,,Middlefield Community Primary School,104591,Primary
42c20b53-48ec-4112-bbef-5b40db1af73b,2019,University of Greenwich,G70,10007146,,,,Middle Park Primary School,130921,Primary
47a56bfd-652e-4e5f-902b-f460738f7204,2019,Leeds Beckett University,L27,10003861,,,,Middlestown Primary Academy,143810,Primary
a2f7d49c-332b-4648-bb8f-1eff99f3bb33,2019,Leeds Trinity University,L24,10003863,,,,Middlestown Primary Academy,143810,Primary
997449d8-077a-4bef-86d8-257c9d353daf,2019,University of Huddersfield,H60,10007148,,,,Middlestown Primary Academy,143810,Primary
d14e82f1-e229-48cf-b626-c8f3f4692b27,2019,Leeds Trinity University,L24,10003863,,,,Middleton Primary School,146297,Primary
895710d8-341d-406f-abd3-e86456950b27,2019,Leeds Beckett University,L27,10003861,,,,Middleton St Mary's Church of England Voluntary Controlled Primary School,108002,Primary
41134123-3ba5-423c-a431-6f980ce5fea1,2019,St Mary's University,S64,10007843,,,,Milford School,125014,Primary
effa9370-59ba-4afb-a13b-aea9f9bab3bf,2019,Edge Hill University,E42,10007823,,,,Millbrook Community Primary School,104432,Primary
1270ea3e-1da9-403e-b2f4-008c617ef279,2019,Edge Hill University,E42,10007823,,,,Millbrook Primary School,106436,Primary
38dd474a-14c7-481f-91de-ed2f1309857b,2019,University of Chester,C55,10007848,,,,Millbrook Primary School,134852,Primary
22b43733-7e7e-432f-8374-4bcf24e8f6ab,2019,University of Hertfordshire,H36,10007147,,,,Millfield First and Nursery School,117309,Primary
5712a9d0-d82c-4b17-9b9e-58d0a1f866cf,2019,Birmingham City University,B25,10007140,,,,Millfield Primary School,104203,Primary
8aaa34f8-e28d-4854-a348-fd69905729b7,2019,Birmingham City University,B25,10007140,,,,Millfield Primary School,124081,Primary
3e696f7b-18c3-458a-9149-0083c055f838,2019,Liverpool Hope University,L46,10003956,,,,Millstead School,104751,Primary
8ac53954-8a25-4aec-b701-c53df0bd6153,2019,University Of Plymouth,P60,10007801,,,,Mill Water School,113635,Primary
da7e294a-5cd6-46a2-b88f-e10ae680c7b9,2019,University Of Plymouth,P60,10007801,,,,Milton Park Primary School,144917,Primary
ec952c38-777a-4645-b730-5ee6008a10ac,2019,Staffordshire University,S72,10006299,,,,Milton Primary Academy,144441,Primary
d49dc9a8-74f1-4ed6-bdbd-7905243d9242,2019,Birmingham City University,B25,10007140,,,,Moat Farm Infant School,103949,Primary
624afe30-5e5c-4c80-8417-decddaa24627,2019,Leeds Beckett University,L27,10003861,,,,Moldgreen Community Primary School,107691,Primary
b61f1497-5647-4c4a-afb5-75642337b10d,2019,Leeds Trinity University,L24,10003863,,,,Moldgreen Community Primary School,107691,Primary
bf9d395a-0a09-41b8-9481-4c43344dc467,2019,University of Huddersfield,H60,10007148,,,,Moldgreen Community Primary School,107691,Primary
c9825246-3f49-4785-b6a9-32163206ee82,2019,University of Northumbria at Newcastle,N77,10001282,,,,Monkhouse Primary School,108576,Primary
05757ff5-ba00-4b9e-ac37-9a5077d05826,2019,Sheffield Hallam University,S21,10005790,,,,Monkwood Primary School,145017,Primary
02d9179d-0a79-4cac-8eca-006db77c2c92,2019,University of Huddersfield,H60,10007148,,,,Monkwood Primary School,145017,Primary
1960326a-217d-47a1-9e16-7e82127cb02f,2019,University of Greenwich,G70,10007146,,,,Montbelle Primary School,100149,Primary
15b8a124-5e9b-4b17-af1a-93952cfc468d,2019,Sheffield Hallam University,S21,10005790,,,,Monteney Primary School,139544,Primary
64ab5d9c-52cc-4a59-b8f7-859eaed3b0a7,2019,Plymouth Marjon University,P63,10037449,,,,Montpelier Primary School,142849,Primary
fad1bd3f-a73d-4c1a-9430-8515f011b0f3,2019,Birmingham City University,B25,10007140,,,,Moorgate Primary Academy,140995,Primary
2e8c3494-2923-4534-8642-dcfec53ad71a,2019,Edge Hill University,E42,10007823,,,,Moorgate Primary School,105171,Primary
747bc75c-12e7-4cdc-8de3-286e6b231c67,2019,University of Chichester,C58,10007137,,,,Moorings Way Infant School,144582,Primary
9c1d7055-2804-42ab-947a-5a285e9b9f4a,2019,The Manchester Metropolitan University,M40,10004180,,,,Moorlands Junior School,106308,Primary
866fbe0a-1eff-4d57-b70d-592db938acbd,2019,Leeds Trinity University,L24,10003863,,,,Moorlands Primary School,135030,Primary
64c50b1c-0043-49ab-bf4d-1605392cd43d,2019,The Manchester Metropolitan University,M40,10004180,,,,Moorside Primary School,142499,Primary
e3184234-9fe6-47b3-b2fe-eeeafb7556b8,2019,University of Cumbria,C99,10007842,,,,Morecambe and Heysham Grosvenor Park Primary School,119351,Primary
d2de792c-c0d4-4e97-ad00-14dac4ab572c,2019,Plymouth Marjon University,P63,10037449,,,,Morice Town Primary Academy,143892,Early years ITT
4c915925-5ffa-47b3-a3b5-5bb3fbf66b99,2019,Plymouth Marjon University,P63,10037449,,,,Morice Town Primary Academy,143892,Primary
96572dbd-d0e4-4756-b377-9fb3a188aa59,2019,University of Reading,R12,10007802,,,,Mortimer St. John's C.E. Infant School,109978,Primary
d95c9715-7609-406b-a468-3ce7bcdf0969,2019,University of Reading,R12,10007802,,,,Mortimer St Mary's C.E. Junior School,109977,Primary
671a8f3f-83eb-4f0f-a077-e3fec87672ec,2019,Sheffield Hallam University,S21,10005790,,,,Morton Primary Academy,149588,Primary
658061c4-8743-48bb-ad4a-b05ea91da00f,2019,Lincoln Bishop University,B38,10007811,,,,Mosborough Primary School,107039,Primary
58b1c1b4-2743-4743-8b6a-40b0ac670417,2019,The University Of Birmingham,B32,10006840,,,,Moseley School and Sixth Form,103519,History
5c9ec484-ac7b-4fbe-a881-c35afc3a3165,2019,The University of Brighton,B72,10000886,,,,Mossbourne Community Academy,134693,Physical education
4457ad9f-0997-4f80-9d2d-d4e33cbbd8ad,2019,Edge Hill University,E42,10007823,,,,Mosspits Lane Primary School,136810,Primary
6ea62e13-cbc4-4dc4-a073-300cd7420a1c,2019,University of Sussex,S90,10007806,,,,Moulsecoomb Primary School,132028,Primary
62182116-3608-43d2-8cd9-2d765c9c44af,2019,Canterbury Christ Church University,C10,10001143,,,,Moulsham Infant School,136855,Primary
38260477-a80e-4d9a-b921-13632cf2af83,2019,The University of Northampton,N38,10007138,,,,Moulton Primary School,122102,Primary
939eea46-aa9f-4bf6-a69c-6b0de32b4173,2019,Edge Hill University,E42,10007823,,,,Mount Carmel RC Primary School,105555,Primary
4cf696bb-b1f8-4dd8-8a28-3cff2ef7bca2,2019,University of Huddersfield,H60,10007148,,,,Mount Pleasant Primary School,130925,Primary
d0565a8b-f298-4005-ab1c-d5498708ba82,2019,Plymouth Marjon University,P63,10037449,,,,Mount Tamar School,113649,Physical education
41fe6b51-d070-43da-8993-d6f34a4f5922,2019,Plymouth Marjon University,P63,10037449,,,,Mount Wise Community Primary School,145656,Primary
db48ce15-f814-47bc-91ef-5a2c49281cb6,2019,University Of Plymouth,P60,10007801,,,,Mount Wise Community Primary School,145656,Primary
a77042f6-fc35-4c5f-b369-8ec844e3249a,2019,University of Northumbria at Newcastle,N77,10001282,,,,Mowbray Primary School,122243,Primary
05d265c5-943f-44e1-bc39-3fd4eb8748d6,2019,Edge Hill University,E42,10007823,,,,Much Wenlock Primary School,123407,Primary
09b812d6-148e-4f57-9846-25f8891ceb89,2019,Liverpool Hope University,L46,10003956,,,,Much Woolton Catholic Primary School,104636,Primary
e613ad78-cd4d-4680-8e3b-1b69bcc34406,2019,The University of Brighton,B72,10000886,,,,Mulbarton Primary School,120990,Primary
02d28f1d-aba3-4e24-a3a0-714f36bdcb59,2019,Plymouth Marjon University,P63,10037449,,,,Mulberry Stepney Green Mathematics and Computing College,144700,Physical education
80820f32-fc0c-4f1e-aa73-919717614ee7,2019,University of Chester,C55,10007848,,,,Myddle CofE Primary School,123487,Primary
62075a35-9a9c-48f1-a1f9-e76051501f06,2019,Leeds Beckett University,L27,10003861,,,,Myrtle Park Primary,107437,Primary
b2b3e9d3-0593-454c-a9f0-893239907a1f,2019,University of Reading,R12,10007802,,,,Naphill and Walters Ash School,110393,Primary
37d695a1-59b5-4640-b534-827eee5fad8d,2019,University of Hull,H72,10007149,,,,Neasden Primary School,140247,Primary
f59be510-a2de-416b-bb3e-d5ce345ef5c3,2019,Newman University,N36,10007832,,,,Nelson Mandela School,103384,Primary
cb88dc06-5fc0-4de0-9932-4b7de12c6c9c,2019,Birmingham City University,B25,10007140,,,,Nelson Primary School,103237,Primary
0d4e5126-4384-44e2-bbfa-fffb09fce8c3,2019,St Mary's University,S64,10007843,,,,Nelson Primary School,145122,Primary
0797bff3-c189-43a4-82c5-aeae3103dacc,2019,Liverpool Hope University,L46,10003956,,,,Nercwys CIW Voluntary Aided Primary School,400377,Primary
52477d25-db95-48c7-8b26-c2190a219d2a,2019,University of Winchester,W76,10003614,,,,Netheravon All Saints CofE Primary School,140699,Primary
633c4604-1d0c-47cf-86fe-ff7f3e7e0b1d,2019,University of Huddersfield,H60,10007148,,,,Netherhall St James CofE (VC) Infant and Nursery School,107700,Primary
223f5425-e0dd-4dad-9a48-0efb56b95fbe,2019,University of Huddersfield,H60,10007148,,,,Netherton Infant and Nursery School,146861,Primary
bed82571-5055-4068-af04-39b0d4a05692,2019,The Manchester Metropolitan University,M40,10004180,,,,Newall Green Primary School,142437,Primary
667bbeb1-2a42-404d-83ba-ebbfda7d6ef6,2019,Leeds Trinity University,L24,10003863,,,,New Bewerley Community School,121791,Primary
4f364011-5a57-45bb-ac93-ecde5e8a50a4,2019,University of Reading,R12,10007802,,,,New Christ Church Church of England Primary School,145660,Primary
24f23db0-6ee7-4e24-9d3c-3b3f480274ea,2019,University of Hull,H72,10007149,,,,New Holland Church of England and Methodist Primary School,118023,Primary
49a51022-2005-41fe-abb7-ce16dcb2f83c,2019,University of Cumbria,C99,10007842,,,,Newlaithes Infant School,112226,Primary
36a473c4-e25b-4a4a-b16d-1ab53e15ff4d,2019,Canterbury Christ Church University,C10,10001143,,,,Newlands Primary School,138436,Primary
7635424c-937b-4fe3-9c30-5b1cbfbeb0ff,2019,Oxford Brookes University,O66,10004930,,,,New Marston Primary School,143951,Primary
ef2b877f-5a70-4bc2-b8a0-130f2119dcbd,2019,University of Hull,H72,10007149,,,,Newport Primary School,117860,Primary
b3d51730-4069-424e-8c3d-f6f1f5826311,2019,Staffordshire University,S72,10006299,,,,Newstead Primary Academy,140285,Primary
2e6c9305-b3be-4856-b91d-bc335978e7ba,2019,Edge Hill University,E42,10007823,,,,Newton-le-Willows Primary School,104775,Primary
9aa4f392-c5c8-403d-9d6b-2b576db11673,2019,University of Cumbria,C99,10007842,,,,Newtown Primary School,148137,Primary
147193f5-ec1e-418b-81ab-9f9b2d0db1f6,2019,Sheffield Hallam University,S21,10005790,,,,New Whittington Community Primary School,144012,Primary
15e88a15-437b-4fec-b298-a06c22cd6917,2019,University of Northumbria at Newcastle,N77,10001282,,,,New York Primary School,108607,Primary
db2469d9-4b7c-4d95-b98c-b37344b9a253,2019,University of Northumbria at Newcastle,N77,10001282,,,,New York Primary School,120467,Primary
f54b221f-23c2-446e-8d0e-8d63b082e49e,2019,Edge Hill University,E42,10007823,,,,Nicol Mere School,106430,Primary
1e8ffbe3-52e0-4d6c-967a-cbcfc4d34d88,2019,University of Reading,R12,10007802,,,,Nine Mile Ride Primary School,145281,Primary
d272b729-d42f-4af0-9e70-bbb83ea69d2c,2019,Birmingham City University,B25,10007140,,,,Nishkam Primary School Birmingham,137492,Primary
c38ee6ff-2938-4521-898b-f569f84a99c0,2019,University of Wolverhampton,W75,10007166,,,,Nishkam Primary School Wolverhampton,139274,Primary
29c25fbc-f1cc-461f-9638-56514f77f792,2019,Roehampton University,R48,10007776,,,,Nishkam School West London,139720,Primary
eba0cb92-e38e-4b05-aa04-e297c819cb3b,2019,University of Bedfordshire,B22,10007152,,,,Nocton Community Primary School,120383,Primary
87cf6eeb-fa4a-4dfe-b6a7-0e0d73842e31,2019,Kingston University,K84,10003678,,,,Nonsuch Primary School,102985,Primary
a5034fff-9908-4c89-ada9-512db19b0a7c,2019,Lincoln Bishop University,B38,10007811,,,,Norbridge Academy,137362,Primary
79d5e6b3-46c9-4ea0-add4-fb332882b9dd,2019,Sheffield Hallam University,S21,10005790,,,,Norbridge Academy,137362,Primary
d15dc088-57e4-47f1-a25c-ff32a3ba81a9,2019,Sheffield Hallam University,S21,10005790,,,,Norbriggs Primary School,112705,Primary
1ab7ee94-d0e9-4740-8189-72b6fe73aa4e,2019,"Goldsmiths, University of London",G56,10002718,,,,Norbury High School for Girls,137754,Biology
ca4fe895-ff77-47e0-8b59-34cae2cb5d76,2019,Leeds Beckett University,L27,10003861,,,,Normanby Primary School,140918,Primary
56a6efc7-0ef4-48a5-805e-011cc9c68f7c,2019,The Manchester Metropolitan University,M40,10004180,,,,Norris Bank Primary School,106065,Primary
e32b1650-a0a5-41ce-b125-a5da72f60a49,2019,"University of the West of England, Bristol",B80,10007164,,,,North Bradley CofE Primary School,126344,Primary
11884a0c-d30d-40a4-a1de-017393aa8bdd,2019,University of Hull,H72,10007149,,,,North Ferriby Church of England Voluntary Controlled Primary School,117985,Primary
89a9e37a-97c2-476e-9910-40b3c7672d33,2019,University of Hull,H72,10007149,,,,North Frodingham Primary School,117861,Primary
26562eab-f97f-4db3-a266-776a229c8836,2019,The University Of East Anglia,E14,10007789,,,,Northgate High School,141268,English
ff8a0db9-296c-4218-9720-9c279b8714ad,2019,University of Sussex,S90,10007806,,,,Northgate Primary School,133973,Primary
fd0910ff-1360-4849-8c2b-0e6c623ba432,2019,The University of Brighton,B72,10000886,,,,North Lancing Primary School,125841,Primary
4f15f737-de86-4a57-a3c3-569a832c5e51,2019,University of Gloucestershire,G50,10007145,,,,Northleach Church of England Primary School,115641,Primary
7afb13bf-d5c1-4e1e-8915-259fedf153c7,2019,The Manchester Metropolitan University,M40,10004180,,,,Northmoor Academy,142412,Mathematics
87047140-20ea-44b5-ae12-2899dc02b9dd,2019,The Manchester Metropolitan University,M40,10004180,,,,Northmoor Academy,142412,Primary
eef05c39-bfd2-483f-beb0-78eb84559d2e,2019,University of Chester,C55,10007848,,,,Northop Hall C.P. School,400333,Primary
3138c04e-21ee-4b60-9ff2-549716ef5a70,2019,Leeds Trinity University,L24,10003863,,,,North Rigton Church of England Primary School,142851,Primary
07f61575-0ef3-4dd2-8467-da07f8ad9e60,2019,"University of the West of England, Bristol",B80,10007164,,,,North Star 240°,148322,Mathematics
0bd68efa-393e-4ac5-9b12-5ec935ff636e,2019,University of Greenwich,G70,10007146,,,,Northumberland Heath Primary School,137380,Primary
22310f78-aee7-47e3-aacf-33a26c23008f,2019,The Manchester Metropolitan University,M40,10004180,,,,North Walkden Primary School,105922,Primary
206e3d52-1bd2-4f91-9474-a3a13e99f61b,2019,Liverpool Hope University,L46,10003956,,,,Northway Primary and Nursery School,104565,Primary
8872136d-6896-4469-b972-573c0a5622e0,2019,Sheffield Hallam University,S21,10005790,,,,North Wingfield Primary and Nursery Academy,147514,Primary
743a8e89-9dd7-4267-985d-928732261913,2019,University of Wolverhampton,W75,10007166,,,,Northwood Park Primary School,141648,Primary
aacba670-b6f3-4d00-a1cb-7d8a6523a0d9,2019,University of Wolverhampton,W75,10007166,,,,Norton Canes Primary Academy,140489,Primary
14c30ee0-0b51-4104-9ac7-3bd230695b63,2019,Edge Hill University,E42,10007823,,,,Norwood Primary School,104865,Primary
348585f5-b102-4e3a-bc05-7cde2a021dea,2019,The University Of East Anglia,E14,10007789,,,,Notre Dame Preparatory School (Norwich) Limited,121239,Primary
1932c7ec-c0c9-4edd-9a42-d481bab51a99,2019,University of Worcester,W80,10007139,,,,Nunnery Wood Primary School,145836,Primary
f8f6d040-e195-425e-a469-930bfe7e55c8,2019,University of Chichester,C58,10007137,,,,"Nyewood CofE Infant School, Bognor Regis",126052,Primary
eecaa46c-ad43-4507-ad7b-e7b74c0a99c6,2019,University of Chichester,C58,10007137,,,,Nyewood CofE Junior School,126021,Mathematics
742f4033-0541-4b8e-b554-1a7e63f7b0e4,2019,Liverpool Hope University,L46,10003956,,,,Oakfield High School and College,131530,Chemistry
54744123-e8a0-4da3-b072-f8983c060327,2019,University of Wolverhampton,W75,10007166,,,,Oakham Primary School,103950,Primary
91b24a76-514d-4d3f-80cc-6039aebb4cd1,2019,Sheffield Hallam University,S21,10005790,,,,Oakhill Primary Academy,144484,Primary
36f10bec-7e75-4ff1-a0cf-00786801d524,2019,St Mary's University,S64,10007843,,,,Oaklands Primary Academy,142234,Primary
e535bdeb-965e-454f-8644-48a5d05476f7,2019,The University of Brighton,B72,10000886,,,,Oaklands Primary Academy,142234,Primary
d9e7091b-1757-4a1d-9b1a-cc62c8debd5c,2019,University of Hertfordshire,H36,10007147,,,,Oaklands Primary School,117261,Primary
e96b4b0f-c8ef-462e-bc9a-e424f784153f,2019,Canterbury Christ Church University,C10,10001143,,,,Oaklands School,148117,Primary
667b4921-2cf3-4215-be40-42b29b0bcb73,2019,Canterbury Christ Church University,C10,10001143,,,,Oakley School,132148,Primary
a3fc7fcc-e4c8-4910-80d4-05b27116b8e7,2019,Staffordshire University,S72,10006299,,,,Oakridge Primary School,124130,Primary
353402c7-ea8e-4874-b65d-655cb72fc7e7,2019,Nottingham Trent University,N91,10004797,,,,Oakwood Infant and Nursery School,112767,Primary
100888f7-96eb-44a5-a715-acfd1104ca7c,2019,Sheffield Hallam University,S21,10005790,,,,Oakwood Junior School,146938,Primary
f5a7ac94-2749-4d5b-ad47-47007f9322a1,2019,University of Derby,D39,10007851,,,,Oakwood Junior School,146938,Primary
587bf265-c999-4ab8-85e9-dab50a4db472,2019,The University of Brighton,B72,10000886,,,,Oasis Academy Lord's Hill,135628,Physical education
33c779b5-caf5-45db-9c3f-91a17cdc1dbe,2019,"University of the West of England, Bristol",B80,10007164,,,,Oasis Academy Marksbury Road,140268,Primary
082985d5-e7e7-40ad-ae17-bcd700af1bfd,2019,Leeds Trinity University,L24,10003863,,,,Oatlands Infant School,142592,Primary
ccb8076c-736d-4491-8e67-5c4d62fbe0e9,2019,Birmingham City University,B25,10007140,,,,Ocker Hill Infant School,103919,Primary
67f7a5f8-fa9c-46ef-9d42-09e17783e6ba,2019,University of Sussex,S90,10007806,,,,Ocklynge Junior School,144954,Primary
427b091a-54e8-4007-8521-785832e1b79d,2019,University of Greenwich,G70,10007146,,,,Old Bexley Church of England School,142228,Primary
86820d7e-454b-4a0a-bc06-d1ed07e4a983,2019,The University Of East Anglia,E14,10007789,,,,Old Buckenham Primary School and Nursery,143135,Mathematics
3cd7780b-0808-49f4-8bf2-5a6065d00d5a,2019,"University of the West of England, Bristol",B80,10007164,,,,Oldcastle Primary School,402209,Primary
5cb96906-eebd-4b8a-a3a4-fc4aab14d6d7,2019,Nottingham Trent University,N91,10004797,,,,Old Dalby Church of England Primary School,140095,Primary
5b76dbfb-f108-477d-9c58-f46f635f0e6f,2019,University of Chester,C55,10007848,,,,Oldfield Primary School,111230,Primary
6b874ea5-ed2c-40a5-a5b7-5ef25ce1b195,2019,University of Hull,H72,10007149,,,,Oldfleet Primary School,147628,Primary
bc45f4d5-5a8b-4a9b-af53-c67e785ed450,2019,University of Winchester,W76,10003614,,,,Oliver's Battery Primary and Nursery School,116046,Primary
56456ee9-ed48-49ee-8e2b-35c413dba358,2019,Newman University,N36,10007832,,,,Olton Primary School,104076,Primary
088ac8ec-8cf0-467d-84dd-25453e4498dc,2019,"University of the West of England, Bristol",B80,10007164,,,,Olveston Church of England Primary School,109170,Primary
3da558c2-2719-44e7-a4f4-ae2e56401e7e,2019,The University of Brighton,B72,10000886,,,,Orchard Park High School,142040,Physical education
92250d28-3d4c-4ab8-8210-e3b24a8430e1,2019,University of Huddersfield,H60,10007148,,,,Orchard Primary Academy,142003,Primary
c1f05850-69c0-4429-82b0-fd2e2be7cdb3,2019,University Of Plymouth,P60,10007801,,,,Orchard Vale Community School,137644,Primary
95d4b701-df2f-422a-8b22-72076afb9fd3,2019,St Mary's University,S64,10007843,,,,Orleans Park School,138651,English
584d82cc-73af-4180-bfa9-d3906e5989fe,2019,Birmingham City University,B25,10007140,,,,Ormiston Forge Academy,137673,Primary
08fedfd4-bfdb-4c82-868a-655920a9dd08,2019,Birmingham City University,B25,10007140,,,,Ormiston Sandwell Community Academy,135979,Biology
8f0163af-8265-4b94-92a3-4f9c1a3b491a,2019,University of Wolverhampton,W75,10007166,,,,Ormiston Sandwell Community Academy,135979,Mathematics
bdf39550-c7e4-40b9-9ca5-1a155d0e4adc,2019,University of Wolverhampton,W75,10007166,,,,Ormiston Shelfield Community Academy,135769,History
b6d5327d-a618-4598-9182-33c1f407876e,2019,Birmingham City University,B25,10007140,,,,Ormiston SWB Academy,145008,Computing
75558f46-469e-47e2-bd4c-2f57357ab936,2019,Birmingham City University,B25,10007140,,,,Ormiston SWB Academy,145008,Primary
1c6a1d4e-4cbf-4544-8504-7b08e1b64d58,2019,The University Of East Anglia,E14,10007789,,,,Ormiston Victory Academy,136186,English
8692977a-2c3c-4292-82e3-86a583ff3ad9,2019,Edge Hill University,E42,10007823,,,,Ormskirk Asmall Primary School,119314,Primary
dbb93983-4630-40a6-8b53-b1bfc1ed1a8f,2019,Edge Hill University,E42,10007823,,,,Ormskirk Church of England Primary School,119372,Primary
edf62b52-ba54-49e0-bc34-6c593493bdd1,2019,Edge Hill University,E42,10007823,,,,Ormskirk St Anne's Catholic Primary School,119682,Primary
4ced30cc-3c68-4864-a076-79f7c5dfb95d,2019,Edge Hill University,E42,10007823,,,,Ormskirk West End School,119282,Primary
177ff429-a214-4995-9805-e36537b3299c,2019,Edge Hill University,E42,10007823,,,,Orrets Meadow School,105140,Primary
fb6e263c-730b-4419-a9bf-b0290fc9d2a3,2019,Lincoln Bishop University,B38,10007811,,,,Orston Primary School,122668,Primary
a238cc98-7090-4092-be2a-9bfa31d6ea30,2019,Leeds Trinity University,L24,10003863,,,,Osbaldwick Primary Academy,146028,Primary
771f7c03-450f-4231-8e90-171c6f395d67,2019,Edge Hill University,E42,10007823,,,,Oswaldtwistle St Andrew's Church of England Primary School,119413,Modern languages
220a7fd8-adfe-4015-bffa-bb91f50de3a6,2019,Edge Hill University,E42,10007823,,,,Oswaldtwistle St Andrew's Church of England Primary School,119413,Primary
711b1833-bf88-458a-aaca-cbc02e2ca8c0,2019,University of Cumbria,C99,10007842,,,,Oswaldtwistle St Paul's Church of England Primary School,119451,Primary
d4f392cd-93f0-42fa-857c-f0285ec7865b,2019,University of Chester,C55,10007848,,,,Oswestry School,123613,Primary
0eda06bd-52a1-4e93-a63e-55d4a21f9b91,2019,Leeds Beckett University,L27,10003861,,,,Otley All Saints CofE Primary School,133555,Primary
e494f466-54e9-45cf-8aa3-5ddbb937d4be,2019,Sheffield Hallam University,S21,10005790,,,,Oughtibridge Primary School,145832,Primary
fae10c68-e9aa-456a-896e-d25e9dfa35b3,2019,Edge Hill University,E42,10007823,,,,"Our Lady and All Saints Roman Catholic Primary School, Parbold",119694,Primary
37140056-dfe9-4257-a8be-f54b5e1e6b73,2019,University of Northumbria at Newcastle,N77,10001282,,,,Our Lady and St Anne's Catholic Primary School,148273,Primary
85239712-9983-4487-bd40-16c0c7a6aa8d,2019,Leeds Trinity University,L24,10003863,,,,"Our Lady and St Brendan's Catholic Primary School, A Voluntary Academy",148256,Primary
0b7caa45-d852-49d8-abb7-fa8cdc4dcb7a,2019,Liverpool Hope University,L46,10003956,,,,Our Lady and St Edward's Catholic Primary School,105086,Primary
c06d4155-2989-4ff4-848d-71680c73cf42,2019,Roehampton University,R48,10007776,,,,Our Lady and St John's Catholic Primary School,102526,Primary
17d45858-a275-4649-8a0b-907670ed76d1,2019,University of Cumbria,C99,10007842,,,,Our Lady and St Patrick's Catholic Primary School,112337,Primary
73e78d86-121d-48f1-a198-6e13d37a3e1b,2019,Edge Hill University,E42,10007823,,,,Our Lady and St Philomena's Catholic Primary School,131837,Primary
88f08e98-3207-4cb6-b0b2-bd25d99dbd61,2019,Staffordshire University,S72,10006299,,,,Our Lady and St Werburgh's Catholic Primary School,145687,Primary
25dea0b1-88cc-4a41-8801-fc0689cf78a3,2019,St Mary's University,S64,10007843,,,,Our Lady Immaculate Catholic Primary School,102595,Primary
c1e511b2-03a0-45c2-a655-f28542be1f97,2019,Birmingham City University,B25,10007140,,,,Our Lady of Compassion Catholic Primary School,148089,Primary
dedd7ab8-2e8e-49ae-9297-23a2d87f0280,2019,Edge Hill University,E42,10007823,,,,Our Lady of Compassion Catholic Primary School,104930,Primary
f108ee8b-ab54-448c-8499-7901de7c0ff6,2019,University of Greenwich,G70,10007146,,,,"Our Lady of Hartley Catholic Primary School, Hartley, Longfield",141532,Primary
f3fd515c-f5a0-450e-acaf-e34e2b701a05,2019,Liverpool Hope University,L46,10003956,,,,Our Lady of Lourdes Catholic Primary School,104916,Primary
e5cd7189-f09e-48b1-b31f-b910afc8c071,2019,University of Cumbria,C99,10007842,,,,"Our Lady of Lourdes Catholic Primary School, Carnforth",119618,Primary
bfe62210-1573-48bf-9bc9-9aa70e9df103,2019,St Mary's University,S64,10007843,,,,Our Lady of Peace Catholic Primary and Nursery School,110035,Primary
9842b407-d4ba-4b00-964b-ec15f29e5e82,2019,Liverpool Hope University,L46,10003956,,,,Our Lady of the Assumption Catholic Primary School,133337,Primary
d3e9fe29-f7d1-4339-86d4-589a67987182,2019,University Of Plymouth,P60,10007801,,,,"Our Lady of the Rosary Catholic Primary School, Bristol",109251,Primary
7798f84d-0da6-45eb-bb42-fde16f36d978,2019,St Mary's University,S64,10007843,,,,Our Lady of the Rosary RC Primary School,125215,Primary
df05d1ed-5c05-4f19-9e15-be54671cf00f,2019,St Mary's University,S64,10007843,,,,Our Lady of the Visitation Catholic Primary School,101920,Primary
63a948f6-8e68-4238-9e0b-85515bef19c7,2019,University of Sussex,S90,10007806,,,,"Our Lady Queen of Heaven Catholic Primary School, Crawley",126044,Primary
93c23ac6-2f29-4a63-ae2e-a289b279d5cb,2019,Edge Hill University,E42,10007823,,,,Our Lady Queen of Peace Catholic Primary School,104935,Primary
efca4ad2-0e2f-42a0-a51e-35c262a7c178,2019,Edge Hill University,E42,10007823,,,,Our Lady's Catholic Primary School,104459,Primary
16da2ba5-65f5-4dc3-819f-2d202e553b88,2019,University of Worcester,W80,10007139,,,,Our Lady's RC Primary School,116883,Primary
e5e4adfa-5da5-45e6-9d1f-3ff3ccbda591,2019,Liverpool Hope University,L46,10003956,,,,Our Lady Star of the Sea Catholic Primary School,104929,Primary
42ccadcb-3894-433c-938e-c1c964f59db6,2019,Sheffield Hallam University,S21,10005790,,,,Outwood Academy City,140415,Biology
69c234fd-ae27-44d0-b258-1c74ee3535c7,2019,Sheffield Hallam University,S21,10005790,,,,Outwood Academy City,140415,Mathematics
e2f59d9c-0ea2-4005-92f9-4642fb46bac8,2019,The Manchester Metropolitan University,M40,10004180,,,,Outwood Primary School,106094,Primary
e7ea661e-2049-4456-8eee-6beb6bcfdd0a,2019,University of Huddersfield,H60,10007148,,,,Overthorpe CofE Academy,138979,Primary
2e46bde2-7000-41d7-9a9a-2a75a99bad57,2019,University of Northumbria at Newcastle,N77,10001282,,,,Ovingham Church of England First School,146931,Primary
da9f41e9-4ffc-44ed-a125-c57b7b56f942,2019,Sheffield Hallam University,S21,10005790,,,,Oxspring Primary School,106584,Primary
bf53a485-dc28-4a90-ab74-6146985d7eac,2019,Liverpool Hope University,L46,10003956,,,,Oxton St Saviour's CofE Aided Primary School,105066,Primary
8f136bba-5cdc-49bf-9ea5-02106f37af89,2019,Plymouth Marjon University,P63,10037449,,,,Paignton Academy,138863,Physical education
33fd9e75-9ab6-42c0-941a-1c23f1e8e3d3,2019,University of Hull,H72,10007149,,,,Paisley Primary School,144305,Primary
3176e4b9-5301-497c-9f91-cc7b294dcc55,2019,University of Wolverhampton,W75,10007166,,,,Palfrey Infant School,104161,Primary
a9abf13b-7384-45a9-89cb-8abd31e8c5e3,2019,University of Wolverhampton,W75,10007166,,,,Palfrey Junior School,104160,Primary
b0df0331-70b0-4af5-912c-43e5addba955,2019,Canterbury Christ Church University,C10,10001143,,,,Palm Bay Primary School,148992,Primary
a3f1c15f-4834-4ebe-859f-89e4d2860d72,2019,University of Wolverhampton,W75,10007166,,,,Palmers Cross Primary School,142684,Primary
bc4630b6-dec7-4a4b-a951-ca5964cec8fe,2019,University of Reading,R12,10007802,,,,Pangbourne Primary School,109940,Primary
c0a8da0d-2c84-4985-a329-9ce14f49245b,2019,Leeds Beckett University,L27,10003861,,,,Pannal Primary School,142593,Primary
7a7c2fb9-3189-489c-926c-7169a8e8086a,2019,Edge Hill University,E42,10007823,,,,Park Community Academy,140143,Primary
72d4294d-75f9-4561-bc9b-cd8fb8e0a26c,2019,University of Northumbria at Newcastle,N77,10001282,,,,Park End Primary School,111632,Primary
7b28281d-2989-4e2f-be3f-e222004b07dd,2019,Birmingham City University,B25,10007140,,,,Parkfield Primary School,144253,Primary
e151bb10-ad58-4f59-92c6-ed13a7c5367b,2019,University of Hertfordshire,H36,10007147,,,,Parkgate Infants' and Nursery School,117163,Primary
c6b291d2-231f-41ce-86bb-63bce5ce0ce9,2019,University of Chester,C55,10007848,,,,Parkgate Primary School,111126,Primary
8120e26d-e726-4d03-bb47-2f59411252f1,2019,University of Winchester,W76,10003614,,,,Park Gate Primary School,116033,Primary
aa7facbc-0d09-4dc0-9acf-fd71f1a4d8a0,2019,University of Wolverhampton,W75,10007166,,,,Park Hall Junior Academy,137797,Primary
4f6b5d1a-64b7-4b01-9240-3f9d1ffe149f,2019,University of Greenwich,G70,10007146,,,,Park Hill Infant School,101779,Primary
fe9ef29d-05c2-4164-b1a9-9f2f288f7499,2019,University of Sussex,S90,10007806,,,,Parkland Infant School,144659,Primary
8777869e-03d5-42ba-bc1f-414bb2fa0a49,2019,University of Chichester,C58,10007137,,,,Parklands Community Primary School,125921,Primary
30d3b001-154c-45fb-8d95-c49d00b0c1eb,2019,Leeds Beckett University,L27,10003861,,,,Parklands Primary School,107943,Primary
2ff08bcc-7146-4a78-8993-0748a087c793,2019,Leeds Trinity University,L24,10003863,,,,Parklands Primary School,107943,Primary
877451f2-96cf-47bc-a8d6-f3da8e55a242,2019,University of Hertfordshire,H36,10007147,,,,Parklea Primary School,109556,Primary
2f7cd4f0-1871-4864-8dc7-704f1c3495a5,2019,The University of Brighton,B72,10000886,,,,Park Mead Primary School,114408,Primary
37e70684-4a8c-4d9e-9836-f68c26439b83,2019,"University of the West of England, Bristol",B80,10007164,,,,Park Primary School Bargoed,402039,Primary
c5fd5623-cb14-49f2-857d-bd6c3e5bb77f,2019,The Manchester Metropolitan University,M40,10004180,,,,Park Road Academy Primary School,136376,Primary
b960c2e2-0fd8-4a15-9d9d-ce2be784bce3,2019,Leeds Beckett University,L27,10003861,,,,Park Spring Primary School,107964,Primary
279fb91a-cb67-4bda-a0b3-3edc91eaf938,2019,University of Hertfordshire,H36,10007147,,,,Park Street Church of England Voluntary Aided Primary School,117452,Primary
2a9ca95e-97ad-480f-8384-4d1673d98d29,2019,"University of the West of England, Bristol",B80,10007164,,,,Parkwall Primary School,109020,Primary
512413ee-42d7-4056-99d0-d4251031e75a,2019,University of Greenwich,G70,10007146,,,,Parsonage Farm Primary School,102312,Primary
df3a026a-3b05-418c-a359-9e84818b6f9f,2019,"University of the West of England, Bristol",B80,10007164,,,,Parson Street Primary School,138904,Primary
6522f347-22e1-43f4-8191-f0852c41586f,2019,University of Sussex,S90,10007806,,,,Pashley Down Infant School,114461,Primary
3b91ca94-4abc-4865-ae17-c16165ded145,2019,University of Hull,H72,10007149,,,,Paull Primary School,117862,Primary
ea9af251-b447-496b-bb22-a877df69222f,2019,Canterbury Christ Church University,C10,10001143,,,,Paxton Academy Sports And Science,140967,Primary
5f4374c6-554e-4696-aebe-95703e107873,2019,Birmingham City University,B25,10007140,,,,Pearl Hyde Community Primary School,147121,Primary
2fcb4760-fa94-423c-a936-83542a83ca1d,2019,University of Derby,D39,10007851,,,,Pear Tree Community Junior School,144466,Primary
bfa69888-b774-4201-8f05-8966c1fd597c,2019,University of Hertfordshire,H36,10007147,,,,Pear Tree Mead Academy,141304,Primary
95e2b424-ea1a-4c75-979c-dbdba3b3a5b0,2019,University of Hertfordshire,H36,10007147,,,,Peartree Spring Primary School,117206,Primary
1edcb59d-3b5c-432c-8079-16cd9ed93d35,2019,The Manchester Metropolitan University,M40,10004180,,,,Pebble Brook Primary School,111219,Primary
243b039b-c331-4f79-92dd-38ac7d578945,2019,The Manchester Metropolitan University,M40,10004180,,,,Peel Hall Primary School,105913,Primary
5b0d85c2-972e-4238-a1b2-70cf98191eb5,2019,Leeds Trinity University,L24,10003863,,,,Peel Park Primary School and Nursery,101494,Primary
a1531273-736e-457d-a07b-01d0d8056bef,2019,University of Greenwich,G70,10007146,,,,Pelham Primary School,139494,Primary
4f419120-711a-40ea-aa53-f797f52f7b10,2019,Sheffield Hallam University,S21,10005790,,,,Penistone St John's Voluntary Aided Primary School,136941,Primary
c7d78bca-5105-416f-9b14-1b041a059394,2019,University of Derby,D39,10007851,,,,Pennine Way Junior Academy,137543,Primary
b474f61b-607a-4543-8dc2-12c4628af3b7,2019,Plymouth Marjon University,P63,10037449,,,,Pennycross Primary School,113297,Primary
44d6f4a1-1d8b-45c4-aac5-c5c8b3113951,2019,Leeds Beckett University,L27,10003861,,,,Penny Field School,145732,Primary
b35d4776-a750-46c7-8070-ef3aeca3812e,2019,Liverpool John Moores University,L51,10003957,,,,Pensby Primary School,135497,Primary
d5b0aa5b-60af-4b2d-b99d-e626d128d3b8,2019,Edge Hill University,E42,10007823,,,,Penwortham Primary School,119157,Modern languages
25785c6d-ebc7-4fbb-aaff-b321aef4c883,2019,Edge Hill University,E42,10007823,,,,Penwortham Primary School,119157,Primary
74915f1d-4e45-4ff6-b900-dd906351dca8,2019,Roehampton University,R48,10007776,,,,Penwortham Primary School,101016,Primary
0f41cce6-958f-4188-bb75-0bb03dfa0f19,2019,"University of the West of England, Bristol",B80,10007164,,,,Penygawsi Primary School,401243,Primary
0224617b-6cfa-414c-b7c5-737b5c5fabf7,2019,Birmingham City University,B25,10007140,,,,Perryfields Academy,148267,Primary
acaf9306-8c81-4f87-8fc3-6a2da5bc8fc7,2019,Canterbury Christ Church University,C10,10001143,,,,Perryfields Junior School,143784,Primary
24ed5ac5-5f60-48d5-9f6b-bca1545eddb7,2019,Birmingham City University,B25,10007140,,,,Perryfields Primary School,103953,Primary
a65abd0d-1327-4daf-b31b-52575366d1b3,2019,University of Wolverhampton,W75,10007166,,,,Perry Hall Primary School,139870,Primary
59c1529b-6b49-41b3-81d6-d2e8343cb971,2019,University of Sussex,S90,10007806,,,,Peter Gladwin Primary School,114443,Primary
2dd0967a-01c8-4ee4-82ad-11ab1fb84261,2019,University of Hertfordshire,H36,10007147,,,,Petersfield CofE Aided Primary School,110836,Primary
7dff5efa-b8d7-4824-8260-9cedd69282c4,2019,Birmingham City University,B25,10007140,,,,Pheasey Park Farm Primary School and Early Years Centre,147480,Primary
534b3491-0855-4098-b6a8-d195956232ed,2019,Nottingham Trent University,N91,10004797,,,,Pierrepont Gamston Primary School,132194,Primary
01ad72a4-83f9-4437-a48d-20a67b64cd0c,2019,University Of Plymouth,P60,10007801,,,,Pilgrim Primary Academy,144188,Primary
ff761589-4d89-4cc9-b7e4-f2952fc0f688,2019,Sheffield Hallam University,S21,10005790,,,,Pilsley CofE Primary School,112891,Primary
25d87ceb-f4e9-4945-a5c3-fe6ec6517ea1,2019,University of Chester,C55,10007848,,,,Pinehurst Primary School,134471,Primary
6e3d6cdc-39fe-4a1e-a8d0-60d766fa7feb,2019,Edge Hill University,E42,10007823,,,,Pinfold Primary School,119209,Primary
5ef25578-39d2-4741-9d71-6672150d1d6c,2019,University Of Plymouth,P60,10007801,,,,Plaistow Hill Primary and Nursery School,145655,Primary
6253aff2-b6a6-48d5-a1af-aa6d3dbf33e7,2019,Birmingham City University,B25,10007140,,,,Plantsbrook School,137053,Primary
b41add42-684d-438a-a4dc-7d575be1c341,2019,The Manchester Metropolitan University,M40,10004180,,,,Plat Douet School,132471,Mathematics
99c5cb92-aabc-4ba2-a16a-dba7441d1ba9,2019,Sheffield Hallam University,S21,10005790,,,,Plover Primary School,147576,Primary
180434ba-5348-48f3-9cca-7cc822e7179f,2019,The University of Brighton,B72,10000886,,,,Plume School,137790,Physical education
71dbe86b-5acd-45c9-b93f-884d80990fa3,2019,The Manchester Metropolitan University,M40,10004180,,,,Plymouth Grove Primary School,105443,Primary
e9947add-5574-4dad-8fba-c323e9c57169,2019,Plymouth Marjon University,P63,10037449,,,,Plympton Academy,136556,Physical education
fce34f3c-3e3e-4133-a0c6-93bf450577f1,2019,Plymouth Marjon University,P63,10037449,,,,Plympton St Maurice Primary School,143473,Primary
6350b9b1-6494-412b-910c-bd2d166449dd,2019,Plymouth Marjon University,P63,10037449,,,,Plymstock School,136568,Physical education
5318a2a9-820c-4229-bb76-5e32bf4acc57,2019,The University of Brighton,B72,10000886,,,,Polegate Primary School,114435,Primary
348c98c5-2007-4de7-8d19-0e6100df6981,2019,Plymouth Marjon University,P63,10037449,,,,Poltair School,147442,Physical education
f86f19f8-7f89-4dec-b29a-8338107dde6b,2019,University Of Plymouth,P60,10007801,,,,Pondhu Primary School,148106,Primary
cda9f062-9381-44ab-b876-186ad9f1c285,2019,University of Northumbria at Newcastle,N77,10001282,,,,Ponteland Primary School,145780,Primary
48ddc26a-42b7-4d6b-be66-633b265293b7,2019,Birmingham City University,B25,10007140,,,,Pool Hayes Academy,142594,Primary
9e07bb58-ba7b-4b84-a9ea-923ee04df3e6,2019,Edge Hill University,E42,10007823,,,,Pool House Community Primary School,119332,Primary
6a2aced4-dfc2-4467-998b-5fddd0086808,2019,Sheffield Hallam University,S21,10005790,,,,Porter Croft Church of England Primary Academy,139986,Primary
037490d1-a967-4191-b062-abe488822907,2019,Canterbury Christ Church University,C10,10001143,,,,Porters Grange Primary School and Nursery,142683,Primary
e2c422e6-f50b-4bbd-90b6-b40181566ca3,2019,University of Chichester,C58,10007137,,,,Portfield Primary Academy,138402,Primary
47a300dc-b438-4e9c-afe0-06ad2abd01e6,2019,"University of the West of England, Bristol",B80,10007164,,,,Portishead Primary School,143282,Primary
023530cb-e06a-4eec-8a5c-6db7d832bdf9,2019,University of Derby,D39,10007851,,,,Portway Junior School,146879,Primary
c40efc7b-fc50-4115-8e40-178d01f5685d,2019,University of Chester,C55,10007848,,,,Poulton Lancelyn Primary School,143503,Primary
d0599cdf-807a-4fd1-a620-900f44d07cb5,2019,University of Greenwich,G70,10007146,,,,Poverest Primary School,101641,Primary
c08b8437-2b51-455f-8713-f06af0c5b783,2019,University of Chester,C55,10007848,,,,Prees CofE Primary School,143323,Primary
ca46dd54-9cf7-4ac6-bdfa-09e2e033f195,2019,University of Greenwich,G70,10007146,,,,Prendergast Ladywell School,100747,Primary
e8533bbb-f966-4fa9-9e5a-20424dfcf181,2019,Liverpool Hope University,L46,10003956,,,,Prescot Primary School,104425,Primary
eb44e434-539a-4dfa-845d-be572956a5ba,2019,University of Hertfordshire,H36,10007147,,,,Preston Primary School,117403,Primary
8f1ef958-a141-4ebe-869e-6de3abcae70a,2019,University of Cumbria,C99,10007842,,,,Prestwich Preparatory School,105997,Primary
904a931a-36f8-4034-8782-998b9e742d0c,2019,Middlesex University,M80,10004351,,,,Priestmead Primary School and Nursery,146750,Primary
6a0fd3bc-197d-4a71-818e-eda0fb72e27a,2019,University of Wolverhampton,W75,10007166,,,,Princefield First School,145379,Primary
3d960251-4608-45b5-8294-bb99b696d3e1,2019,Edge Hill University,E42,10007823,,,,Princes School,104750,Primary
04fd5ad0-49e6-4b19-89a3-5ec6b4a91436,2019,Canterbury Christ Church University,C10,10001143,,,,Priory Fields School,143073,Primary
3df6f907-5ca2-4d95-9827-e697b066fc5a,2019,Birmingham City University,B25,10007140,,,,Priory Primary School,145305,Primary
8b453eab-55b1-4cf9-955d-e2528c5c8832,2019,University of Hull,H72,10007149,,,,Priory Primary School,140290,Primary
7d555237-3949-41e3-9a85-b80a99366e43,2019,University Of Plymouth,P60,10007801,,,,"Priory Roman Catholic Primary School, Torquay",140743,Primary
9963ab82-8ce5-46fd-baf7-e3a2c0d4b89c,2019,Lincoln Bishop University,B38,10007811,,,,Prospect Hill Junior School,122730,Primary
1f5ee8e8-34c6-4e94-9b9a-691efe57b296,2019,University of Northumbria at Newcastle,N77,10001282,,,,Prudhoe Castle First School,146924,Primary
d8a8e67c-2c01-408d-a902-154ebe2c3060,2019,Leeds Beckett University,L27,10003861,,,,Pudsey Waterloo Primary,145525,Primary
1e24f6d4-7805-4b3c-910d-184c8d7268cd,2019,University of Chichester,C58,10007137,,,,Purbrook Infant School,115937,Primary
c3c0ec23-c424-4727-ac05-fda242e3c19b,2019,The University of Brighton,B72,10000886,,,,Purbrook Park School,116506,Physical education
3e794232-b0c4-403d-ba98-acd762b486dd,2019,University of Reading,R12,10007802,,,,Purley CofE Primary School,109971,Primary
19f1e46e-7f26-4df9-902b-b6171e43e7c9,2019,St Mary's University,S64,10007843,,,,Purley Oaks Primary School,101733,Primary
767a579d-9d8d-4752-84ca-809d9dd0d4fc,2019,University of Huddersfield,H60,10007148,,,,Purlwell Infant and Nursery School,107641,Primary
5588b16d-56c1-48ed-9c09-7f86b421a456,2019,Sheffield Hallam University,S21,10005790,,,,Pye Bank CofE Primary School,146841,Primary
ae0fa439-5218-4b76-92d2-d77e1787267d,2019,University of Wolverhampton,W75,10007166,,,,Pye Green Academy,141493,Primary
123df176-0d0a-481f-a307-c64c0c794149,2019,Newman University,N36,10007832,,,,Quarry Bank Primary School,103830,Primary
cde7f242-e465-4fc3-ada6-f3f228d0521b,2019,"University of the West of England, Bristol",B80,10007164,,,,Queen Elizabeth's Hospital,109370,Primary
c2fbc3bd-0c6b-45c0-8518-bd595929bf08,2019,Birmingham City University,B25,10007140,,,,Queen Mary's Grammar School,136773,Physical education
0126daa7-9fe9-4a83-ba64-5e2ad5fefb08,2019,University of Bedfordshire,B22,10007152,,,,Queensbury Academy,138571,Physical education
988ddf4c-e809-45f1-b43e-8212fea6a63a,2019,University of Chester,C55,10007848,,,,Queens Ferry C.P. School,400346,Primary
a610c11c-65ac-47c4-af33-3e6bd988fae0,2019,Oxford Brookes University,O66,10004930,,,,Queen's Gate School,100511,Primary
5cf3e022-56a0-40f6-8e80-f46b620cc9ce,2019,The University of Brighton,B72,10000886,,,,Queens' School,136877,Physical education
2dc65f5b-3d84-4b5c-bafd-dcab08b2c92a,2019,Nottingham Trent University,N91,10004797,,,,Quorn Hall School,135530,Primary
2d286b61-4e4b-44a1-8b99-1178fbf4a306,2019,University Of Plymouth,P60,10007801,,,,Rackenford Church of England Primary School,113495,Primary
7e4cc3ba-901a-4d40-923f-40994499e626,2019,The Manchester Metropolitan University,M40,10004180,,,,Radcliffe Primary School,139999,Primary
2c2a7127-da9c-4f07-a653-a6db9c48de99,2019,University of Wolverhampton,W75,10007166,,,,Radleys Primary School,104207,Primary
71254e33-0643-4f5e-b5c6-8341a06bb9b0,2019,University of Hertfordshire,H36,10007147,,,,Raglan Infant School,102004,Primary
e44dadac-a8cb-4eb3-84dd-3083271ab73d,2019,Sheffield Hallam University,S21,10005790,,,,Rainbow Forge Primary Academy,143997,Primary
afb4a4b1-9c0c-4c91-be62-ee7121863411,2019,Edge Hill University,E42,10007823,,,,Rainford Brook Lodge Community Primary School,104780,Modern languages
93d0d0e7-bfc1-43df-ab51-a5b03ee2ccc1,2019,Edge Hill University,E42,10007823,,,,Rainford Brook Lodge Community Primary School,104780,Primary
b115c43c-6234-44bf-86e9-ec7ac1d91a1f,2019,University of Greenwich,G70,10007146,,,,Rainham Village Primary School,102324,Primary
1fa871c8-a4f0-4151-9495-ce1ad7c5eeb8,2019,University of Chichester,C58,10007137,,,,Rake CofE Primary School,125989,Primary
7b1aee7c-6a14-43a5-bbad-f824c96e5619,2019,University of Cumbria,C99,10007842,,,,Ramsden Infant School,112208,Primary
b190fd75-1052-4b14-85aa-89df510bc4d5,2019,University of Greenwich,G70,10007146,,,,Rangefield Primary School,100699,Primary
6229b770-42b5-4f56-9792-d18a249d3c22,2019,University of Chichester,C58,10007137,,,,Ranvilles Infant School,116028,Primary
625c9541-4e46-4484-9767-a6f2aad41968,2019,Edge Hill University,E42,10007823,,,,Ranworth Square Primary School,104571,Modern languages
89341fa8-eb18-4e57-be9b-1a6f57d9ada7,2019,Edge Hill University,E42,10007823,,,,Ranworth Square Primary School,104571,Primary
7d35cb13-41a5-42df-a927-a8b516582ced,2019,Lincoln Bishop University,B38,10007811,,,,Rauceby Church of England Primary School,138284,Primary
4a53e9d4-641d-47c7-bd40-d9ac9d12272b,2019,University of Reading,R12,10007802,,,,Ravenscote Junior School,141592,Primary
dd7ee2a9-e429-455b-b8b9-3e6e0e0d6a3a,2019,Nottingham Trent University,N91,10004797,,,,Ravenshead CofE Primary School,131814,Primary
f96d6973-9132-4935-bfdb-7fa269091b9b,2019,Sheffield Hallam University,S21,10005790,,,,Rawmarsh Ashwood Primary School,140799,Primary
94d87a9a-7373-4226-b59c-73e8280f5c23,2019,Sheffield Hallam University,S21,10005790,,,,Rawmarsh Community School,140553,Biology
094d106b-ca51-4aef-9f92-1b87c4b00786,2019,Sheffield Hallam University,S21,10005790,,,,Rawmarsh Thorogate Junior and Infant School,106910,Primary
fc83a952-df9a-4adc-891f-ae205c1a3f0d,2019,The Manchester Metropolitan University,M40,10004180,,,,Rawtenstall Balladen Community Primary School,119280,Primary
24a5cedf-c2f6-4b26-823d-140b37614642,2019,Leeds Beckett University,L27,10003861,,,,Raynville Academy,146927,Primary
043ed48f-d6fb-45c9-81f5-86d67458bc86,2019,Leeds Trinity University,L24,10003863,,,,Read School,121748,Primary
24953017-b919-4b33-80da-bd121e79e0e6,2019,Canterbury Christ Church University,C10,10001143,,,,Reculver Church of England Primary School,141216,Mathematics
f68622a4-69c6-4760-a91c-758c713e7df5,2019,Edge Hill University,E42,10007823,,,,Redbridge High School,104749,English
7c4d20c1-5a49-4e25-99b9-c388f6721f1b,2019,University of Greenwich,G70,10007146,,,,Redbridge Primary School,127046,Primary
4c585bb2-22c9-415e-a43e-fa7c85aa2ad7,2019,The University of Brighton,B72,10000886,,,,Redden Court School,137396,Physical education
317cd4fe-4d87-46ec-8a13-9e70f96aa214,2019,University of Northumbria at Newcastle,N77,10001282,,,,Redesdale Primary School,108599,Primary
b9b259ae-2a2b-4271-91c7-024cc7648bbf,2019,"University of the West of England, Bristol",B80,10007164,,,,Redfield Edge Primary School,109011,Primary
19820e05-5e3b-45f7-84c2-f36a6a2834e1,2019,Edge Hill University,E42,10007823,,,,Redgate Community Primary School,104885,Primary
3eada939-6c83-4578-b416-f4adc789bd54,2019,University of Northumbria at Newcastle,N77,10001282,,,,Red Hall Primary School,114183,Primary
5e7f5a27-a2a5-4b79-977f-6be6513260c7,2019,"University of the West of England, Bristol",B80,10007164,,,,Red Oaks Primary School,146150,Primary
fb7053db-dfa6-4266-a40b-68306f36da49,2019,University of Derby,D39,10007851,,,,Redwood Primary School,112770,Primary
667cec40-609f-434f-934d-5933106cd9f1,2019,Birmingham City University,B25,10007140,,,,Regents Park Community Primary School,103193,Primary
0cb3757a-efa1-4861-a4d0-7025b45dfc37,2019,St Mary's University,S64,10007843,,,,Regina Coeli Catholic Primary School,101800,Primary
ff582fe2-c348-4fa3-aab1-1b489193db2f,2019,University of Northumbria at Newcastle,N77,10001282,,,,Reid Street Primary School,136836,Primary
e4c7491a-bde3-439f-87ce-395408c14aa3,2019,Sheffield Hallam University,S21,10005790,,,,Reignhead Primary School,107077,Primary
a25472ec-57b8-4c8b-b520-76a902f7dfa9,2019,University of Huddersfield,H60,10007148,,,,Reinwood Infant and Nursery School,107622,Primary
40e9ab03-4828-463d-821c-d2ac1645eddc,2019,Nottingham Trent University,N91,10004797,,,,Rendell Primary School,138908,Primary
93c9e177-3d0c-4ad0-bbf9-96d4a78c469d,2019,Sheffield Hallam University,S21,10005790,,,,Renishaw Primary School,112545,Primary
89b4ea2d-1357-4e6a-85fe-05ad01c14cc7,2019,Middlesex University,M80,10004351,,,,Rhodes Avenue Primary School,102128,Primary
f5b06b75-1883-40bb-881b-a53f505cbfd2,2019,Liverpool Hope University,L46,10003956,,,,Rice Lane Primary School and Nursery,141937,Primary
4eaf16e5-67d9-421d-8edb-ccbff3b55de5,2019,Nottingham Trent University,N91,10004797,,,,Richard Bonington Primary and Nursery School,147506,Primary
c16d817d-3244-4e65-9283-f0a9ede2952f,2019,Edge Hill University,E42,10007823,,,,Richard Durning's Endowed Primary School,119409,Primary
099d965f-113c-445b-82f3-6a652346183d,2019,University of Northumbria at Newcastle,N77,10001282,,,,Richardson Dees Primary School,108596,Primary
845f5852-ab97-4a01-877a-d644b63e3081,2019,Leeds Trinity University,L24,10003863,,,,Richard Taylor Church of England Primary School,141722,Primary
82ad0155-5d3f-4246-8c24-bbba54f47a11,2019,The Manchester Metropolitan University,M40,10004180,,,,Richmond Academy,139651,Primary
baa34666-3818-4b84-85cc-de613976b6b2,2019,Edge Hill University,E42,10007823,,,,Richmond Hill School,112127,Primary
b1cfb45a-6e44-445b-bf6a-88a02c266082,2019,Leeds Beckett University,L27,10003861,,,,Richmond House School,108103,Primary
9149da47-24f2-4dd5-9958-66e1224bdbd2,2019,The University of Brighton,B72,10000886,,,,Rickmansworth School,136606,Physical education
3bc7e4e9-0999-4ba9-9abf-ed794630e230,2019,University of Derby,D39,10007851,,,,Ridgeway Infant School,112757,Primary
c7d8c116-7edb-4846-be64-3c6661204a96,2019,University of Sussex,S90,10007806,,,,Ringmer Primary and Nursery School,114415,Primary
c30ca40f-e8a6-4cfe-b4f0-73cff719d1e4,2019,Canterbury Christ Church University,C10,10001143,,,,Ripplevale School,118995,Primary
3630cad5-52b2-4c96-92e8-ef1f8c1cd90d,2019,St Mary's University,S64,10007843,,,,Riverbridge Primary School,143371,Primary
ad644e01-deff-4244-a0b5-f6c77ffc2a71,2019,Liverpool Hope University,L46,10003956,,,,Riverside Primary School,104996,Primary
7c4a6209-15b0-4fbc-9519-338485fa965e,2019,University of Greenwich,G70,10007146,,,,Riverside School,135232,Primary
6c4baea7-a4be-4f49-8752-1296e558e1ae,2019,The Manchester Metropolitan University,M40,10004180,,,,River View Community Primary School,136076,Primary
a80824f7-8352-4e78-a367-6f63f3bd8604,2019,Edge Hill University,E42,10007823,,,,R L Hughes Primary School,106424,Primary
7e9d360c-fa2e-4bc0-8fa0-eb28ad454ab7,2019,Nottingham Trent University,N91,10004797,,,,Robert Bakewell Primary School,140476,Primary
72ea1fe8-6bb4-461e-a424-35def9f49ec0,2019,University of Greenwich,G70,10007146,,,,Robert Owen Nursery School,100102,Primary
3a151bd4-cda3-4d81-a08c-4fcf8fce96f1,2019,University of Reading,R12,10007802,,,,Robert Piggott CofE Infant School,109989,Primary
28905682-6fd7-4aef-ba34-8097bad3cbf3,2019,University of Reading,R12,10007802,,,,Robert Piggott CofE Junior School,109993,Primary
8fcf4ca0-27a0-494f-a057-f3b91ab0cfdc,2019,Nottingham Trent University,N91,10004797,,,,Robert Shaw Primary and Nursery School,144461,Primary
b41b44df-6463-4b4b-992b-bd13d08cce88,2019,Leeds Beckett University,L27,10003861,,,,Robin Hood Primary School,107831,Primary
c7c0df98-1761-491e-b8c9-b41fb33c6ea7,2019,Edge Hill University,E42,10007823,,,,Robins Lane Community Primary School,104762,Primary
0f4347c1-cac6-41c2-a2be-9d6802fb346c,2019,University of Northumbria at Newcastle,N77,10001282,,,,Rockcliffe First School,108583,Primary
61b5bf7e-3215-41e2-8300-5ce363e1796e,2019,St Mary's University,S64,10007843,,,,Roehampton Church Forest Primary School,101038,Primary
072aa56a-3113-4c00-9152-f3119e7836ba,2019,University of Chichester,C58,10007137,,,,Rogate CofE Primary School,125991,Primary
79e370a9-cc96-4895-9252-f64d70453703,2019,The Manchester Metropolitan University,M40,10004180,,,,Rolls Crescent Primary School,144913,Primary
539068f7-07ab-4841-9d54-c07b558c0671,2019,Edge Hill University,E42,10007823,,,,Romsey Primary School & Nursery,134945,Primary
574bb674-7dd7-4563-8673-9968a19dedb0,2019,University of Worcester,W80,10007139,,,,Romsley St Kenelm's CofE Primary School,116846,Primary
857ad335-8555-4633-9625-75e8c637fb5c,2019,Birmingham City University,B25,10007140,,,,Rookery School,137168,Primary
6e42ec82-f3e5-4dcd-809b-ed76dd3499c0,2019,Leeds Trinity University,L24,10003863,,,,Rooks Nest Academy,137438,Primary
7d1ff6bb-2617-4475-be26-9acac6d67684,2019,University of Huddersfield,H60,10007148,,,,Rooks Nest Academy,137438,Primary
e309bc86-3dac-48d5-b12d-9ebd5ca2beb3,2019,Canterbury Christ Church University,C10,10001143,,,,Roseacre Junior School,118849,Primary
787918ca-a9d3-414b-af02-71bd4122115a,2019,University of Chichester,C58,10007137,,,,Rose Green Infant School,125928,Primary
33870fe2-29f3-4baa-9d2e-c7646f06b2cb,2019,The Manchester Metropolitan University,M40,10004180,,,,Rose Hill Primary School,106076,Primary
76c54360-ecb8-470a-8697-b7189d9ba3f6,2019,University of Sunderland,S84,10007159,,,,Rosemary Lane Nursery School,113989,Primary
97f8967f-a9e4-4b41-b096-2ae43f01087e,2019,Roehampton University,R48,10007776,,,,Rosetta Primary School,145087,Primary
368bf500-8fd2-4b98-83c1-4ff78630f680,2019,University of Northumbria at Newcastle,N77,10001282,,,,Rose Wood Academy,140504,Primary
39ed18d6-7baa-4deb-95ec-075759489caf,2019,Sheffield Hallam University,S21,10005790,,,,Rossington All Saints Academy,136675,Biology
936d67de-449d-43c6-acff-b061eca99c36,2019,Lincoln Bishop University,B38,10007811,,,,Rossington Tornedale Infant School,106698,Primary
37c43cd5-a3f5-4fba-be76-f08be30b84c5,2019,Birmingham City University,B25,10007140,,,,Rosslyn School,103573,Primary
fa39a9e3-3b6e-47a4-8630-385515581dff,2019,University of Sunderland,S84,10007159,,,,Rossmere Primary School,111641,Primary
68ddfef8-e5ff-4d7f-9be5-3c9264c84472,2019,University of Northumbria at Newcastle,N77,10001282,,,,Rothbury First School,122221,Primary
a8c6cda7-4128-4d4e-bdb1-e74d5ea934d2,2019,Sheffield Hallam University,S21,10005790,,,,Roughwood Primary School,144195,Primary
f2404ab8-932b-4915-a375-911b8b6fc0d3,2019,Plymouth Marjon University,P63,10037449,,,,Roundhill Primary School,146263,Primary
1495c5f7-646d-495d-8c67-916631ab754e,2019,Nottingham Trent University,N91,10004797,,,,Round Hill Primary School,122707,Primary
cc6d04b2-d071-4336-b0b5-7a2483b7698f,2019,The University of Brighton,B72,10000886,,,,Roundwood Park School,136973,Physical education
d13486bb-9f31-43e3-9b39-5ef77039c238,2019,University of Greenwich,G70,10007146,,,,Rowdown Primary School,140841,Primary
a46b15ac-075f-440a-a1ec-2818fed25531,2019,The Manchester Metropolitan University,M40,10004180,,,,Royton Hall Primary School,135341,Mathematics
b33d3378-1f9c-4c2b-bac4-0998dcdcd2e4,2019,University of Chester,C55,10007848,,,,Rudheath Primary Academy and Nursery,139379,Primary
cf24b06e-7d8a-4740-a47b-e4d87e3bbda7,2019,Liverpool Hope University,L46,10003956,,,,Rudston Primary School,137888,Primary
f784f923-f5e1-46d9-b171-1463736e3b31,2019,Edge Hill University,E42,10007823,,,,Rufford CofE School,119483,Primary
abf3fd99-2bc3-4916-b22a-569001bba099,2019,Nottingham Trent University,N91,10004797,,,,Rufford Primary and Nursery School,136232,Primary
9cf6baff-10f5-47f2-942c-d88a076ca976,2019,Birmingham City University,B25,10007140,,,,Rugby High School,136595,Computing
ebaa0e47-5d5e-4531-9d5a-c39afd60d0ea,2019,University of Greenwich,G70,10007146,,,,Rushey Green Primary School,100701,Primary
be66d931-7d2f-4462-a40d-173e1626ae7e,2019,University of Chichester,C58,10007137,,,,Rustington Community Primary School,139478,Primary
d72c041a-e03c-43ec-a058-0f01a959955e,2019,Leeds Trinity University,L24,10003863,,,,"Ryhill Junior, Infant and Nursery School",130972,Primary
865f589d-2517-4c7d-ba76-0f5561dbc714,2019,University of Northumbria at Newcastle,N77,10001282,,,,Ryton Community Infant School,108352,Primary
9b2d2846-591c-4d28-a34d-848af298f061,2019,Liverpool Hope University,L46,10003956,,,,Sacred Heart Catholic Primary School,105074,Primary
1eebf017-3fbe-44bb-8220-48790acf75fe,2019,The University of Brighton,B72,10000886,,,,Sacred Heart Catholic School,138960,Physical education
8fac1e17-7856-4b0e-bbe0-f7fc03d40312,2019,University Of Plymouth,P60,10007801,,,,Sacred Heart Catholic School,140749,Primary
3093d8a5-e01e-4b4d-8fe2-11d46fe200f6,2019,The Manchester Metropolitan University,M40,10004180,,,,Sacred Heart RC Primary School,134479,Mathematics
9ce90962-73bb-4cd4-8f8e-930c4066e982,2019,The Manchester Metropolitan University,M40,10004180,,,,Sacred Heart RC Primary School,134479,Primary
489d79ea-2e31-4d01-8ee1-d01af9eca4d5,2019,Edge Hill University,E42,10007823,,,,Saddleworth School,105736,Mathematics
d9a17015-9633-48b3-ae07-ba9b2304be7e,2019,Lincoln Bishop University,B38,10007811,,,,Saint Mary's RC Primary Academy Boston,146241,Primary
7f1041d5-61e4-4a75-9a6f-cf9d5c03b3e6,2019,Sheffield Hallam University,S21,10005790,,,,Saint Pius X Catholic High School A Specialist School in Humanities,106962,Biology
fcf99d41-fde0-4d99-948c-97c357beda20,2019,Edge Hill University,E42,10007823,,,,Saints Peter and Paul Catholic Primary School,104479,Primary
c46a3508-c1bc-4f6f-b25e-fe1881d2bb64,2019,Plymouth Marjon University,P63,10037449,,,,Saltash Community School,136575,Physical education
f1d23b70-4b03-4f04-9851-1246e4bcdb2c,2019,University of Sussex,S90,10007806,,,,Saltdean Primary School,114479,Primary
c883806a-6ea7-413a-a036-011e84e41837,2019,Birmingham City University,B25,10007140,,,,Saltley Academy,141668,Primary
155797b5-c069-4752-9f67-98bc6b094338,2019,University of Bedfordshire,B22,10007152,,,,Samuel Whitbread Academy,137948,Physical education
420edc79-9f8a-4166-b484-5e910ea41495,2019,Leeds Trinity University,L24,10003863,,,,Sandal Primary School,107287,Primary
43d1e975-75b9-41e5-82f2-238a87cfa0dc,2019,University of Wolverhampton,W75,10007166,,,,Sandbank Nursery School,104134,Primary
3c71782a-c96b-453a-950c-1dad6b06fe5d,2019,Kingston University,K84,10003678,,,,Sandcross Primary School,144938,Primary
e71f9350-27f5-4281-983e-febc3713e559,2019,Sheffield Hallam University,S21,10005790,,,,Sandhill Primary School,141917,Primary
086501b5-69db-4420-862b-80f1be2583da,2019,University of Sunderland,S84,10007159,,,,Sandhill View Academy,141986,Mathematics
537926a2-6bbb-4bf8-a0fb-966ddf5ef9cf,2019,Canterbury Christ Church University,C10,10001143,,,,Sandown School,147056,Primary
e4bee75d-e983-4498-873b-7f1781dc09bd,2019,University of Greenwich,G70,10007146,,,,Sandringham Primary School,130381,Primary
4f09bdd2-02d1-4f75-907f-4b56accb2d34,2019,Leeds Trinity University,L24,10003863,,,,Sandy Lane Primary School,107219,Primary
71424347-a50b-457e-89f3-9bb58412064c,2019,University of Reading,R12,10007802,,,,Sandy Lane Primary School,133619,Primary
355f4608-1852-4c79-8f52-712bcc5c1a8f,2019,Edge Hill University,E42,10007823,,,,Sankey Valley St James Church of England Primary School,133676,Primary
50bad2d1-8c78-4fb5-809f-0e403fdf839e,2019,University of Derby,D39,10007851,,,,Sawley Infant and Nursery School,141542,Primary
d5c5ae7f-b772-406c-a505-4c285ccdb910,2019,University of Bedfordshire,B22,10007152,,,,Sawtry Village Academy,136974,Physical education
3b7a481a-2dfe-4874-815f-ea14dfdab78e,2019,Lincoln Bishop University,B38,10007811,,,,Saxilby Church of England Primary School,120583,Primary
11b08426-6f16-4b20-849c-23dd0eb4c8c9,2019,St Mary's University,S64,10007843,,,,Saxon Primary School,140250,Primary
c68f2f82-96ea-4f7e-b46c-7baa089774a2,2019,Canterbury Christ Church University,C10,10001143,,,,Saxon Way Primary School,139928,Primary
7ca784d7-9956-4823-ad52-250fc7f9c2b7,2019,Sheffield Hallam University,S21,10005790,,,,Scarcliffe Primary School,112615,Primary
b550a745-c407-4a21-8b7b-0e79ebf2a68b,2019,Edge Hill University,E42,10007823,,,,Scarisbrick Hall School,119824,English
cb80e48c-4818-4b1d-94f0-3d2145e2eee0,2019,Lincoln Bishop University,B38,10007811,,,,Scawsby Saltersgate Infant School,106703,Primary
846049f5-f280-49b3-95c0-ffe0ca998b3a,2019,Sheffield Hallam University,S21,10005790,,,,Scawsby Saltersgate Infant School,106703,Primary
19baa0fa-41de-4be9-9f2f-56aa1bf2060d,2019,Lincoln Bishop University,B38,10007811,,,,Scawthorpe Sunnyfields Primary School,106747,Primary
674844ff-3bd7-42da-9849-b9141e36cfc2,2019,Leeds Beckett University,L27,10003861,,,,Scholes (Elmet) Primary School,107813,Primary
7639ad0a-b7b5-4fdb-89a0-331bd965755a,2019,Leeds Beckett University,L27,10003861,,,,Scholes Village Primary School,107674,Primary
ec03c846-7aa3-4f4b-bb8b-ad55b2c5cb76,2019,University of Derby,D39,10007851,,,,Scientia Academy,139602,Primary
d7899a97-1b3e-40ba-ba8d-8d39fac8f355,2019,University of Cumbria,C99,10007842,,,,Scotby CofE Primary School,112403,Primary
0ca2eadf-94a7-4377-a330-110f93eb40e3,2019,University of Cumbria,C99,10007842,,,,Scotforth St Paul's Church of England Primary and Nursery School,119533,Primary
8c89c71b-1a2e-4b70-a980-668192b1dfdb,2019,Nottingham Trent University,N91,10004797,,,,Scotholme Primary and Nursery School,143796,Primary
1c0fab3b-b230-44d7-aad0-aeacf0bc70a5,2019,University of Sunderland,S84,10007159,,,,Seaburn Dene Primary School,108786,Primary
b843fd83-5e93-4a5b-9552-f40082013b4c,2019,The University of Brighton,B72,10000886,,,,Seaford Head School,138473,Physical education
62e5e826-f1fe-48d5-8c5b-32e81434fd65,2019,University of Sunderland,S84,10007159,,,,Seascape Primary School,133701,Primary
d0ffc89d-9936-48be-a205-910c0724b31b,2019,The University of Brighton,B72,10000886,,,,Seaside Primary School,143387,Primary
a6797430-92d2-4b20-8727-34f9bc4ede51,2019,Lincoln Bishop University,B38,10007811,,,,Seathorne Primary Academy,147412,Primary
dc2118a5-26f8-4b7c-8d7f-a3b9ffad2086,2019,University of Northumbria at Newcastle,N77,10001282,,,,Seaton Sluice First School,122234,Primary
2d96caaa-8455-4287-bff4-bacee06a3fe3,2019,University of Sussex,S90,10007806,,,,Sedlescombe Church of England Primary School,147996,Primary
60426869-d6f8-46c8-b61d-557201e77b87,2019,Nottingham Trent University,N91,10004797,,,,Seely Primary School,139430,Primary
431a33a9-7db1-456b-a7cc-2e98c9e41f00,2019,University of Northumbria at Newcastle,N77,10001282,,,,Seghill First School,122225,Primary
875976f9-ef2d-4deb-a81a-f16773b32e44,2019,Birmingham City University,B25,10007140,,,,Selly Oak Nursery School,137796,Primary
48f4754c-1f34-4da5-b706-c2c7281d768a,2019,University of Hull,H72,10007149,,,,Settrington All Saints' Church of England Voluntary Controlled Primary School,121538,Primary
b75ee33b-946c-4a0c-ac41-913b2a46710e,2019,Leeds Trinity University,L24,10003863,,,,Seven Hills Primary School,107824,Primary
802598c1-263b-4bd0-ad8b-1a81e5969997,2019,Brunel University London,B84,10000961,,,,Shaftesbury High School,102260,English
15ef8dcd-7756-4106-bdfb-d109f3e309ba,2019,Plymouth Marjon University,P63,10037449,,,,Shakespeare Primary School,145658,Primary
e20c56f8-69f1-442d-8924-14b2995b2a78,2019,University Of Plymouth,P60,10007801,,,,Shakespeare Primary School,145658,Primary
16c47936-bd59-4a3f-a46e-12f54068be48,2019,University of Cumbria,C99,10007842,,,,Shap Endowed CofE Primary School,112328,Primary
099f1873-8369-4cd9-820e-1c64b5506513,2019,Sheffield Hallam University,S21,10005790,,,,Sharley Park Community Primary School,135498,Primary
bb413d2a-17db-439a-b545-9abd289ca4cd,2019,University of Cumbria,C99,10007842,,,,Sharneyford Primary School,119192,Primary
74c08254-fa22-4e83-9425-6f67029beb59,2019,Leeds Beckett University,L27,10003861,,,,Sharow Church of England Primary School,121588,Primary
b89347c8-1535-43d3-8388-4a14c4650597,2019,Leeds Trinity University,L24,10003863,,,,Sharp Lane Primary School,107984,Primary
e9b5b68a-7e36-47df-ac53-738c21edc5b2,2019,Sheffield Hallam University,S21,10005790,,,,"Sharrow Nursery, Infant and Junior School",134302,Primary
ec900425-d70f-4e03-898a-d398877d1f3c,2019,Plymouth Marjon University,P63,10037449,,,,Shaugh Prior Primary School,113262,Primary
0cebcecc-41f7-432c-952b-541f7f93dcc3,2019,University of Chester,C55,10007848,,,,Shavington Primary School,142441,Primary
9182b695-b11d-4f9a-a8b0-2d4b90ad3f66,2019,University of Reading,R12,10007802,,,,Shaw-cum-Donnington C.E. Primary School,109974,Primary
b7a63acd-3f7e-441f-be9f-a8396577893b,2019,University of Chichester,C58,10007137,,,,Shawfield Primary School,125029,Primary
98d2a895-6929-4bbd-a052-508b22052179,2019,Sheffield Hallam University,S21,10005790,,,,Shawlands Primary School,106564,Primary
63d2c0ee-ba53-4f4f-9f6c-b69009a77882,2019,University of Greenwich,G70,10007146,,,,Shears Green Infant School,148918,Primary
6accf588-413d-470d-8568-0919ca3efa7f,2019,Sheffield Hallam University,S21,10005790,,,,Sheep Dip Lane Academy,147620,Primary
fb1fba67-fcd3-4b82-8188-7778de56e6bb,2019,Leeds Beckett University,L27,10003861,,,,Shelf Junior and Infant School,107513,Primary
c13b44af-afd1-4f55-b81f-3372e2ccc999,2019,University of Chichester,C58,10007137,,,,Shelley Primary School,125820,Primary
98939941-abe2-497d-9122-7c8260daefa9,2019,The University of Brighton,B72,10000886,,,,Shenfield High School,137877,Physical education
89509927-773e-4709-8e9b-cc6bb29bcf7d,2019,University of Chichester,C58,10007137,,,,Shepherds Down Special School,116642,Primary
37b49d56-a9d5-485a-aa30-857d92f1a3b7,2019,Canterbury Christ Church University,C10,10001143,,,,Shepherdswell Church of England Primary School,118691,Primary
e2e054fa-f787-46cb-aec7-c541de692ff7,2019,Edge Hill University,E42,10007823,,,,Sherdley Primary School,104769,Primary
81bad826-7cb2-4f9e-862e-3a7ea041772f,2019,University of Chester,C55,10007848,,,,Sheriffhales Primary School and Preschool,123396,Primary
955948b2-3f5a-49cc-bc1d-f81095916491,2019,The University Of East Anglia,E14,10007789,,,,Sheringham Community Primary School,120851,Primary
664e966a-41c3-4230-9e41-cd07af0b264f,2019,"University of the West of England, Bristol",B80,10007164,,,,Shirehampton Primary School,132196,Primary
9e3818c2-9712-451a-9f32-b4463f9fab97,2019,Birmingham City University,B25,10007140,,,,Shireland Collegiate Academy,135170,Primary
fea462e2-76ed-4b52-b464-3d8edb24aa8f,2019,University of Northumbria at Newcastle,N77,10001282,,,,Shiremoor Primary School,108579,Primary
c181c9f4-0427-4803-a947-3adeb6e26b1f,2019,Canterbury Christ Church University,C10,10001143,,,,Sholden Church of England Primary School,147057,Primary
b8b74c48-ce4d-4c59-a3b4-69957ff47c91,2019,The University of Brighton,B72,10000886,,,,Shoreham Academy,135962,Physical education
e8b94b91-a881-4534-aa4d-6b039de84338,2019,University of Northumbria at Newcastle,N77,10001282,,,,Shotley Bridge Primary School,114038,Primary
9e35ed52-4cf5-46a4-a38d-b44e38c548b3,2019,University of Wolverhampton,W75,10007166,,,,Silkmore Primary Academy,142014,Primary
961c1ef6-203e-4fe0-9f46-38410a485f4b,2019,Canterbury Christ Church University,C10,10001143,,,,Silver End Academy,144955,Primary
f5efca12-421e-4c65-91ef-59860944718c,2019,University of Bedfordshire,B22,10007152,,,,Sir John Lawes School,137270,Physical education
b856c3bc-5a73-49bf-b034-e769473f4d5b,2019,The University Of East Anglia,E14,10007789,,,,Sir John Leman High School,137055,English
e5ef67c8-97d5-4cb4-b8de-21fb826a55bc,2019,The University of Brighton,B72,10000886,,,,Sir Joseph Williamson's Mathematical School,136662,Physical education
20521e8b-56c8-4ba0-a4fb-40fa6023465e,2019,Sheffield Hallam University,S21,10005790,,,,Sir Thomas Wharton Academy,144364,Biology
99db8c6d-075f-4fe5-9547-eb684c52e1ed,2019,Sheffield Hallam University,S21,10005790,,,,Sir Thomas Wharton Academy,144364,Mathematics
9d87d7e6-a567-4e2b-88ad-9a82b71fafd2,2019,Sheffield Hallam University,S21,10005790,,,,Sitwell Junior School,141060,Primary
6f39bdeb-890e-4450-a8f8-cb6bfa886e02,2019,University of Northumbria at Newcastle,N77,10001282,,,,Skerne Park Academy,139195,Primary
53226f2c-a1f8-4a39-bc8b-5ba113e243cb,2019,University of Hull,H72,10007149,,,,Skidby Church of England Voluntary Controlled Primary School,117992,Primary
81c979e6-daa7-48cc-9a99-3fb3fff7282d,2019,University of Hull,H72,10007149,,,,Skirlaugh Church of England Voluntary Controlled Primary School,117993,Primary
92d3a5f0-308e-47ba-a1c8-b81c1bc753ad,2019,Birmingham City University,B25,10007140,,,,Sladefield Infant School,103255,Primary
85e1314c-4324-4ebd-aac4-978161f7828b,2019,Brunel University London,B84,10000961,,,,Slough and Eton Church of England Business and Enterprise College,137287,English
bc08c764-0ad4-44ad-8293-be85365641d0,2019,Birmingham City University,B25,10007140,,,,Smith's Wood Academy,143895,Primary
17112fd1-84f3-4dd4-8365-1e7bc5579342,2019,Birmingham City University,B25,10007140,,,,Somerville Primary (NC) School,103256,Primary
9ecd8c0f-eaa2-4142-96e1-85311381af06,2019,University of Chichester,C58,10007137,,,,South Bersted CofE Primary School,125973,Primary
0eb76bdc-942b-466f-837f-81417ea38c74,2019,Oxford Brookes University,O66,10004930,,,,Southcote Primary School,109795,Primary
e5cb275f-fd20-4e48-921f-290c245fda81,2019,University of Reading,R12,10007802,,,,Southcote Primary School,109795,Primary
b4a46c39-cc89-4d76-9e65-8f44c4d08403,2019,Plymouth Marjon University,P63,10037449,,,,South Dartmoor Community College,136569,Physical education
9f8ca285-a36b-49fb-8556-6e7fb4042bfa,2019,Leeds Beckett University,L27,10003861,,,,South Elmsall Carlton Junior and Infant School,130866,Primary
24f4b1ef-edf2-49d1-a3b5-5341112819aa,2019,Leeds Beckett University,L27,10003861,,,,Southfield Primary,144410,Primary
957e6f5f-682a-4777-ad76-d8a1801f9e37,2019,Sheffield Hallam University,S21,10005790,,,,Southfield Primary,144410,Primary
6297d4b3-e6ca-407b-997e-1231663c0dc0,2019,Edge Hill University,E42,10007823,,,,Southfield Primary Academy,146714,Modern languages
27b89dc2-7d9d-4e00-85b4-6aa9a90ebe43,2019,Edge Hill University,E42,10007823,,,,Southfield Primary Academy,146714,Primary
9c6fea25-47ec-460b-8954-8571be7cd048,2019,University of Hertfordshire,H36,10007147,,,,South Hill Primary School,117110,Primary
09310f32-2b1f-4c50-a9b3-912cfde14137,2019,University of Sunderland,S84,10007159,,,,South Hylton Primary Academy,144447,Primary
f2da74d6-3bac-4423-a772-f2145b040c79,2019,Leeds Beckett University,L27,10003861,,,,South Ossett Infant Academy,137737,Primary
8fc2474f-ca80-434a-9509-aa79dfc4c5fc,2019,University of Sussex,S90,10007806,,,,Southover CofE Primary School,114510,Primary
64484a70-c0e3-453b-89fc-68d29ea38576,2019,University Of Plymouth,P60,10007801,,,,South Petherwin Community Primary School,111947,Primary
8c010f1b-8f5f-4e60-b193-acf2566fbda3,2019,Lincoln Bishop University,B38,10007811,,,,South View Community Primary School,120406,Primary
3ecbdc67-58ca-4057-9e57-0a076caf2bfa,2019,University of Sussex,S90,10007806,,,,Southwater Junior Academy,136865,Primary
690b8da1-d27f-4a9d-a6d5-6e539e50ddf8,2019,The University of Brighton,B72,10000886,,,,Southway Junior School,125941,Primary
90442a58-0c59-405b-a587-1c7f0c5fabd7,2019,University of Chichester,C58,10007137,,,,Southway Primary School,138413,Primary
b3c26dbe-0982-46a3-9843-d41faba3ca78,2019,University of Sussex,S90,10007806,,,,Southway Primary School,138413,Primary
d18bdafa-553e-495d-bcfb-e5cecfcb50d2,2019,Canterbury Christ Church University,C10,10001143,,,,Southwood Primary School,131845,Primary
23a2143d-484d-40c6-863d-5797ac3fbc69,2019,Roehampton University,R48,10007776,,,,Southwood Primary School,131845,Primary
0db14a4b-9ad1-4c4d-98e5-e88650cd81f6,2019,The University Of East Anglia,E14,10007789,,,,South Wootton Junior School,121197,Primary
9cd5acc7-2027-47de-b929-1395abb71242,2019,University Of Plymouth,P60,10007801,,,,Sparkwell All Saints Primary School,139795,Primary
b8df8c6e-ddf4-4462-a995-77fc4c51b260,2019,St Mary's University,S64,10007843,,,,Sparrow Farm Primary School,148150,Primary
0f47abe4-1292-440f-ac99-71c4afcf9134,2019,University of Winchester,W76,10003614,,,,Sparsholt Church of England Primary School,116317,Primary
aa23de7e-99a0-4426-935c-1ef50ebc6b2f,2019,The Manchester Metropolitan University,M40,10004180,,,,Spindle Point Primary School,105196,Primary
4318a0c9-a9c3-440e-a774-cb8578719102,2019,Sheffield Hallam University,S21,10005790,,,,Spire Junior School,112661,Primary
19b72bcc-82ad-43c1-ae37-fcf07ad170b5,2019,Birmingham City University,B25,10007140,,,,Spon Gate Primary School,131241,Primary
6a9922ad-6de4-4fec-a345-c0ce4da86564,2019,University of Hull,H72,10007149,,,,Spring Cottage Primary School,140587,Primary
0c31cb88-f778-4448-a561-12a1d46f8259,2019,University of Chichester,C58,10007137,,,,Springfield Infant School and Nursery,125967,Primary
5d8bf2e4-83e7-428b-b9b8-4dc537f6a7bc,2019,University of Derby,D39,10007851,,,,Springfield Junior School,143953,Primary
03e51357-9453-4ad9-8a3c-07f125c97b2f,2019,Canterbury Christ Church University,C10,10001143,,,,Spring Grove School 2003 Ltd,118992,Primary
e9a076fe-ba9b-41f2-b313-1e3976444fe0,2019,University of Derby,D39,10007851,,,,Springhead Primary School,124097,Primary
8c24b002-97d7-4247-858d-0050ef094553,2019,Edge Hill University,E42,10007823,,,,Springwell Park Community Primary School,134343,Primary
051fa220-d110-4519-b318-96d9c1b20af5,2019,Roehampton University,R48,10007776,,,,Springwell School,146822,Primary
f51f3ec0-cbe0-46f6-8d4e-7c40755eccb6,2019,University of Wolverhampton,W75,10007166,,,,SS Peter and Paul Catholic Primary Academy & Nursery,139894,Primary
335affdb-2b41-4619-800e-f3588781cabe,2019,The Manchester Metropolitan University,M40,10004180,,,,"Ss Simon & Jude CofE Primary School, Bolton",138957,Primary
4e18b31d-f0c6-402d-883f-605d2ff7e27d,2019,University of Wolverhampton,W75,10007166,,,,Stafford Grammar School,124489,Primary
e5c4abf1-aa70-4286-8c83-95239d9f842d,2019,Birmingham City University,B25,10007140,,,,Staffordshire University Academy,137164,Primary
b53ecebc-a26e-4663-8865-71a625002cd3,2019,Middlesex University,M80,10004351,,,,Stag Lane Primary School,102209,Primary
8d2cc46d-f7c6-4d00-9bfb-84a18ffd877b,2019,University of Huddersfield,H60,10007148,,,,St Aidan's Church of England Academy,143228,Primary
201d7c9c-3678-485e-aaa2-6ee1adec1ba2,2019,University of Northumbria at Newcastle,N77,10001282,,,,St Aidan's Church of England Primary School,132145,Primary
00fb98de-633e-44f6-b673-02b91524ae89,2019,Leeds Beckett University,L27,10003861,,,,Staincliffe Church of England Voluntary Controlled Junior School,107710,Primary
44d5a790-2e1f-44a8-a8bf-6a2b1cb87429,2019,Liverpool Hope University,L46,10003956,,,,St Alban's Catholic Primary School,105072,Primary
84974f52-6352-48f5-a2b2-689499cff0b8,2019,The Manchester Metropolitan University,M40,10004180,,,,"St Alban's Catholic Primary School, A Voluntary Academy",141811,Primary
690479de-77df-44ec-8565-959911d76a87,2019,University of Sunderland,S84,10007159,,,,"St Alban's Catholic Primary School, Pelaw",148410,Primary
14e98270-6c1a-4104-b2ce-17b3fede3620,2019,Liverpool Hope University,L46,10003956,,,,St Aloysius Catholic Primary School,131332,Primary
5bb8bd1b-a1f8-4761-a094-3f6f1fc3ad7d,2019,University of Huddersfield,H60,10007148,,,,Stalyhill Infant School,106222,Primary
3459a397-e051-4878-ae2d-5609bf837e59,2019,Newman University,N36,10007832,,,,St Ambrose Barlow Catholic Primary School,103465,Primary
bb7f58bc-b0b8-4299-98ef-078c36f26106,2019,Liverpool Hope University,L46,10003956,,,,St Ambrose Catholic Academy,149133,Primary
f5bd1249-e77c-4d1f-93d0-2d04d430e1f2,2019,The University of Brighton,B72,10000886,,,,Stanborough School,137847,Physical education
86e6c549-1d8c-4d6d-b3fb-e3b6287acd46,2019,University of Hertfordshire,H36,10007147,,,,Stanburn Primary School,102214,Primary
d934d3d9-0cf0-4ebe-8fdf-36190d23b060,2019,Edge Hill University,E42,10007823,,,,Standish Lower Ground St Anne's CofE Primary School,106468,Modern languages
ed79ee07-48a3-475a-8161-c0cb9a098e75,2019,Edge Hill University,E42,10007823,,,,Standish Lower Ground St Anne's CofE Primary School,106468,Primary
cdd2f3c3-7f62-4006-bd71-5ba908e7e13c,2019,The Manchester Metropolitan University,M40,10004180,,,,Standish St Wilfrid's Church of England Primary Academy,139883,Primary
a005a16d-9666-4d58-b8c1-d6e2a8ff19d5,2019,Birmingham City University,B25,10007140,,,,St Andrew's Benn CofE (Voluntary Aided) Primary School,130877,Primary
5eda0764-b2e1-4fa3-8b33-174722639c8f,2019,Plymouth Marjon University,P63,10037449,,,,St Andrew's Church of England Primary School,113479,Primary
4960a684-2659-4921-94f4-4a36a5a5b329,2019,University of Wolverhampton,W75,10007166,,,,St Andrew's Church of England Primary School,132806,Primary
465f0b89-65fe-4602-aa4e-628b64a28aec,2019,University of Hertfordshire,H36,10007147,,,,St Andrew's Church of England Voluntary Controlled Primary School,117407,Primary
6ad54957-4e75-4743-a784-f78bcd4d397b,2019,Sheffield Hallam University,S21,10005790,,,,St Andrew's CofE Junior School,112869,Primary
4c7cbf67-2a05-4d17-b103-8d058a653457,2019,Edge Hill University,E42,10007823,,,,St Andrew's CofE Primary School,105933,Primary
32c42e47-d288-4976-a161-8b1c76248c51,2019,University of Worcester,W80,10007139,,,,St Andrew's CofE School and Nursery,116811,Primary
e2f14bc2-46e7-46f0-b4e2-754c694a62e6,2019,The University Of East Anglia,E14,10007789,,,,"St Andrew's CofE VA Primary School, Lopham",121149,Primary
c308460a-2cc9-4d01-bf77-298eb6671535,2019,Liverpool Hope University,L46,10003956,,,,St Andrew the Apostle Catholic Primary School,104470,Primary
330d0f59-24fb-4a0d-9a72-5627bb62d4e0,2019,The University of Brighton,B72,10000886,,,,St Andrew the Apostle Greek Orthodox School,139410,Physical education
238ca3bb-2c47-4199-8d35-a5d213065efc,2019,The University of Brighton,B72,10000886,,,,Stanford Infant School,114377,Primary
c3faf7b6-c653-4709-b9a7-19780987bb1a,2019,University of Sussex,S90,10007806,,,,Stanford Junior School,114376,Primary
e688bc46-83df-4897-896e-ee56f496da04,2019,Edge Hill University,E42,10007823,,,,Stanley High School,144618,English
78272087-628b-4f90-a664-09903742b646,2019,St Mary's University,S64,10007843,,,,Stanley Primary School,102898,Primary
1b540348-81e1-451c-905a-deece4c75f15,2019,University of Greenwich,G70,10007146,,,,St Anne Line Catholic Infant School,115160,Primary
ff29d7e9-300d-4b2a-acf2-e666d1b27672,2019,Edge Hill University,E42,10007823,,,,St Anne's Catholic Primary School,104477,Primary
04312a3b-ed7b-440f-adeb-29f13487c74f,2019,Liverpool Hope University,L46,10003956,,,,St Anne's Catholic Primary School,104477,Primary
6a66a488-fa5b-49bd-b82f-fc0cccf85295,2019,Liverpool Hope University,L46,10003956,,,,St Anne's Catholic Primary School,105088,Primary
631a24ab-18a0-4ad1-a434-44b38c4e0742,2019,Birmingham City University,B25,10007140,,,,"St Anne's Catholic Primary School, Streetly",104241,Primary
0cafc4cd-3369-4624-82d6-1a54a949a46e,2019,Lincoln Bishop University,B38,10007811,,,,St Anne's CofE (Aided) Primary School,122794,Primary
d1420d26-fcbd-44a3-a900-6f871b1e8744,2019,Edge Hill University,E42,10007823,,,,St Annes on Sea St Thomas' Church of England Primary School,119552,Primary
dcca4e14-a556-48de-a0cc-222f944e4f4f,2019,Canterbury Christ Church University,C10,10001143,,,,St Anne's School,115388,Primary
2d2383c9-61b2-4a3d-8d41-2b87a7628f84,2019,Sheffield Hallam University,S21,10005790,,,,St Ann's Primary School,147938,Primary
1570f915-296d-45b8-bca1-f950d29626dc,2019,The Manchester Metropolitan University,M40,10004180,,,,St Ann's RC Primary School,133284,Primary
004c7cb1-3b33-4b1c-9975-1acbef2a0814,2019,Liverpool Hope University,L46,10003956,,,,St Anthony of Padua Catholic Primary School,104676,Primary
ee22e517-b39d-4797-938a-c5a5d275f9e0,2019,University of Chichester,C58,10007137,,,,St Anthony's School,126155,Primary
e8a90888-cfc1-484c-8afd-8116d255a225,2019,University of Hull,H72,10007149,,,,St Anthony's Voluntary Catholic Academy,144102,Primary
d898145d-1362-40fd-b6ec-8b74cd8989fa,2019,The University Of East Anglia,E14,10007789,,,,Stanton Community Primary School,124547,Primary
aeb618dd-2fa9-4f5c-90af-1f0382d19499,2019,University of Chester,C55,10007848,,,,Stanton Road Primary School,143504,Primary
37615d82-ac68-478e-b218-fda540a0bca6,2019,Lincoln Bishop University,B38,10007811,,,,Stathern Primary School,119952,Primary
34710b1a-a2cd-454e-bdd2-b075bbf1eb03,2019,Newman University,N36,10007832,,,,St Augustine's Catholic Primary School,103431,Primary
b35b0ae8-0a73-446d-8efd-89f9e547f040,2019,Leeds Beckett University,L27,10003861,,,,"St Augustine's Catholic Primary School, A Voluntary Academy",147482,Primary
9d19a0c2-12ba-421e-ab16-38557cd7a2e3,2019,The Manchester Metropolitan University,M40,10004180,,,,St Augustine's CofE Primary School,105490,Primary
f49d8217-3385-4976-8437-d4d6bfba914d,2019,Lincoln Bishop University,B38,10007811,,,,St Augustine's CofE (Voluntary Aided) Junior School,110853,Primary
1d61050f-397b-469f-9562-b79022ea2f55,2019,Leeds Trinity University,L24,10003863,,,,St Austin's Catholic Primary School,142155,Primary
988d33eb-eb99-4e7a-b41b-78b208058b7a,2019,York St John University,Y75,10007713,,,,Staveley Community Primary School,121419,Primary
8fe1b584-4e83-4d5f-a1ff-690f84a2fb56,2019,University of Derby,D39,10007851,,,,Staveley Junior School,112627,Primary
219f9302-bcfe-4f58-9d9d-5b20afe327fe,2019,York St John University,Y75,10007713,,,,Staynor Hall Primary Academy,141880,Primary
99578bad-c203-4ed3-adea-88bd303d1c6d,2019,Lincoln Bishop University,B38,10007811,,,,"St Barnabas CofE Primary School, Barnetby",118004,Primary
00039b97-b38b-44f0-9a58-dea33e40b9df,2019,University of Hertfordshire,H36,10007147,,,,"St Bartholomew's Church of England Voluntary Aided Primary School, Wigginton",117463,Primary
a5bb779f-b82b-4ded-a9c8-4975ac0201d4,2019,The University of Brighton,B72,10000886,,,,St Bartholomew's CofE Primary School,114538,Primary
05c10b0d-f982-446b-aad7-bc8070023ba2,2019,Birmingham City University,B25,10007140,,,,St Bede's Catholic Middle School,141064,Primary
94ad2b4d-faba-44e8-b84b-5d5c59ddbedc,2019,University of Reading,R12,10007802,,,,St Bede's Catholic Primary School,116380,Primary
3cbf240c-de44-4d11-bbb2-b6efa9718065,2019,Edge Hill University,E42,10007823,,,,St Benedict's Catholic Primary School,111323,Primary
809b3ff7-a3db-41e2-8ec0-1da0bc911b12,2019,Leeds Trinity University,L24,10003863,,,,St Benedict's Catholic Primary School,138945,Primary
0eac6b83-a8b2-430b-a0f3-e708d41d4ee9,2019,The Manchester Metropolitan University,M40,10004180,,,,St Boniface RC Primary School,105962,Primary
1eee9fb8-6563-4aaa-8788-3b04f3465961,2019,Canterbury Christ Church University,C10,10001143,,,,St Botolph's Church of England Primary School,141579,Primary
0bd8e117-f333-4087-a49d-96c08666b026,2019,Edge Hill University,E42,10007823,,,,St Brigid's Catholic Primary School,104474,Primary
786f2b49-6be4-46aa-bba7-0641026adab0,2019,University Of Plymouth,P60,10007801,,,,St Budeaux Foundation CofE (Aided) Junior School,113483,Primary
ce412144-6fe3-41d2-8ecf-bccd9878bfad,2019,University of Hertfordshire,H36,10007147,,,,St Catherine of Siena Catholic Primary School,138288,Primary
4b980e3c-d9f0-4723-a34a-53b0a87e305c,2019,Edge Hill University,E42,10007823,,,,"St Catherine's Catholic Primary School, Lowton",106507,Primary
3db70152-3471-40ba-9487-09211d977b79,2019,University Of Plymouth,P60,10007801,,,,St Catherine's CofE Primary School,142804,Primary
e1d128f4-aaaa-4b52-b0f3-2ae7dcb97d4c,2019,The University of Brighton,B72,10000886,,,,St Catherine's College,143035,Physical education
79b94f4a-40cb-4964-aaa4-aa73b8d2dc63,2019,University of Hertfordshire,H36,10007147,,,,St Catherine's Hoddesdon CofE Primary School,133773,Primary
5cc67989-19df-4711-8177-72b1cd805299,2019,University of Hertfordshire,H36,10007147,,,,St Catherine's RC School,101333,Primary
8d1cb1f1-f6f4-4a41-ba1a-2eeb6f1c8bb2,2019,Liverpool Hope University,L46,10003956,,,,St Cecilia's Catholic Infant & Nursery School,104677,Primary
b53638bb-004c-4ece-9873-d215de777270,2019,Liverpool Hope University,L46,10003956,,,,St Cecilia's Catholic Junior School,104645,Primary
543ada7c-78c4-410c-8f94-6dcec8c6cbb4,2019,Birmingham City University,B25,10007140,,,,St Chad's Catholic Primary School,148440,Primary
16b4e5d5-9416-4926-a78f-0e159d21b819,2019,University of Wolverhampton,W75,10007166,,,,St Chad's Catholic Primary School,140144,Primary
3dacc73c-be6f-4d22-9be7-863bf5c79dd6,2019,University of Huddersfield,H60,10007148,,,,St Chad's Church of England Primary School,140589,Primary
1de70206-e21f-4846-8246-eb73e446e22a,2019,Liverpool Hope University,L46,10003956,,,,St Charles' Catholic Primary School,104646,Primary
0f7f946e-66c7-4cbc-adbe-3f010e61f7bc,2019,Liverpool Hope University,L46,10003956,,,,St Christopher's Catholic Primary School,133615,Primary
f39de966-f8ed-4e4e-a628-c3040fb38964,2019,University of Wolverhampton,W75,10007166,,,,St Christopher's Catholic Primary School,124374,Primary
bb99a93c-a913-4665-bbac-de5800318531,2019,Oxford Brookes University,O66,10004930,,,,"St Christopher's Church of England School, Cowley",140556,Primary
217b334f-29ad-4b31-9251-b6fbfc0c2df5,2019,Birmingham City University,B25,10007140,,,,St Clare's Catholic Primary School,103476,Primary
24f4fb60-e133-4f01-ab84-947c2ae7b8c1,2019,St Mary's University,S64,10007843,,,,St Clare's Catholic Primary School,111311,Primary
409b5c80-3599-4ca9-8283-aaf9c9c62744,2019,Leeds Trinity University,L24,10003863,,,,"St. Clare's Catholic Primary School, A Voluntary Academy",148477,Primary
41805ee5-95ff-416a-b60e-ba38977c9461,2019,The Manchester Metropolitan University,M40,10004180,,,,St Clement's CofE Primary School,105501,Primary
bc6aba10-5a85-4125-97a1-07facd36bfd2,2019,Canterbury Christ Church University,C10,10001143,,,,St Crispin's Community Primary Infant School,118411,Primary
5b474572-bf7c-4a36-959c-644970043b95,2019,University of Cumbria,C99,10007842,,,,St Cuthbert's Catholic Academy,141115,Primary
661c1891-211a-4b22-86a1-b6ca0d4b23c7,2019,Edge Hill University,E42,10007823,,,,St Cuthbert's Catholic Primary and Nursery School,104649,Primary
1e8d266b-e16f-4358-997b-16a693b23415,2019,Edge Hill University,E42,10007823,,,,St Cuthbert's Church of England Primary School,119615,Primary
1045d65c-c2ac-40dd-9d7e-52feb152756f,2019,Edge Hill University,E42,10007823,,,,St Damian's RC Science College,106270,Mathematics
9b6bfa83-0059-4cbc-9c4a-5266bfe7511c,2019,University of Gloucestershire,G50,10007145,,,,St David's Church of England Primary School,139170,Primary
81149c52-eb43-4782-92a9-6229623fa47d,2019,University Of Plymouth,P60,10007801,,,,St David's CofE Primary School,142559,Primary
e15b7092-5468-42de-8668-29f69fe7ff2d,2019,Plymouth Marjon University,P63,10037449,,,,St Dominic CofE VA School,112029,Primary
c2d79bcf-f4d4-4717-b94b-08f323a9f826,2019,Birmingham City University,B25,10007140,,,,St Edmund's Catholic Primary School,103440,Primary
10f41648-6d70-4fa8-98cc-dd916dce10a5,2019,University of Greenwich,G70,10007146,,,,St. Edmund's Church of England Primary School,130948,Primary
e1988ceb-ea1e-4da3-9e6e-527903e68856,2019,University of Derby,D39,10007851,,,,St Edward's Catholic Academy,143513,Primary
4aff3b0e-a6ab-4868-80ce-2a399d3ee163,2019,Canterbury Christ Church University,C10,10001143,,,,St Edward's Catholic Primary School,141634,Primary
5cdbf23c-8fe5-4212-91f6-352238f089e0,2019,Staffordshire University,S72,10006299,,,,St Edward's Church of England Academy,139171,Primary
cc8c2979-04e3-4075-ab4c-3f85ebc13776,2019,Roehampton University,R48,10007776,,,,St Edward's Church of England Voluntary Aided Primary School,102328,Primary
156cb557-9774-4bf9-a118-9426ecf694a7,2019,St Mary's University,S64,10007843,,,,St Edward's Church of England Voluntary Aided Primary School,102328,Primary
2d0adb5b-5ce9-44b8-bc2a-eb033e978b49,2019,Plymouth Marjon University,P63,10037449,,,,St Edward's CofE Primary School,142443,Primary
5f624e43-ba94-4ad9-88d2-0b67a98f7407,2019,University of Cumbria,C99,10007842,,,,"St Edward's RC Primary School, a Voluntary Academy",150080,Primary
95f285ab-3a94-4b9f-9ae1-e0f13eb0cf1a,2019,Middlesex University,M80,10004351,,,,St Elizabeth Catholic Primary School,133288,Primary
a9f43fef-832c-4c22-9d2b-d2b2d94153f4,2019,St Mary's University,S64,10007843,,,,St Elizabeth's Catholic Primary School,102910,Primary
de19dfe5-e18d-4a68-8b0a-9b45444f7385,2019,Canterbury Christ Church University,C10,10001143,,,,Stella Maris Catholic Primary School,141629,Primary
b9424a29-45bf-4709-9a1d-4b4f1a171137,2019,Canterbury Christ Church University,C10,10001143,,,,Stelling Minnis Church of England Primary School,118681,Primary
6bec63cd-fde2-4af6-8dfd-c73ef391db51,2019,St Mary's University,S64,10007843,,,,St Elphege's RC Infants' School,102997,Primary
61128bbf-5e0b-4120-a1ca-1a0abc63179c,2019,University of Cumbria,C99,10007842,,,,Stepping Stones School,119103,Primary
a81b0827-53fc-40f9-a0af-95f8eb2b79e4,2019,University of Greenwich,G70,10007146,,,,Stewart Fleming Primary School,137035,Primary
b342d386-0f16-4d87-bc3f-5ddf05b0026c,2019,St Mary's University,S64,10007843,,,,St Francis Catholic Primary School,125203,Primary
a7b5aca2-4345-4322-bdcf-245b6aa76cc8,2019,Edge Hill University,E42,10007823,,,,"St Francis Catholic Primary School, Goosnargh",119633,Primary
c2054d9c-4c86-4795-ba96-f0bd59e42ee6,2019,Liverpool Hope University,L46,10003956,,,,St Francis de Sales Catholic Infant and Nursery School,104651,Primary
ddf66028-9d0b-413e-8053-0f816c58d2d6,2019,University of Wolverhampton,W75,10007166,,,,St Francis of Assisi Catholic College,104255,Computing
0671b646-a017-425b-b96c-4f4d16c03ecd,2019,Edge Hill University,E42,10007823,,,,St Francis of Assisi Catholic Primary School,134598,Primary
304d0a7c-66a4-45fe-8ea4-e4694f451fc1,2019,Leeds Trinity University,L24,10003863,,,,"St Francis of Assisi Catholic Primary School, a Voluntary Academy",148739,Primary
42005faf-7252-4b6a-a6d6-f410a37aa863,2019,Staffordshire University,S72,10006299,,,,St George and St Martin's Catholic Academy,140145,Primary
c39b6c0a-cafd-4021-ade2-f655e312e53a,2019,Birmingham City University,B25,10007140,,,,St George and St Teresa Catholic Primary School,148088,Primary
2a09ea71-3c00-496f-8a16-958924583858,2019,Canterbury Christ Church University,C10,10001143,,,,St George's Church of England Voluntary Controlled Primary School,118635,Primary
bd617353-c448-4061-b057-0902a9c790f5,2019,The Manchester Metropolitan University,M40,10004180,,,,St George's CofE Primary School,131038,Mathematics
f9d26253-4c81-47ac-9d01-7e6c2d37168a,2019,St Mary's University,S64,10007843,,,,St George's Primary Catholic Voluntary Academy,146176,Primary
53a84619-c046-49f4-a4f6-ef7b0f7c3c2d,2019,University of Hull,H72,10007149,,,,St George's Primary School,143226,Primary
4d91b42f-932f-428e-bb80-c05268fcc8c8,2019,Liverpool Hope University,L46,10003956,,,,St Gerard's Catholic Primary and Nursery School,111391,Primary
a3153046-57c0-49f5-b6c6-e868282796b3,2019,Sheffield Hallam University,S21,10005790,,,,St Gerard's Catholic Primary School,139877,Primary
fcc58b5f-1ab4-4c21-b4da-d6ebaf583a23,2019,University Of Plymouth,P60,10007801,,,,St Germans Primary School,111982,Primary
21fd8393-0528-4cff-a8f9-bed477ed11a2,2019,"University of the West of England, Bristol",B80,10007164,,,,St Gildas Catholic Primary School,148952,Primary
7ec63c43-a46a-4815-9235-2ca5d6169b8e,2019,University of Wolverhampton,W75,10007166,,,,St Giles Church of England Primary School,104226,Primary
f9072d20-023e-449c-842c-419a70906d71,2019,Canterbury Christ Church University,C10,10001143,,,,St Giles' Church of England Primary School,115068,Primary
acf41575-06ab-4090-aa8d-bf36e7936e2d,2019,Kingston University,K84,10003678,,,,St Giles' CofE (Aided) Infant School,125190,Primary
b4d2d9e6-0138-4157-aea8-66ea75493066,2019,Birmingham City University,B25,10007140,,,,St Gregory's Catholic Primary School,141924,Primary
d55c603c-1d0d-4e9e-8e1a-b91984304e46,2019,Newman University,N36,10007832,,,,St Gregory's Catholic Primary School,141924,Primary
475d1b86-abc7-4135-b087-3aa01231ef28,2019,The Manchester Metropolitan University,M40,10004180,,,,St Gregory's Catholic Primary School,111327,Primary
fe78d1e0-1ed7-4903-a59a-76e859158bb0,2019,The University of Northampton,N38,10007138,,,,St Gregory's Catholic Primary School,142733,Primary
cb43a3de-def7-4b1e-9608-d7f018dd8ef7,2019,University of Hertfordshire,H36,10007147,,,,St Helen's Church of England Primary School,117462,Primary
96a740a3-09cd-4797-a526-0b5f287a018e,2019,The Manchester Metropolitan University,M40,10004180,,,,St Herbert's RC School,105722,Primary
cd9a38c9-019b-4b19-96f6-635a787e2d7b,2019,Liverpool Hope University,L46,10003956,,,,St Hugh's Catholic Primary School,104652,Primary
1ff05f65-87b4-4129-8bbf-fa6fc2302d51,2019,University of Hertfordshire,H36,10007147,,,,St Ippolyts Church of England Aided Primary School,117440,Primary
7a4bc762-93cc-47fd-8e27-f04a0e8caa09,2019,The Manchester Metropolitan University,M40,10004180,,,,St James' Catholic High School,106142,Drama
e0b88b61-5f83-48be-ad58-8a99377bbf74,2019,Edge Hill University,E42,10007823,,,,St James' Catholic Primary School Orrell,106492,Primary
7a5f9bea-1f9c-4711-b8c4-f439179a85a5,2019,Edge Hill University,E42,10007823,,,,"St James' Catholic Primary School, Skelmersdale",119588,Primary
3a457883-202a-4dbf-a347-f797e6048949,2019,Birmingham City University,B25,10007140,,,,St James Church of England Primary Academy,143347,Primary
920acd54-16c8-4168-9876-2aea4266e2ba,2019,The Manchester Metropolitan University,M40,10004180,,,,St James' Church of England Primary School,145107,Primary
96bc4980-ebb1-42ba-b9e2-ab57728b1f0a,2019,Edge Hill University,E42,10007823,,,,St James' Church of England Primary School Blackburn,119502,Primary
03e2c6c2-781e-4969-98ce-ae6b20156ad6,2019,Kingston University,K84,10003678,,,,St James CofE Primary School,125163,Primary
2c694dcf-e9d8-4069-8681-3f161a82b504,2019,Newman University,N36,10007832,,,,St James' CofE Primary School,116885,Primary
85a854d6-b95e-4568-9eb5-34f5b1373202,2019,Newman University,N36,10007832,,,,St John Bosco Catholic Primary School,148535,Primary
598c1cf0-13b3-4a45-ba3a-c5e741b6a8f7,2019,Edge Hill University,E42,10007823,,,,St John Fisher Catholic Primary School,111392,Primary
bcec66c2-af60-44b3-98be-879bf73bf050,2019,Sheffield Hallam University,S21,10005790,,,,"St John Fisher Primary, A Catholic Voluntary Academy",140025,Primary
02d281c1-1479-40db-991a-a341d2fb424d,2019,St Mary's University,S64,10007843,,,,St John Fisher RC Primary School,102671,Primary
64431b8d-6e86-4791-9c46-d482b7226592,2019,University of Hertfordshire,H36,10007147,,,,St John's Church of England Infant and Nursery School,147818,Primary
971fd5b0-8c1d-414c-a016-1274bb230e4f,2019,University of Reading,R12,10007802,,,,St John's Church of England Primary School,142735,Primary
9fe39dca-bcc6-4621-97aa-45157efba2cd,2019,University of Wolverhampton,W75,10007166,,,,St John's Church of England Primary School,104228,Primary
dceff7dc-a117-45d1-97b0-18beaff6541f,2019,Canterbury Christ Church University,C10,10001143,,,,St Johns Church of England Primary School,137071,Primary
5c822051-7fe2-4788-94e8-4a5061d6fdf1,2019,Sheffield Hallam University,S21,10005790,,,,St John's CofE Academy,142507,Primary
6560da83-be8b-43d7-b915-8cb53392e069,2019,Birmingham City University,B25,10007140,,,,St John's Primary Academy,141822,Primary
e9d0cfc6-e586-4324-849e-ab8bdd7a35e1,2019,The Manchester Metropolitan University,M40,10004180,,,,"St John's Roman Catholic Primary School, Rochdale",105826,Primary
351dcb68-6e8e-4ee2-91eb-91a28f80838c,2019,University of Chester,C55,10007848,,,,St John the Baptist CofE (Controlled) Primary School and Nursery,123498,Primary
096dc2e4-9031-4560-81a3-6fa3bc5c1c3c,2019,Nottingham Trent University,N91,10004797,,,,St John the Baptist CofE Primary School,120230,Primary
ece86a9d-3326-4376-88b7-adc4fbca2803,2019,Birmingham City University,B25,10007140,,,,St John Wall Catholic School,103534,Physical education
e673d510-6760-4919-acc9-9197da1c3a79,2019,University of Hertfordshire,H36,10007147,,,,St Joseph Catholic Primary School,117465,Primary
ed18b35d-5158-4bed-b49f-f84c5cf67f9d,2019,University of Derby,D39,10007851,,,,St Josephs Catholic Academy,138115,Primary
7ff21493-d690-4663-9424-7d4fbe90d7bf,2019,Sheffield Hallam University,S21,10005790,,,,St Joseph's Catholic and CofE (VA) Primary School,134773,Primary
3b24b56f-b16c-41d4-a31b-8e17e1b48496,2019,Leeds Trinity University,L24,10003863,,,,St Joseph's Catholic Primary Academy,148479,Primary
2efcee30-fbc7-44c3-b17f-feb69d5461e9,2019,Leeds Trinity University,L24,10003863,,,,St Joseph's Catholic Primary Academy,148480,Primary
9ea67483-7383-4d2c-869d-91bc914523d3,2019,Leeds Trinity University,L24,10003863,,,,St Joseph's Catholic Primary Academy,148482,Primary
d1b9c8d8-555e-4e82-b76f-eddb983c964d,2019,Lincoln Bishop University,B38,10007811,,,,St Joseph's Catholic Primary and Nursery School,142093,Primary
967b9aed-12bb-40f9-bc1e-dd86af3900ed,2019,Birmingham City University,B25,10007140,,,,St Joseph's Catholic Primary School,140528,Primary
d123c351-6298-419a-ada4-4766a4d975d4,2019,Leeds Trinity University,L24,10003863,,,,St Joseph's Catholic Primary School,143032,Primary
48acce59-19c4-4991-9905-8259664e7e03,2019,University of Greenwich,G70,10007146,,,,St Joseph's Catholic Primary School,100169,Primary
89840b83-02e8-49e3-bac0-49df70004968,2019,University of Sussex,S90,10007806,,,,St Joseph's Catholic Primary School,147937,Primary
ea59ac44-70d4-466c-9a56-086d4d05476f,2019,University of Wolverhampton,W75,10007166,,,,St Joseph's Catholic Primary School,116925,Primary
918c7735-d10f-4597-a814-d811414add5c,2019,University of Wolverhampton,W75,10007166,,,,St Joseph's Catholic Primary School,140147,Primary
f6e2372d-a1c4-4511-85fc-638f9f3d0fdd,2019,University of Northumbria at Newcastle,N77,10001282,,,,"St Joseph's Catholic Primary School, Blaydon",108395,Primary
d2fbac0c-aa2b-4543-b209-d9a9026a6c0a,2019,St Mary's University,S64,10007843,,,,"St Joseph's Catholic Primary School, Bracknell",110027,Primary
c7802af9-1192-4e14-956c-f912cc36bd8f,2019,Leeds Trinity University,L24,10003863,,,,"St Joseph's Catholic Primary School, Harrogate, A Voluntary Academy",142159,Primary
94e7c504-fac3-4d83-8b26-e75ae2e6857a,2019,Leeds Trinity University,L24,10003863,,,,St Joseph's Catholic Primary School Pontefract,138947,Primary
25ce25f7-7655-41fc-842e-45583ef026a7,2019,The Manchester Metropolitan University,M40,10004180,,,,"St. Joseph's Catholic Primary School, Reddish",136430,Primary
b7f468c9-73e5-4a92-b4f4-5c53291eddf0,2019,Liverpool Hope University,L46,10003956,,,,"St Joseph's Catholic Primary School, Wallasey",105073,Primary
dcca314a-bb37-42d9-ab4a-f521ee9005bc,2019,Leeds Trinity University,L24,10003863,,,,"St Joseph's Catholic Primary School, Wetherby",108020,Primary
a0a59844-ee55-4e5b-a3ac-1fc0eb7e18ea,2019,Edge Hill University,E42,10007823,,,,"St Joseph's Catholic Primary School, Wrightington",119696,Modern languages
b9030c07-f4c6-4ebb-82e7-f191ab432552,2019,University of Chichester,C58,10007137,,,,St. Joseph's CofE Junior School,143553,Primary
4e1d2067-2755-4d85-b345-3762d832a6a6,2019,The University of Brighton,B72,10000886,,,,St Joseph's College,138221,Physical education
21115db6-67c6-4e06-80d9-2cf61b98ce8b,2019,University College London,U80,10007784,,,,St Joseph's College,138221,Psychology
5e608665-5d66-440a-8789-dca6258711fa,2019,University of Chichester,C58,10007137,,,,St. Joseph's Infant School,148286,Primary
c558d1f7-ab9c-42ba-a9db-8acb3feae7ed,2019,Sheffield Hallam University,S21,10005790,,,,St Joseph's Primary School,139346,Primary
67c318f7-c80e-4528-a9a4-c5e33ab935b5,2019,Birmingham City University,B25,10007140,,,,St Joseph's RC Primary School,141477,Primary
6ef96262-b0b3-43d2-8525-62a482ae8a1b,2019,Roehampton University,R48,10007776,,,,St Joseph's Roman Catholic Primary School,100832,Primary
c231534f-e845-416f-845e-8b98bde442a4,2019,St Mary's University,S64,10007843,,,,St Joseph's Roman Catholic Primary School,101555,Primary
b707f2f4-09bd-41d7-b623-9e13d0a618b0,2019,The Manchester Metropolitan University,M40,10004180,,,,"St Joseph's Roman Catholic Primary School, Rochdale",105833,Primary
33dfabed-0928-436c-9e02-a8f1f84e0703,2019,University of Northumbria at Newcastle,N77,10001282,,,,"St Joseph's Roman Catholic Voluntary Aided Primary School, Coundon",114264,Primary
da6b4c2c-7fd1-43de-8893-506b045a9065,2019,Liverpool Hope University,L46,10003956,,,,St Joseph the Worker Catholic Primary School,131836,Primary
2b703c48-f834-4b6d-821a-8ee0ac1eaefc,2019,University of Cumbria,C99,10007842,,,,St Kentigern's Catholic Primary School,119599,Primary
dd2ac77b-dfbe-49da-8b43-70e8dad5d16a,2019,University of Cumbria,C99,10007842,,,,St Kentigern's Catholic Primary School,149262,Primary
f399dbbf-703f-41b7-8c20-6a04991c9746,2019,Canterbury Christ Church University,C10,10001143,,,,St Laurence In Thanet Church of England Junior Academy,138592,Primary
3eec453c-bb07-4fd0-9ab0-d8cc8bbd395b,2019,The University of Brighton,B72,10000886,,,,St Lawrence CofE Primary School,139879,Primary
b998ec29-b069-4cfb-834f-e314a977a6c1,2019,Edge Hill University,E42,10007823,,,,St Leo's and Southmead Catholic Primary School Serving the Community,104475,Primary
2dbd3d9a-5f54-4dc6-8be2-96f8e239677f,2019,Edge Hill University,E42,10007823,,,,St Lewis Catholic Primary School,111368,Primary
5a9fa9ee-47b8-4838-99d0-ee2ad5c9e038,2019,Leeds Beckett University,L27,10003861,,,,St Luke's Church of England Primary School,105805,Primary
cbd54b0e-0e60-4fd4-aa5f-40c47bad6cc6,2019,The Manchester Metropolitan University,M40,10004180,,,,St Luke's Church of England Primary School,105805,Primary
434851f6-1209-4d82-82c6-ecac8b89dd43,2019,Staffordshire University,S72,10006299,,,,St Luke's CofE (C) Primary School,124267,Primary
b760531f-b66e-4be5-93d2-6ab3b2f3d707,2019,Leeds Trinity University,L24,10003863,,,,St Luke's CofE Primary School,107305,Primary
2eb301ed-0ece-4c7a-b270-ce93550be7c1,2019,The Manchester Metropolitan University,M40,10004180,,,,St Malachy's RC Primary School,105532,Mathematics
376ed0b9-c884-4dde-8692-d6c96f2d9c1a,2019,University of Reading,R12,10007802,,,,"St Margaret Clitherow Catholic Primary School, Bracknell",142319,Primary
0be7a2ab-2d92-43e7-bd39-6f4eb2f42462,2019,Middlesex University,M80,10004351,,,,St Margaret Clitherow RC Primary School,146179,Primary
60f92a53-b2c7-4036-974b-6931cbb6c57e,2019,Liverpool Hope University,L46,10003956,,,,St. Margaret's Anfield Church of England Primary School,134245,Primary
78c66bb5-0e97-457d-80fb-6e03060f7b33,2019,University of Chichester,C58,10007137,,,,St Margaret's CofE Primary School,126018,Primary
b00dec3a-d619-491b-8ea1-e7429aae4c3f,2019,University of Sussex,S90,10007806,,,,St Margaret's CofE Primary School,126043,Primary
0cc415d9-0cb3-4fe0-a511-bfef209ae0d2,2019,University of Sussex,S90,10007806,,,,"St Margaret's CofE Primary School, Rottingdean",114537,Primary
0b2213c8-cce8-4513-a331-1a2123398e12,2019,Canterbury Christ Church University,C10,10001143,,,,St Margaret's Lee CofE Primary School,100724,Primary
c18a8cc6-a931-4cd5-a640-61c8bc6a6d44,2019,The Manchester Metropolitan University,M40,10004180,,,,St Margaret Ward Catholic Primary School,106359,Primary
b3c898f5-89cc-4c29-a733-e5e92eacbddc,2019,Sheffield Hallam University,S21,10005790,,,,"St Marie's School, A Catholic Voluntary Academy",138848,Primary
4f690079-3af5-456d-be65-6bd2f2397525,2019,Roehampton University,R48,10007776,,,,St Mark's Primary School,102645,Primary
78be4578-4470-4f2e-a71f-1bdf3be6ab71,2019,Newman University,N36,10007832,,,,St Martin de Porres Catholic Primary School,103467,Primary
a157d490-009a-4a03-99d9-2a9f479eb3f5,2019,"University of the West of England, Bristol",B80,10007164,,,,St Martin's Church of England Primary School,144921,Primary
1125f849-f6ce-4ed5-8814-416a6d93b666,2019,Kingston University,K84,10003678,,,,"St Martin's CofE Aided Infant School, Epsom",125157,Primary
eae766e1-94cf-4189-9a63-d882596e7f26,2019,University of Sussex,S90,10007806,,,,St Martin's CofE Primary School,114539,Primary
9ac8aeec-1d1a-481f-a8eb-a9a5b7d0fe3a,2019,The University of Brighton,B72,10000886,,,,St Martin's School Brentwood,136875,Physical education
6a783c41-f371-4298-bfd1-92a472dbb40b,2019,Two Mile Ash ITT Partnership,T89,10059102,,,,St Mary and St Giles Church of England School,147891,Primary
11cb3acf-d679-4a5d-984e-b82e69444663,2019,Oxford Brookes University,O66,10004930,,,,St Mary and St John Church of England Primary School,123213,Primary
0f452401-b37a-4078-a1a0-8ca79a8f2d0d,2019,St Mary's University,S64,10007843,,,,St Mary and St Michael Primary School,131936,Primary
b7cd2739-d373-40d9-a042-0d62f948d6a2,2019,University of Northumbria at Newcastle,N77,10001282,,,,St Mary and St Thomas Aquinas Catholic Primary School,108392,Primary
80340599-82c1-4a95-8d8d-d23d32ff9ef7,2019,The Manchester Metropolitan University,M40,10004180,,,,"St Mary Magdalene's Roman Catholic Primary School, Burnley",119489,Primary
e6dbd167-480c-4111-b042-c045865748ce,2019,St Mary's University,S64,10007843,,,,St Mary Magdalen's Catholic Primary School,102909,Primary
410adf59-e526-4581-b1a0-0a24b4acc562,2019,Edge Hill University,E42,10007823,,,,St Mary of the Angels Catholic Primary School,111357,Primary
747db26a-8621-4500-86b4-5285ff4a5e77,2019,Leeds Beckett University,L27,10003861,,,,St Mary Queen of Martyrs VC Academy,140903,Primary
f8963816-c85c-4eed-9b57-187f663eda36,2019,University of Hull,H72,10007149,,,,St Mary Queen of Martyrs VC Academy,140903,Primary
b66ff317-0aa7-4268-80a5-a800b1e1ebf9,2019,University of Hertfordshire,H36,10007147,,,,St Mary Roman Catholic Primary School,138292,Primary
b3735118-1b83-4eb1-9264-e33f1c73b28a,2019,Birmingham City University,B25,10007140,,,,St Mary's Catholic Primary School,149316,Primary
007b0b3b-aa9a-41d7-a3b3-23e16431be61,2019,Sheffield Hallam University,S21,10005790,,,,St Mary's Catholic Primary School,139880,Primary
da7537dc-8064-4afb-b8e7-fbb1dd911924,2019,The Manchester Metropolitan University,M40,10004180,,,,St Mary's Catholic Primary School,111340,Primary
e58dd934-5160-4019-93ca-1f472bd12bca,2019,University of Chichester,C58,10007137,,,,St Mary's Catholic Primary School,126037,Primary
e64ffbf2-6243-48c1-9560-20fa261240bc,2019,University of Sussex,S90,10007806,,,,St Mary's Catholic Primary School,126037,Primary
dd58cfa6-9c89-4b24-afac-0d5343928fc6,2019,"University of the West of England, Bristol",B80,10007164,,,,St Mary's Catholic Primary School,137031,Primary
aff544d7-5e69-444c-84c0-fa5a59bc6e05,2019,Plymouth Marjon University,P63,10037449,,,,"St Mary's Catholic Primary School, Bodmin",140773,Primary
070b825d-b89b-436a-aea6-a8248435aa18,2019,Canterbury Christ Church University,C10,10001143,,,,"St Mary's Catholic Primary School, Whitstable",142162,Primary
3b79d18d-faf3-4217-b0e9-d16beed1ca18,2019,Leeds Trinity University,L24,10003863,,,,St Marys Church of England Primary Academy,147633,Primary
8f16b317-5d52-4bd7-adbf-67a2cfe0b345,2019,St Mary's University,S64,10007843,,,,St Mary's Church of England Primary School,102914,Primary
86b6136b-62f2-47ae-8d6b-c3d7b4dcbec7,2019,St Mary's University,S64,10007843,,,,St Mary's Church of England Primary School,111316,Primary
a160acfd-b65c-407b-8e59-05fd84f39c3f,2019,The Manchester Metropolitan University,M40,10004180,,,,St Mary's Church of England Primary School,144210,Primary
e88883c7-14f9-44ac-9f01-2fc6c1c7fca4,2019,Liverpool Hope University,L46,10003956,,,,"St Mary's Church of England Primary School, West Derby",104624,Primary
dbabdf1e-dc1b-4ecb-b312-40cb9c43c5e9,2019,University of Hull,H72,10007149,,,,"St Mary's Church of England Voluntary Controlled Primary School, Beverley",118030,Primary
8fd85ecd-83e5-4edb-a06a-ac7e6339affc,2019,University of Wolverhampton,W75,10007166,,,,St Mary's CofE First Academy,146427,Primary
6c36da52-6d4c-49a5-84f7-473bc29a927b,2019,The University of Brighton,B72,10000886,,,,St Mary's CofE Primary School,125194,Primary
420bad19-b9d5-413a-8f51-e2ed3a468a0f,2019,University of Cumbria,C99,10007842,,,,St Mary's CofE Primary School,112323,Primary
d936481f-37ac-45e9-a907-fa16f6743ef5,2019,University of Worcester,W80,10007139,,,,St Mary's CofE Primary School,116799,Primary
d8520d38-3a6b-43aa-bd27-123cc94fa615,2019,University of Reading,R12,10007802,,,,St Mary's Farnham Royal CofE Primary School,110435,Primary
d0ce3f06-d543-47dd-8e95-27972d1159ec,2019,St Mary's University,S64,10007843,,,,St Mary's Hampton Church of England Primary,139421,Primary
0269f0c9-1aaa-4ee8-bcf6-f5da367dbab3,2019,St Mary's University,S64,10007843,,,,St Mary's RC Infants School,102995,Primary
97dfcd0d-3cb5-4141-9556-e009656040aa,2019,University of Chester,C55,10007848,,,,St Mary's R.C. Primary School,400456,Primary
ad52019f-3644-4f28-9b78-0533c759ab40,2019,Edge Hill University,E42,10007823,,,,"St Mary's Roman Catholic Primary School, a Voluntary Academy",147592,Primary
41c3926b-2ad4-4ed7-8795-b900a6fd40c6,2019,University of Hertfordshire,H36,10007147,,,,St Mary's Voluntary Controlled Church of England Junior School,117409,Primary
4439c2be-6afd-4c13-9ab0-051b313124d7,2019,University of Chichester,C58,10007137,,,,St Matthew's Church of England Aided Primary School,116352,Primary
b02bb902-7ee3-42ee-94a4-b840ca023a84,2019,Edge Hill University,E42,10007823,,,,"St Matthew's CofE Primary School, Little Lever",105242,Primary
41174e82-4d73-43af-9364-9f5d1fcea199,2019,University of Northumbria at Newcastle,N77,10001282,,,,St Matthew's RC Voluntary Aided Primary School,108721,Primary
7fd5634c-dd4e-475c-b90c-be3b87423865,2019,Plymouth Marjon University,P63,10037449,,,,St Meriadoc CofE Junior Academy,140781,Primary
c4890e71-76d5-4e50-b3d6-42932e48399e,2019,Edge Hill University,E42,10007823,,,,St Michael and All Angels Catholic Primary School,104464,Primary
244252dd-9671-43c3-87e0-a0d2d25f0b52,2019,Liverpool Hope University,L46,10003956,,,,St Michael and All Angels Catholic Primary School,105090,Primary
f34c3911-9d0f-4eb1-a910-ab0b0954719c,2019,St Mary's University,S64,10007843,,,,St Michael Catholic Primary School,125233,Primary
bd75f0a2-2fec-44d8-9ab5-d771d050abf0,2019,University of Northumbria at Newcastle,N77,10001282,,,,"St Michael's Catholic Primary School, Esh Village",148262,Primary
c5415c22-0061-40ff-a3cf-7aad8343ceb6,2019,University of Hertfordshire,H36,10007147,,,,St Michael's Church of England Primary School,117426,Primary
8ce63a33-40a6-4f5a-bf82-4c14b73ee53a,2019,University Of Plymouth,P60,10007801,,,,St Michael's Church of England Primary School,113407,Primary
e54a8aec-f56f-4810-a41a-e14b5e2f9ace,2019,"University of the West of England, Bristol",B80,10007164,,,,"St Michael's Church of England Primary School, Winterbourne",109225,Primary
527a071f-f603-4266-9989-6a937a2c2e2f,2019,University of Hertfordshire,H36,10007147,,,,"St Michael's Church of England Voluntary Aided Primary School, St Albans",117451,Primary
1f3bf328-f6d4-4ee5-ae52-e27cab22d4ed,2019,University of Derby,D39,10007851,,,,St Michael's CofE (C) First School,124275,Primary
595248fb-d642-45f1-b26d-3c7f1dfbc9f0,2019,Middlesex University,M80,10004351,,,,St Michael's CofE Voluntary Aided Primary School,102135,Primary
e4f7b62d-da89-4a53-b22a-64be3b646f15,2019,Staffordshire University,S72,10006299,,,,St Michael's Community Academy,140175,Primary
b7e2a7c7-1db8-4f45-9c05-81afc6395fad,2019,University of Greenwich,G70,10007146,,,,St Michael's East Wickham Church of England Primary School,144889,Primary
26ee0229-de44-456b-96d6-3db18aee2add,2019,The University of Brighton,B72,10000886,,,,St Michael's School,129095,Modern languages
7a55545c-07d2-428a-899c-b7b0a1eb5382,2019,Birmingham City University,B25,10007140,,,,St Modwen's Catholic Primary School,124326,Primary
2b7d8783-e126-4d61-8492-dab45a8e3b03,2019,Liverpool Hope University,L46,10003956,,,,St Monica's Catholic Primary School,104905,Primary
fce7e4ae-451b-4fdf-994b-708de905c867,2019,Plymouth Marjon University,P63,10037449,,,,St Neot Community Primary School,111964,Primary
443628f2-68b2-4446-86be-2d1b05224d26,2019,Canterbury Christ Church University,C10,10001143,,,,St Nicholas At Wade Church of England Primary School,118698,Primary
86fb79eb-1662-4f75-9253-ee79536382b4,2019,Liverpool Hope University,L46,10003956,,,,St Nicholas Catholic Academy,149132,Primary
0236af85-9e48-43b2-9681-2ba297ce7e6a,2019,Leeds Trinity University,L24,10003863,,,,St Nicholas Catholic Primary School,108029,Primary
72869984-ba34-47b3-9c2c-08a9c1a452db,2019,University of Wolverhampton,W75,10007166,,,,St Nicholas Church of England First School,142986,Primary
528e4a1e-8a4d-4796-ad17-7074cb1fa346,2019,"University of the West of England, Bristol",B80,10007164,,,,St Nicholas of Tolentine Catholic Primary School,139032,Primary
817d580d-408c-4a5a-ad58-71e4cd011645,2019,University of Hull,H72,10007149,,,,St Nicholas Primary School,140906,Primary
8129c0a9-6596-4d6a-b7af-47723e1c1481,2019,The University Of East Anglia,E14,10007789,,,,St Nicholas Priory CofE VA Primary School and Nursery,121093,Mathematics
b50bb397-b236-4bc5-a688-64fc7dffba3d,2019,University of Derby,D39,10007851,,,,St Nicolas CofE Academy,140878,Primary
705c7815-4d4f-416b-89a9-28d60eac59f0,2019,St Mary's University,S64,10007843,,,,St Nicolas CofE Aided Infant School,125189,Primary
6f32ddb4-121f-48de-ba1e-7dc22ef251bb,2019,University of Sussex,S90,10007806,,,,St Nicolas CofE Primary School,114560,Primary
3e81bbe0-877d-48e6-86f1-5cefeb798563,2019,University Of Plymouth,P60,10007801,,,,"St Nicolas' CofE VA School, Downderry",140342,Primary
4d6eab46-9c8c-42a6-a760-c4a36bd291de,2019,University of Sussex,S90,10007806,,,,St Nicolas & St Mary CofE(Aided) Primary School,126049,Primary
fdbf4867-b178-4098-8cea-d5176413b81f,2019,The University of Brighton,B72,10000886,,,,St Nicolas & St Mary CofE Primary School,149006,Primary
2dc2395f-884c-461f-a8c7-31fe347c4ef2,2019,Leeds Trinity University,L24,10003863,,,,St Norbert's Catholic Voluntary Academy,138827,Primary
1b7d2da1-6253-4534-923b-aecc95043e03,2019,Sheffield Hallam University,S21,10005790,,,,Stocksbridge Junior School,107055,Primary
add9168b-0e2d-4054-84f5-84d1c77d9685,2019,University Of Plymouth,P60,10007801,,,,Stoke Fleming Community Primary School,141286,Primary
14c522a7-076e-4af1-9f2e-8fe78009bb4e,2019,Plymouth Marjon University,P63,10037449,,,,Stokenham Area Primary School,113223,Primary
d91c6079-ed15-424b-b94f-a9c07e42599b,2019,"University of the West of England, Bristol",B80,10007164,,,,Stoke St Michael Primary School,123662,Primary
c3e9c584-a004-475f-8ba9-39794851e4cf,2019,Canterbury Christ Church University,C10,10001143,,,,Stone St Mary's CofE Primary School,144098,Primary
b37e480f-f2b9-448d-abb7-e2f3a5d3b8db,2019,University of Greenwich,G70,10007146,,,,Stone St Mary's CofE Primary School,144098,Primary
7696cd15-c5a5-4653-9953-ccd4d93f0ca4,2019,University of Derby,D39,10007851,,,,Stoneydelph Primary School,145834,Primary
51593c0c-cb6b-493a-8354-2fa9c690a1df,2019,University of Hertfordshire,H36,10007147,,,,Stopsley Community Primary School,109553,Primary
8621abc0-fbe8-4de0-92f8-66344d627fcb,2019,University of Chichester,C58,10007137,,,,Storrington Primary School,125874,Primary
15ce6bd1-b049-46ca-86be-52311d142497,2019,Birmingham City University,B25,10007140,,,,St Osburg's Catholic Primary School,103711,Primary
7f75e858-a77d-4b24-b691-b516fc3d1275,2019,St Mary's University,S64,10007843,,,,St Osmund's Catholic Primary School,102919,Primary
048aeb94-136c-42f2-bf13-16f1cbf8610a,2019,Liverpool Hope University,L46,10003956,,,,St Oswald's Church of England Primary School,104900,Primary
3a77474c-8137-4d27-9960-cb13b493ab19,2019,University of Chester,C55,10007848,,,,St Oswald's CofE Aided Primary School,130929,Primary
c6bbc3be-3e1a-40a2-b2be-4fdffa98c50c,2019,Liverpool Hope University,L46,10003956,,,,St Oswald's Worleston CofE Primary School,143158,Primary
73994df0-f3eb-41f6-bd94-aabb22203437,2019,University of Chester,C55,10007848,,,,Stottesdon CofE Primary School,142312,Primary
0eb49f81-1f60-4eee-aa82-1e34f61a09d7,2019,University of Sussex,S90,10007806,,,,St Pancras Catholic Primary School,114568,Primary
dbb67cf9-91ce-4393-89cc-23cdd5365e33,2019,Birmingham City University,B25,10007140,,,,St Patrick and St Edmund's Catholic Primary School,103439,Primary
7d9548f1-885a-4651-b638-553080a67747,2019,Newman University,N36,10007832,,,,St Patrick and St Edmund's Catholic Primary School,103439,Primary
0def18bf-1772-4441-9f58-f771eb2aa642,2019,University of Huddersfield,H60,10007148,,,,St Patrick's Catholic Primary Academy,148659,Primary
63ceb333-8c26-48a0-84b3-ff02dcbfa833,2019,Leeds Trinity University,L24,10003863,,,,"St Patrick's Catholic Primary School, Birstall",107752,Primary
d7cd8605-9c27-490b-96f8-45f3cf6e30f7,2019,University of Sunderland,S84,10007159,,,,"St Patrick's Catholic Primary School, Ryhope",148452,Primary
1ec366a4-0434-4cb1-adcf-63eaabd65dcb,2019,Leeds Trinity University,L24,10003863,,,,St Paulinus Catholic Primary Academy,148485,Primary
6107ceac-8cd0-4427-92bb-8325ceb5e9be,2019,Leeds Trinity University,L24,10003863,,,,St Paulinus Catholic Primary School,107753,Primary
5ce185fc-bdc6-4ca7-927b-0d991880651c,2019,Edge Hill University,E42,10007823,,,,St Paul's and St Timothy's Catholic Infant School,104673,Primary
18909b5e-7e76-4147-b3c6-b639ac00ce4e,2019,Leeds Trinity University,L24,10003863,,,,St Paul's Catholic Primary School,142739,Primary
4c2c476b-3a9b-4535-90bf-410adfe90cb2,2019,The Manchester Metropolitan University,M40,10004180,,,,St Paul's Catholic Primary School,106238,Primary
e5ffa6af-c44f-4a98-9b95-6dc296839b36,2019,University of Greenwich,G70,10007146,,,,St Pauls' Church of England Voluntary Controlled Primary School,118590,Primary
f4eaa1c3-759d-4451-bd61-9c4394546da1,2019,University of Reading,R12,10007802,,,,St Paul's CofE Junior School,109987,Primary
3f12dd19-f21f-42a3-b27b-4e12f18cf3b4,2019,The Manchester Metropolitan University,M40,10004180,,,,St Paul's CofE Primary School,105928,Mathematics
28b1f965-6d97-472b-8020-23ac3d9ddb80,2019,The Manchester Metropolitan University,M40,10004180,,,,St Paul's CofE Primary School,105928,Primary
4df873b6-a1ea-41d8-8ae3-a8f49ff78568,2019,The Manchester Metropolitan University,M40,10004180,,,,St Paul's CofE Primary School,147730,Primary
9586f000-7bb0-4f24-83a0-7a45c8cbf421,2019,University of Northumbria at Newcastle,N77,10001282,,,,St Paul's CofE Primary School,108502,Primary
c39a0764-7e26-4751-80d8-43d68210f418,2019,Plymouth Marjon University,P63,10037449,,,,St Paul's Roman Catholic Primary School,140676,Primary
71d21897-7d36-4989-8a40-614b7e9bf227,2019,University Of Plymouth,P60,10007801,,,,St Paul's Roman Catholic Primary School,140676,Primary
aac0c5d0-fbf2-44c2-b3d4-d40751796b8a,2019,Edge Hill University,E42,10007823,,,,St Peter and St Paul Catholic Primary School,104810,Primary
2980ed73-92f4-4eae-a314-147950cca98e,2019,University of Sussex,S90,10007806,,,,St Peter and St Paul CofE Primary School,114564,Primary
d83ebd0b-8fdd-4cda-8b6e-b0dd420694a4,2019,Edge Hill University,E42,10007823,,,,St Peter's Catholic Primary School,106125,Primary
32436ba8-9e8c-4dd7-9314-f72aa2a82893,2019,Liverpool Hope University,L46,10003956,,,,St Peter's Catholic Primary School,105069,Primary
7d2dc7f6-f2b3-442b-8027-7baebace35d3,2019,Newman University,N36,10007832,,,,St Peter's Catholic Primary School,103469,Primary
d356f6d1-a6dd-427b-b4d2-0dbb8957b36f,2019,St Mary's University,S64,10007843,,,,St Peter's Catholic Primary School,101237,Primary
2d6ca9f3-fb15-45ff-a5eb-c24946b40c51,2019,University of Wolverhampton,W75,10007166,,,,St Peter's Church of England Primary Academy,142982,Primary
88bb3098-af2d-4474-88c3-732f161c6e29,2019,"University of the West of England, Bristol",B80,10007164,,,,St Peter's Church of England Primary School (VC),135872,Primary
d6a4da4c-026b-4447-8ed8-5f8f553c3308,2019,Edge Hill University,E42,10007823,,,,St Peter's CofE Primary School,119386,Primary
bd6bf4ae-6a64-43d1-a037-0a2a2bc0e8fa,2019,Edge Hill University,E42,10007823,,,,St Peter's CofE Primary School Chorley,119806,Primary
9acc4806-8803-4e31-b934-3f147726f6fb,2019,University of Sussex,S90,10007806,,,,St Peter's Community Primary School,114411,Primary
306dfc22-5ff9-4e4f-955d-31f6241569d0,2019,Plymouth Marjon University,P63,10037449,,,,St Peter's RC Primary School,140784,Primary
dc8f2a41-e331-4cd4-b6f0-89e2c6ebc039,2019,Lincoln Bishop University,B38,10007811,,,,St Philip Neri With St Bede Catholic Voluntary Academy,141460,Primary
39846afe-4046-4f30-95a2-4c238c552403,2019,Edge Hill University,E42,10007823,,,,St Philip's Church of England Primary School,104902,Primary
1a980bf6-0f2a-4721-8a7a-8ccb84d7f944,2019,University of Greenwich,G70,10007146,,,,St Philomena's Primary School,141482,Primary
1f424980-df39-4d0d-b67b-29215318cdcc,2019,University of Cumbria,C99,10007842,,,,"St Pius X Catholic Primary School, Barrow",149498,Primary
2aca5669-9a12-45cd-86d5-17d9e056a832,2019,Leeds Beckett University,L27,10003861,,,,Stramongate Primary School,137962,Primary
a46cd9bd-43d8-4975-8ee0-378d07fc764a,2019,Roehampton University,R48,10007776,,,,Strand-on-the-Green Infant and Nursery School,102504,Primary
d9a19d03-ce2d-4283-a23b-e5407f8cb8da,2019,The Manchester Metropolitan University,M40,10004180,,,,St Raphael's Catholic Primary School,106242,Primary
81a526f5-8226-460c-bcd5-bad3bcbeb1ca,2019,University of Hertfordshire,H36,10007147,,,,Strathmore Infant and Nursery School,117114,Primary
8cbca5a1-446a-4f41-9cc4-abf95b9fe7f8,2019,University of Gloucestershire,G50,10007145,,,,Stratton Church of England Primary School,115615,Primary
e7134b21-00dd-4993-bd45-3551e3afe465,2019,University Of Plymouth,P60,10007801,,,,Stratton Primary School,111983,Primary
a62155ac-1119-4f7c-a531-beb28e8a7cb4,2019,Leeds Trinity University,L24,10003863,,,,Strawberry Fields Primary School,134405,Primary
4a922d06-4f6a-40c2-a678-c89cb23d37ca,2019,Birmingham City University,B25,10007140,,,,Streetsbrook Infant and Early Years Academy,142979,Primary
ae5d20bc-fd5b-41f0-aa32-f34a23df2b8f,2019,The Manchester Metropolitan University,M40,10004180,,,,Stretford High School,106370,Mathematics
24368c72-3bf2-428c-8521-13c9e1d9bb4a,2019,Liverpool Hope University,L46,10003956,,,,Stretton St Matthew's CofE Primary School,111382,Primary
762476d1-cb2a-4406-a28d-7bb688b82009,2019,University of Worcester,W80,10007139,,,,Stretton Sugwas CofE Academy,138055,Primary
4ae3909f-fe1a-4a2f-9caf-ade773861418,2019,The University of Brighton,B72,10000886,,,,St Richard's Catholic Primary School,126038,Primary
b6932711-c582-4c7c-bb78-bb115200ca27,2019,Edge Hill University,E42,10007823,,,,"St Richard's Catholic Primary School, Skelmersdale",119684,Primary
2d84f21d-1c97-46c9-87df-e4f6ce8f31c0,2019,Edge Hill University,E42,10007823,,,,St Richard's RC Primary School,105544,Primary
ed48c887-19a2-4d65-affd-f849b82ba111,2019,Leeds Trinity University,L24,10003863,,,,"St Robert's Catholic Primary School, A Voluntary Academy",148381,Primary
8739c53a-ae20-49b9-b7fd-d2b235be0600,2019,Middlesex University,M80,10004351,,,,St Saviour's Church of England Primary School,144239,Primary
d992bd58-4ca9-41d3-b3f7-6c50556a1f43,2019,Birmingham City University,B25,10007140,,,,St Saviour's C of E Primary School,103406,Primary
536d3153-edff-48cf-a6a0-06c77299bfcf,2019,Edge Hill University,E42,10007823,,,,St Sebastian's Catholic Primary School and Nursery,104664,Primary
34fb1462-a64c-4989-affc-6a092e758045,2019,Liverpool Hope University,L46,10003956,,,,St Sebastian's Catholic Primary School and Nursery,104664,Primary
e6a2e853-8629-44ec-9470-375dc24ba08e,2019,"University of the West of England, Bristol",B80,10007164,,,,"St Stephen's Church of England Junior School, Soundwell",109167,Primary
8bae0b04-f3ec-46b0-88ea-22e3e12e85a1,2019,Birmingham City University,B25,10007140,,,,St Stephen's Church of England Primary School,119439,Primary
40bfc5db-3c5a-4855-aa39-6d5fd21051c1,2019,Edge Hill University,E42,10007823,,,,St Stephen's CofE School,119358,Primary
446f2cf8-641c-4ca9-a98c-d31b296a39de,2019,University Of Plymouth,P60,10007801,,,,St Stephens Community Academy,140513,Primary
b5cbdbf5-a679-4323-95f2-b206fb4e2e91,2019,University of Reading,R12,10007802,,,,St Teresa's Catholic Academy,144455,Primary
3826860b-7ca2-46e3-8671-8cf0a4b2e2ac,2019,Newman University,N36,10007832,,,,St Teresa's Catholic Primary School,103456,Early years ITT
03f74fb3-4871-4ea0-b60c-3f924c9cd1de,2019,Liverpool Hope University,L46,10003956,,,,"St Teresa's Catholic Primary School, Devon Street",104807,Primary
91d41a9e-dd52-4609-91cb-771fa9daea30,2019,University of Sussex,S90,10007806,,,,St Thomas A Becket Catholic Primary School,114577,Primary
4b6d5ec7-901c-48d3-8300-201ebadb8456,2019,St Mary's University,S64,10007843,,,,St Thomas Becket Catholic Primary School,138612,Primary
3da6a649-c098-42d2-a487-adb038cafc62,2019,Edge Hill University,E42,10007823,,,,"St Thomas Church of England Primary School, Lydiate",145096,Primary
c978cc39-3947-4ace-ba56-e781e22cae13,2019,Edge Hill University,E42,10007823,,,,St Thomas CofE Junior and Infant School,106487,Modern languages
6626ac8b-11b1-4ff6-9cce-6e6a98d48460,2019,Edge Hill University,E42,10007823,,,,St Thomas CofE Primary School,105234,Primary
8fd67d52-6804-46b7-a15b-4e147d0d42f6,2019,Edge Hill University,E42,10007823,,,,St Thomas CofE Primary School,106465,Primary
9439f97c-fe30-4e7d-92e2-81c3b3cf462c,2019,The Manchester Metropolitan University,M40,10004180,,,,St Thomas CofE Primary School,105698,Primary
34387283-aa0e-4e07-976c-b71a4ac633d3,2019,St Mary's University,S64,10007843,,,,St Thomas More Catholic Primary School,101459,Primary
85b16665-d53c-461e-85a8-960dff874d57,2019,University of Wolverhampton,W75,10007166,,,,St Thomas More Catholic Primary School,124376,Primary
b2ec52f1-1ef1-44d8-bdbc-72ef933af251,2019,University of Bedfordshire,B22,10007152,,,,St Thomas More Catholic School,139517,Physical education
a8ae039a-cd2f-4e1b-b5cd-71d2577c6950,2019,University of Hull,H72,10007149,,,,St Thomas More Voluntary Catholic Academy,144101,Primary
ac773df4-6d77-4518-a9fb-a36e905f1f45,2019,Edge Hill University,E42,10007823,,,,St Thomas of Canterbury Catholic Primary School,104809,Primary
37c74b68-18eb-4644-abf2-92afcc69d7df,2019,Edge Hill University,E42,10007823,,,,St Thomas the Martyr Voluntary Aided Church of England Primary School,119495,Primary
af130f8e-cd8c-4ef9-81f3-6e9e67238475,2019,Canterbury Christ Church University,C10,10001143,,,,St Vincent's Catholic Primary School,101334,Primary
1a20016e-e328-4806-98c7-32b3689dbb22,2019,University of Derby,D39,10007851,,,,St Werburgh's CofE Primary School,147490,Primary
030d5a5e-5c59-4614-a308-36baeb9b9b1e,2019,Sheffield Hallam University,S21,10005790,,,,St Wilfrid's Catholic Primary School,138830,Primary
fbea7bc5-8ba9-415d-916c-e745b7d75dc3,2019,University of Chichester,C58,10007137,,,,St Wilfrids Catholic Primary School,126035,Primary
d2861e22-4f50-46c6-ac9e-5fe9e776c36e,2019,University of Sussex,S90,10007806,,,,"St Wilfrid's Catholic Primary School, Burgess Hill",126061,Primary
2a7752ef-490a-4c6e-a6a1-5bb9ff402d1d,2019,The University of Brighton,B72,10000886,,,,St Wilfrid's CofE Primary School,149129,Primary
4844e458-92c5-464f-9a24-6e403e83f5aa,2019,Edge Hill University,E42,10007823,,,,St William of York Catholic Primary School,104934,English
d0581666-e266-4196-bbaf-e7c01ef2032d,2019,University of Chester,C55,10007848,,,,St Winefride's Catholic Primary School,111313,Primary
d02225d3-60c6-4a00-99a4-591c56577bfa,2019,Liverpool Hope University,L46,10003956,,,,Sudley Infant School,104580,Primary
868a6a2f-e328-410f-8a25-7f44ded1d4c4,2019,Roehampton University,R48,10007776,,,,Sulivan Primary School,143214,Primary
7eb09f65-34ed-4298-a93c-bd60f01ff4e8,2019,Leeds Beckett University,L27,10003861,,,,Summerfields Primary Academy,139085,Primary
16dcc970-da12-435a-a70d-003d25b3d61a,2019,Newman University,N36,10007832,,,,Summerhill Primary Academy,143322,Primary
5612a23c-04e9-4cb6-9d99-92e04e91f618,2019,Staffordshire University,S72,10006299,,,,Sun Academy Bradwell,142194,Primary
ddb953a7-dacd-4e1f-b73e-7934af4fd578,2019,St Mary's University,S64,10007843,,,,Sundorne Infant School and Nursery,123395,Primary
f9871e8b-9d82-404e-a030-6f4ed9dc2d13,2019,University of Greenwich,G70,10007146,,,,Sussex Road Community Primary School,118286,Primary
dfe37c57-e906-49f0-96d4-e4e6e8e142bf,2019,Leeds Beckett University,L27,10003861,,,,Swain House Primary School,107220,Primary
962d52a6-a149-4aa7-b309-ad2a05d2378f,2019,Birmingham City University,B25,10007140,,,,Swanshurst School,103514,Primary
c6bec523-8cc7-48cd-8262-fd830a1c029f,2019,Leeds Beckett University,L27,10003861,,,,Swarcliffe Primary School,107944,Primary
7c5d7b26-7f52-4b97-a3b2-39226c66a886,2019,Leeds Beckett University,L27,10003861,,,,Swillington Primary School,143239,Primary
c3013be9-9045-411d-9d9d-07d48bb7015b,2019,University of Hertfordshire,H36,10007147,,,,Swing Gate Infant School and Nursery,117260,Primary
472a56c5-db3e-4d96-ba40-1effd5acb6b0,2019,The University of Brighton,B72,10000886,,,,Swiss Gardens Primary School,125914,Primary
0dc97ce5-c6ce-485a-88ec-8fbcc913d16c,2019,University of Chester,C55,10007848,,,,Sychdyn C.P. School,400337,Primary
0bc83895-8db3-4352-9c71-59953c20c099,2019,Sheffield Hallam University,S21,10005790,,,,Taddington and Priestcliffe School,112892,Primary
1893d59a-fbd4-40a8-9c20-b9dfe4de0677,2019,Birmingham City University,B25,10007140,,,,Tameside Primary Academy,146358,Primary
feeea0d6-adda-4f8f-ad75-77e9bfa2047a,2019,University of Wolverhampton,W75,10007166,,,,Tame Valley Academy,139011,Primary
d035aee1-1793-40c4-9f6c-b1da3d393062,2019,University of Hertfordshire,H36,10007147,,,,Tanners Wood Junior Mixed and Infant School,117178,Primary
b2e40281-f9a4-449e-a447-040e6478d4d6,2019,University of Chester,C55,10007848,,,,Tanyfron C.P. School,400410,Primary
5c5193eb-5edc-4580-93d3-bc401dd5949a,2019,Liverpool Hope University,L46,10003956,,,,Tarporley CofE Primary School,111260,Primary
4496c757-dec3-4a1b-9b51-78eb79b52844,2019,Plymouth Marjon University,P63,10037449,,,,Teignmouth Primary School,136493,Physical education
caed7fb5-dad6-4fe1-a7fb-e3b787bd82ef,2019,St Mary's University,S64,10007843,,,,Telferscot Primary School,100586,Primary
9cc9ea15-585b-4876-a0bb-8634f8df9b74,2019,Lincoln Bishop University,B38,10007811,,,,Tetney Primary School,120482,Primary
c7190ffa-1d0d-4a2f-a44f-fd632f7383aa,2019,University of Hull,H72,10007149,,,,Thanet Primary School,144674,Primary
02ed1017-8a00-49bf-aa3c-1e0daf095968,2019,Liverpool Hope University,L46,10003956,,,,Thatto Heath Community Primary School,104763,Primary
94d86771-d072-458b-8b65-85ae6e8ab293,2019,Canterbury Christ Church University,C10,10001143,,,,The Academy of Woodlands,139493,Primary
d35cac8d-c60e-475c-bc55-4ba322a581d7,2019,University of Chester,C55,10007848,,,,The Acorns Primary and Nursery School,149092,Primary
81f5e957-1399-44f3-8efb-97baa1fcc287,2019,University of Reading,R12,10007802,,,,Theale C.E. Primary School,109980,Primary
ea039f45-8d3c-4fdf-917d-166194b4ae0b,2019,Canterbury Christ Church University,C10,10001143,,,,The Anthony Roper Primary School,118255,Primary
21d1b05c-c262-41e8-85c6-9cf18c661b65,2019,The University of Brighton,B72,10000886,,,,The Ashcombe School,143901,Physical education
e0d8f594-e04c-434a-806c-c57d4e482432,2019,University of Sussex,S90,10007806,,,,The Baird Primary Academy,140493,Primary
b5f60165-2a96-46d0-b8ae-0ea38bdf0cd4,2019,Lincoln Bishop University,B38,10007811,,,,The Beeches Primary School,110756,Primary
c2992f79-2a7c-4525-b4a5-def0a6c3627d,2019,University of Winchester,W76,10003614,,,,The Butts Primary School,116025,Primary
ddc2f473-a5f9-4cac-bcc1-3165451073dc,2019,Lincoln Bishop University,B38,10007811,,,,The Carlton Junior Academy,144932,Primary
8bd12009-d78c-4387-9318-6ad0541e4818,2019,Plymouth Marjon University,P63,10037449,,,,The Castle School,136916,Physical education
4263b612-069c-4254-b7ee-471e5f5d1d4b,2019,University Of Plymouth,P60,10007801,,,,The Cathedral School of St Mary,140785,Primary
225eed47-98f1-4302-8288-4baf5bd59f1d,2019,The University of Brighton,B72,10000886,,,,The Cavendish School,138475,Physical education
46af7c99-0c1a-47fb-bc06-2a3568d80691,2019,"Goldsmiths, University of London",G56,10002718,,,,The Charter School North Dulwich,136298,Biology
3df8e8fb-3837-4ff9-9d78-ef680a5c16c0,2019,University of Reading,R12,10007802,,,,The Colleton Primary School,109878,Primary
7026f5ef-f7a2-4302-b2c3-42c82d10dc62,2019,The Manchester Metropolitan University,M40,10004180,,,,"The County High School, Leftwich",138743,Mathematics
a25333b3-a43b-4c51-a4a9-ad479f97af7c,2019,Lincoln Bishop University,B38,10007811,,,,The Cowbit St Mary's (Endowed) CofE Primary,120611,Primary
5a2fcc39-78ad-4fa1-be6b-8d4530ae67ee,2019,Staffordshire University,S72,10006299,,,,The Dingle Primary School,111080,Primary
a33bc5f2-bb79-434b-a5c4-7dfee2afe906,2019,Edge Hill University,E42,10007823,,,,The District CofE Primary School,104792,Primary
da916a61-853b-4ff4-91b7-24305e00e74f,2019,University Of Plymouth,P60,10007801,,,,The Duchy School Bradninch,140078,Primary
12fa97ac-8685-43ae-a5b5-f1494daeab80,2019,The University of Brighton,B72,10000886,,,,The Eastbourne Academy,136106,Physical education
57081430-5e4e-4b2c-bdc4-49fa0ab4598a,2019,St Mary's University,S64,10007843,,,,The Echelford Primary School,140034,Primary
034e58ec-4094-46c3-afe6-5aff0d0a8b71,2019,Plymouth Marjon University,P63,10037449,,,,The Erme Primary School,113254,Primary
4e2e0e67-214b-4e9d-b1c7-778d2c7847d7,2019,The Manchester Metropolitan University,M40,10004180,,,,The Ferns Primary Academy,138399,Primary
eb37ca06-9e56-4725-93d4-978ee92fdd5e,2019,Nottingham Trent University,N91,10004797,,,,The Florence Nightingale Academy,147925,Primary
7cf52588-b0dd-41f8-a0e5-edbc9f54cee8,2019,University of Chichester,C58,10007137,,,,The Flying Bull Academy,140719,Primary
e3596ef3-a869-4703-8025-2abf2d7e6ed4,2019,Lincoln Bishop University,B38,10007811,,,,The Forest View Academy,143886,Primary
5c357b72-4be4-4057-97a9-a114b2b2ac11,2019,Edge Hill University,E42,10007823,,,,The Gates Primary School,133926,Primary
d8dc6611-bd75-4bc4-93b6-3035d142e2a8,2019,University of Sussex,S90,10007806,,,,The Gattons Infant School,125940,Primary
f144834f-d12e-48a5-b2f2-ff5589fec771,2019,University of Sussex,S90,10007806,,,,The Gatwick School,141038,Primary
86c65040-64b1-444e-8e3b-5681b0bd484f,2019,University of Hertfordshire,H36,10007147,,,,The Giles Infant and Nursery School,117316,Primary
dbf30fc0-f124-4f3d-9159-0a13be510e3d,2019,Nottingham Trent University,N91,10004797,,,,The Glapton Academy,140239,Primary
2d0c050e-d717-4a61-8510-f89d4eb46a50,2019,The University of Brighton,B72,10000886,,,,The Globe Primary Academy,141348,Primary
d3d9aa09-253c-4568-987e-33162a7108b3,2019,Liverpool Hope University,L46,10003956,,,,The Grange School,144617,Primary
a8d67c6f-6731-40f2-9d2e-74254d8c420c,2019,The University of Brighton,B72,10000886,,,,The Grey Coat Hospital,138313,Physical education
a830e1dc-fc08-4b8e-afc9-27e1e1741626,2019,University of Chester,C55,10007848,,,,The Grosvenor Park Church of England Academy,146779,Primary
68f98283-d89f-42da-991c-fecb9864695b,2019,University Of Plymouth,P60,10007801,,,,The Grove Primary School,126255,Primary
611fa210-4a4f-40ae-9fc9-24e0502cf485,2019,Lincoln Bishop University,B38,10007811,,,,The Harlaxton Church of England Primary School,120525,Primary
dd3ab40f-1aaa-4436-aaa1-75c093cd17ca,2019,University of Reading,R12,10007802,,,,The Hawthorns Primary School,109921,Primary
a99f15b1-7400-41ba-955c-a1ab2abc7871,2019,University of Chichester,C58,10007137,,,,The Hayling College,116423,Mathematics
07ded6f6-bf66-43de-b5d4-21a1ae85aa2c,2019,University of Reading,R12,10007802,,,,The Hill Primary School,109788,Primary
9cdb9f2c-e256-4465-99c9-b1f5e380160f,2019,University of Chester,C55,10007848,,,,The Holy Spirit Catholic Primary School,111321,Primary
757d70b1-8271-46d5-9bbe-f7a265b7c6a4,2019,Canterbury Christ Church University,C10,10001143,,,,The John Wesley Church of England Methodist Voluntary Aided Primary School,133627,Primary
bc132a80-529d-4d16-9290-d4fa10fda2d4,2019,Lincoln Bishop University,B38,10007811,,,,The Kirkby-on-Bain Church of England Primary School,120623,Primary
3ed85df1-fb57-4c2d-b354-18a46bfd5a70,2019,Lincoln Bishop University,B38,10007811,,,,The Lancaster School,120686,Primary
36974889-90c0-4aa8-89cc-18abfda626a5,2019,Lincoln Bishop University,B38,10007811,,,,The Lincoln Bishop King Church of England Primary School,120630,Primary
28509a85-09d0-4334-8110-1d2a7a1bef8e,2019,Lincoln Bishop University,B38,10007811,,,,The Lincoln Manor Leas Junior School,139470,Primary
d78ea940-b66c-47e2-a3de-550b911a6600,2019,Newman University,N36,10007832,,,,The Link Academy,144952,Mathematics
75ff9873-d64a-410f-9d4c-9b45ffe03a3d,2019,University of Chichester,C58,10007137,,,,The Littlehampton Academy,135745,Mathematics
d7bd14b1-b556-4e8e-8877-eee462b02460,2019,University of Cumbria,C99,10007842,,,,The Loyne Specialist School,119892,Primary
fb6cb9f0-1ebf-44c2-b3dd-ddb93731008d,2019,Edge Hill University,E42,10007823,,,,Thelwall Community Junior School,111000,Primary
aa4c56fe-baae-43a7-aea2-9c688e09ccbb,2019,Lincoln Bishop University,B38,10007811,,,,The Marton Academy,144912,Primary
1f71c24b-ea76-4dc3-8b25-54eb289ed82d,2019,Sheffield Hallam University,S21,10005790,,,,The McAuley Catholic High School,140865,Chemistry
9925854c-26aa-4edd-93a9-52bc4e9cea3d,2019,Lincoln Bishop University,B38,10007811,,,,The Middle Rasen Primary School,120463,Primary
b987551e-32df-4add-b895-3239977e1809,2019,Nottingham Trent University,N91,10004797,,,,The Milford Academy,138741,Primary
bb8a43d9-7ef6-4f27-a6cc-2a0157d6ef09,2019,Canterbury Christ Church University,C10,10001143,,,,The Oaks Infant School,144870,Primary
970cfc7a-4798-495b-a170-33cafe6efb78,2019,Birmingham City University,B25,10007140,,,,"The Olive School, Small Heath",147452,Primary
0dc21e39-3f64-4359-963c-973e820e0937,2019,Birmingham City University,B25,10007140,,,,The Oval School,143087,Primary
6dd8b49a-b2cd-4713-91ec-9db71e5bc573,2019,Nottingham Trent University,N91,10004797,,,,The Parkgate Academy,143140,Primary
274263a5-53f0-45ad-b531-782f9315a6af,2019,"University of the West of England, Bristol",B80,10007164,,,,The Park Primary School,109017,Primary
1c3f6fec-053c-4b65-8509-eceb704a1543,2019,Birmingham City University,B25,10007140,,,,The Phoenix Collegiate,136091,Primary
85bbe5ba-56fc-4612-a0a1-8a125d0d8e7b,2019,University of Wolverhampton,W75,10007166,,,,The Phoenix Collegiate,136091,English
dd5103a4-706d-468c-bc2d-5ee5c9251fd0,2019,University of Greenwich,G70,10007146,,,,The Pilgrim School (A Church of England Primary With Nursery),143832,Primary
b65799ba-1d67-4473-8797-3848f366c8ea,2019,Sheffield Hallam University,S21,10005790,,,,The Primary School of St Mary and St Martin,122796,Primary
208274a7-f252-4e41-b3c3-60c197234096,2019,The University of Brighton,B72,10000886,,,,The Priory CofE Voluntary Aided School,125281,Physical education
3a81b1fb-6252-416c-a0a2-b9e5c506c843,2019,Staffordshire University,S72,10006299,,,,The Quinta Primary School,140501,Primary
3944e8a0-1aa3-4230-b43d-c2fda0fd73ad,2019,The Manchester Metropolitan University,M40,10004180,,,,The Radclyffe School,105738,Drama
71ee481b-aa14-405b-86d9-28c70f4437c1,2019,University of Hertfordshire,H36,10007147,,,,Therfield First School,117153,Primary
b68a4ac0-5c01-43c9-99f9-a343a12cc052,2019,Leeds Beckett University,L27,10003861,,,,The Rookeries Carleton Junior and Infant School,139504,Primary
7da3fee6-1b23-412e-936b-b32c4472d330,2019,University of Reading,R12,10007802,,,,The Royal First School,110014,Primary
cd44e39e-2ca1-4199-884c-59b1110b9eb9,2019,St Mary's University,S64,10007843,,,,The Royal Kent CofE Primary School,125143,Primary
6465d7d4-aa3f-4f31-a319-43b570faa735,2019,University of Wolverhampton,W75,10007166,,,,"The Royal School, Wolverhampton",143101,Primary
80c581e7-3b46-40f5-b49c-e71770e54395,2019,University of Durham,D86,10007143,,,,The Rydal Academy,138989,Primary
2a194d0d-10d5-443e-a5a6-d78dc2768b0d,2019,Nottingham Trent University,N91,10004797,,,,The Sacred Heart Primary Catholic Voluntary Academy,138813,Primary
19bc023a-4a1f-4de0-897c-1ff7cff13910,2019,Newman University,N36,10007832,,,,The Shirestone Academy,138425,Primary
8ce98580-1417-417e-b11e-58b64ff5b959,2019,The University of Brighton,B72,10000886,,,,The Sir Robert Woodard Academy,135744,Physical education
9424752a-cd59-4671-b7a8-7ae1a921eb15,2019,Lincoln Bishop University,B38,10007811,,,,The South Hykeham Community Primary School,120388,Primary
60e43dda-a876-474b-b377-5c7271b48424,2019,Lincoln Bishop University,B38,10007811,,,,The Spalding St John the Baptist Church of England Primary School,120613,Primary
fc753d63-c5bd-4fd4-8fba-12f8b0862c23,2019,Lincoln Bishop University,B38,10007811,,,,"The St Faith's Church of England Infant and Nursery School, Lincoln",120562,Primary
42d2e6d6-f296-41e4-8c23-3651c79f7362,2019,The University of Brighton,B72,10000886,,,,The St Marylebone CofE School,137353,Physical education
15905b02-5ec1-42f5-b874-739428e76bfb,2019,Edge Hill University,E42,10007823,,,,The Trinity Catholic Primary School,134722,Primary
f95afa15-261b-457e-aae1-af6f9fe0a8f0,2019,Leeds Beckett University,L27,10003861,,,,The Vale Primary Academy,138332,Primary
1f3952ca-6d4a-407d-ae29-9237769f2fa5,2019,The Manchester Metropolitan University,M40,10004180,,,,The Valley Community Primary School,133980,Primary
590e7208-b93d-4ac5-8ca1-0122465c373a,2019,Sheffield Hallam University,S21,10005790,,,,The West Park Academy,144885,Primary
64df3980-9e54-4670-add0-67e9faa71f49,2019,University of Chester,C55,10007848,,,,The Whitby High School,111429,Biology
366f0d4a-fa5a-41f8-a9a3-385867f38106,2019,Staffordshire University,S72,10006299,,,,The Wilmslow Academy,143156,Primary
3958499c-c59e-4889-a6cf-0893f08b9b66,2019,Birmingham City University,B25,10007140,,,,The Wisdom Academy,135882,Primary
1855465d-6a7a-4d01-977b-7e80f88a11f4,2019,University of Reading,R12,10007802,,,,The WREN School,142121,Modern languages
5dc6440f-686f-4d5d-84f0-f7952ce2f339,2019,University of Hertfordshire,H36,10007147,,,,The Wroxham School,138215,Primary
d23e44b3-b740-45d0-9aaf-15d1f3be3521,2019,University of Sussex,S90,10007806,,,,Thomas A Becket Junior School,125955,Primary
ab10bf63-2c5e-4e83-85fd-7870dba8728b,2019,University of Northumbria at Newcastle,N77,10001282,,,,Thomas Walling Primary Academy,140788,Primary
30bf5b06-5c6d-4db3-8852-ec413b879c37,2019,University of Hull,H72,10007149,,,,Thoresby Primary School,139886,Primary
c07b5544-6839-4a6b-911f-c464c8192e28,2019,Leeds Beckett University,L27,10003861,,,,Thorner Church of England Primary School,146003,Primary
7cdd349c-cae8-45ff-85c5-29ad667fc8dd,2019,University of Chichester,C58,10007137,,,,Thorney Island Community Primary School,125868,Primary
504f4e46-b177-4d52-a259-556f0222db4a,2019,Liverpool Hope University,L46,10003956,,,,Thorn Grove Primary School,106079,Primary
802d0b22-cad4-4838-a6ff-9df034b13882,2019,University of Sunderland,S84,10007159,,,,Thornhill Academy,144990,Mathematics
9181875a-22d5-4411-8529-ddc97c4fd553,2019,Leeds Trinity University,L24,10003863,,,,Thornhill Lees Church of England Voluntary Controlled Infant and Nursery School,107705,Primary
f6602f48-fe16-4745-a757-acbed58266f4,2019,The Manchester Metropolitan University,M40,10004180,,,,Thornsett Primary School (High Peak Federation),112600,Primary
e918398f-23c8-4852-98f4-cb072b10a9c7,2019,Edge Hill University,E42,10007823,,,,Thornton Cleveleys Baines Endowed Voluntary Controlled Primary School,119391,Primary
cb90d18f-aa1b-4152-bff2-2cb55cda1bfc,2019,University of Cumbria,C99,10007842,,,,Thornton Cleveleys Baines Endowed Voluntary Controlled Primary School,119391,Primary
b4f689ec-4dea-44b0-9107-6c96b6c95ebe,2019,Edge Hill University,E42,10007823,,,,Thornton Cleveleys Royles Brook Primary School,119149,Primary
5a3f9b74-a02b-47bb-98c8-1a5e2b4e26cc,2019,Birmingham City University,B25,10007140,,,,Thornton Primary School,103268,Primary
e320df4b-cecd-464a-aeb0-faacca3f01af,2019,Leeds Beckett University,L27,10003861,,,,Thornton Primary School,143944,Primary
47db868a-1218-44a7-8512-c14a88d2f6b9,2019,Leeds Trinity University,L24,10003863,,,,Thornton Primary School,143944,Primary
118ac445-8c18-4c6d-9dfa-af9603b7ae2e,2019,University of Sunderland,S84,10007159,,,,Thorp Academy,141185,Mathematics
5acf523f-a0ed-4baf-b8bb-90ed804d4aa3,2019,St Mary's University,S64,10007843,,,,Three Bridges Primary School,101911,Primary
5e3aea7f-d173-455d-807b-59a8cff15b33,2019,St Mary's University,S64,10007843,,,,Three Bridges Primary School,125901,Primary
687648a5-29b0-4571-88d0-fe32d24a1d83,2019,University of Sussex,S90,10007806,,,,Three Bridges Primary School,125901,Primary
84a5e5e1-86d2-4e31-848a-13a1cd9e24d7,2019,Birmingham City University,B25,10007140,,,,Three Peaks Primary Academy,141344,Primary
405233f3-36f0-4f78-a2a0-c6449629d8bf,2019,University of Greenwich,G70,10007146,,,,Timbercroft Primary School,143209,Primary
9dc80d17-5419-4205-8aa5-3297994dfded,2019,Sheffield Hallam University,S21,10005790,,,,Tinsley Meadows Primary School,142749,Primary
13d756d9-d03c-4057-9347-4233d00a0724,2019,Leeds Beckett University,L27,10003861,,,,Tintwistle CofE (Aided) Primary School,112923,Primary
e8fddb53-f735-47d9-8198-89a56d730ecb,2019,Edge Hill University,E42,10007823,,,,Tithe Barn Primary School,106080,Primary
1ae9f56e-bb46-49e7-9666-f48e8b62b355,2019,Birmingham City University,B25,10007140,,,,Tividale Community Primary School,133261,Primary
c20627c4-0b6f-4012-ab43-d7c8c948e029,2019,University of Wolverhampton,W75,10007166,,,,Tividale Hall Primary School,103960,Primary
ec6788aa-f8b8-4f83-8569-31db1b2b9d5e,2019,Nottingham Trent University,N91,10004797,,,,Tollerton Primary School,143302,Primary
0e50864b-d4d6-42fc-a4e3-0a1b30c4e66c,2019,Canterbury Christ Church University,C10,10001143,,,,Tolleshunt D'Arcy St Nicholas Primary Academy,147403,Primary
2a9cfd34-d000-404f-b7f3-70fadd233eab,2019,Edge Hill University,E42,10007823,,,,Tonacliffe Primary School,119271,Primary
3798781a-3768-48d6-ae70-83cb8c9cd43d,2019,Birmingham City University,B25,10007140,,,,Topcliffe Primary School,143091,Primary
623f59e3-b81a-4fb5-a495-674de19222a5,2019,Plymouth Marjon University,P63,10037449,,,,Tor Bridge High,137206,Physical education
d8411d8c-3d01-4279-8f07-d6039906185d,2019,University Of Exeter,E84,10007792,,,,Tor Bridge High,137206,Chemistry
42bfaf19-15db-46e6-bb07-1fc0342b6df8,2019,University Of Plymouth,P60,10007801,,,,Torpoint Nursery and Infant School,111968,Primary
9660949f-fd9d-4ac4-b5aa-3b54080aff36,2019,University Of Plymouth,P60,10007801,,,,Torre Church of England Academy,140092,Primary
4716a03a-9a9d-4ed4-a495-9a7ff63229c6,2019,Nottingham Trent University,N91,10004797,,,,Toton Bispham Drive Junior School,122554,Primary
7b0bd920-3fd8-448b-8e20-e3136ed6bb77,2019,Edge Hill University,E42,10007823,,,,Tower College,104837,Primary
f0df329c-ac7a-41d7-afb4-6e82d4603402,2019,University of Cumbria,C99,10007842,,,,Towers Infant School,102309,Primary
2c0baaf7-8d85-41f9-b5c3-99b4e84a9e9e,2019,University of Sunderland,S84,10007159,,,,Town End Primary School,108779,Primary
f1dec31d-984a-4ff3-9616-58b15a400f81,2019,Leeds Trinity University,L24,10003863,,,,Towngate Primary Academy,143078,Primary
bc59b4cb-db91-42bf-9865-0f26e25a4bcf,2019,Sheffield Hallam University,S21,10005790,,,,Towngate Primary Academy,143078,Primary
5834cba7-2dd3-480a-a19c-e58b24d2022c,2019,Birmingham City University,B25,10007140,,,,Town Junior School,141206,Primary
b83ffe3c-4cee-4bec-978f-473f85136026,2019,University of Chester,C55,10007848,,,,Town Lane Infant School,143391,Primary
ffa40395-cf5c-4731-9107-59139763262e,2019,Lincoln Bishop University,B38,10007811,,,,Toynton All Saints Primary School,120483,Primary
0745f4ad-950b-45a2-894a-655779e9dd71,2019,Edge Hill University,E42,10007823,,,,Trawden Forest Primary School,119180,Primary
ceb5e838-2b41-4cb5-ac76-9c6e69143c8d,2019,University Of Plymouth,P60,10007801,,,,Trekenner Community Primary School,111933,Primary
5999e2b8-bc14-4d05-920b-7d93698d93d7,2019,Nottingham Trent University,N91,10004797,,,,Trent Vale Infant School,122541,Primary
5f0b1496-2e39-4a35-a4d1-7370a9188fa4,2019,Plymouth Marjon University,P63,10037449,,,,Treviglas Academy,145843,Physical education
6a1421d0-06ca-4e88-8732-92f1274a686c,2019,University of Huddersfield,H60,10007148,,,,Trinity Academy Whitehill,136547,Primary
23516bf2-f3c7-4ae9-be1e-53ae8f9b3d3b,2019,St Mary's University,S64,10007843,,,,"Trinity Church of England School, Lewisham",100749,Primary
3a01f6d0-4e29-4ab9-aec7-894f0b5b0c0f,2019,The University Of East Anglia,E14,10007789,,,,Trinity Church of England Voluntary Aided Primary School,140623,Primary
aee17a44-41cd-47a8-af8e-a3a5425affc7,2019,Roehampton University,R48,10007776,,,,Trinity St Mary's CofE Primary School,101047,Primary
1e136691-a9bd-48db-b5a3-6ea3146e7561,2019,Liverpool Hope University,L46,10003956,,,,Trinity St Peter's CofE Primary School,134988,Primary
f1f033a9-ec8b-40d4-8dcb-c1dd763dfe97,2019,Canterbury Christ Church University,C10,10001143,,,,Tudor Court Primary School,141070,Primary
ca1ae40e-8b73-4fa6-81c6-71c51bb1aafd,2019,University of Greenwich,G70,10007146,,,,Tudor Court Primary School,141070,Primary
2b19efd2-6c3a-4085-9ace-bef90bda10e8,2019,University of Sussex,S90,10007806,,,,Turners Hill CofE Primary School,126010,Primary
e9ddbc61-a3e1-4df5-add9-98f402731c18,2019,University of Cumbria,C99,10007842,,,,Turton and Edgworth CofE/Methodist Controlled Primary School,119408,Primary
7b917415-ef6e-4e56-928e-867201f7a1e7,2019,Birmingham City University,B25,10007140,,,,Turves Green Primary School,144390,Primary
36787558-d5dd-4d06-936b-1b1326c39cc4,2019,University of Chester,C55,10007848,,,,Tushingham With Grindley CofE Primary School,111285,Primary
bd763374-b2a2-4763-b231-61df3d5e582b,2019,Edge Hill University,E42,10007823,,,,Twelve Apostles Catholic Primary School,106503,Primary
668fa4c6-6b52-4633-8e64-57599bae98c8,2019,St Mary's University,S64,10007843,,,,Twickenham School,143420,English
9a4ff7ff-1f0b-4c1e-967b-bd076c6033fa,2019,Birmingham City University,B25,10007140,,,,Two Gates Primary School,146513,Primary
557c430d-b7d0-4376-97d4-eca8e739af4f,2019,University of Wolverhampton,W75,10007166,,,,Two Gates Primary School,146513,Primary
03292f8d-df36-4bdf-9b93-87470499e07a,2019,Two Mile Ash ITT Partnership,T89,10059102,,,,Two Mile Ash School,137061,Primary
fc0f566a-203b-4128-9616-5ea9ef80d1b7,2019,University of Hertfordshire,H36,10007147,,,,Two Waters Primary School,117108,Primary
0d24fabb-b39b-4b68-8eb0-00d27abc7086,2019,Edge Hill University,E42,10007823,,,,Tyldesley St George's Central CofE Primary School and Nursery,131331,Primary
2ab7dac6-140c-4e3b-9550-a0c51fdd4e4c,2019,Oxford Brookes University,O66,10004930,,,,Tyndale Community School,139777,Primary
0bd84833-2c1c-4eb4-8025-69e87e237356,2019,"University of the West of England, Bristol",B80,10007164,,,,Ubley Church of England Primary School,146689,Primary
d2abe98f-baea-4ea4-8aba-60ffbccefc65,2019,University of Hertfordshire,H36,10007147,,,,Underhill School,101301,Primary
612a5c2c-74ed-4f5a-8247-7e010fa8d400,2019,Nottingham Trent University,N91,10004797,,,,Underwood Church of England Primary School,122746,Primary
be1adb9c-07c7-4bbc-a9dd-0d25bdf52921,2019,University of Bedfordshire,B22,10007152,,,,University Academy Holbeach,137282,Physical education
dd453014-aeda-4033-903b-f330fdb9f13d,2019,University Of Plymouth,P60,10007801,,,,Uplowman Church of England Primary School,113369,Primary
941468f6-6cea-4db7-a010-7a76d40f7f19,2019,Lincoln Bishop University,B38,10007811,,,,Uppingham Church of England Primary School,146428,Primary
6e7f540b-8959-4d89-83a7-0d56b44e2e97,2019,Canterbury Christ Church University,C10,10001143,,,,Upshire Primary Foundation School,115310,Primary
79d7f17b-1f97-4469-910f-985edfb5cc70,2019,Leeds Trinity University,L24,10003863,,,,Upton Primary School,130862,Primary
3d6cdc7d-3159-43d7-846f-f98c84478157,2019,University of Northumbria at Newcastle,N77,10001282,,,,Usworth Colliery Primary School,108799,Primary
97cb4400-78c4-4c32-af57-02af38dd89d8,2019,Sheffield Hallam University,S21,10005790,,,,UTC Sheffield City Centre,139695,Mathematics
ad1d9736-f29a-4574-b487-220bc2320cf9,2019,Edge Hill University,E42,10007823,,,,Valewood Primary School,104890,Primary
4703ef5e-b29c-423e-a48f-7d139bea62ca,2019,Canterbury Christ Church University,C10,10001143,,,,Valley Invicta Primary School At East Borough,144531,Primary
90dc71a6-5c81-45e4-917b-439d2ff3a614,2019,Birmingham City University,B25,10007140,,,,Valley Nursery School,104137,Primary
4b72d0e4-50ea-4f83-980b-cf47a550e458,2019,University of Wolverhampton,W75,10007166,,,,Valley Nursery School,104137,Primary
fb6fed0e-966d-452a-9140-2275fb41d306,2019,Leeds Beckett University,L27,10003861,,,,Valley View Community Primary School,131111,Primary
5fadf4de-a6d3-41ca-b847-6cd36b61433b,2019,Sheffield Hallam University,S21,10005790,,,,Valley View Community Primary School,131111,Primary
6006fbce-fa9a-4562-b016-374a2cc6caae,2019,University of Bedfordshire,B22,10007152,,,,Vandyke Upper School,137169,Physical education
8b5bead4-5919-436e-9892-7482496cc157,2019,University of Sussex,S90,10007806,,,,Varndean College,130668,Other subjects
ac23e885-192c-4ea6-9796-e5e268e421ec,2019,University of Sussex,S90,10007806,,,,Varndean School,114579,Other subjects
f2c11a11-3cf6-44b2-9997-6405a1effae7,2019,University of Derby,D39,10007851,,,,Veritas Primary Academy,140381,Primary
2b262bad-5593-4cc2-a9bc-6112d3e26fe6,2019,University of Wolverhampton,W75,10007166,,,,Veritas Primary Academy,140381,Primary
285aca84-b60c-4997-9ae8-42e9d3387132,2019,Leeds Beckett University,L27,10003861,,,,Victoria Primary Academy,142450,Primary
2c6b353d-5142-4868-991d-36c55a91cdef,2019,Leeds Trinity University,L24,10003863,,,,Victoria Primary School,143571,Primary
e7c6dbe7-833f-4978-8e08-4b64ca5587ba,2019,Nottingham Trent University,N91,10004797,,,,Victoria Primary School,145018,Primary
235a6357-9e52-4c6c-9d33-5a80d10a8fe0,2019,Plymouth Marjon University,P63,10037449,,,,Victoria Road Primary,145654,Primary
f4892920-996f-47f6-9054-9ada71ade534,2019,Canterbury Christ Church University,C10,10001143,,,,Victoria Road Primary School,118369,Primary
c17cd82b-0b91-46dc-b95c-d6d508604433,2019,University of Winchester,W76,10003614,,,,Vigo Primary School,115970,Primary
19a3a94e-93f7-4b0b-a7d2-5ec50743cd07,2019,Birmingham City University,B25,10007140,,,,Villiers Primary School,145715,Primary
81a857ba-d1aa-4008-8f5a-9f886454beb9,2019,Nottingham Trent University,N91,10004797,,,,Wadsworth Fields Primary School,135458,Primary
b01eccb6-4d43-4281-8d65-7175bd5ce206,2019,University of Reading,R12,10007802,,,,Waingels,142166,Modern languages
7120828c-e066-47ed-a329-6a066949f231,2019,University of Derby,D39,10007851,,,,Wainwright Primary Academy,144485,Primary
3374932c-35ac-4b5e-b85d-1f02244709ad,2019,Leeds Beckett University,L27,10003861,,,,Wakefield St Marys Church of England Voluntary Aided Primary School,108269,Primary
fe6adc07-56d2-4956-86dc-3720b447cb4a,2019,Middlesex University,M80,10004351,,,,Walker Primary School,146868,Primary
4695609a-b02b-488a-a948-4479e7381547,2019,University Of Oxford,O33,10007774,,,,Wallingford School,137357,Modern languages
bcf347c2-7c88-4e46-9446-e2465af53ce2,2019,Birmingham City University,B25,10007140,,,,Walmley Junior School,103543,Primary
ea976fde-4aec-4c43-a29e-62190af18f5d,2019,Birmingham City University,B25,10007140,,,,Walsall Academy,133697,Primary
d98e4edc-2d90-4863-b045-171fd04fa4a7,2019,University of Reading,R12,10007802,,,,Walter Infant School,109869,Primary
da45ec7f-fcff-4878-a096-5b24fd74d2c0,2019,Birmingham City University,B25,10007140,,,,Ward End Primary School,103217,Primary
eb4ef2ef-0e0c-4380-b3ab-6c3513c1bd2b,2019,University of Sussex,S90,10007806,,,,Warden Park Secondary Academy,137416,Primary
4aeafd09-f6d9-447d-a3f1-78b140acf07b,2019,Sheffield Hallam University,S21,10005790,,,,Ward Green Primary School,143431,Primary
094211a3-0bca-4b57-a8d4-2612c9fb6ee4,2019,University of Northumbria at Newcastle,N77,10001282,,,,Ward Jackson Church of England VA Primary School,136943,Primary
7d023541-7cc5-445b-bfd4-6986b659e367,2019,Edge Hill University,E42,10007823,,,,Wargrave CofE Primary School,104787,Primary
b880322b-4900-4388-8b02-662500510eae,2019,University of Hertfordshire,H36,10007147,,,,Warren Dell Primary School,144905,Primary
212b8435-2046-4734-aede-f43415cffc02,2019,University of Huddersfield,H60,10007148,,,,Warwick Road Primary School,107642,Primary
ad34d3b3-3ff8-4fa6-97d9-a4353b8b6223,2019,University of Sunderland,S84,10007159,,,,Washington Academy,144937,Mathematics
056fcd0c-9dda-40da-b9d1-d7fd40fa3afe,2019,University of Northumbria at Newcastle,N77,10001282,,,,Washingwell Community Primary School,108356,Primary
1bd8bf68-6a81-47fa-b7f3-efe9ccc67aad,2019,Birmingham City University,B25,10007140,,,,Washwood Heath Nursery School,103132,Primary
cf9538ee-c6aa-42bf-8e1a-f41720e04247,2019,Sheffield Hallam University,S21,10005790,,,,Watercliffe Meadow Community Primary School,131082,Primary
16c20d32-7ec3-404a-83fe-f455542a8463,2019,Liverpool John Moores University,L51,10003957,,,,Waterloo Primary School,104870,Primary
81cae7cd-2a90-4aed-bb98-d7658957bbaa,2019,Birmingham City University,B25,10007140,,,,Water Orton Primary School,125620,Primary
74359430-7b43-4010-ae62-aa0f7775dae0,2019,Edge Hill University,E42,10007823,,,,Water Primary School,119198,Primary
c93840be-cf27-43fd-b7d0-cf0272409a23,2019,University of Hertfordshire,H36,10007147,,,,Waterside Primary Academy,144341,Primary
e4487f2f-e550-461c-a516-1d38e41c560a,2019,Staffordshire University,S72,10006299,,,,Waterside Primary School,148121,Primary
9f50f4d4-7616-4ba8-9220-bd79b22fec61,2019,Sheffield Hallam University,S21,10005790,,,,Waterthorpe Infant School,107064,Primary
0d46ef91-b0fb-4334-9d3f-e5f9fa1a0ea9,2019,Sheffield Hallam University,S21,10005790,,,,Wath Academy,145848,Biology
25cebf93-6d99-429c-9de3-967e4017f06f,2019,Leeds Trinity University,L24,10003863,,,,Wath Victoria Primary School,140170,Primary
aa6c79b4-1b46-4ffc-a31d-3b6de3f9b24e,2019,Sheffield Hallam University,S21,10005790,,,,Wath Victoria Primary School,140170,Primary
06b4c427-a489-453d-b28a-c483bec23f9d,2019,St Mary's University,S64,10007843,,,,Wat's Dyke C.P. School,400433,Primary
0c936472-10be-4e6f-9688-52289c08de43,2019,University of Hertfordshire,H36,10007147,,,,Watton-at-Stone Primary and Nursery School,117171,Primary
edcff6e7-fa28-44c2-9cb0-000fa49f24e5,2019,Sheffield Hallam University,S21,10005790,,,,Waverley Primary Academy,147871,Primary
f9ecc480-05e7-4345-91b2-9606529884a4,2019,Liverpool Hope University,L46,10003956,,,,Wavertree Church of England School,104616,Primary
e6ac78c4-5c43-4765-9faf-bc9a7acb01b2,2019,Middlesex University,M80,10004351,,,,Weald Rise Primary School,102215,Primary
34896ee8-01fb-4988-8bc5-6cfc6dec8283,2019,St Mary's University,S64,10007843,,,,Weald Rise Primary School,102215,Primary
81b4d951-1f64-40ae-be0f-f076ac79c770,2019,University of Wolverhampton,W75,10007166,,,,Wednesfield Academy,141245,History
c8718d61-cabc-4928-8d82-907301aab02e,2019,Birmingham City University,B25,10007140,,,,Welford Primary School,103328,Primary
b9914de0-dd37-4529-8363-0508913715a1,2019,University of Worcester,W80,10007139,,,,Welland Primary School,146678,Primary
2bd51321-d588-43e9-8a0a-f1c8fadff52b,2019,Leeds Beckett University,L27,10003861,,,,Wellhouse Junior and Infant School,107647,Primary
452a4894-e4e6-41d2-916f-219a96390767,2019,Leeds Trinity University,L24,10003863,,,,Wellhouse Junior and Infant School,107647,Primary
2ab4f812-1d51-4e80-9890-82bd77f50cb6,2019,University of Huddersfield,H60,10007148,,,,Wellhouse Junior and Infant School,107647,Primary
a8e21e3b-a290-4785-983f-ff1098ab342f,2019,Roehampton University,R48,10007776,,,,Wellington Primary School,102505,Primary
1cd787ae-7259-4e0e-b98a-ebc1aaffe61b,2019,Edge Hill University,E42,10007823,,,,Well Lane Primary School,105050,Primary
52fafc83-bae4-4b2f-b31c-f2dee4107832,2019,Birmingham City University,B25,10007140,,,,Welsh House Farm Community School and Special Needs Resources Base,103295,Primary
ad0f9632-8e7b-4aff-84a9-ea90bbf39b60,2019,University of Hertfordshire,H36,10007147,,,,Welwyn St Mary's Church of England Voluntary Aided Primary School,117490,Primary
96218f18-d75b-42a8-bb7a-af76f5f958b3,2019,The Manchester Metropolitan University,M40,10004180,,,,Werneth Primary School,140597,Mathematics
5990282d-6744-463e-af27-4bd3b8ef7d8f,2019,The Manchester Metropolitan University,M40,10004180,,,,Werneth Primary School,140597,Primary
b0d9980b-846f-4789-a9b7-074a21a6dc8c,2019,Middlesex University,M80,10004351,,,,Wessex Gardens Primary School,131617,Primary
d896ed2d-cc23-44b9-bd23-faceaa7a792b,2019,University of Sussex,S90,10007806,,,,West Blatchington Primary and Nursery School,114425,Primary
b739232c-301d-4ab9-a4bf-2d788c95195c,2019,University of Huddersfield,H60,10007148,,,,West Bretton Junior and Infant School,108167,Primary
b6ddf12a-0bd3-4ad5-b01e-b3f9f9c64d7f,2019,Leeds Beckett University,L27,10003861,,,,Westbrook Lane Primary School,107861,Primary
d95aec44-0a43-4f39-b90b-06d9f291569a,2019,Liverpool John Moores University,L51,10003957,,,,Westbrook Old Hall Primary School,145389,Primary
4a354394-f875-41da-8f51-cdda7dda2ebb,2019,Kingston University,K84,10003678,,,,Westbrook Primary School,139889,Primary
b89d9e19-869e-4e8b-92ca-efb552e67dcc,2019,University Of Plymouth,P60,10007801,,,,West Croft School,113132,Primary
28948e93-9f6d-447d-b116-c1ad5c6519aa,2019,University Of Plymouth,P60,10007801,,,,West Down School,113172,Primary
12a5300b-3345-466e-97ed-a3ec64ebae27,2019,University of Reading,R12,10007802,,,,Westende Junior School,148014,Primary
9c43e3e9-30ea-4f8e-9cfd-77d29beb7482,2019,University of Northumbria at Newcastle,N77,10001282,,,,Western Community Primary School,133384,Primary
76ffd865-9bf1-4170-b026-2dc18995c5dc,2019,University of Sussex,S90,10007806,,,,Western Road Community Primary School,114406,Primary
362a5cb5-7730-4a39-be6e-9976590fdce8,2019,Leeds Trinity University,L24,10003863,,,,Westerton Primary Academy,142452,Primary
65caf8d4-de34-49a6-80d9-6a4bd919b4c4,2019,Edge Hill University,E42,10007823,,,,Westfield Community School,134742,Primary
b6011f52-2559-4053-9e14-1cb4897964e9,2019,University of Northumbria at Newcastle,N77,10001282,,,,Westgate Hill Primary Academy,144970,Primary
2762d445-d052-438d-8b95-32f360541255,2019,Nottingham Trent University,N91,10004797,,,,Westglade Primary School,131006,Primary
6d391c43-3994-4052-856d-80c1dad7446c,2019,Newman University,N36,10007832,,,,West Heath Primary School,134279,Primary
b932c4d0-2879-4ee7-9a04-f76890933b6f,2019,University of Wolverhampton,W75,10007166,,,,West Heath Primary School,134279,Primary
31ba966b-fd19-4825-b9ae-2c73d7233c74,2019,Birmingham City University,B25,10007140,,,,West Hill Primary School,124072,Primary
99fc1307-2677-48a3-b460-94fb64cfa90e,2019,University of Sussex,S90,10007806,,,,West Hoathly CofE Primary School,126012,Primary
72d386fa-6d5c-42f2-90aa-ffc805c536c0,2019,University of Sussex,S90,10007806,,,,West Hove Infant School,114428,Primary
d082db50-fe84-4aa4-8188-30a780d0f2f2,2019,Liverpool Hope University,L46,10003956,,,,West Kirby St Bridget's CofE Primary School,105062,Primary
33df9fcf-133c-4f2b-b78e-ba660a6cfb4f,2019,"Goldsmiths, University of London",G56,10002718,,,,West London Free School,136750,Art and design
ac03760b-8d48-492f-b8e2-a93c6f9fc879,2019,The Manchester Metropolitan University,M40,10004180,,,,Westminster Primary Academy,144945,Mathematics
023e05d1-1756-431e-991d-4472fa66a19b,2019,Edge Hill University,E42,10007823,,,,Westmorland Primary School,132121,Primary
fd3e07ac-b308-4d70-90f2-4a40e706f219,2019,University of Northumbria at Newcastle,N77,10001282,,,,West Newcastle Academy,139729,Primary
4c8492e5-4176-4a04-80fe-d86a37561ccb,2019,The Manchester Metropolitan University,M40,10004180,,,,Weston Primary School,111114,Primary
7a36cea2-3131-4a2d-999f-1e21ae5766a6,2019,University of Northumbria at Newcastle,N77,10001282,,,,West Park Academy,137042,Primary
c64e665c-dd1a-4b5b-a2bc-3de11bd18822,2019,University of Sussex,S90,10007806,,,,West Rise Primary School,114466,Primary
4aff7a72-82f1-4dc6-96b9-7e7902675a8a,2019,University of Wolverhampton,W75,10007166,,,,West Walsall E-ACT Academy,138374,Mathematics
c3da199b-defe-4635-ab94-a2800b275a5c,2019,Sheffield Hallam University,S21,10005790,,,,Westways Primary School,107095,Primary
e6f82b28-1d48-4e25-a020-0e2f83ad17fb,2019,University of Chichester,C58,10007137,,,,West Wittering Parochial Church of England School,126000,Primary
6d2da856-c78e-419d-a2f5-4d4ebeb50062,2019,The Manchester Metropolitan University,M40,10004180,,,,Westwood Academy,141401,Primary
7742600d-8c1f-4bd2-9568-34fc0b5daa35,2019,St Mary's University,S64,10007843,,,,Weyfield Primary Academy,139070,Primary
f2c90756-7f4e-4fab-9c8f-0744171f5630,2019,Sheffield Hallam University,S21,10005790,,,,Wharncliffe Side Primary School,146498,Primary
13235843-3465-4674-8a65-67756d3cf163,2019,The University of Brighton,B72,10000886,,,,Wheatley Park School,140875,Physical education
641c847f-3a78-41a1-b467-b0485f6e7367,2019,Birmingham City University,B25,10007140,,,,Wheelers Lane Technology College,103501,Primary
a31ccea1-464e-48a5-bd5f-78a50cf611e7,2019,University of Chester,C55,10007848,,,,Wheelock Primary School,142756,Primary
fd009942-c6c9-4ade-b0aa-74f2d67363ca,2019,Bradford College,B60,10000840,,,,Whetley Academy,139046,Primary
1c94a544-6d23-487e-a644-4eda5d0f04d4,2019,Plymouth Marjon University,P63,10037449,,,,Whimple Primary School,113113,Primary
257a14ee-921a-41d1-b624-5e71b3ff9222,2019,University of Hertfordshire,H36,10007147,,,,Whipperley Infant Academy,139219,Primary
cd77057a-56ad-448c-88d0-e439ff5406ae,2019,Liverpool Hope University,L46,10003956,,,,Whiston Willis Primary Academy,145613,Primary
561d3c4f-43f7-466f-a5f0-cd3308861f85,2019,Liverpool John Moores University,L51,10003957,,,,Whiston Willis Primary Academy,145613,Primary
a3592faa-2a31-441e-b9e6-fde5b369b639,2019,"University of the West of England, Bristol",B80,10007164,,,,Whitchurch Primary School,147800,Primary
f09279be-7047-49a6-a7b5-2a7121061937,2019,Leeds Trinity University,L24,10003863,,,,Whitechapel Church of England Primary School,136511,Primary
4302de0a-4490-4e00-a143-0105b183e8a9,2019,Leeds Beckett University,L27,10003861,,,,Whitecote Primary School,107970,Primary
0c3098ed-22af-40d0-88c6-54c87c50848d,2019,Leeds Beckett University,L27,10003861,,,,Whitefield Infant School and Nursery,119179,Primary
d7401b56-c6ae-4fe0-bce2-dbff57c57b6f,2019,Lincoln Bishop University,B38,10007811,,,,Whitefriars Church of England Primary Academy,141314,Primary
4b33c37e-83e2-43bb-94b8-18e24b5f2b9b,2019,Plymouth Marjon University,P63,10037449,,,,Whitefriars School,141071,Physical education
0ba7dcaf-235a-40ff-8eee-7e06a1809515,2019,Birmingham City University,B25,10007140,,,,Whitehall Nursery and Infant School,104163,Primary
2ce8c8bf-c9f7-4c70-a14f-bbc97e132011,2019,St Mary's University,S64,10007843,,,,Whitehorse Manor Junior School,136565,Primary
3cc45686-68f5-408d-a78c-d4b5565c4cc5,2019,Birmingham City University,B25,10007140,,,,Whitehouse Common Primary School,132007,Primary
ba251478-d62b-4a08-a5de-86b884b12bf7,2019,Two Mile Ash ITT Partnership,T89,10059102,,,,Whitehouse Primary School,142907,Primary
8ed6e4cf-9d39-4ff5-992d-d721687a5575,2019,University of Reading,R12,10007802,,,,Whiteknights Primary School,109839,Primary
87687b60-0ee0-4529-bb36-8c7955418223,2019,University of Chichester,C58,10007137,,,,White Meadows Primary Academy,140794,Primary
4c732f05-f80b-40a4-b0f8-5bf3fabb625f,2019,Canterbury Christ Church University,C10,10001143,,,,Whitfield Aspen School,118459,Primary
e0f3a7bd-7c79-428c-bf28-19332a31045d,2019,University of Huddersfield,H60,10007148,,,,Whitfield St James' CofE (VC) Primary School,112818,Primary
fcb259c5-1751-4ccb-ad28-fdbfe45c16d2,2019,Plymouth Marjon University,P63,10037449,,,,Whitleigh Community Primary School,132215,Early years ITT
c6c1c7c0-0816-4611-b73f-084d766b58eb,2019,Plymouth Marjon University,P63,10037449,,,,Whitleigh Community Primary School,132215,Primary
74eb5b30-1893-490b-b6fe-6126e100c2ae,2019,University Of Plymouth,P60,10007801,,,,Whitleigh Community Primary School,132215,Primary
74fa3a52-fa30-48ca-b81a-d46f2a8f2b58,2019,Leeds Trinity University,L24,10003863,,,,Whitley and Eggborough Community Primary School,121423,Primary
37427f70-566f-44df-bbde-3163ee5956b0,2019,Canterbury Christ Church University,C10,10001143,,,,Whitstable Junior School,118364,Mathematics
db4e1e55-ea6b-419a-84be-07b9aa23a0f2,2019,Canterbury Christ Church University,C10,10001143,,,,Whitstable Junior School,118364,Primary
57cf189e-8975-471e-bd01-766ac31e2bde,2019,Birmingham City University,B25,10007140,,,,Whoberley Hall Primary School,103674,Primary
98e0be8f-6651-4693-b30c-d15e36066980,2019,Plymouth Marjon University,P63,10037449,,,,Widewell Primary Academy,139289,Primary
63a901da-3efc-414b-a713-9ff5280ae0cd,2019,University Of Plymouth,P60,10007801,,,,Widey Court Primary School,143309,Primary
0effb50e-951d-48ae-970a-d07a03b63d26,2019,University Of Plymouth,P60,10007801,,,,Wilcombe Primary School,137659,Primary
0770e4a2-be7e-4a51-a073-0f49f0863247,2019,University of Reading,R12,10007802,,,,Wildridings Primary School,109941,Primary
c3700a63-fa45-43b6-a046-732c3f04e759,2019,University Of Plymouth,P60,10007801,,,,Willand School,113114,Primary
fb11c1c4-3cfa-4638-8d61-963055f042eb,2019,University of Wolverhampton,W75,10007166,,,,Willenhall E-ACT Academy,137706,History
b40d5446-15e6-421c-843d-88cb07ad5239,2019,Canterbury Christ Church University,C10,10001143,,,,Willesborough Junior School,118371,Primary
3c160921-d56a-4a21-96a9-996173be9c1d,2019,University of Hertfordshire,H36,10007147,,,,William Austin Infant School,109584,Primary
e6dd7e0a-a824-470c-9dce-7497c52e4ef2,2019,The University of Northampton,N38,10007138,,,,William Harding School,110358,Primary
c939c52f-07b6-48fd-82e1-7a4d371d9e56,2019,The University of Brighton,B72,10000886,,,,Willingdon Community School,114592,Physical education
c3d9b40c-b970-4395-ac3e-47ef5361f320,2019,University of Reading,R12,10007802,,,,Willow Bank Junior School,109890,Primary
8d788788-1fa6-4743-bdfe-a9df3831cd12,2019,Nottingham Trent University,N91,10004797,,,,Willow Brook Primary School,122650,Primary
c26cca43-30dd-4751-9937-f778bd6a8786,2019,University of Sunderland,S84,10007159,,,,Willow Wood Community Primary School,108783,Primary
589a4b03-7d7d-4630-a892-9344dcb907b3,2019,Leeds Trinity University,L24,10003863,,,,Wilsden Primary School,144006,Primary
a20864b5-b0c0-40af-b5e7-54dfb0f76886,2019,Kingston University,K84,10003678,,,,Wimbledon Chase Primary School,102662,Primary
c861ddf2-d7be-4a2c-81be-2a9f042f305a,2019,St Mary's University,S64,10007843,,,,Wimbledon Chase Primary School,102662,Primary
92997352-dc2d-4d59-a69c-184bd0644223,2019,University of Northumbria at Newcastle,N77,10001282,,,,Windy Nook Primary School,108374,Primary
4bc97f86-eed9-47ad-b6c7-713457018578,2019,Plymouth Marjon University,P63,10037449,,,,Winkleigh Primary School,113174,Primary
00a1b7e0-04f9-4be6-9ab6-bdf2f2eb6d85,2019,Nottingham Trent University,N91,10004797,,,,Winshill Village Primary and Nursery School,146085,Primary
f1f73777-d6ec-40fd-bec0-aa05063be748,2019,University of Chester,C55,10007848,,,,Wistaston Church Lane Academy,141568,Primary
f3281217-e68f-45c4-aa45-dfa93d349e48,2019,University of Cumbria,C99,10007842,,,,Withnell Fold Primary School,119306,Primary
b39c0074-9c00-4054-9e60-2c8c95228d85,2019,Plymouth Marjon University,P63,10037449,,,,Wiveliscombe Primary School,123713,Primary
db856487-904c-4e98-9387-4ff2d9b436a5,2019,University of Wolverhampton,W75,10007166,,,,Wodensfield Primary School,104345,Primary
857ade71-bcfc-4d0f-a156-6217e2b8fc1d,2019,University of Bedfordshire,B22,10007152,,,,Wollaston School,146489,Physical education
53683d20-8e7c-42d9-a543-b14449c84b4b,2019,Birmingham City University,B25,10007140,,,,Wolsey House Primary School,120039,Primary
47ae6575-fcfa-4669-a050-2c5d23ac0e4f,2019,The University of Brighton,B72,10000886,,,,Woodbridge High School,102854,Physical education
b44c5e02-baa6-4953-8b8c-991d34cc04f2,2019,Newman University,N36,10007832,,,,Woodcock Hill Primary School,103372,Primary
9e5317d8-59d7-4a08-a2e4-028d88efe2cb,2019,University of Hertfordshire,H36,10007147,,,,Wood End Infant & Pre-School,110368,Primary
ed8c16bb-c5b0-4789-8976-46a1da9a45b9,2019,Birmingham City University,B25,10007140,,,,Woodgate Primary School,103310,Primary
24d3e483-cb8a-48e6-8603-e24f0a450591,2019,The University of Brighton,B72,10000886,,,,Woodingdean Primary School,114480,Primary
d0ad6bb2-3ba9-4ae1-be4f-ff53032218a8,2019,University of Sussex,S90,10007806,,,,Woodingdean Primary School,114480,Primary
e95d3927-9ae9-43c5-a390-4b0c0de35274,2019,Birmingham City University,B25,10007140,,,,Woodlands,145224,Primary
cde93636-34a0-485f-bcf9-5110a77ae876,2019,Birmingham City University,B25,10007140,,,,Woodlands Academy of Learning,138343,Primary
99be846f-8cf6-4e5b-85a3-89a302a99465,2019,Birmingham City University,B25,10007140,,,,Woodlands Infant School,104053,Primary
4fc2b9b7-980b-4791-b259-0146815dcc15,2019,Edge Hill University,E42,10007823,,,,Woodlands Primary School,104881,Primary
1081ee8b-f2ff-4a86-a1b4-1f9841233f18,2019,University of Reading,R12,10007802,,,,Woodley CofE Primary School,109988,Primary
aa444c79-6cfa-4625-9fd9-61e32d1bcf1e,2019,University of Bedfordshire,B22,10007152,,,,Woodnewton- A Learning Community,138153,Primary
b77ea34c-a27a-4a5f-baf6-04c1e95a0f21,2019,Edge Hill University,E42,10007823,,,,Woodseats Primary School,147375,Primary
29873e7a-1a81-4aa0-9702-977b2fb5714b,2019,Sheffield Hallam University,S21,10005790,,,,Woodsetts Primary School,144323,Primary
0ab58dfb-3bdf-4d29-8824-a0af6798aac8,2019,Canterbury Christ Church University,C10,10001143,,,,Woodside Academy,139106,Primary
8d2753db-8e89-4739-9235-da1bf3f11ca4,2019,University of Hertfordshire,H36,10007147,,,,Woodside Primary School,147879,Primary
9264acd5-dae5-47d8-86b6-aba1949e4682,2019,Sheffield Hallam University,S21,10005790,,,,Woodthorpe CofE Primary School,147107,Primary
26f3df3a-fe24-46cb-9c6a-52b5200367d7,2019,Sheffield Hallam University,S21,10005790,,,,Woodthorpe Primary School,148690,Primary
92698249-2fda-4774-bb78-3ede8ef5d80b,2019,University Of Plymouth,P60,10007801,,,,Woodwater Academy,139019,Primary
53170588-719c-4d31-91c0-1cbd179e62a6,2019,University of Chester,C55,10007848,,,,Woore Primary and Nursery School,123405,Primary
c4c82066-a423-47b9-b49f-178e53273060,2019,Two Mile Ash ITT Partnership,T89,10059102,,,,Wootton Lower School,109494,Primary
453fc085-e21b-4edb-8dd4-ad19ecfb1e0a,2019,Lincoln Bishop University,B38,10007811,,,,Wootton St Andrew's CofE Primary School,118038,Primary
ead2d416-7946-46d4-8e84-92e8bc61405f,2019,University of Bedfordshire,B22,10007152,,,,Wootton Upper School,137522,Physical education
6c393cac-10d2-4ff5-9e7a-5e502f43e016,2019,"University of the West of England, Bristol",B80,10007164,,,,Worlebury St Paul's Church of England Voluntary Aided Primary School,109241,Primary
122bcb3d-25dd-4984-81b8-0e678c4dbc96,2019,University of Sussex,S90,10007806,,,,Worsley Bridge Primary School,142403,Primary
3b81f87e-305a-487b-89d4-e6481472e98a,2019,The University Of East Anglia,E14,10007789,,,,Worstead Church of England Primary School,121066,Primary
4b4dc6b4-1cb5-48cb-a8ac-beaca497d70b,2019,Canterbury Christ Church University,C10,10001143,,,,"Wouldham, All Saints Church of England Voluntary Controlled Primary School",118634,Primary
cb2d70c2-c8bf-49e0-a132-8146135599c1,2019,"University of the West of England, Bristol",B80,10007164,,,,Wraxall Church of England Primary School,146004,Primary
744451c3-16fd-4085-9d82-a5fb275d7b11,2019,Canterbury Christ Church University,C10,10001143,,,,Wrotham Road Primary School,145815,Primary
b7fcc438-2405-4af9-897d-4f35695244af,2019,Edge Hill University,E42,10007823,,,,Wroughton Infant Academy,143461,Primary
3c52ff3d-cc6d-4e69-97ab-30a11b0ccbaa,2019,Lincoln Bishop University,B38,10007811,,,,Wybers Wood Academy,138975,Primary
9290b309-1516-4473-8f46-f7c2a78e3cf6,2019,University of Greenwich,G70,10007146,,,,Wyborne Primary School,100146,Primary
b593d8af-232b-43fe-9738-09e95b5d4e5b,2019,"University of the West of England, Bristol",B80,10007164,,,,Wyedean School and Sixth Form Centre,137382,Mathematics
c230b83e-92a3-4ffb-89e3-badf105cf9ee,2019,The University Of East Anglia,E14,10007789,,,,Wymondham College,136481,Geography
ed8feffe-6851-4671-9149-1372ff98024d,2019,Birmingham City University,B25,10007140,,,,Wyndcliffe Primary School,141319,Primary
9448f32f-1479-44ca-9b43-ee5b06c47170,2019,Newman University,N36,10007832,,,,Yardley Primary School,133996,Primary
0e0b6307-fc39-4946-9104-0528479fc6e5,2019,St Mary's University,S64,10007843,,,,Yattendon School,125289,Primary
519b6de6-b307-49f9-96ee-198bc41c3f76,2019,"University of the West of England, Bristol",B80,10007164,,,,Yatton Church of England Junior School,145263,Primary
8aede6b4-b531-46a1-bc3e-576f85429d49,2019,"University of the West of England, Bristol",B80,10007164,,,,Yatton Infant School,145444,Primary
fd7abe17-b9c8-4dc4-b2d7-337c38d24858,2019,Kingston University,K84,10003678,,,,Yeading Infant and Nursery School,102404,Primary
41f8613e-5907-4ee5-b1e8-e9ba1efa30d8,2019,University Of Plymouth,P60,10007801,,,,Yealmpstone Farm Primary School,113328,Primary
c3914c6a-e78c-499c-8b4b-83969ba87e81,2019,York St John University,Y75,10007713,,,,Yearsley Grove Primary School,132228,Primary
892f479f-df10-44c8-b7c5-7ea62b252d5d,2019,Birmingham City University,B25,10007140,,,,Yew Tree Community Junior and Infant School (NC),142858,Primary
85ba97a2-0e3e-401e-a57d-4eda388e3931,2019,Birmingham City University,B25,10007140,,,,Yew Tree Primary School,103974,Primary
9269cca0-e490-4f88-b33d-ce9a695389a3,2019,Liverpool Hope University,L46,10003956,,,,Ysgol Bryn Coch C.P.,400347,Primary
ddeaf725-025b-46c6-9c79-817e22256881,2019,University of Chester,C55,10007848,,,,Ysgol Bryn Garth,400321,Primary
1a227488-a940-454d-827c-6294340a3bf0,2019,University of Winchester,W76,10003614,,,,Zouch Academy,140685,Primary