id,start_academic_year,provider_name,provider_code,provider_ukprn,partner_name,partner_reference,partner_type,school_name,school_urn,subject_name
f153b402-798a-4fa6-9f89-916331816d91,2020,Birmingham City University,B25,10007140,,,,Abbey Catholic Primary School,147669,Primary
655c8885-2464-49b2-8484-2c6eef607211,2020,Newman University,N36,10007832,,,,Abbey Catholic Primary School,147669,Primary
5a2626c3-f90f-46ac-bb4f-042c8b4f5b7f,2020,Nottingham Trent University,N91,10004797,,,,Abbey Catholic Primary School,147669,Primary
5b370718-b61a-4b29-b974-4284d5fff443,2020,Canterbury Christ Church University,C10,10001143,,,,Abbey Court Foundation Special School,119052,Primary
8a3e0901-73ba-4532-9f5d-94f61adb174c,2020,Sheffield Hallam University,S21,10005790,,,,Abbeyfield Primary Academy,143052,Primary
b54e7435-86d5-4697-9aae-d6c8890de6b0,2020,The Manchester Metropolitan University,M40,10004180,,,,Abbeyfield Primary Academy,143052,Primary
80f65126-8cf3-4653-8e39-3e4cb1eb4eeb,2020,The Manchester Metropolitan University,M40,10004180,,,,Abbey Hey Primary Academy,139404,Primary
454a739a-3c4f-4367-a0ef-fe73a0191087,2020,Nottingham Trent University,N91,10004797,,,,Abbey Hill Primary & Nursery,136006,Primary
05fb080b-5764-4e4a-ae97-5ee361779909,2020,Nottingham Trent University,N91,10004797,,,,Abbey Hill Primary & Nursery,150098,Primary
6a77df8e-db9e-482d-887c-50c5a1df9774,2020,Sheffield Hallam University,S21,10005790,,,,Abbey Hill Primary & Nursery,136006,Primary
0263cc6a-c4af-4b65-90a2-2de21c414514,2020,Sheffield Hallam University,S21,10005790,,,,Abbey Hill Primary & Nursery,150098,Primary
a28eb075-7978-414d-b8d4-11409846cacf,2020,Staffordshire University,S72,10006299,,,,Abbey Hulton Primary School,146487,Primary
f2a9efef-84cc-4f08-9643-6cb2d4b696bc,2020,University of Wolverhampton,W75,10007166,,,,Abbey Infant School,103930,Primary
beb2da8d-a6e4-483c-be17-5e0f8d3cb910,2020,University of Wolverhampton,W75,10007166,,,,Abbey Junior School,103929,Primary
67b22cef-ce09-4b77-9c46-bb940f4276c5,2020,University of Wolverhampton,W75,10007166,,,,Abbey Junior School,136989,Primary
630eaa54-b961-4029-afa5-51d0161cc83c,2020,University of Gloucestershire,G50,10007145,,,,Abbeymead Primary School,115601,Primary
1e8a02d4-f51d-4fe9-b474-485b9aae0329,2020,University of Huddersfield,H60,10007148,,,,Abbey Park Academy,140172,Primary
f2f43ca2-9624-4f82-acd8-c1872d5c3b51,2020,University of Worcester,W80,10007139,,,,Abbey Park Middle School,116774,Primary
899db94b-3315-4383-bacc-d9d1ffaa1623,2020,University of Worcester,W80,10007139,,,,Abbey Park Primary School,116716,Primary
51c3d13a-a3b2-4f6a-96c6-8c6556a85de0,2020,Birmingham City University,B25,10007140,,,,Abbey Primary School,104168,Primary
c6a37d15-6cb0-4d06-a077-c1bfdeea96ce,2020,Sheffield Hallam University,S21,10005790,,,,Abbey School,142768,Primary
423036c3-610f-4c9a-83c4-652a97ad620f,2020,Edge Hill University,E42,10007823,,,,Abbey Village Primary School,119307,Primary
57159d0c-d1a5-4cb6-afeb-0ede525c481f,2020,University of Hertfordshire,H36,10007147,,,,Abbotsweld Primary Academy,141380,Primary
73591e53-b7ba-4ac1-bfeb-df2932a3d21c,2020,University of Winchester,W76,10003614,,,,Abbotswood Junior School,116482,Primary
d48962af-4da7-4fce-bb16-495d0c98c2ff,2020,"University of the West of England, Bristol",B80,10007164,,,,Abbotswood Primary School,132199,Primary
3cf8cd2f-17b5-4f52-9716-263bae23bd77,2020,University of Hertfordshire,H36,10007147,,,,Abel Smith School,117111,Primary
feeb77ce-a243-47a8-8920-203e80b949a3,2020,Coventry University,C85,10001726,,,,Abington Vale Primary School,138952,Primary
58d8cfaa-b592-4856-98e4-c9b8e3a04a43,2020,Bradford College,B60,10000840,,,,Abraham Moss Community School,105560,Primary
984b9f45-d116-47dc-8935-0ccddd78a8a6,2020,Leeds Trinity University,L24,10003863,,,,Abraham Moss Community School,150009,Primary
d040a306-0866-4d01-bd8b-d1994d7e963b,2020,The Manchester Metropolitan University,M40,10004180,,,,Abraham Moss Community School,105560,Mathematics
24cecb2a-ae86-43ae-abc8-058619014aaa,2020,The Manchester Metropolitan University,M40,10004180,,,,Abraham Moss Community School,150009,Primary
9c80c211-6db8-476c-b130-56dbf639207e,2020,University of Wolverhampton,W75,10007166,,,,Abu Bakr Al-Ihsaan Academy,132750,Primary
7a94e913-f414-4a4d-9df9-8fa252b2a17a,2020,The Manchester Metropolitan University,M40,10004180,,,,Acacias Community Primary School,105401,Primary
ff39d166-2229-45cf-a9e7-f4eb4972c454,2020,University of Sunderland,S84,10007159,,,,Academy 360,145477,Primary
bf6eae37-9d59-4ded-856c-00cf7e61d97d,2020,Edge Hill University,E42,10007823,,,,Accrington St Mary Magdalen's Church of England Primary School,119446,Primary
fb8fb065-2f2c-4666-99e7-b15628cf3596,2020,Plymouth Marjon University,P63,10037449,,,,ACE Schools Plymouth,142835,Physical education
b6f87fd2-b470-4d6e-b343-aa71686e58b7,2020,York St John University,Y75,10007713,,,,Ackworth Howard Church of England Voluntary Controlled Junior and Infant School,130977,Primary
49f6ff2a-5e8f-4b22-a063-a3eb84918d0a,2020,The University Of East Anglia,E14,10007789,,,,Acle Academy,138758,English
577db19f-da9b-481b-b786-650647da20ef,2020,The University Of East Anglia,E14,10007789,,,,Acle Academy,138758,History
ffe9babb-79b5-4493-bdc9-5baeba944203,2020,The University Of East Anglia,E14,10007789,,,,Acle Academy,138758,Mathematics
79dd684f-9398-4228-b3f1-dabe88ceb149,2020,The University Of East Anglia,E14,10007789,,,,Acle Academy,138758,Modern languages
2c719981-625c-43d0-a4f8-93475e2fd52b,2020,The University Of East Anglia,E14,10007789,,,,Acle Academy,138758,Physics
8722fdbc-0a02-45a4-9bba-17f5220ba2c6,2020,The University Of East Anglia,E14,10007789,,,,Acle St Edmund Voluntary Controlled Primary School,121024,Primary
e29f7932-20f3-402a-bfb6-0d31351c4cbd,2020,Sheffield Hallam University,S21,10005790,"Archbishop Holgate's School, A Church of England Academy",136617,school,Acomb Primary School,144265,Primary
19a0a611-782f-4183-9e15-853546b216ec,2020,Edge Hill University,E42,10007823,,,,Acorns Primary School,135347,Primary
a3afa182-ddd3-420b-8b51-c49c8098407a,2020,University of Northumbria at Newcastle,N77,10001282,,,,Acre Rigg Academy,138554,Primary
a716e842-19aa-4540-aa81-45e4c39e11aa,2020,University of Sunderland,S84,10007159,,,,Acre Rigg Academy,138554,Primary
5e74929a-0b15-4eb2-8237-f431735a1af7,2020,University of Sunderland,S84,10007159,,,,Acre Rigg Infant School,114154,Primary
b35a50e9-149b-4ee7-b8c6-8ff9aa5a2cb5,2020,"Goldsmiths, University of London",G56,10002718,,,,Addey and Stanhope School,100748,Design and technology
2007c3e3-ca22-43b5-b010-f7b0de8ac85f,2020,St Mary's University,S64,10007843,,,,Addison Primary School,100321,Primary
3f0b3212-3f16-4442-9a47-f4a96a95d66a,2020,Edge Hill University,E42,10007823,,,,Adelaide Heath Academy,148641,Primary
a4d57899-bc3c-460b-bfe2-29f1374e0478,2020,University of Hull,H72,10007149,,,,Adelaide Primary School,144672,Primary
da88e436-5c4a-43a2-a05f-289bb2cccf05,2020,Leeds Trinity University,L24,10003863,,,,Adel St John the Baptist Church of England Primary School,108041,Primary
ca6efe84-3c83-496b-a7da-d6199b6eaf33,2020,Sheffield Hallam University,S21,10005790,,,,Adswood Primary School,106024,Primary
3d8b9a07-7912-428a-a6f7-9127eee582ec,2020,The Manchester Metropolitan University,M40,10004180,,,,Adswood Primary School,106024,Primary
ac123bcd-106a-4561-b6fa-3ddbf910a4d0,2020,University of Chester,C55,10007848,,,,Adswood Primary School,106024,Primary
0858a03f-44cc-48ff-877e-612c2612d057,2020,University of East London,E28,10007144,,,,Ainslie Wood Primary School,130343,Primary
e5428b11-fd19-45b2-83db-45f28bfb5284,2020,Edge Hill University,E42,10007823,,,,Aintree Davenhill Primary School,104868,Primary
09c32bb3-5609-44b4-a7bc-60b16d6df04b,2020,Leeds Beckett University,L27,10003861,,,,Airedale Infant Academy,141522,Primary
b87fab51-f1ca-43ee-8237-bae2f3ca7b86,2020,Leeds Trinity University,L24,10003863,,,,Airedale Infant Academy,141522,Primary
225251df-7925-4a56-8604-463627ffb26f,2020,Leeds Trinity University,L24,10003863,,,,Airedale Junior Academy,141409,Primary
3bf6f330-c1f2-47ca-9edd-d9a60795a9f9,2020,York St John University,Y75,10007713,,,,Airmyn Park Primary School,145596,Primary
e2877245-d250-49b5-ae3c-6609cbdd3e66,2020,York St John University,Y75,10007713,,,,Airy Hill Primary School,144679,Primary
d37eaec8-4c7b-444e-9383-a4ef7fc12d4b,2020,Leeds Beckett University,L27,10003861,,,,"Aiskew, Leeming Bar Church of England Primary School",121472,Primary
491d7b38-9e65-4ec3-b8a1-0342671ed92a,2020,York St John University,Y75,10007713,,,,"Aiskew, Leeming Bar Church of England Primary School",121472,Primary
9039fa9c-c6e3-4bfe-9e25-5995a48a4a65,2020,University of Derby,D39,10007851,,,,Akaal Primary School,142109,Primary
2bea9017-c624-4b2a-95ba-05ef7b826afc,2020,University of Derby,D39,10007851,,,,Akaal Primary School,150481,Primary
9569f62f-a1fb-4352-9036-3ce19b2fbe06,2020,University College Birmingham,B35,10000712,,,,Al-Ameen Primary School,130244,Primary
f2efc487-bbdb-441b-825f-b01e69849284,2020,University of Hertfordshire,H36,10007147,,,,Alban City School,138231,Primary
ca093403-b6a9-44c7-8752-35cf8fb36f59,2020,University of Hertfordshire,H36,10007147,,,,Alban Wood Primary School and Nursery,144907,Primary
a56f49ce-adba-4c38-8eb4-c7ed65855015,2020,University of Sunderland,S84,10007159,,,,Albany Village Primary School,131036,Primary
f1cb719d-55bc-4ceb-a369-1366eb96617c,2020,Newman University,N36,10007832,,,,Albert Bradbeer Primary Academy,140889,Primary
7deb1fdb-4f3e-438a-9b7e-c07f0ba5cdb7,2020,University of Wolverhampton,W75,10007166,,,,Albert Pritchard Infant School,103906,Primary
60d9cc5b-58f3-4bfe-ba22-51864d422079,2020,University of Chester,C55,10007848,,,,Albrighton Primary School & Nursery,123410,Primary
d01b02dc-b2ca-4f4c-b6b5-28e91b832c64,2020,The University Of East Anglia,E14,10007789,,,,Aldeburgh Primary School,144211,Primary
4b3417b1-ddd1-41a8-8f01-f71291eafe87,2020,Roehampton University,R48,10007776,,,,Alderbrook Primary School,100995,Primary
85afb209-8bbd-44bb-a939-19b092348e6e,2020,The Manchester Metropolitan University,M40,10004180,,,,Alderley Edge Community Primary School,111008,Primary
ede4f55f-1f30-4565-ac62-6798f98e06ce,2020,University of Hull,H72,10007149,,,,Alderman Cogan's Church of England Primary Academy,144421,Primary
b20608c1-4e29-4afb-b0b7-690c26550885,2020,Lincoln Bishop University,B38,10007811,,,,Alderman Jacobs School,136653,Primary
1e352d68-ee8f-4f2c-809a-f190ab3c3cb3,2020,The University Of East Anglia,E14,10007789,,,,Alderman Peel High School,145089,English
0ab793af-53ad-441a-b867-1d0511d22e82,2020,The University Of East Anglia,E14,10007789,,,,Alderman Peel High School,145089,History
3165d812-d34d-4641-946d-4cd9d6e3c723,2020,The University Of East Anglia,E14,10007789,,,,Alderman Peel High School,145089,Physical education
92f79fd0-3db4-4516-808f-f3b7b839e4b9,2020,Coventry University,C85,10001726,,,,Alderman Richard Hallam Primary School,120107,Primary
a0ccbf06-9f98-4e72-ab18-3155a81846c5,2020,The University of Northampton,N38,10007138,,,,Alderman Richard Hallam Primary School,120107,Primary
a41c4596-59fb-4477-8432-206642157b2d,2020,University of Greenwich,G70,10007146,,,,Alderwood Primary School,143601,Primary
520775c5-ad2e-403e-932d-8bd8d018fcd4,2020,University of Winchester,W76,10003614,,,,Alderwood School,116234,Primary
9756e463-cd83-4ebe-ba39-1dc92428c0e7,2020,University of Chichester,C58,10007137,,,,Aldingbourne Primary School,125816,Primary
99cf5e03-5ad1-4f2a-a441-c0648a778fdf,2020,University of Wolverhampton,W75,10007166,,,,Aldridge School - A Science College,137974,Chemistry
3d6d5f6c-fb87-43e5-adf5-925b63c6bce4,2020,University of Wolverhampton,W75,10007166,,,,Aldridge School - A Science College,137974,Primary
a9837a63-9646-4712-a622-ed04693cc3db,2020,The University of Brighton,B72,10000886,,,,Aldrington CofE Primary School,114555,Primary
94a87457-c033-4ffd-9d8a-4a46f95cc47d,2020,University of Sussex,S90,10007806,,,,Aldrington CofE Primary School,114555,Primary
40ca3cb1-26b1-4906-a6cc-f4e7befa2547,2020,Brunel University London,B84,10000961,,,,Alexander First School,109884,Primary
14dd8045-88e5-41b9-8dd5-c35bad415216,2020,University of Greenwich,G70,10007146,,,,Alexander McLeod Primary School,131841,Primary
6146fe8b-cd47-4046-858c-29e6f75f9cef,2020,Staffordshire University,S72,10006299,,,,Alexandra Infants' School,143489,Primary
c3ee6adc-dc18-4a0e-b9cb-d977ab0339ae,2020,Staffordshire University,S72,10006299,,,,Alexandra Junior School,143485,Primary
3a5f843b-b598-4a23-a231-5dba9a2e9e8f,2020,Roehampton University,R48,10007776,,,,Alexandra Nursery School,105142,Primary
841b76a9-1c44-4fc9-a6a5-8501375dc282,2020,The Manchester Metropolitan University,M40,10004180,,,,Alexandra Park Primary School,135746,Primary
b4415282-8771-4322-8b74-26fc58cb1d5b,2020,St Mary's University,S64,10007843,,,,Alexandra Primary School,102578,Primary
c644ce50-c730-4d95-b4d4-f0ba0ad8167f,2020,St Mary's University,S64,10007843,,,,Alexandra Primary School,140974,Primary
86632b0a-2092-4542-97b6-a5dcab59c629,2020,University of Cumbria,C99,10007842,,,,Al-Falah Primary School,133449,Primary
2468e8c2-e513-48f8-8bd9-aacf661a7ae8,2020,Lincoln Bishop University,B38,10007811,,,,Alford Primary School,120440,Primary
dc965f58-816a-4488-baf2-02de2ee9264e,2020,St Mary's University,S64,10007843,,,,Alfred Sutton Primary School,109776,Primary
d4646170-f229-49e0-9ed5-5d1e82a266ee,2020,University of Reading,R12,10007802,,,,Alfred Sutton Primary School,109776,Primary
cf60a176-4ffe-4732-a60d-c520b8690c06,2020,Sheffield Hallam University,S21,10005790,,,,Alfreton Park Community Special School,113040,Primary
e951b06d-8231-4a79-ae09-627f9b46cef0,2020,Lincoln Bishop University,B38,10007811,,,,Alkborough Primary School,117725,Primary
0a59c975-4566-4e91-ab80-91135cb8a7f3,2020,University of Cumbria,C99,10007842,,,,Al-Khair School Preparatory School,147184,Primary
70366954-cf5c-4aaf-962d-d5584507bf6e,2020,Edge Hill University,E42,10007823,,,,Allanson Street Primary School,104758,Primary
ca35a774-acff-4913-bc9f-e1ab0f097500,2020,St Mary's University,S64,10007843,,,,Allenby Primary School,101891,Primary
eb5d3bc1-39b1-44ac-b521-4f4268fa9eaf,2020,University of Cumbria,C99,10007842,,,,Allendale Primary School,122171,Primary
2804cdba-3859-4562-acb9-73bc8f5e23e6,2020,Leeds Beckett University,L27,10003861,,,,All Hallows' CofE (VA) Primary School,107727,Primary
c4b30994-017d-4c87-b749-e14059bbdd26,2020,The Manchester Metropolitan University,M40,10004180,,,,All Hallows RC High School,131512,Mathematics
9455c348-bd5d-450b-bf62-0c1ee9e19d2b,2020,University of Cumbria,C99,10007842,,,,Allithwaite CofE Primary School,112282,Primary
11bcc19a-360a-4c8a-9f79-ea89d6720e68,2020,Lincoln Bishop University,B38,10007811,,,,All Saints Anglican/Methodist Primary School,122799,Primary
e6314340-8e04-4c55-a5ad-361bcda18435,2020,Birmingham City University,B25,10007140,,,,All Saints Bedworth CofE Academy,148319,Primary
1134cdd1-88f4-4a0e-9124-6061b9e5e6aa,2020,Liverpool Hope University,L46,10003956,,,,All Saints Catholic Primary School,132208,Primary
f1f9c2ef-f260-4aca-907c-7b274c947343,2020,Edge Hill University,E42,10007823,,,,"All Saints Catholic Primary School, Golborne, Wigan",106505,Primary
2dba6600-aab8-4a72-9075-8888add7a38b,2020,Coventry University,C85,10001726,,,,All Saints Catholic School and Technology College,101247,Art and design
f93088cd-dda4-43ae-b752-a13af80305c7,2020,Coventry University,C85,10001726,,,,All Saints Catholic School and Technology College,101247,Biology
2154c792-8a19-4563-bad1-63ea19d4dda4,2020,Coventry University,C85,10001726,,,,All Saints Catholic School and Technology College,101247,Business studies
d5989ae7-9bd4-47d5-a78e-92b6d0fa5a66,2020,Coventry University,C85,10001726,,,,All Saints Catholic School and Technology College,101247,Geography
c917d073-fd1e-4b7d-8827-fc0a52730945,2020,University Of York,Y50,10007167,,,,All Saints Catholic School York,149517,Physics
907b5559-ca28-4cd1-b160-7b6049455a4e,2020,Liverpool Hope University,L46,10003956,,,,All Saints' Catholic Voluntary Aided Primary School,134250,Primary
9a5887ec-21b7-420c-a82e-29a2554ed1cd,2020,The University of Northampton,N38,10007138,,,,All Saints CEVA Primary School and Nursery,121998,Primary
97a1ed91-5a6f-45cd-b4b0-9cab8b094d7a,2020,Plymouth Marjon University,P63,10037449,,,,All Saints Church of England Academy,136142,Physical education
aa3e7fa2-124a-4c56-9ced-8406f35737b4,2020,University of Winchester,W76,10003614,,,,All Saints Church of England Aided Junior School,116358,Primary
55dcfd17-7a0a-432b-878f-221329c61fd4,2020,University of Reading,R12,10007802,,,,All Saints Church of England Primary School,149352,Primary
7cda77eb-6289-42df-95d5-2c2282a90d0b,2020,University of Hertfordshire,H36,10007147,,,,"All Saints Church of England Primary School and Nursery, Bishop's Stortford",117472,Primary
cf2c3925-04a6-4383-b27f-f5cee5da1460,2020,University of Sussex,S90,10007806,,,,"All Saints Church of England Primary School, Bexhill",114491,Primary
4f6a5277-f43a-4d9a-bded-2eb9fbc8b524,2020,The University Of East Anglia,E14,10007789,,,,"All Saints Church of England Voluntary Aided Primary School, Winfarthing",121128,Primary
11de15fc-bd8d-42f4-b990-9933a89359df,2020,Staffordshire University,S72,10006299,,,,All Saints CofE Academy Denstone,145681,Primary
e86e461d-acbd-4c43-b1cf-4d6422d8e160,2020,University of Derby,D39,10007851,,,,All Saints CofE Academy Denstone,145681,Primary
e0cfbabb-e73f-4508-a629-7c11ec4b0c8d,2020,University of Wolverhampton,W75,10007166,,,,All Saints CofE (C) Primary School,146295,Chemistry
b79a9454-3f7a-4918-bced-f8ad9ea751d6,2020,University of Derby,D39,10007851,,,,All Saints CofE Junior School,144067,Primary
c30a6edf-037a-4446-8644-a1c0737155dc,2020,The Manchester Metropolitan University,M40,10004180,,,,All Saints C of E Primary School,105505,Mathematics
ec700c85-c763-45f8-9258-dc2b340e6390,2020,The Manchester Metropolitan University,M40,10004180,,,,All Saints C of E Primary School,105505,Primary
31ec812f-a688-4c0f-83ac-3d1bab2f6131,2020,Canterbury Christ Church University,C10,10001143,,,,All Saints CofE Primary School,101787,Primary
e0c8297d-4f70-40c0-9dc2-ceed12f43ed7,2020,Leeds Beckett University,L27,10003861,,,,All Saints CofE Primary School,149120,Primary
005ffe80-be4a-4e4b-9fca-79d8895d3e36,2020,Leeds Trinity University,L24,10003863,,,,All Saints CofE Primary School,149120,Primary
abe8c3c0-0dea-47d2-b988-398a5328748e,2020,Roehampton University,R48,10007776,,,,All Saints CofE Primary School,100344,Primary
069ad75f-42d7-4eec-b56f-0f2c23a19a1e,2020,St Mary's University,S64,10007843,,,,"All Saints' CofE Primary School, Putney",101034,Primary
49bcf74f-9bb9-4eee-b634-9dec0d4073cf,2020,Liverpool Hope University,L46,10003956,,,,All Saints Primary School,105480,Primary
c546f06d-4d25-41cd-b203-770b7eab572f,2020,Edge Hill University,E42,10007823,,,,"All Saints' Roman Catholic High School, a Voluntary Academy",147565,Computing
eadd968f-47dd-4de4-8b5d-82b446ad4566,2020,Canterbury Christ Church University,C10,10001143,,,,All Soul's Church of England Primary School,146950,Primary
800698bd-e954-4674-923e-9edc08d5ea7d,2020,University of Hertfordshire,H36,10007147,,,,Alma Primary School,145984,Primary
a97fc93e-934e-4578-a408-94aaea0e07c0,2020,Edge Hill University,E42,10007823,,,,Almeley Primary School,116645,Primary
22f5b2f7-52d0-4c62-a195-f0d032e8899a,2020,Roehampton University,R48,10007776,,,,Al-Noor Voluntary Aided Muslim Primary School,142455,Primary
0a5038ef-4d2b-4c0f-9412-d9eebef8a5da,2020,Birmingham City University,B25,10007140,,,,Alston Primary School,140656,Primary
beda8ca2-c4ea-4756-a8f0-faa43a68ed2e,2020,University of Cumbria,C99,10007842,,,,Alston Primary School,112101,Primary
132fbb2a-1bbf-4a4b-93c0-7c123cee8a46,2020,The Manchester Metropolitan University,M40,10004180,,,,Alt Academy,141333,Mathematics
0bf77459-1e58-48f5-8cf5-f952856e2d25,2020,University of Chichester,C58,10007137,,,,Alton School,116537,Physical education
009f6f77-afe2-4ea5-83a2-5416dc565012,2020,The Manchester Metropolitan University,M40,10004180,,,,Altrincham College,138614,Mathematics
4d53f18c-f3cf-420e-bdb4-09738f809b05,2020,University of Wolverhampton,W75,10007166,,,,Alumwell Infant School,104143,Primary
4c3f6a00-ecd4-47f9-9234-b9c605ff8976,2020,University of Wolverhampton,W75,10007166,,,,Alumwell Nursery School,104140,Primary
dfc35cfd-f87e-497b-95ce-a3fb8e1f1702,2020,University of Chester,C55,10007848,,,,Alvanley and Manley Village School,111003,Primary
2b4d820e-8ba7-4000-b90b-68ac897a8a68,2020,University of Derby,D39,10007851,,,,Alvaston Infant and Nursery School,112744,Primary
a4e46153-d965-4522-8ab5-d51f828e5439,2020,University of Worcester,W80,10007139,,,,Alveley Primary School,143548,Primary
b2781d0f-7cae-4a0b-8d96-0569c3415c14,2020,Leeds Beckett University,L27,10003861,,,,Alverthorpe St Paul's CofE (VA) School 3-11yrs,108253,Primary
a756ebed-6c19-4e59-b364-6e973f80081a,2020,Leeds Trinity University,L24,10003863,,,,Alverthorpe St Paul's CofE (VA) School 3-11yrs,108253,Primary
3003acaf-dd32-477f-a9b8-14affa2fff45,2020,Birmingham City University,B25,10007140,,,,Alveston CofE Primary School,125623,Primary
f935d784-f593-4ec0-8f62-25d5c29452c8,2020,"University of the West of England, Bristol",B80,10007164,,,,Alway Primary,402046,Primary
ac2007b9-59ab-46d9-9687-deecfdd9dc94,2020,Leeds Beckett University,L27,10003861,,,,Alwoodley Primary School,107912,Primary
0a57b225-6df3-4ee4-aad0-e109b96c0b9b,2020,Liverpool Hope University,L46,10003956,,,,Ambleside CofE Primary School,141978,Primary
59a2ddba-3e9d-4989-afc0-36c733b7a47f,2020,University of Derby,D39,10007851,,,,Ambleside Primary School,145506,Primary
f222b5f3-4486-484f-b8a1-bfb31953f2b6,2020,University of Chichester,C58,10007137,,,,Amery Hill School,137535,Physical education
5cdac346-72c7-4028-a305-2d09314431c4,2020,University of Winchester,W76,10003614,,,,Amherst Primary School,134188,Primary
ec950c22-a8aa-4e2c-9f26-151580664091,2020,University of Wolverhampton,W75,10007166,,,,Amington Heath Primary School and Nursery,124176,Primary
fed18852-0da0-462f-b29f-f34bdd78a02f,2020,University of Gloucestershire,G50,10007145,,,,Ampney Crucis Church of England Primary School,115673,Primary
b89d2e31-fe63-498c-9d19-1cf6609df439,2020,University of Winchester,W76,10003614,,,,Amport Church of England Primary School,116348,Primary
464497d9-990f-4137-a430-b5668ceba6dc,2020,Lincoln Bishop University,B38,10007811,,,,Ancaster CofE Primary School,120512,Primary
ada7bdf3-e632-489d-9271-2e0de2bfb2be,2020,University of Cumbria,C99,10007842,,,,Anchorsholme Primary Academy,140124,Primary
b4775a36-39b7-49a8-aa6e-81c9eb7d5128,2020,Edge Hill University,E42,10007823,,,,Anderton Primary School,119202,Primary
a91cf1de-a911-47d8-af82-e5248cb5f7b6,2020,University of Winchester,W76,10003614,,,,Andover Church of England Primary School,116269,Primary
d63c91e5-2847-4862-91a1-952dc559d9ed,2020,Birmingham City University,B25,10007140,,,,Anglesey Primary School,132074,Primary
d0fee453-00fb-40b3-bf89-8cb9757ae1f8,2020,University College Birmingham,B35,10000712,Ryders Hayes School,136619,school,Anglesey Primary School,132074,Primary
2f23e897-442a-4100-afa3-af2e5ec435ea,2020,University of Hull,H72,10007149,,,,Anlaby Primary School,132349,Primary
274fc90b-02f5-49a5-92df-584be0e0c3f3,2020,University of Gloucestershire,G50,10007145,,,,Ann Edwards Church of England Primary School,115650,Primary
9f824ca2-4190-4854-b215-14d4b55ad9f7,2020,University of Durham,D86,10007143,,,,Annfield Plain Infant School,148466,Primary
936ee423-6b72-48d8-b4b8-4edcbf54789f,2020,University of Sunderland,S84,10007159,,,,Annfield Plain Infant School,114025,Primary
7831fc20-4f01-40ac-ac51-179b542024e5,2020,University of Durham,D86,10007143,,,,Annfield Plain Junior School,114024,Primary
4d3d2a65-2258-439b-9a02-a62d9b89aa11,2020,Birmingham City University,B25,10007140,,,,Annie Lennard Primary School,103932,Primary
2a1adc66-d1c2-48f5-85c0-05d2f973b941,2020,University of Winchester,W76,10003614,,,,Anstey Junior School,115851,Primary
cbaea0cb-aea7-4405-a423-31b6087aa40b,2020,University of Cumbria,C99,10007842,,,,Apex Primary School,126620,Primary
2c79458c-e2a8-42d5-b5df-0f8962356f80,2020,University of Cumbria,C99,10007842,,,,Applebee Wood Community Specialist School,119880,Primary
b78c43b6-6c11-48ca-a69d-bd092165891e,2020,University of Hull,H72,10007149,,,,Appleton Roebuck Primary School,146005,Primary
bb621565-2288-4f6b-baf1-e9e17d24bead,2020,University of Northumbria at Newcastle,N77,10001282,,,,Appletree Gardens First School,108584,Primary
656abb05-be74-42b7-8116-9308f3958fa7,2020,University of Cumbria,C99,10007842,,,,Appletree Nursery School,134991,Primary
e918e30a-66d2-4271-8452-51b21cec6fc7,2020,Edge Hill University,E42,10007823,,,,Appley Bridge All Saints Church of England Primary School,119497,Primary
79570fad-8f13-4081-9b84-6e8576dd68e2,2020,University of Wolverhampton,W75,10007166,,,,Aqueduct Primary Academy,150710,Primary
9a9046c6-4f39-4b31-a967-05c1b1371a26,2020,University of Wolverhampton,W75,10007166,,,,Aqueduct Primary School,123444,Primary
91ee9cc6-c0af-424d-a3d9-4a8c1955c659,2020,University of Derby,D39,10007851,,,,Arboretum Primary School,146715,Primary
f03e68e6-445a-4480-9d69-9ce7373e7e73,2020,University of Warwick,W20,10007163,Harrington Nursery School,112474,school,Arboretum Primary School,146715,Primary
951e4666-e2e9-46f8-9f72-e3544319c37f,2020,University of Northumbria at Newcastle,N77,10001282,,,,Archbishop Runcie CofE First School,108495,Primary
6f3257f5-1bcc-4f2b-9edd-01d364119dca,2020,Sheffield Hallam University,S21,10005790,,,,Archdale School,107177,Primary
fd369a38-e7bc-4bd6-91ca-9c9caf31241b,2020,St Mary's University,S64,10007843,,,,Archdeacon Cambridge's Church of England Primary School,102920,Primary
996b9626-515f-4f57-adab-3b5c591007e9,2020,University of Northumbria at Newcastle,N77,10001282,,,,Archibald First School,108438,Primary
d9549bc4-5d9f-4d79-9518-1ced4f592f83,2020,University of Sunderland,S84,10007159,,,,Archibald First School,108438,Primary
548c3578-a21a-4607-aca3-a6c30fc2a906,2020,University of Hertfordshire,H36,10007147,,,,Ardeley St Lawrence Church of England Voluntary Aided Primary School,117420,Primary
db79edf3-f76a-4196-be1a-1a36c3cfe9e3,2020,Tes Institute,H40,10035578,The Highway Primary School,142743,school,Ardleigh Green Infant School,149452,Primary
db87757a-fd50-4b7d-8c9b-4a539b784dea,2020,University of Greenwich,G70,10007146,,,,Ardleigh Green Infant School,149452,Primary
bf9f1d8e-2c57-4678-83b4-13cf3dde77cf,2020,University of Greenwich,G70,10007146,,,,Ardleigh Green Infant School (Ardleigh Green Learning Federation),102271,Primary
75231089-c7d2-40ae-a4d1-0987c272a238,2020,Birmingham City University,B25,10007140,,,,Arena Academy,145580,Physical education
2b204574-bd01-4650-85cc-8b532aade3eb,2020,London Metropolitan University,L68,10004048,,,,Ark Bentworth Primary Academy,138680,Primary
a62364af-5471-41ee-97c0-999ba47f6023,2020,University of Cumbria,C99,10007842,,,,Arkholme Church of England Primary School,119523,Primary
5cfaf565-b29a-418e-aef9-c350d16ff3a3,2020,University of Greenwich,G70,10007146,,,,Ark Isaac Newton Academy,138518,Primary
eda51bed-af5e-4b96-bc2c-9d0a07585777,2020,Birmingham City University,B25,10007140,,,,Ark Kings Academy,137578,Primary
fb96041f-2a90-4134-b6bd-223f904b55c1,2020,Newman University,N36,10007832,,,,Ark Kings Academy,137578,Primary
db692e76-c7be-40cc-a58d-40e8f8c43098,2020,Birmingham City University,B25,10007140,,,,Ark St Alban's Academy,135970,Physical education
fc60d274-2834-4266-8d6c-962ed9bb0717,2020,Birmingham City University,B25,10007140,,,,Ark Tindal Primary Academy,138397,Primary
5b7630bb-d230-498c-9523-29c930389213,2020,Birmingham City University,B25,10007140,,,,Ark Victoria Academy,141752,Art and design
a2028ca7-830e-48cc-92bd-8f267d69c07f,2020,Sheffield Hallam University,S21,10005790,,,,Arkwright Primary School,112632,Primary
ef8519ea-6636-4aa8-954a-f543afc14b5a,2020,Coventry University,C85,10001726,,,,Armthorpe Academy,138314,Geography
f3cb99d3-a6f9-42f5-8fe1-ddd635dcf204,2020,Lincoln Bishop University,B38,10007811,,,,Arnold View Primary School,131642,Primary
853ea24b-0754-47eb-973f-3c51b972d445,2020,Birmingham City University,B25,10007140,,,,Arrow Vale High School,138505,Physical education
2c6d6bfe-c823-4b5e-bc26-382d27807890,2020,University of Chichester,C58,10007137,,,,Arundel CofE Primary School,126019,Primary
77a36463-95d5-432f-a516-0bd858b0adbf,2020,University of Winchester,W76,10003614,,,,Arundel CofE Primary School,126019,Primary
718b9d3b-ce97-4c72-9789-db0dc17b2e52,2020,University of Chichester,C58,10007137,,,,"Arunside School, Horsham",125883,Primary
ea7f65f8-b701-45f3-af07-b00d70e894c5,2020,University of Derby,D39,10007851,,,,Ashbrook Infant School,112688,Primary
0b0e074c-09f1-4e70-b5c9-6aa680bc588d,2020,University of Derby,D39,10007851,,,,Ashbrook Junior School,147927,Primary
65c1fdc3-9c9b-49e8-bf1f-597558946c74,2020,Two Mile Ash ITT Partnership,T89,10059102,,,,Ashbrook School,147380,Primary
409e7878-82ea-4dde-95e1-1c5705e4d8f2,2020,Plymouth Marjon University,P63,10037449,,,,Ashburton Primary School,136561,Primary
14817358-56dc-4d4b-9631-e195a7c16f71,2020,University Of Plymouth,P60,10007801,,,,Ashburton Primary School,136561,Primary
ffe9da9a-a02c-477d-8510-c2a999d251b4,2020,The University of Northampton,N38,10007138,,,,Ashby Fields Primary School,145446,Primary
93705e61-5903-4b92-8f0e-d42c87ef32d7,2020,Canterbury Christ Church University,C10,10001143,,,,Ash Cartwright and Kelsey Church of England Primary School,118745,Primary
fc77afbc-b277-475c-8f41-9f2ffae03814,2020,University of Gloucestershire,G50,10007145,,,,Ashchurch Primary School,115500,Primary
f6b1bbef-708d-414b-af94-bbccea126a52,2020,"University of the West of England, Bristol",B80,10007164,,,,Ashcombe Primary School,144924,Primary
b3bbd5c9-3438-450b-8e9f-9c66289dce80,2020,King's College London,K60,10003645,,,,Ashcroft Technology Academy,135316,Chemistry
7c26c031-3271-4e08-a060-364ceffe99da,2020,University of Sussex,S90,10007806,,,,Ashdown Primary School,114392,Primary
b97b8192-c9eb-4952-8a86-1e3a2937c6cd,2020,The University Of Sheffield,S18,10007157,Ashfield Comprehensive School,137981,school,Ashfield Comprehensive School,137981,English
b21b35fe-ae94-42ee-88c5-136a34ca153d,2020,University of Gloucestershire,G50,10007145,,,,Ashfield Park Primary School,116731,Primary
2155e6c2-4777-43c3-9909-f0fb340a1ea2,2020,St Mary's University,S64,10007843,,,,Ashford CofE Primary School,125228,Primary
60ddd6e5-812f-435b-9b66-d18acd71038e,2020,Coventry University,C85,10001726,,,,Ashford School,118937,Chemistry
b752c212-25ff-41ce-8a2c-1f5391e1144f,2020,Roehampton University,R48,10007776,,,,Ash Grange Nursery and Primary School,125116,Primary
eda8f814-d9f3-4739-a749-a6782ec7ae76,2020,University of Warwick,W20,10007163,,,,Ash Green School,137781,Mathematics
b0bf41e5-68db-4500-8e73-8def7bda029c,2020,University of Warwick,W20,10007163,,,,Ash Green School,137781,Modern languages
46b373e7-5189-47a9-b477-990bf02d6be6,2020,"University of the West of England, Bristol",B80,10007164,,,,Ashill Community Primary School,145199,Primary
62865780-8309-4162-9ea3-c54a7084384d,2020,University of Warwick,W20,10007163,Ashlawn School,136587,school,Ashlawn School,136587,Mathematics
4783963e-c48b-48d3-ba84-6fccda71405a,2020,University Of Plymouth,P60,10007801,,,,Ashleigh CofE Primary School,145810,Primary
b8c3a899-e5f0-41ad-86a8-c7dc38011b5e,2020,University of Cumbria,C99,10007842,,,,Ashleigh Primary School,119200,Primary
d56951e3-f74f-4671-a458-a5f7072250ee,2020,St Mary's University,S64,10007843,,,,Ashley Church of England Primary School,141294,Primary
551b5591-1183-4a0a-a0d1-d6c1eb219827,2020,University of Winchester,W76,10003614,,,,Ashley Infant School,115855,Primary
1422c66a-f775-4d50-bb91-001b0db0d68a,2020,University of Wolverhampton,W75,10007166,,,,Ashmore Park Nursery School,104279,Primary
e34be1ed-4652-4909-8068-ca1581dc938f,2020,Leeds Beckett University,L27,10003861,,,,Ashover Primary School,112501,Primary
7c7fb2aa-1286-4c3f-bb2d-4c0fb110da4a,2020,Sheffield Hallam University,S21,10005790,,,,Ashover Primary School,112501,Primary
9d76f5b7-5b87-4b44-9260-dbc0c7118e63,2020,The University of Northampton,N38,10007138,,,,Ashton CofE Primary School,121957,Primary
c4044d1c-67dc-4152-bab0-b730172ae5cd,2020,Edge Hill University,E42,10007823,,,,Ashton-on-Mersey School,138123,Physical education
7369d08b-4068-47ed-b642-198f1f341fbd,2020,The Manchester Metropolitan University,M40,10004180,,,,Ashton-on-Mersey School,138123,Mathematics
ab1bb932-ca96-431a-8e7c-957d3c2deb58,2020,The University Of Manchester,M20,10007798,,,,Ashton Sixth Form College,146816,Biology
116e2468-b503-468b-95ee-70316cc9a109,2020,University of Gloucestershire,G50,10007145,,,,Ashton-under-Hill First School,116650,Primary
9d9597b9-6eda-459e-abc3-21d87b3c7c40,2020,York St John University,Y75,10007713,,,,Ashville College,121758,Primary
32c85cb0-19ed-44b9-9445-53ac3c837f27,2020,University of Derby,D39,10007851,,,,Ashwood Spencer Academy,146079,Primary
e7ce6909-6882-4608-9bb1-865481a0528f,2020,The University Of East Anglia,E14,10007789,,,,Aslacton Primary School,143961,Primary
89f0fc4d-f5ba-4318-b836-ac4c56de0e1f,2020,Leeds Beckett University,L27,10003861,,,,Asquith Primary School,132795,Primary
5132e641-20c0-412c-a23f-27a761051026,2020,University of Worcester,W80,10007139,,,,Astley CofE Primary School,116864,Primary
023427ba-1159-490b-9631-acc086712f89,2020,The University Of East Anglia,E14,10007789,,,,Astley Primary School,144565,Primary
32002945-face-4c82-83ba-d5eedb111225,2020,Sheffield Hallam University,S21,10005790,,,,Aston Lodge Primary School,143055,Primary
675f2033-8a96-44b0-a1db-88792dc30145,2020,Sheffield Hallam University,S21,10005790,Springwell Special Academy,141563,school,Astrea Academy Dearne,146501,Biology
ce0d5df7-cc7d-47c2-976c-d4aa0867a521,2020,University of Worcester,W80,10007139,,,,Astwood Bank Primary School,140258,Primary
d217dc3b-77f0-4245-ba7e-b4bf2da969b2,2020,Coventry University,C85,10001726,,,,Atlas Community Primary School,143565,Primary
cacdd7cc-48e3-4c46-9c48-d538c632bd5a,2020,The University Of East Anglia,E14,10007789,,,,Attleborough Academy,140534,Biology
e46bcfb7-df48-4537-bbab-8150a02df9dd,2020,The University Of East Anglia,E14,10007789,,,,Attleborough Academy,140534,English
bd1e71ec-50bf-4df3-a917-168df9a3a6bc,2020,The University Of East Anglia,E14,10007789,,,,Attleborough Academy,140534,Mathematics
aa7f8a79-b84e-43d3-8f5d-b176f39d90bb,2020,Liverpool Hope University,L46,10003956,,,,Auckland College,132119,Primary
370bc6c1-4281-44ee-b493-e764c117985f,2020,Lincoln Bishop University,B38,10007811,,,,Auckley Primary Academy,137335,Primary
a063fe31-95f3-40fa-b822-eb6e8c30494c,2020,Sheffield Hallam University,S21,10005790,,,,Auckley Primary Academy,137335,Primary
d1efec26-6e5e-4a97-a82d-e57aca8a9fd8,2020,The Manchester Metropolitan University,M40,10004180,,,,Audenshaw School,136273,Mathematics
0039c675-ca70-4f84-9de6-da55ab4dde6e,2020,University of Chester,C55,10007848,,,,Audlem St James' CofE Primary School,111267,Primary
b401345d-5aa2-4136-8d56-0e17a331abab,2020,University of Chester,C55,10007848,,,,Audlem St James' CofE Primary School,148489,Primary
694f8c02-b1cf-40f6-9994-39dd204e05aa,2020,Edge Hill University,E42,10007823,,,,Aughton Town Green Primary School,119287,Primary
d6439a28-507e-488e-85e0-107551d956e9,2020,Roehampton University,R48,10007776,,,,Auriol Junior School,144387,Primary
3f694b3a-af3f-4639-b0ed-f043896e5429,2020,Plymouth Marjon University,P63,10037449,,,,Austin Farm Academy,141232,Early years ITT
a3e1fa55-b304-445a-ab51-b719a6437f44,2020,"University of the West of England, Bristol",B80,10007164,,,,Avanti Gardens School,147652,Primary
8f330791-b874-4606-9f59-b8c11f8fcff7,2020,Middlesex University,M80,10004351,,,,Avanti House Primary School,145142,Primary
90c6fad6-10b9-433a-8df8-064d6915417e,2020,Birmingham City University,B25,10007140,,,,Avenue Primary School,131002,Primary
e886ece7-1aaf-4d4e-a350-eb2610a10379,2020,University of East London,E28,10007144,,,,Avenue Primary School,102710,Primary
bf4d7a22-fdfa-4336-951a-6fc715c47a23,2020,University of Greenwich,G70,10007146,,,,Avenue Primary School,102710,Primary
0dd195b0-b105-47a6-83d2-3f6da24bc2c7,2020,University Of Plymouth,P60,10007801,,,,Aveton Gifford CofE Primary School,138631,Primary
e20976b5-dbd7-4cfd-9a14-c8edf1a06f82,2020,"University of the West of England, Bristol",B80,10007164,,,,Avonmouth Church of England Primary School and Nursery,109140,Primary
8557ca99-4a81-470d-9648-9c54e44ce803,2020,Coventry University,C85,10001726,,,,Avon Valley Academy,143005,Music
1f3e90d2-ee08-41fe-add7-c20fb2d2ec44,2020,University of Winchester,W76,10003614,,,,Avonwood Primary School,148357,Primary
03ca68c8-33e0-47bd-9e86-3ced528f976e,2020,University of Winchester,W76,10003614,,,,Awbridge Primary School,148213,Primary
acd35fca-e567-421c-bc93-eac69da73173,2020,Nottingham Trent University,N91,10004797,,,,Awsworth Primary and Nursery School,145786,Primary
9ff4e810-11f2-4be9-b29a-6c2903f7c0d2,2020,Canterbury Christ Church University,C10,10001143,,,,Aycliffe Community Primary School,118449,Primary
84f87aca-2b17-45e8-a48e-980a073c20cb,2020,Brunel University London,B84,10000961,,,,Ayesha Siddiqa Girls School,135155,Mathematics
ce1a6b2a-0189-4c28-8c28-945bf8c34acd,2020,The University of Brighton,B72,10000886,,,,Aylesford School,118882,Physical education
dd9fdfc5-f1c8-42df-80d4-017b1c839dd2,2020,The University Of East Anglia,E14,10007789,Thorpe St Andrew School and Sixth Form,143278,school,Aylsham High School,121164,Mathematics
bc41f7d8-3a30-4ead-bf81-fe8949b4e304,2020,The University Of East Anglia,E14,10007789,,,,Aylsham High School,121164,Biology
20a971b6-4103-41eb-99e2-47fa7a7966fe,2020,The University Of East Anglia,E14,10007789,,,,Aylsham High School,121164,Chemistry
a75dd187-2998-41b3-894d-01a23be5daca,2020,The University Of East Anglia,E14,10007789,,,,Aylsham High School,121164,Geography
152a7d03-7098-452e-96bb-fa2f3b0307d8,2020,The University Of East Anglia,E14,10007789,,,,Aylsham High School,121164,History
c4190b75-b680-4ea4-9523-7169fe648b4e,2020,The University Of East Anglia,E14,10007789,,,,Aylsham High School,121164,Modern languages
966f7736-73bc-42cb-9d30-a9ff50e3d54e,2020,The University Of East Anglia,E14,10007789,,,,Aylsham High School,121164,Physical education
eef7e780-4913-4918-b3dd-b6965b578da2,2020,University of Cumbria,C99,10007842,,,,Azhar Academy Girls School,134417,Primary
a0dd2f85-a691-4486-9f1f-b54f97239c21,2020,University of Northumbria at Newcastle,N77,10001282,,,,Backworth Park Primary School,108580,Primary
2c620c6b-8d2e-43b5-a29a-9eadf2a14184,2020,University of Huddersfield,H60,10007148,,,,Bacup St Saviour's Community Primary School,119191,Primary
1f4c79d5-f9dc-4bf5-9a04-4d53e80403b0,2020,The University of Northampton,N38,10007138,,,,Badby School,141077,Primary
ed122bd7-1fcf-4983-917e-9430175e5b1b,2020,Middlesex University,M80,10004351,,,,Baden-Powell School,100255,Primary
ec47c235-661e-485d-ba95-4306689e357d,2020,Sheffield Hallam University,S21,10005790,,,,Badsley Primary School,106833,Primary
2e8dac3c-5da4-49bb-9ebc-c79d865cee70,2020,Leeds Beckett University,L27,10003861,,,,Badsworth Church of England Voluntary Controlled Junior and Infant School,130964,Primary
64127cb1-ebfa-41b2-b8a4-41f480b8c9ac,2020,Coventry University,C85,10001726,,,,Baginton Fields School,103765,Primary
425f7eb6-afc6-4c88-b086-e25fdf9ddbc3,2020,Canterbury Christ Church University,C10,10001143,,,,Baglan Primary School,400959,Primary
26dc1660-c64c-4cd0-92bb-ec20c035fdf8,2020,Leeds Trinity University,L24,10003863,,,,Baildon Church of England Primary School,149161,Primary
b0b439ac-31b0-45b0-9a1e-95fcdcb9bcc9,2020,"University of the West of England, Bristol",B80,10007164,,,,Bailey's Court Primary School,131225,Primary
e9341bbd-6210-45b5-8ec0-5d7333d799b7,2020,Edge Hill University,E42,10007823,,,,Baines School,119813,Physical education
0d807012-22e6-4417-b7ef-45e62266f46e,2020,Sheffield Hallam University,S21,10005790,,,,Bakewell Methodist Junior School,112870,Primary
8d6901d1-7e3e-4471-9d16-df83ac42fd10,2020,Edge Hill University,E42,10007823,,,,Balderstone St Leonard's Church of England Voluntary Aided Primary School,119415,Primary
d0b53d9e-9a8d-4221-9d60-d2af088a9382,2020,The University of Brighton,B72,10000886,,,,Balfour Primary School,114382,Primary
c57ec70c-74ed-4652-aec4-43290f49694c,2020,University of Winchester,W76,10003614,,,,Balksbury Infant School,116063,Primary
0d73a624-81a3-4eb8-bfc0-1c84fdd03a84,2020,University of Winchester,W76,10003614,,,,Balksbury Junior School,115852,Primary
b7b347db-417e-48dc-961c-55bbfdbd2390,2020,Staffordshire University,S72,10006299,,,,Ball Green Primary School,124020,Primary
f14e73d8-aa2a-4819-b073-a5e0447bd995,2020,University of Bedfordshire,B22,10007152,,,,Balliol Primary School,109464,Primary
b634dc4b-7c11-46bf-935b-eef56172b01e,2020,University of Northumbria at Newcastle,N77,10001282,,,,Balliol Primary School,108603,Primary
0d492827-439c-49a2-9c96-ce7697143a45,2020,University of Northumbria at Newcastle,N77,10001282,,,,Balliol Primary School,109464,Primary
7e28ac5a-29b6-48df-bfd1-c3e5738d2489,2020,The Manchester Metropolitan University,M40,10004180,,,,Bamford Academy,137471,Primary
a10d5d38-717a-469c-a6ac-8af3987ab6b7,2020,Kingston University,K84,10003678,,,,Bandon Hill Primary School,148776,Primary
7d3947d5-1498-4443-a57c-522ff4b87e94,2020,Roehampton University,R48,10007776,,,,Bandon Hill Primary School,102958,Primary
7b29b6c3-0a6a-46e7-9502-b6609b2b82a6,2020,Liverpool Hope University,L46,10003956,,,,Banks Road Primary School,104516,Primary
a439df8c-2437-4bc7-8bc6-d52ad205486f,2020,Edge Hill University,E42,10007823,,,,Banks St Stephen's CofE School,119384,Primary
f2739151-4a7d-463b-ae1c-672a0d6dfbfa,2020,Edge Hill University,E42,10007823,,,,Bank View High School,133441,English
83e9a492-4a25-49c9-b522-ea0a42efe0cd,2020,Liverpool Hope University,L46,10003956,,,,Bank View High School,133441,English
b195dce3-8f78-4f16-912c-cdf3362cd326,2020,University of Greenwich,G70,10007146,,,,Bannockburn Primary School,100113,Primary
890bde34-78f3-4ef0-88af-d28a26834624,2020,St Mary's University,S64,10007843,,,,Banstead Community Junior School,125023,Primary
70f1f63f-6870-43df-b676-570019fbe864,2020,University of Wolverhampton,W75,10007166,,,,Bantock Primary School,132197,Primary
dfade791-680e-413e-a334-2d3480592c8b,2020,Canterbury Christ Church University,C10,10001143,,,,Bapchild and Tonge Church of England Primary School and Nursery,118730,Primary
3f273dd8-fca9-451e-b5fb-249e9ff1aef4,2020,The University of Brighton,B72,10000886,,,,Barcombe Church of England Primary School,114488,Mathematics
39a3b5fe-71d4-4af7-af77-7600a2b9e43c,2020,Birmingham City University,B25,10007140,,,,Barcroft Primary School,135081,Primary
eb077045-5b50-4fc0-9571-e73753227839,2020,Newman University,N36,10007832,,,,Barcroft Primary School,135081,Primary
fae81c81-5c99-4d7a-9885-08c8a13eec2a,2020,University of Wolverhampton,W75,10007166,,,,Barcroft Primary School,135081,Primary
f29dca75-6952-40ac-b096-9cf220b06d21,2020,Edge Hill University,E42,10007823,,,,Barden Primary School,119260,Primary
c0280b01-623e-4b45-81df-c98d0cbae2a2,2020,Leeds Beckett University,L27,10003861,,,,Barden Primary School,119260,Primary
6e9ccb27-0b85-458b-971a-66297a69f162,2020,Lincoln Bishop University,B38,10007811,,,,Bardney Church of England and Methodist Primary School,120589,Primary
da1554d9-e13d-4150-951f-bac5bc70a4a7,2020,Birmingham City University,B25,10007140,,,,Barford Primary School,103162,Primary
03a8bf15-a677-4840-b119-5b96f21561f8,2020,The University Of East Anglia,E14,10007789,,,,Bar Hill Community Primary School,145801,Primary
1487b0b0-8726-4eb5-844a-a10c31062cb8,2020,York St John University,Y75,10007713,,,,Barlby Bridge Community Primary School,121448,Primary
0f53a472-c02f-4894-b680-1a9212eb4e4f,2020,York St John University,Y75,10007713,,,,Barlby Community Primary School,121449,Primary
3792e64d-9019-42a4-b0fc-f5a692e6dfc7,2020,"University of the West of England, Bristol",B80,10007164,,,,Barley Close Community Primary School,109047,Primary
b007e713-6a18-4f82-808b-b381c53e2fe7,2020,York St John University,Y75,10007713,,,,Barley Fields Primary,134708,Primary
bd3eb083-020b-4be7-9eb1-76136ad58a1a,2020,Oxford Brookes University,O66,10004930,,,,Barley Hill Primary School,123034,Primary
3b9c6758-7b71-4efc-b7be-fe85e492c827,2020,University of Sunderland,S84,10007159,,,,Barley Mow Primary School,108373,Primary
9bcadfce-0eb3-4b41-b179-3aec1ec699cd,2020,The Manchester Metropolitan University,M40,10004180,Brookburn Community School,144131,school,Barlow Hall Primary School,144128,Primary
2650a79a-09fb-4099-9059-f87992169232,2020,York St John University,Y75,10007713,,,,Barmby Moor Church of England Primary School,118122,Primary
1fcd9d9e-183f-4e30-bdc9-e0c083fe3d71,2020,Leeds Trinity University,L24,10003863,,,,Barnard Grove Primary School,146856,Primary
aa1a888b-4b78-42ea-a9b5-59a4f16e6a3f,2020,University of Sunderland,S84,10007159,,,,Barnard Grove Primary School,146856,Primary
2ad04a81-3ef5-41ca-a3a9-539fba8320aa,2020,York St John University,Y75,10007713,,,,Barnby Dun Primary Academy,138163,Primary
9039664a-221e-4a5b-b357-de5fe6fb7835,2020,Nottingham Trent University,N91,10004797,,,,Barnby Road Academy Primary and Nursery school,136274,Primary
baec9517-6b61-42ae-a130-e21fd6224749,2020,University of Winchester,W76,10003614,,,,Barncroft Primary School,136078,Primary
fd7e31e4-1477-420e-b05f-a6a1dbe15831,2020,University of Greenwich,G70,10007146,,,,Barnehurst Junior School,140321,Primary
adcdfb02-5fae-46cd-a3f5-f766f285f26b,2020,University of Sunderland,S84,10007159,,,,Barnes Infant Academy,141045,Primary
76a4f3e6-232a-41ce-82f2-1e7b94c1b6a5,2020,St Mary's University,S64,10007843,,,,Barnfield Primary School,101258,Primary
57462290-99eb-4d18-b6f2-7f1287083fbc,2020,The University Of East Anglia,E14,10007789,,,,Barnham Church of England Voluntary Controlled Primary School,124688,Mathematics
a8d7d05a-5948-491a-b9fe-530e81e8dbf0,2020,University of Chichester,C58,10007137,,,,Barnham Primary School,142141,Primary
be7fc767-31ba-4fa9-963e-8652e6acfe4a,2020,Edge Hill University,E42,10007823,,,,Barnoldswick Church of England Controlled Primary School,119360,Primary
60c2e27f-a0dd-4461-8b3d-ff0beff8243a,2020,The Manchester Metropolitan University,M40,10004180,,,,Barnoldswick Church of England Controlled Primary School,119360,Primary
b836ec6a-a24e-42a5-bdb7-22ea17a16107,2020,Canterbury Christ Church University,C10,10001143,,,,Barnsole Primary School,144423,Primary
6dfa8d41-a31f-4197-a4f3-025c88c137e4,2020,Edge Hill University,E42,10007823,,,,Barnton Community Nursery and Primary School,144058,Primary
1476cc05-1a43-4c09-928b-6d8c818a91a1,2020,Liverpool John Moores University,L51,10003957,,,,Barnton Community Nursery and Primary School,144058,Primary
cc5072e6-4e2c-4416-84b3-f9b81f4337dc,2020,University of Chester,C55,10007848,,,,Barnton Community Nursery and Primary School,144058,Primary
158732fe-9e21-4a9d-be46-e68f8a840d6b,2020,The University of Brighton,B72,10000886,,,,Barnwell School,117518,Physical education
2069cbf0-017d-4242-9b37-a2b62650e4e7,2020,University of Gloucestershire,G50,10007145,,,,Barnwood Church of England Primary School,115714,Primary
97a4527e-1bf2-450b-8a21-3752f461074c,2020,The Manchester Metropolitan University,M40,10004180,,,,Barrowford School,119166,Primary
6c8d8230-da11-4433-8b4a-e4eff13c1071,2020,Edge Hill University,E42,10007823,,,,Barrow Hall Community Primary School,111234,Primary
c5859a06-3e52-4301-b181-dd094acf698d,2020,Sheffield Hallam University,S21,10005790,,,,Barrow Hill Primary Academy,143179,Primary
c0cc0e57-ae66-4733-87b8-1e0dad7a1a96,2020,University of Cumbria,C99,10007842,,,,Barrow Island Community Primary School,112236,Primary
768b8212-6191-4d54-9ca4-42d6500179cd,2020,Edge Hill University,E42,10007823,,,,Barrow URC Primary School,119397,Primary
b2da824a-60e1-416d-8c1a-c60c3f389113,2020,The Manchester Metropolitan University,M40,10004180,,,,Barrow URC Primary School,119397,Primary
37fe5a95-03cc-4078-bcb6-cc4bd59c2b9e,2020,Bath Spa University,B20,10000571,,,,Barrs Court Primary School,109136,Early years ITT
fc969b9e-d215-401e-9acb-606a960056d4,2020,"University of the West of England, Bristol",B80,10007164,,,,Barrs Court Primary School,109136,Primary
535cfaa4-c7de-4675-aa06-47c5b9672497,2020,Birmingham City University,B25,10007140,,,,Barr's Hill School,142339,Physical education
454dc072-d8d5-4f63-866d-9690d1e8cec1,2020,University of Winchester,W76,10003614,,,,Bartley Church of England Junior School,116338,Primary
73f6b99a-5a27-4655-87da-c7b449436f05,2020,University of Durham,D86,10007143,,,,Barton Church of England Primary School,144155,Primary
ad838ced-733f-45b6-a785-7f18b3331f91,2020,The Manchester Metropolitan University,M40,10004180,,,,Barton Clough Primary School,144649,Primary
45c97838-4439-4b58-be14-9317c076c77e,2020,Canterbury Christ Church University,C10,10001143,,,,Barton Court Grammar School,137474,Mathematics
1e39091c-d38e-4ec5-9e71-502ac8430a9d,2020,University of Chichester,C58,10007137,,,,"Bartons Primary School, Bognor Regis",125922,Primary
b97267c1-1f17-47b3-8f71-0d94fccb0873,2020,Leeds Beckett University,L27,10003861,,,,Barton St Peter's CofE Primary School,118006,Primary
bbe9a9f8-5380-45fe-b662-67c8cb71c38d,2020,University Of Plymouth,P60,10007801,,,,Barwick and Stoford Community Primary School,123718,Primary
45383137-9764-4dc0-ac1c-13258d32bfa4,2020,York St John University,Y75,10007713,,,,Barwick-in-Elmet Church of England Voluntary Controlled Primary School,107987,Primary
e7ac7ebf-c4f1-4e5e-9880-c111291bb1a4,2020,University of Reading,R12,10007802,,,,Basildon C.E. Primary School,109949,Primary
d3392033-3fd9-4743-8841-eeaa5f3ea198,2020,Birmingham City University,B25,10007140,,,,Batchley First and Nursery School,116721,Primary
73d4ac48-c940-4f1d-ad9c-e2953112596c,2020,University of Worcester,W80,10007139,,,,Batchley First and Nursery School,116721,Primary
fb96d8ce-f3de-46e8-b388-bf39f05878cb,2020,Bath Spa University,B20,10000571,,,,Batheaston Church School,145512,Early years ITT
2a67a3a4-81d9-47d7-850f-a183b987c26b,2020,University of Huddersfield,H60,10007148,,,,Batley Parish Church of England Voluntary Aided Junior Infant and Nursery School,107736,Primary
9cd270d7-61b0-4f3c-bb03-8fd763bdd6af,2020,The University of Brighton,B72,10000886,St Richard's Catholic College,114612,school,Battle and Langton Church of England Primary School,114489,Primary
57ee340e-1de6-4fd6-af48-83d899fde781,2020,University of Reading,R12,10007802,,,,Battle Primary Academy,139066,Primary
9488e5e5-cc48-463b-b49e-491f609ed518,2020,Oxford Brookes University,O66,10004930,,,,Bayards Hill School,141231,Primary
d9f59cfe-a2e4-41d6-99d4-7a965cabc9fd,2020,University of Hertfordshire,H36,10007147,,,,Bayford Church of England Voluntary Controlled Primary School,117387,Primary
68657e6d-002f-49ef-877a-e6aa6d046f7c,2020,Brunel University London,B84,10000961,,,,Baylis Court School,137259,English
6213c143-4a62-490c-8bc1-3b6b3d5ab99d,2020,University of Hull,H72,10007149,,,,Bay Primary School,133480,Primary
4774e093-2c62-4b0e-9d1f-0644e45b4faf,2020,University of Worcester,W80,10007139,,,,Bayton CofE Primary School,116781,Primary
c3935d84-c97f-4ad1-a351-1fe4fa2429f9,2020,University of Wolverhampton,W75,10007166,,,,Beacon Hill Academy,137705,Primary
f270a441-d605-4573-963a-ff183144d6a9,2020,University of Northumbria at Newcastle,N77,10001282,,,,Beaconhill Community Primary School,122193,Primary
69525811-05d7-4529-acb5-68520731ca7a,2020,Kingston University,K84,10003678,,,,Beacon Hill Community Primary School,124978,Primary
1a78c2cb-962d-4a47-b669-3cc2588f6e95,2020,University of Sunderland,S84,10007159,,,,Beacon of Light School,142882,Physical education
12d20ba7-f254-4097-926a-1e2e72535533,2020,Birmingham City University,B25,10007140,,,,Beacon Primary School,131580,Primary
03ec3a2e-09cc-44c0-a95a-603648dc3cd1,2020,Edge Hill University,E42,10007823,,,,Beacon Primary School,146535,Primary
462e24bb-9f33-40dc-a1aa-88ce6d49081a,2020,Staffordshire University,S72,10006299,,,,Beacon Primary School,131580,Primary
12b1a9e7-05ab-4db8-a59e-962f51d0673f,2020,University of Wolverhampton,W75,10007166,Lindens Primary School,104212,school,Beacon Primary School,131580,Primary
b824dadf-5e7a-4174-8ff9-e912359be860,2020,University of Wolverhampton,W75,10007166,,,,Beacon Primary School,131580,Primary
b0421190-aa9e-4e30-90d1-5b1074ed0623,2020,St Mary's University,S64,10007843,,,,Beaconsfield Primary and Nursery School,101878,Primary
95bc6e63-5a5c-41c2-b6a1-3218b4941fb9,2020,University of Cumbria,C99,10007842,,,,Beaconside CofE Primary School,112423,Primary
d934762c-0cf5-4706-9346-f87552c056d4,2020,Newman University,N36,10007832,,,,Beaconside Primary and Nursery School,116768,Primary
da79c245-249e-4432-a193-0fc32dea4ebc,2020,University of Winchester,W76,10003614,,,,Beacon View Primary Academy,139065,Primary
9b665348-7178-4c15-8c18-fcfb2bc66842,2020,Edge Hill University,E42,10007823,,,,Beamont Collegiate Academy,139196,English
5cd43beb-fc16-4714-8b4f-74c2215425a7,2020,Edge Hill University,E42,10007823,,,,Beamont Collegiate Academy,139196,Mathematics
bf881311-b125-48c0-bd6e-28873800afb0,2020,Roehampton University,R48,10007776,,,,Beam Primary School,101202,Primary
ad97d956-8bed-4827-85ee-a46926079251,2020,The University of Northampton,N38,10007138,,,,Beanfield Primary School,138672,Primary
cce33c97-bb28-4001-ba15-0e6d3e2cf66a,2020,University of Durham,D86,10007143,,,,Bearpark Primary School,114129,Primary
b5c3d28f-0346-4f03-8d22-2d29adef5b2b,2020,University of Reading,R12,10007802,,,,Bearwood Primary School,109836,Primary
0f70afd7-9824-4bbb-b31f-af3deb06ec3c,2020,University of Bedfordshire,B22,10007152,,,,Beaudesert Lower School,109466,Primary
72e344a1-640b-481d-b1e5-ca708e6937bb,2020,Bradford College,B60,10000840,Beaufort Primary School,140508,school,Beaufort Primary School,140508,Primary
5205e21a-b1f7-4264-a9a5-c4f4f91e063a,2020,University of Sunderland,S84,10007159,,,,Beaumont Hill Academy,138093,Primary
25293d9d-33f4-4e1c-874c-ea1d6ce1687b,2020,University of Huddersfield,H60,10007148,,,,Beaumont Primary Academy,142774,Primary
6dc75ce1-df27-4a10-b75c-c3ea6b60852a,2020,The University Of East Anglia,E14,10007789,,,,Beccles Primary Academy,142017,Primary
62cc5951-b237-405a-8784-d1a0eccf3034,2020,University of Chester,C55,10007848,,,,Beckbury CofE Primary School,123460,Primary
e6c07242-b4fa-4664-b809-be8b6bb40e3f,2020,University of Derby,D39,10007851,,,,Becket Primary School,112717,Primary
16a0da6c-2d12-456a-a11a-87273ec1a4af,2020,University of Huddersfield,H60,10007148,,,,Beckfoot Upper Heaton,142031,Art and design
05260e5f-0746-40be-87eb-e0837c9c1797,2020,Lincoln Bishop University,B38,10007811,,,,Beckingham Primary School,122615,Primary
42ea78ab-398c-4d18-b416-9e462fb336b8,2020,Bath Spa University,B20,10000571,,,,Beckington Church of England First School,123742,Early years ITT
274c0194-ab3a-4475-9df5-3dac3f97e5cf,2020,Sheffield Hallam University,S21,10005790,,,,Beck Primary School,142542,Primary
00f2e4a0-b1c9-429f-b99e-1768213e72ea,2020,University of Cumbria,C99,10007842,,,,Beckstone Primary School,134739,Primary
809838c0-ba41-4b4a-978b-f769cead8e93,2020,The University of Brighton,B72,10000886,,,,Bede's Senior School,114657,Physical education
47d0625f-bfea-4589-861a-93dc596fc174,2020,University of Bedfordshire,B22,10007152,,,,Bedford Academy,136085,Physical education
b4b2e835-f936-42b6-8674-14b0d7bccebc,2020,University of Bedfordshire,B22,10007152,,,,Bedford Greenacre Independent School,109717,Physical education
90bbb975-dd66-4b56-9fb5-1a81a3936822,2020,Bradford College,B60,10000840,,,,Bedford Road Primary School,109461,Primary
326c4fd6-987e-4942-b27e-818507c7caf5,2020,University of Greenwich,G70,10007146,,,,Bedonwell Infant and Nursery School,143866,Primary
f5bab60e-6edd-4ba9-9aa8-7893695cfa96,2020,University of Greenwich,G70,10007146,,,,Bedonwell Junior School,143867,Primary
aacc2688-c8ee-474c-aa39-10288e2fd5fe,2020,University of Hertfordshire,H36,10007147,,,,Beechfield School,145350,Primary
c5baf0d8-3f19-4f0e-88dd-31fa7f0e218b,2020,Edge Hill University,E42,10007823,,,,Beech Hill Community Primary School,106399,Primary
ade6329a-512a-46cc-b8b8-341e566e5232,2020,Liverpool Hope University,L46,10003956,,,,Beechwood Primary School,111175,Primary
459f9eff-2656-457f-9d0d-da9344f2346e,2020,Staffordshire University,S72,10006299,,,,Beechwood Primary School and Nursery,111211,Primary
a9c8d2d5-2164-43f7-bfc9-944a4b37211e,2020,The Manchester Metropolitan University,M40,10004180,,,,Beechwood Primary School and Nursery,111211,Primary
70f30a2c-0daa-440b-bf9e-1705225e4f60,2020,Oxford Brookes University,O66,10004930,,,,Beenham Primary School,109802,Primary
e49441c2-de55-4777-bf94-6c298b49e802,2020,Leeds Beckett University,L27,10003861,,,,Beeston Primary School,107946,Primary
dddba71b-7a30-4725-b8ba-a2765194bf12,2020,Leeds Trinity University,L24,10003863,,,,Beeston Primary School,107946,Primary
fc8bf382-998a-4ce6-94c4-4a0c394b752c,2020,University of Worcester,W80,10007139,,,,Belbroughton CofE Primary School,116782,Primary
f3b297fc-6353-475f-9718-6b47d09e9d8d,2020,Coventry University,C85,10001726,,,,Belgrave Primary School,110984,Primary
2a39c844-1a4a-4fc2-a0e8-3881cb7f9184,2020,University of Chester,C55,10007848,,,,Belgrave Primary School,148455,Primary
b1a17f44-2d58-4c4e-bc9d-807ff6bc01c6,2020,University of Derby,D39,10007851,,,,Belgrave St Bartholomew's Academy,136549,Primary
057410c3-9762-4ffd-b123-bac6f5433ade,2020,Liverpool Hope University,L46,10003956,,,,Belle Vale Community Primary School,104519,Primary
b09a9780-196a-4a47-a77f-9a9e9ef7bbef,2020,Liverpool John Moores University,L51,10003957,,,,Belle Vale Community Primary School,104519,Primary
262f721b-1a0e-442a-bfe8-4be6be71a412,2020,St Mary's University,S64,10007843,,,,Belleville Wix Academy,144621,Primary
b7d235aa-201d-4495-865f-ef5fa84b38f5,2020,St Mary's University,S64,10007843,,,,Bell Farm Primary School,125058,Primary
46aea547-f8ce-40c8-8fa1-98b01ebfbd8e,2020,Newman University,N36,10007832,,,,Bellfield Infant School (NC),103289,Primary
3f3cbbe4-0648-45dc-b3f5-12725fd2bf34,2020,Middlesex University,M80,10004351,,,,Bell Lane Primary School,101259,Primary
fc2f7c42-9309-4589-a432-68e85169a926,2020,University of Greenwich,G70,10007146,,,,Belmont Academy,146870,Primary
30bf62b6-2247-4431-b106-dcaa249194d9,2020,University of Greenwich,G70,10007146,,,,Belmont Castle Academy,139105,Primary
e16c44f2-1734-413a-af71-edb305bcd2ec,2020,St Mary's University,S64,10007843,,,,Belmont Primary School,102470,Primary
4331eca5-036c-4b32-a12c-8c7e1ef1a247,2020,Edge Hill University,E42,10007823,,,,Belmont School,131025,English
d66cf988-b5fe-47ce-8a2d-5be7b9de63ba,2020,Edge Hill University,E42,10007823,,,,Belmont School,131025,Mathematics
c3ce744d-e2cc-4024-8cf9-8713752f75e3,2020,University of Sunderland,S84,10007159,,,,Belmont School,131025,Physical education
f4e9928a-a6d3-4abb-a65f-b5ca1b6694fb,2020,St Mary's University,S64,10007843,,,,Belswains Primary School,117365,Primary
b57f6afd-a744-48cd-a3bc-342fa86d4950,2020,Edge Hill University,E42,10007823,,,,Belthorn Academy Primary School,137512,Primary
98debe83-12f9-44be-ad5e-105b27f91d8a,2020,University of Greenwich,G70,10007146,,,,Belvedere Infant School,147332,Primary
a0b794f2-3b45-4fee-87a6-97ac93afe6f1,2020,University of Greenwich,G70,10007146,,,,Belvedere Junior School,139115,Primary
37168378-1461-4f1e-9e5e-dd5a68b87a77,2020,The Manchester Metropolitan University,M40,10004180,,,,Benchill Primary School,132241,Primary
334e69da-af97-4ea7-bc75-1ea2d1184a05,2020,Canterbury Christ Church University,C10,10001143,,,,Benenden Church of England Primary School,118597,Primary
aaf1e537-e160-41ea-a8c3-7db2899330d4,2020,The University of Brighton,B72,10000886,,,,Benfield Primary School,114412,Primary
42c6ae2c-1578-4de6-a205-ed755d91f147,2020,University of Sussex,S90,10007806,,,,Benfield Primary School,114412,Primary
aed5d0be-805e-4322-b5f4-8c3f8c4f76e7,2020,University of Worcester,W80,10007139,,,,Bengeworth CE Academy,140932,Primary
be728209-52d3-408b-83c0-33d2ffb8a8f8,2020,University of Gloucestershire,G50,10007145,,,,Benhall Infant School,115598,Primary
1d100cec-92dd-4416-aa0f-d6fa43d0c99a,2020,University of Bedfordshire,B22,10007152,,,,Benington Church of England Primary School,117389,Primary
54d14133-f3e4-4537-95a0-d3873157add2,2020,Leeds Beckett University,L27,10003861,,,,Ben Rhydding Primary School,107281,Primary
5d60660b-1e6c-49a2-ae1c-23878afb2ff2,2020,Oxford Brookes University,O66,10004930,,,,Benson Church of England Primary School,147507,Primary
bc51e893-507b-4d0a-ae04-623cd0453d48,2020,University of Winchester,W76,10003614,,,,Bentley Church of England Primary School,116279,Primary
68fbeba5-64e1-431c-9871-59e3eb06729a,2020,Sheffield Hallam University,S21,10005790,,,,Bentley High Street Primary School,144076,Primary
9f8cadd5-734e-4e12-9545-426136aeb630,2020,York St John University,Y75,10007713,,,,Bentley High Street Primary School,144076,Primary
5850f1b2-fca9-4401-9c0b-91785618cb39,2020,Coventry University,C85,10001726,,,,Bentley Wood High School,137178,Geography
8bd47551-5076-4643-9f52-6c410da564c2,2020,University of Northumbria at Newcastle,N77,10001282,,,,Benton Dene School,108655,Primary
e0ba920f-84e2-49f1-b804-ffd7478349b2,2020,University of Northumbria at Newcastle,N77,10001282,,,,Benton Park Primary School,108459,Primary
c1ab40d4-418a-470e-a2a9-92c344ea9fce,2020,Leeds Trinity University,L24,10003863,,,,Benton Park School,108083,Business studies
4037f25c-6554-462e-9c71-b774f92facbb,2020,Sheffield Hallam University,S21,10005790,,,,Bents Green School,107169,Primary
3677bfb8-baa1-4215-9d62-91a7c3c033ea,2020,University of Greenwich,G70,10007146,,,,Benyon Primary School,139382,Primary
01ed4b49-b0bd-4b7d-beee-7ca6148975fe,2020,London South Bank University,L75,10004078,,,,Berger Primary School,100218,Primary
9eb81cd6-4e26-4803-b9d2-331181cbccf3,2020,Lincoln Bishop University,B38,10007811,,,,Berkeley Primary School,117781,Primary
8f01c799-e773-4ce7-a58b-655062d3fdc0,2020,Edge Hill University,E42,10007823,,,,Berkswich CofE (VC) Primary School,124234,Primary
ffe9f227-2e48-4221-a70c-2c6bb4807ddc,2020,University of Wolverhampton,W75,10007166,,,,Berkswich CofE (VC) Primary School,124234,Primary
d024acc2-6124-43ba-aa2b-d4ccd3da4612,2020,University of Northumbria at Newcastle,N77,10001282,,,,Bernard Gilpin Primary School,108830,Primary
7e62f5a5-7dc6-4e82-aba4-a6b06b41f6c6,2020,University of Sunderland,S84,10007159,,,,Bernard Gilpin Primary School,108830,Primary
8b6d43ad-a563-44de-8e87-b888c7f4bebf,2020,University of Chester,C55,10007848,,,,Berriew C.P. School,400467,Primary
a02786f0-3a58-4b12-9b43-813d3e9b4c9e,2020,University of Wolverhampton,W75,10007166,,,,Berrybrook Primary School,140658,Primary
7420c52c-1207-4dd4-a11b-dda2eac553dc,2020,Sheffield Hallam University,S21,10005790,,,,Berry Hill Primary School,132242,Primary
b9738112-1108-41df-90ff-31772522e556,2020,University Of Plymouth,P60,10007801,,,,Berry Pomeroy Parochial CofE Primary School,147812,Primary
937152d1-3776-41e7-89ce-c5a592dbd7ff,2020,University of Chichester,C58,10007137,,,,"Bersted Green Primary School, Bognor Regis",125873,Primary
095a5043-c5b0-4091-9287-cfd4878db80b,2020,Canterbury Christ Church University,C10,10001143,,,,Bethersden Primary School,118372,Primary
8c5e381d-74ab-4d8c-87e7-af73796f050c,2020,Staffordshire University,S72,10006299,,,,Betley CofE VC Primary School,124235,Primary
9f4b8adf-1894-41df-9587-273196f16162,2020,University of Gloucestershire,G50,10007145,,,,Bettridge School,115821,Primary
dc82cb5c-95fd-43f2-ae7e-c09962d297bc,2020,The University of Brighton,B72,10000886,,,,Bevendean Primary School and Nursery,114485,Primary
34ccba30-3c37-4133-8487-3ab166bcc217,2020,University of Hull,H72,10007149,,,,Beverley St Nicholas Community Primary School,117827,Primary
276fcf17-4705-4ef7-bd73-b9f344bfa507,2020,University of Worcester,W80,10007139,,,,Bewdley Primary School,135076,Primary
c5ddda0d-699e-4dcb-9b22-7ac76184af6e,2020,York St John University,Y75,10007713,,,,Bewley Primary School,147435,Primary
44642532-f42b-4f38-8f8f-22768cce77d0,2020,University of Sunderland,S84,10007159,,,,Bexhill Academy,136487,Primary
c3022bd9-66ae-4db4-94b9-3ca97de75e7f,2020,King's College London,K60,10003645,,,,Bexley Grammar School,136369,Computing
0065c740-d508-4dd2-b8f9-0b694c59fa8b,2020,Staffordshire University,S72,10006299,,,,Bhylls Acre Primary School,149420,Primary
9fdba1cc-00c8-40fc-9476-8bc0b3da2f91,2020,Edge Hill University,E42,10007823,,,,Bickerstaffe CofE Primary School and Nursery,119381,Primary
7663bc02-f172-4f99-b5be-8876853d41d1,2020,Plymouth Marjon University,P63,10037449,,,,Bickleigh Down Church of England Primary School,113493,Primary
b7a0c38c-8718-4292-92c0-ab6fb3ad2c7b,2020,University of Chester,C55,10007848,,,,Bicton CofE Primary School and Nursery,123461,Primary
da02b70d-437d-4de2-9b20-89aa437d549c,2020,University of Chichester,C58,10007137,,,,Bidbury Infant School,116084,Primary
dddd29e6-e301-49cf-ab10-324077572b27,2020,University of Sunderland,S84,10007159,,,,Biddick Hall Infants' School,108682,Primary
5f3cb965-8b10-438e-ae58-57c038a689d0,2020,University of Sunderland,S84,10007159,,,,Biddick Primary School,108816,Primary
99b6d3e0-aaa8-47bd-b6be-0c03975b11fc,2020,University Of Plymouth,P60,10007801,,,,Bidwell Brook School,113643,Primary
6faaccd2-964d-4d85-8d26-75228ecd6bb9,2020,St Mary's University,S64,10007843,,,,Biggin Hill Primary School,137244,Primary
73062c7a-295e-48cf-87f1-fcc1adbdeb3e,2020,University of Hull,H72,10007149,,,,Biggin Hill Primary School,139508,Primary
1c81b4a4-4802-4038-8feb-b79133b8df0c,2020,The University Of East Anglia,E14,10007789,,,,Bignold Primary School and Nursery,144640,Primary
e71daf6d-0605-4054-8b6c-cd78b8b2f2a4,2020,Staffordshire University,S72,10006299,,,,Bilbrook CofE (VC) Middle School,124453,Primary
582eea78-b746-4649-974e-4f5fdab146a0,2020,University of Wolverhampton,W75,10007166,,,,Bilbrook CofE (VC) Middle School,124453,Primary
52407779-89f8-472e-abe2-8cb9cba2358e,2020,The University of Brighton,B72,10000886,,,,Bilingual Primary School - Brighton & Hove,138261,Mathematics
460c0159-36a1-4ccf-a76d-693f7c3ef640,2020,The University of Brighton,B72,10000886,,,,Bilingual Primary School - Brighton & Hove,138261,Primary
41590138-7f68-4c44-875f-35c21b0ca97f,2020,University of Sussex,S90,10007806,,,,Billingshurst Primary School,135813,Primary
8d5edee8-224d-4372-a20f-422b6fb188ae,2020,University of Sunderland,S84,10007159,,,,Bill Quay Primary School,108357,Primary
2a6cf1b4-5148-40b1-8d8b-cc78edd2f369,2020,Haybridge SCITT,2B3,10034167,,,,Bilston Church of England Primary School,130305,Primary
b39e47a9-276f-44b9-86b4-290b50f42da5,2020,University of Wolverhampton,W75,10007166,,,,Bilston Church of England Primary School,130305,Mathematics
3042aed7-b288-497b-b935-ccf02000475f,2020,University of Wolverhampton,W75,10007166,,,,Bilston Nursery School,132018,Primary
d232821f-81e5-431c-99a2-8310f30b6baa,2020,University of Hull,H72,10007149,,,,Bilton Community Primary School,117829,Primary
0fdc05ab-6150-4255-9d83-c281f4b1419a,2020,Birmingham City University,B25,10007140,,,,Bilton School,145575,Biology
2ed3b8a7-4f3d-49e0-8f10-1c759a1813e3,2020,St Mary's University,S64,10007843,,,,Binfield Church of England Primary School,109999,Primary
47aedb50-78b2-4ff9-9523-6f9029c40992,2020,University of Hertfordshire,H36,10007147,,,,Birchanger Church of England Voluntary Controlled Primary School,115127,Primary
4806a115-d6c5-4bdb-b25f-34b6223e00b9,2020,Canterbury Christ Church University,C10,10001143,,,,Birch Church of England Voluntary Aided Primary School,115138,Primary
d55c40fd-b3cf-4126-a745-e6e6026418cc,2020,University of Reading,R12,10007802,,,,Birch Copse Primary School,109844,Primary
5935addb-b7fc-4645-b286-a75426352a0b,2020,Birmingham City University,B25,10007140,,,,Birchfield Primary School,146075,Primary
644887c5-c460-4d15-bd19-cceb2cf96ca9,2020,Newman University,N36,10007832,,,,Birchfield Primary School,146075,Primary
5de932ed-ca92-41b2-b512-bca1e7fcc045,2020,The University Of Birmingham,B32,10006840,,,,Birchfield Primary School,146075,Primary
3c3db642-6ed5-43cf-b70d-154b47514cac,2020,The Manchester Metropolitan University,M40,10004180,,,,Birchfields Primary School,130380,Primary
878b0dfc-ddaa-4367-8b04-0bd96a9313f3,2020,University of Wolverhampton,W75,10007166,,,,Birchills Church of England Community Academy,139435,Geography
704e901f-f613-48e1-bed4-ad4b0fd06f1d,2020,University of Wolverhampton,W75,10007166,,,,Birchills Church of England Community Academy,139435,Primary
96ce1ee2-7e0f-44d9-babd-ffdfa6e236b3,2020,Canterbury Christ Church University,C10,10001143,,,,Birchington Church of England Primary School,118693,Primary
e26671e8-59b6-475a-9dc2-8765b48f56f5,2020,University of Hertfordshire,H36,10007147,,,,Birchwood Avenue Primary School,132105,Primary
60dc12e9-5c02-439d-8e0e-f378d0a310a1,2020,Liverpool Hope University,L46,10003956,,,,Birchwood Community High School,139840,Religious education
28222f66-3779-4633-99e6-4660df8b8026,2020,The University of Brighton,B72,10000886,,,,"Birchwood Grove Community Primary School, Burgess Hill",125944,Mathematics
6a954ab6-466a-4928-9793-748dc4360248,2020,University of Chichester,C58,10007137,,,,Birdham CE Primary School,125972,Primary
02a98c4b-e156-4375-be69-084d468d11df,2020,Sheffield Hallam University,S21,10005790,,,,Birdwell Primary School,106595,Primary
ab79aeee-7958-478a-9c5a-52524ea34081,2020,University of Greenwich,G70,10007146,,,,Birkbeck Primary School,101426,Primary
853d33bb-1937-4af1-8d03-582c08023ebc,2020,Leeds Beckett University,L27,10003861,,,,Birkby Infant and Nursery School,107601,Primary
abb33abe-4c9f-47b1-9805-3e0ecb5817c1,2020,University of Huddersfield,H60,10007148,,,,Birkby Infant and Nursery School,107601,Primary
80c61d42-877b-42cf-83e5-17ee0f097b7d,2020,Leeds Beckett University,L27,10003861,,,,Birkby Junior School,107626,Primary
77b57ad4-c8cf-4cb5-902a-0f4220721770,2020,Edge Hill University,E42,10007823,,,,Birkdale Primary School,104860,Primary
c6edc6ce-65fa-4b04-81c9-cf5d80554fc2,2020,Liverpool Hope University,L46,10003956,,,,Birkenhead Christ Church CofE Primary School,105064,Primary
8366e2c1-079c-40f1-be97-33f34e33558f,2020,Liverpool Hope University,L46,10003956,,,,Birkenhead School,105123,Primary
fc1f9ef0-2362-4bcd-a8f8-18c457319928,2020,Leeds Beckett University,L27,10003861,,,,Birkenshaw Church of England Voluntary Controlled Primary School,107730,Primary
cc533e55-7d92-4364-a3a5-18a12cc7c475,2020,Sheffield Hallam University,S21,10005790,,,,Birley Primary Academy,143964,Primary
99c94123-236c-4fa4-aa48-1bc2ac846dc1,2020,Sheffield Hallam University,S21,10005790,,,,Birley Spa Primary Academy,143965,Primary
a079b23c-9f9f-4c5d-9386-0f2148bb328f,2020,Leeds Beckett University,L27,10003861,,,,Birstall Primary Academy,139356,Primary
7adc02c1-329f-4372-aeca-1b317f330b3d,2020,Lincoln Bishop University,B38,10007811,,,,Bishop Alexander L.E.A.D. Academy,140544,Primary
c8cddcc6-a93b-499f-ab75-e4b9d45404c3,2020,Plymouth Marjon University,P63,10037449,St Michael's Church of England Primary School,140027,school,Bishop Bronescombe CofE School,140465,Primary
091a125c-c44f-4364-9ab9-0a4dd0e31b19,2020,University College Birmingham,B35,10000712,,,,Bishop Challoner Catholic College,103560,Primary
e22700b5-d5a9-4a96-ba81-386a889dbf60,2020,University of Warwick,W20,10007163,Bishop Challoner Catholic College,103560,school,Bishop Challoner Catholic College,103560,English
c6f42f55-744d-4f23-a3e4-39dd5963e027,2020,University of Warwick,W20,10007163,Bishop Challoner Catholic College,103560,school,Bishop Challoner Catholic College,103560,History
1ed12bd2-c5bd-415b-9ef8-5eefefdd0fc4,2020,Edge Hill University,E42,10007823,,,,Bishop David Sheppard Church of England Primary School,104942,Primary
1f83d682-153b-440d-8e02-3f5af581a13c,2020,St Mary's University,S64,10007843,,,,Bishop Gilpin CofE Primary School,102666,Primary
362fbc9c-9be0-4c08-81a2-372adcecc66d,2020,University Of Plymouth,P60,10007801,,,,"Bishop Henderson Church of England Primary School, Taunton",123852,Primary
37419707-9033-405d-8612-385fa5b3877b,2020,University of Chichester,C58,10007137,,,,"Bishop Luffa School, Chichester",140472,Physical education
3f76120d-c9b6-4814-a4bd-2f317e3a2ea0,2020,Liverpool John Moores University,L51,10003957,,,,"Bishop Martin Church of England Primary School, Woolton",145438,Primary
203ccbe4-0704-424c-9b19-5ed992aa065c,2020,St Mary's University,S64,10007843,,,,Bishop Perrin Church of England Primary School,102918,Primary
dd74f7a8-2621-4f2f-b75c-7a72e166bc72,2020,Sheffield Hallam University,S21,10005790,,,,Bishop Pursglove CofE (A) Primary School,148108,Primary
944b52f9-7fb6-486c-874d-2a28ba82d132,2020,Staffordshire University,S72,10006299,,,,Bishop Rawle CofE Primary School,145053,Primary
809f8471-b412-42ac-b43b-e6663be7d5a4,2020,University of Winchester,W76,10003614,,,,Bishop's Waltham Junior School,116006,Primary
6b4ca4c5-ad9e-4909-a0e6-a0b785d67613,2020,Bradford College,B60,10000840,,,,Bishopswood School,149322,Primary
955f2359-e1ed-4538-a45f-432eca1d9fa2,2020,Leeds Beckett University,L27,10003861,,,,Bishopthorpe Infant School,148823,Primary
a373d5f6-3db2-48af-aa10-e89e0c81de65,2020,University of Sunderland,S84,10007159,,,,Bishopton Redmarshall CofE Primary School,137021,Primary
a7595a95-f493-48f2-a3e7-ea351a16dbf3,2020,Canterbury Christ Church University,C10,10001143,,,,"Bishop Tufnell CofE Primary School, Felpham",126050,Primary
fa9427b4-8269-4820-85a4-6f6a6e190be6,2020,Birmingham City University,B25,10007140,,,,Bishop Vesey's Grammar School,137988,Physical education
ea15344d-b00f-4376-a430-0c13c484ad08,2020,University of Wolverhampton,W75,10007166,,,,Bishop Vesey's Grammar School,137988,Primary
7391e1eb-21fa-41f8-b4e5-e53df8b7a5ca,2020,Birmingham City University,B25,10007140,,,,Bishop Walsh Catholic School,140524,Biology
9dfa7f45-6267-443d-b9e6-71cda402d2d4,2020,Birmingham City University,B25,10007140,,,,Bishop Walsh Catholic School,140524,Physical education
58d08591-1f6e-4ee9-add3-798f89a4bc4c,2020,University of Chester,C55,10007848,,,,Bishop Wilson Church of England Primary School,111312,Primary
7de2b761-0241-46e4-a023-13f14160c5bc,2020,University of Southampton,S27,10007158,,,,Bitterne Church of England Primary School,116339,Primary
4dc5a7a5-796d-4435-8149-9be9cb405356,2020,University of Winchester,W76,10003614,,,,Bitterne Park Primary & Nursery School - Part of the Learning Federation Partnership of Schools,116090,Primary
a7806c8a-5f51-4932-a82d-459d142c2c34,2020,University Of Plymouth,P60,10007801,,,,Blackawton Primary School,141284,Primary
ed3f348d-17fe-4809-bdef-37d169be9acf,2020,Edge Hill University,E42,10007823,,,,Blackburn Central High School,146936,Religious education
8e4a2541-b111-46c7-83dc-b79d13587e59,2020,University of Cumbria,C99,10007842,,,,Blackburn the Redeemer CofE Primary,133987,Primary
3ef4e026-ac97-4dc7-b71d-1af3cf1b43fd,2020,"Goldsmiths, University of London",G56,10002718,,,,Blackfen School for Girls,137965,Art and design
b83060ab-c1c3-4566-a457-36dfe2e05f99,2020,Staffordshire University,S72,10006299,,,,Black Firs Primary School,140981,Primary
5ba37c25-f81d-439b-92f1-61c1cff1ec3e,2020,Keele and North Staffordshire Teacher Education,24J,10060817,Blackfriars Academy,141448,school,Blackfriars Academy,141448,Primary
807f5780-53ad-4885-83a0-0236d9c9bd70,2020,University of Sunderland,S84,10007159,,,,Blackhall Primary School,114201,Primary
b27afb8f-b604-4936-abaa-bfc4fbb8d9c9,2020,Birmingham City University,B25,10007140,,,,Blackheath Primary School,103981,Primary
c244bd1a-8aa4-413b-9ae3-3d77b5b882bf,2020,"University of the West of England, Bristol",B80,10007164,,,,Blackhorse Primary School,109121,Primary
e24fc73a-4a18-4aa3-aaab-327bdad7f3f6,2020,University of Chester,C55,10007848,,,,Black Lane C.P. School,400416,Primary
1355ad98-bb75-4e43-afd6-1b64138aeb31,2020,Edge Hill University,E42,10007823,,,,Blackmoor Park Infants' School,104592,Primary
b574ec91-66e6-4377-8957-8cc0bef3accd,2020,Liverpool John Moores University,L51,10003957,,,,Blackmoor Park Junior School,104521,Primary
5e60ede8-f7cb-4b59-a134-7a59a9a001ce,2020,Edge Hill University,E42,10007823,,,,Blacko Primary School,145816,Primary
a94cfa6c-12a4-446b-978c-5f0c8c11c2cf,2020,Plymouth Marjon University,P63,10037449,Blackpool Church of England Primary School,137665,school,Blackpool Church of England Primary School,137665,Primary
4157ce04-7d55-48b8-8b2b-d49cb5aa20fa,2020,Edge Hill University,E42,10007823,,,,Blackrod Anglican/Methodist Primary School,105211,Primary
abdea9f1-52d5-4700-a3af-fabea3e76642,2020,The Manchester Metropolitan University,M40,10004180,,,,Blackshaw Lane Primary & Nursery School,105652,Primary
236eb635-da87-46b8-985c-4732d4478d7c,2020,University of Derby,D39,10007851,,,,Blackshaw Moor CofE First School,147103,Primary
c2c9f9d5-0fa8-4daf-a581-63d25c5c51da,2020,The Manchester Metropolitan University,M40,10004180,,,,Blackshaw Primary School,105175,Primary
633c13f0-8e86-48ef-92c9-0ed05c5d6196,2020,Newman University,N36,10007832,,,,Blackwell First School,116665,Primary
3f50fe23-473c-4f44-89e8-8ac310ea516f,2020,Birmingham City University,B25,10007140,,,,Blackwood School,148364,Primary
d2d20158-615b-4107-be86-b14bd9a0c1a8,2020,Edge Hill University,E42,10007823,,,,"Blacon High School, A Specialist Sports College",111396,English
e5e2b264-4280-4161-8241-916ed5e226bb,2020,Oxford Brookes University,O66,10004930,,,,Bladon Church of England Primary School,123119,Primary
669e6f06-3d64-42d6-a32a-1e620a77d152,2020,"University of the West of England, Bristol",B80,10007164,,,,Blagdon Primary School,147286,Primary
d4c7b6c4-5113-45aa-9a02-eaf8d93e3077,2020,Brunel University London,B84,10000961,,,,Blair Peach Primary School,101892,Primary
8af65f4f-c1c1-4030-9c2d-15ae45a1614e,2020,"University of the West of England, Bristol",B80,10007164,,,,Blaise Primary and Nursery School,109118,Primary
3689dc51-a7d2-4d32-b885-5568115e0aa1,2020,University of Wolverhampton,W75,10007166,,,,Blakeley Heath Primary School,124192,Primary
cb8b8853-2b98-4b14-bb14-912364416121,2020,University of Worcester,W80,10007139,,,,Blakeley Heath Primary School,124192,Primary
2495ead0-93e8-46d3-8637-2feaf12c0090,2020,Birmingham City University,B25,10007140,,,,Blakesley Hall Primary School,103300,Primary
1ccbaeca-2380-482d-bf9a-402567b2059b,2020,Newman University,N36,10007832,,,,Blakesley Hall Primary School,103300,Primary
06e525f9-29b6-45e7-812f-b2dd41f45e29,2020,University of Northumbria at Newcastle,N77,10001282,,,,Blaydon West Primary School,108349,Primary
7d30b657-e620-4aa6-882e-5c2879882644,2020,Edge Hill University,E42,10007823,,,,Bleak Hill Primary School,104773,Primary
e5cf6b48-33af-43d7-932c-a95c0c52b5fe,2020,Birmingham City University,B25,10007140,,,,Bleakhouse Primary School,103934,Primary
918951cb-76c9-48c0-a53b-65dcb6ff37e6,2020,Canterbury Christ Church University,C10,10001143,,,,Blean Primary School,118356,Primary
3311d4f2-249b-47c7-8b9e-f6135f2698f8,2020,Leeds Trinity University,L24,10003863,,,,Blenheim Primary School,143337,Primary
37a30dc0-4e4a-4988-9e8e-6d14e77b2cc4,2020,Edge Hill University,E42,10007823,,,,Blessed Carlo Acutis Catholic and Church of England Academy,149032,English
83fdd396-7b7c-4433-93fd-8b1aba68b00a,2020,University of Northumbria at Newcastle,N77,10001282,,,,Blessed John Duckett Roman Catholic Voluntary Aided Primary,114283,Primary
51b0e0df-4033-435e-8d13-61420a7dc30f,2020,Edge Hill University,E42,10007823,,,,Blessed Sacrament Catholic Primary School,141076,Primary
31c11048-98b9-45fa-89f4-fb9b64e270d0,2020,Lincoln Bishop University,B38,10007811,,,,Blidworth Oaks Primary School,148856,Primary
5bfc8005-9a1a-4de0-9e7c-cedfacfe701a,2020,Birmingham City University,B25,10007140,,,,Blockley Church of England Primary School,139524,Primary
4accd075-f374-44e8-97bd-86bdba6a02c7,2020,Kingston University,K84,10003678,,,,Blossom House School,102694,Primary
fcdc4c0e-04bd-4a88-85f4-f3a96bff0d0b,2020,Oxford Brookes University,O66,10004930,,,,Bloxham Church of England Primary School,123098,Primary
fc58ead7-0377-4c8f-9d92-0ac7a1964fe9,2020,Coventry University,C85,10001726,,,,Bloxham School,123275,Business studies
c04a485c-39c0-48e9-bb31-1ce9e3bc50ea,2020,Liverpool Hope University,L46,10003956,,,,Bluebell Park School,104495,Primary
8e11febf-5e02-4a0d-978c-2fc96d21dc01,2020,Edge Hill University,E42,10007823,,,,Blueberry Park,133691,Primary
2a761d82-fe46-47bc-b89e-5b7a235b3a38,2020,Liverpool John Moores University,L51,10003957,,,,Blueberry Park,133691,Primary
85c8e562-5acd-45ae-98f8-14d58d9e31fc,2020,Birmingham City University,B25,10007140,,,,Blue Coat Church of England Academy,138606,Biology
1a2e9224-c1c2-4d0e-b998-ec57465523c7,2020,Birmingham City University,B25,10007140,,,,Blue Coat Church of England Academy,138606,Physical education
f1add322-a6f2-4c89-bacf-1c2318558bd1,2020,University of Wolverhampton,W75,10007166,,,,Blue Coat Church of England Academy,138606,English
e57787ec-f02e-4c0e-8337-e3d92ae71779,2020,University of Wolverhampton,W75,10007166,,,,Blue Coat Church of England Academy,138606,History
f0b123a9-bf44-41b9-a3a7-3fbea20b4c33,2020,University of Wolverhampton,W75,10007166,,,,Blue Coat Church of England Academy,138606,Primary
3be4ae35-ea58-465f-8a44-e47705c6fb60,2020,"University of the West of England, Bristol",B80,10007164,,,,Blue Coat CofE Primary School,115734,Primary
84ad2e44-526c-4a5b-90c6-14d7dded601e,2020,University of Cumbria,C99,10007842,,,,Blue Gate Fields Infants' School,100915,Primary
1e2dad70-90be-4f93-af10-6b9c29765d59,2020,Canterbury Christ Church University,C10,10001143,,,,Bobbing Village School,140899,Primary
e9a794be-f3a2-44c3-8ffc-44657b16bd2f,2020,Plymouth Marjon University,P63,10037449,,,,Bodmin College,136383,Physical education
e0c24380-37fc-4d8c-9aff-2763cf7efd8f,2020,University Of Plymouth,P60,10007801,,,,Bodmin College,136383,Geography
c652490f-64dd-48a6-badb-95954110d97e,2020,University of Chester,C55,10007848,,,,Bodnant Community School,402277,Primary
9855007f-7790-42a3-98c0-21e15138d3bb,2020,Canterbury Christ Church University,C10,10001143,,,,Bodsham Church of England Primary School,118673,Primary
d12a947e-9c8c-43c9-81b1-0e153f145364,2020,University of Chichester,C58,10007137,,,,Bohunt School,136643,Physical education
7df60577-cf7f-45f6-9568-be89e4d5b3bc,2020,Birmingham City University,B25,10007140,,,,Boldmere Infant School and Nursery,103342,Primary
4fb29510-d92e-4cdb-ae34-f235376f61fc,2020,Birmingham City University,B25,10007140,,,,Boldmere Junior School,103341,Primary
fcbec74d-2322-4d60-9a07-a70d36db7e86,2020,The Manchester Metropolitan University,M40,10004180,,,,Bolshaw Primary School,106029,Primary
d2dcad99-eb6b-48fb-a631-4eb89b383133,2020,Sheffield Hallam University,S21,10005790,,,,Bolsover Infant School,112511,Primary
1b35727d-d7f9-4b49-afeb-8327aebc66c5,2020,The Manchester Metropolitan University,M40,10004180,,,,Bolton Parish Church CofE Primary School,105229,Primary
3519899d-7a34-428e-aa16-210c02cd114e,2020,The University Of Bolton,8N5,10006841,,,,Bolton School Boys' Division,105271,Modern languages
9f6828ef-8cd8-4fcd-bc58-69a7d44e6f6f,2020,University of Cumbria,C99,10007842,,,,Boltons CofE School,112245,Primary
f69eaed7-2c1a-45fd-800a-4d1b30d9b3e0,2020,University of Chester,C55,10007848,,,,Bomere Heath CofE Primary School,123495,Primary
b1eeb0ee-c814-412b-b841-304f1c7e86d6,2020,University of Wolverhampton,W75,10007166,,,,Boney Hay Primary Academy,143900,Primary
3759adf2-73da-43dd-804d-900851f09671,2020,University of Hertfordshire,H36,10007147,,,,Bonneygrove Primary School,117366,Primary
8579e681-0c0d-46b6-9119-c99beef89534,2020,Liverpool John Moores University,L51,10003957,,,,Booker Avenue Junior School,104522,Primary
733f355e-8d04-4108-b205-f3609e9c2525,2020,University of Cumbria,C99,10007842,,,,Bookwell Primary School,112155,Primary
ad39c958-8f95-4ea6-aedd-28759bb2c54f,2020,York St John University,Y75,10007713,,,,Bootham School,121722,Primary
cf808d2f-a584-4473-bdc3-8a2d7d9985ff,2020,University of Chester,C55,10007848,,,,Borderbrook School,400452,Primary
54a78c84-66cf-4af4-b05b-d19ba7c5637c,2020,Birmingham City University,B25,10007140,,,,Bordesley Green East Nursery School,103120,Primary
4cd5a9a0-6398-479d-99cd-08f24006743a,2020,University of Wolverhampton,W75,10007166,,,,Bordesley Green East Nursery School,103120,Primary
18e1887a-cc5e-420b-a794-e0bf47201f07,2020,Birmingham City University,B25,10007140,,,,Bordesley Green Girls' School & Sixth Form,103493,Biology
5d044566-d3d4-415c-b943-3acda2b05890,2020,Birmingham City University,B25,10007140,,,,Bordesley Green Primary School,103172,Primary
1dbb386e-25ca-47d6-a80d-624524e9fcb7,2020,Newman University,N36,10007832,,,,Bordesley Green Primary School,103172,Primary
64bfc54f-8f97-40aa-80cf-34f769e5b136,2020,University of Wolverhampton,W75,10007166,,,,Bordesley Village Primary School,103153,Primary
cb08c5d9-8247-4013-8770-d4a5942927a4,2020,University of Chichester,C58,10007137,,,,Bordon Infant School,115865,Primary
ed25adaf-c568-4167-ad3d-3aa708192671,2020,Plymouth Marjon University,P63,10037449,,,,Boringdon Primary School,142688,Primary
136c187c-d39f-4e5a-8a9a-3d27dd74d223,2020,University Of Plymouth,P60,10007801,,,,Boringdon Primary School,142688,Primary
67d17e88-157f-42dc-8ba7-5ff8f0aa00f4,2020,York St John University,Y75,10007713,,,,Boroughbridge Primary School,121382,Primary
30118306-e61d-434c-b580-153d4a9ddfb8,2020,Canterbury Christ Church University,C10,10001143,,,,Borough Green Primary School,118847,Primary
ef5f5be5-d01d-4b08-88c1-2117c037d991,2020,University of Derby,D39,10007851,,,,Borrow Wood Primary School,146847,Primary
b08d3d4b-ca02-41bc-8177-db43a911342c,2020,University of Worcester,W80,10007139,,,,Bosbury CofE Primary School,116785,Primary
f3b1e85c-8905-47a5-a36c-d611b4b814d5,2020,Leeds Trinity University,L24,10003863,,,,Boston West Academy,138291,Primary
a6c6f24b-33e1-482b-9e1a-77abb80b82b6,2020,Coventry University,C85,10001726,,,,Bosworth Academy,137969,Computing
985d7e77-33b9-48f3-9fe5-edd599688024,2020,University of Chichester,C58,10007137,,,,Botley Church of England Controlled Primary School,116273,Primary
a4d6fae2-66fb-460e-93cf-318320934b5f,2020,University of Winchester,W76,10003614,,,,Botley Church of England Controlled Primary School,116273,Primary
4824b5e0-28dd-4e9c-8a3a-876bb3b5f795,2020,Bradford College,B60,10000840,Bottisham Village College,136677,school,Bottisham Village College,136677,Other subjects
7fdace41-b97c-4c66-ae76-06756ef6c9fa,2020,Roehampton University,R48,10007776,,,,Botwell House Catholic Primary School,102422,Primary
f1b1afe0-2560-42f4-86bc-6e242dd847e5,2020,St Mary's University,S64,10007843,,,,Botwell House Catholic Primary School,102422,Primary
543ee502-9261-432e-aadf-0040ba7328fb,2020,The University of Northampton,N38,10007138,,,,Boughton Leigh Infant School,125603,Primary
96043b98-7cac-4a7a-a136-797aa0179840,2020,The University of Northampton,N38,10007138,,,,Boughton Primary School,138760,Primary
369f9694-97fa-4814-aa9b-6dcde8026f86,2020,Canterbury Christ Church University,C10,10001143,,,,Boughton-under-Blean and Dunkirk Primary School,118705,Primary
39d067ce-bcde-423e-bfa0-cd305c8c3b28,2020,The University of Portsmouth,P80,10007155,,,,Bourne Community College,126069,Modern languages
1fbac183-d7cc-4294-8a63-f9238bdd418e,2020,University of Chichester,C58,10007137,,,,Bourne Community College,126069,Physical education
3b81beb7-756c-4921-9c8f-2e5691366934,2020,St Mary's University,S64,10007843,,,,Bournehall Primary School,117296,Primary
539178e0-2019-470b-8b70-f6bf5897a6ce,2020,The University of Brighton,B72,10000886,,,,Bourne Primary School,114473,Primary
c0a4b8cb-e446-45d2-bd77-12b50c30c77f,2020,Coventry University,C85,10001726,,,,Bournville School,141318,English
244edd75-839c-4a8f-8c2f-9126b0a59774,2020,Coventry University,C85,10001726,,,,Bournville School,141318,Mathematics
9d74082e-2763-4894-a3e5-8f791b1b41fd,2020,University of Sunderland,S84,10007159,,,,Bowburn Primary School,114087,Primary
fbb497fa-74d5-4fde-ab48-97de77d79716,2020,University Of Exeter,E84,10007792,,,,Bow Community Primary School,113060,Primary
3780d556-ae60-4d38-b7df-56af18ce688b,2020,University Of Plymouth,P60,10007801,,,,Bow Community Primary School,113060,Primary
4c434920-dc10-4952-a827-9532aacf0ffd,2020,University of Cumbria,C99,10007842,,,,Bowerham Primary & Nursery School,119129,Primary
2017b488-ab8a-4a83-b4c5-70228c4d4620,2020,Canterbury Christ Church University,C10,10001143,,,,Bowes Primary School,143201,Primary
9eeb23a2-767a-4ec0-9bef-903650d0ea8c,2020,The Manchester Metropolitan University,M40,10004180,,,,Bowker Vale Primary School,105397,Primary
b56b70e9-ec24-4ba4-ad38-343c5b921815,2020,The Manchester Metropolitan University,M40,10004180,,,,Bowling Green Academy,148202,Primary
e0aa9ad5-fa72-4951-940a-17a0fa300a52,2020,Leeds Trinity University,L24,10003863,,,,Bowling Park Primary School,107234,Primary
3315e602-0014-4e45-a08c-1c5dc7d69801,2020,"University of the West of England, Bristol",B80,10007164,,,,Bowsland Green Primary School,130257,Primary
814f0aba-2188-4334-a43e-a6ae714fafca,2020,University of Chichester,C58,10007137,,,,Boxgrove CofE Primary School,125974,Primary
6dd839a0-90ea-430a-a0b4-02b4674dfb18,2020,Canterbury Christ Church University,C10,10001143,,,,Brabourne Church of England Primary School,118663,Primary
1375ccb4-9ad6-471b-855c-97ed3002f1d7,2020,Edge Hill University,E42,10007823,,,,Brabyns Preparatory School,106147,Primary
16f36c64-ef33-499c-822d-e9343939ce8e,2020,Lincoln Bishop University,B38,10007811,,,,Bracebridge Infant and Nursery School,139142,Primary
995a55b3-6dd1-4b62-a25a-16373a3b47af,2020,St Mary's University,S64,10007843,,,,Brackenbury Primary School,100324,Primary
c6e03c68-1761-4e80-8428-43dded95fe9d,2020,The University of Brighton,B72,10000886,,,,Brackenbury Primary School,114413,Primary
c4da454f-0a0d-4b9a-bf10-1f19d05b945f,2020,Sheffield Hallam University,S21,10005790,,,,Brackenfield Special School,113031,Primary
d01dace8-f049-44b0-ace4-d7abd52c846e,2020,York St John University,Y75,10007713,,,,Brackenhill Primary School,107250,Primary
f73f6d03-f50f-4f9d-9572-d7fddd4c5fda,2020,Nottingham Trent University,N91,10004797,,,,Bracken Hill School,122961,Primary
5d8e6d47-6f23-4c3d-950f-013de22beac1,2020,Lincoln Bishop University,B38,10007811,,,,Bracken Lane Primary Academy,144526,Primary
6d5f3124-b7bb-4054-8349-50bd80ac6b9b,2020,The University of Northampton,N38,10007138,,,,Bracken Leas Primary School,144394,Primary
6dc223a4-e28a-4227-b31c-b99c0dbd91a0,2020,Two Mile Ash ITT Partnership,T89,10059102,,,,Bracken Leas Primary School,144394,Primary
48bc0f46-e88d-4bb9-b7ca-96ef8535fd99,2020,University of Chester,C55,10007848,,,,Brackenwood Infant School,105021,Primary
5d4d1e16-c716-4403-a9ca-23ceff492d49,2020,The University of Northampton,N38,10007138,,,,Brackley Church of England Junior School,121961,Primary
bffb1dbf-1412-4865-9cf4-d472dd0a62f5,2020,Leeds Beckett University,L27,10003861,,,,Bradford Academy,135367,English
2fc13c92-6bcb-4425-abdc-355d3dd24970,2020,Leeds Beckett University,L27,10003861,,,,Bradford Academy,135367,Primary
adb0cff6-7e75-447a-8ce1-84b0b27b92c2,2020,University of Huddersfield,H60,10007148,,,,Bradford Academy,135367,Primary
384f0206-6389-4168-9d6c-2ee54fb74708,2020,University Of Plymouth,P60,10007801,,,,Bradley Barton Primary School and Nursery Unit,113241,Primary
99289772-3e5b-4a05-9f20-e0fc9934b6db,2020,The Manchester Metropolitan University,M40,10004180,,,,Bradley Nursery School,119078,Primary
f9254bfb-c25b-4ee1-b4a7-90982f4df57c,2020,University of Cumbria,C99,10007842,,,,Bradley Primary School,119175,Primary
899fa705-d33b-49b1-8f3e-1b22cd47d5f1,2020,Edge Hill University,E42,10007823,,,,Bradshaw Community Primary School,110989,Primary
f3dbc64a-47d4-47cf-9c7a-53dbdc058fa1,2020,Sheffield Hallam University,S21,10005790,Silverdale School,139167,school,Bradway Primary School,107033,Primary
518b71de-3315-449e-bef5-ad6ed9337fec,2020,Bradford College,B60,10000840,,,,Bradwell Village School,110369,Primary
b4c7ad54-6caa-4977-85a7-469b65d1ab0e,2020,University Of Plymouth,P60,10007801,,,,Bradworthy Primary Academy,136492,Primary
3a88d959-b2f2-4f82-b81f-1ec32cf8f10c,2020,University of Derby,D39,10007851,,,,Brailsford CofE Primary School,112804,Primary
61ed4d80-8d69-427c-802d-2b7b0adfea56,2020,University of Winchester,W76,10003614,,,,Braishfield Primary School,115866,Primary
820647d9-f94f-4d2b-ba9c-5076f1e62d59,2020,University of Winchester,W76,10003614,,,,Bramble Infant School and Nursery,116182,Primary
98d79032-be39-4a54-b306-f6284206abf7,2020,University of Huddersfield,H60,10007148,,,,Brambles Primary Academy,145236,Primary
8aeff5f2-9501-4800-98e1-76498d29b91b,2020,University of Nottingham,N84,10007154,,,,Bramcote College,138837,English
9515d90f-722a-4397-b103-7acc98a18722,2020,University of Nottingham,N84,10007154,,,,Bramcote College,138837,Geography
07ac4102-db88-47e1-9fcd-a6c9d4748fc4,2020,University of Worcester,W80,10007139,,,,Bramford Primary School,103782,Primary
68a1a51c-2f9f-4686-997f-64a4ec990b36,2020,University of Worcester,W80,10007139,,,,Bramford Primary School,139437,Primary
2847c297-105a-4e6b-80f5-c80a15ad43cd,2020,Leeds Trinity University,L24,10003863,,,,Bramley Park Academy,146542,Primary
31f072b7-80dd-46ad-b58d-ea5c8c24d008,2020,Leeds Beckett University,L27,10003861,,,,Bramley St Peter's Church of England Primary School,108003,Primary
a7395b72-4c4a-421a-b544-5218d2ab80a7,2020,Sheffield Hallam University,S21,10005790,,,,Bramley Sunnyside Infant School,106895,Primary
a26db6e1-588c-4aea-8b03-6a9adc1ff2ca,2020,Sheffield Hallam University,S21,10005790,,,,Bramley Sunnyside Junior School,106861,Primary
a8c91146-8796-4c10-a291-5c742f17c4bb,2020,Sheffield Hallam University,S21,10005790,,,,Brampton Cortonwood Infant School,144324,Primary
ad18446c-8fbd-43af-b20a-2814cacaab05,2020,University of East London,E28,10007144,,,,Brampton Primary School,102711,Primary
1d5e59bd-3d30-4303-a4a1-f958a99efacb,2020,Staffordshire University,S72,10006299,,,,Bramshall Meadows First School,149079,Primary
defbb0fb-29ae-4f4c-ae01-8da44ca921a0,2020,York St John University,Y75,10007713,,,,Brandesburton Primary School,117831,Primary
ffb600ca-73c5-4a78-b60c-ff0c87d25642,2020,Newman University,N36,10007832,,,,Brandhall Primary School,103976,Primary
39b79117-ea98-4110-85c9-043bf159981d,2020,Edge Hill University,E42,10007823,,,,Brandwood Primary School,105148,Primary
4299046b-d0d7-4070-87d8-4422fe584898,2020,Lincoln Bishop University,B38,10007811,,,,Branston Church of England Infant Academy,144122,Primary
3defe1ae-7cf7-4586-820d-4f2fc9098f84,2020,Coventry University,C85,10001726,,,,Branthwaite Academy,143723,General sciences
c5c06880-3069-4b8d-812f-c60b372ae63d,2020,Sheffield Hallam University,S21,10005790,,,,Brassington Primary School,112515,Primary
21da8749-ff72-44c9-b74a-e590a7c9a42a,2020,The University of Brighton,B72,10000886,,,,Breakwater Academy,143120,Primary
a7bf427a-673b-4240-beec-5558892519ef,2020,Canterbury Christ Church University,C10,10001143,,,,Breaside Preparatory School,101684,Primary
e026ec8b-df1a-464e-8310-14d22e57ce68,2020,York St John University,Y75,10007713,,,,Breckon Hill Primary School,111587,Primary
9b5d873d-0c82-4a0e-931a-275fbf7a3a6e,2020,Sheffield Hallam University,S21,10005790,,,,Bredbury Green Primary School,145054,Primary
3a40d06e-2b45-4d68-a69b-65e13d6c4b20,2020,University of Worcester,W80,10007139,,,,Bredenbury Primary School,149323,Primary
2faf47ab-cd95-4383-82a6-7d03c2edf425,2020,Canterbury Christ Church University,C10,10001143,,,,Brede Primary School,114389,Primary
0a5c185e-ec75-47c4-be98-8cfe3ab8a20c,2020,Canterbury Christ Church University,C10,10001143,,,,Bredgar Church of England Primary School,144868,Primary
60f98da2-6b99-4c95-943c-af9f03f9eba6,2020,Teach Kent & Sussex,2EZ,10058549,Claremont Primary School,118456,school,Brenchley and Matfield Church of England Primary School,142689,Primary
39283694-22a4-4516-bec5-43c36350dfb6,2020,Coventry University,C85,10001726,,,,Brentwood County High School,145474,Chemistry
d23df3dc-02ac-448c-b08b-c9fdb8f75ad3,2020,The University of Brighton,B72,10000886,,,,Brentwood County High School,145474,Physical education
fe04d15a-5525-4f20-820c-c4a5a233a167,2020,Canterbury Christ Church University,C10,10001143,,,,Brenzett Church of England Primary School,143517,Primary
922e3903-7002-4bbf-869c-7b6ec677431b,2020,Staffordshire University,S72,10006299,,,,Brereton CofE Primary School,144832,Primary
b531dc2d-be5c-48b5-8572-61104405c574,2020,Middlesex University,M80,10004351,,,,Brettenham Primary School,146946,Primary
84a0f3ec-1d21-479e-a7b6-a78bfcd22fc0,2020,University of Wolverhampton,W75,10007166,,,,Brewood Middle CofE Academy,145176,Primary
8217f861-8e78-4a57-a324-dd44874ee065,2020,Lincoln Bishop University,B38,10007811,,,,Brewster Avenue Infant School,110722,Primary
d30e590d-5cfd-4c2d-be3f-1cbd13392c31,2020,University of Cumbria,C99,10007842,,,,Bridekirk Dovenby CofE Primary School,112270,Primary
b60496c8-3491-4c95-a096-c85fabde319c,2020,Canterbury Christ Church University,C10,10001143,,,,Bridge and Patrixbourne Church of England Primary School,118654,Primary
ee5486c7-e1c0-4ca4-adc0-f9f83fd8f508,2020,The Manchester Metropolitan University,M40,10004180,,,,Bridge Hall Primary School,106032,Primary
d09cb384-450f-43cc-83fc-fea50d6752ff,2020,"University of the West of England, Bristol",B80,10007164,,,,Bridge Learning Campus,139049,Mathematics
3f71324e-773f-45e6-8675-cf06156edd03,2020,University of Chester,C55,10007848,,,,Bridgemere CofE Primary School,111343,Primary
5a7b7997-b98d-4318-8577-4f066befb106,2020,The Manchester Metropolitan University,M40,10004180,,,,Bridgewater Primary School,105912,Primary
712ad4c0-f736-45dc-8a08-570038aa4b88,2020,University of Wolverhampton,W75,10007166,,,,Bridgnorth Endowed School,139143,Primary
fa64d7a9-f4a8-44b3-b0b6-c64938673daa,2020,Birmingham City University,B25,10007140,,,,Bridgtown Primary School,124067,Primary
f78ad610-418e-42a8-9217-80314afc758b,2020,University of Wolverhampton,W75,10007166,,,,Bridgtown Primary School,124067,Primary
cf59da2c-f9c1-4a4e-b39f-be2936ee84bf,2020,University of Worcester,W80,10007139,,,,Bridstow CofE Primary School,116869,Primary
d95810f8-ec0a-46f0-bb76-8e49d3e832ee,2020,Sheffield Hallam University,S21,10005790,,,,Brierley Church of England Voluntary Controlled Primary School,106629,Primary
10f12af7-b71b-41eb-8806-93196794d296,2020,University of Wolverhampton,W75,10007166,,,,Brierley Hill Primary School,103776,Primary
e203c206-c9b4-4fca-aeb9-a53cc61ccf0e,2020,University of Buckingham,2Z3,10007787,,,,Brighton College,114614,History
5734c77d-f64b-4cb0-99ba-84343d92b766,2020,The University of Brighton,B72,10000886,,,,Brighton Girls GDST,114658,Physical education
2ba683b8-98b3-4c22-b257-e7522477c0b3,2020,Sheffield Hallam University,S21,10005790,,,,Brightside Nursery Infant School,106987,Primary
8d765b0a-f911-49ec-a14a-13e331bf03a5,2020,Oxford Brookes University,O66,10004930,,,,Brightwalton C.E. Aided Primary School,110008,Primary
ef29ad59-350d-4c31-bf25-989da0d18731,2020,University of Reading,R12,10007802,,,,Brightwalton C.E. Aided Primary School,110008,Primary
9424642f-15ef-4149-add4-f4466a01d532,2020,Sheffield Hallam University,S21,10005790,,,,Brimington Junior School,143580,Primary
3c056d7b-80b1-4121-88ef-a832e4752484,2020,University of Reading,R12,10007802,,,,Brimpton C.E. Primary School,109954,Primary
52abc116-8d7f-436e-8e09-5af1b4b7c35a,2020,University of Gloucestershire,G50,10007145,,,,Brimscombe Church of England (VA) Primary School,115690,Primary
0e51b014-3c93-4801-bbe5-0903fddd2498,2020,Middlesex University,M80,10004351,,,,Brimsdown Primary School,143202,Primary
ef472a65-b706-4816-a876-fba79dd86522,2020,University of Worcester,W80,10007139,,,,Brindley Heath Junior School Academy,146609,Primary
4236c460-a6d5-41c0-97b1-422c96723b29,2020,Lincoln Bishop University,B38,10007811,,,,Bringhurst Primary School,141279,Primary
83e0b5cb-19e3-481a-80f7-3931a107de9a,2020,Sheffield Hallam University,S21,10005790,,,,Brinsworth Academy,136301,Physics
e0671d65-0ccc-4d61-8cc3-342da7bfe50b,2020,Sheffield Hallam University,S21,10005790,,,,Brinsworth Manor Infant School,106864,Primary
899ed666-fa70-4c78-8a11-505fb363825d,2020,Sheffield Hallam University,S21,10005790,,,,Brinsworth Whitehill Primary School,143057,Primary
cbdc971d-b4a0-4e93-b4ee-d0c92471854b,2020,Birmingham City University,B25,10007140,,,,Bristnall Hall Academy,139043,Biology
3319c958-3c25-407b-a9a4-1469587e5eca,2020,The Manchester Metropolitan University,M40,10004180,,,,Britannia Community Primary School,119189,Primary
435d86e1-7766-4e1c-9dcd-4ce7e1f2de3d,2020,University of Cumbria,C99,10007842,,,,Britannia Village Primary School,144527,Primary
76685c55-1145-4500-ade4-9d603a1b9962,2020,University of East London,E28,10007144,,,,Britannia Village Primary School,144527,Primary
67eaedc3-8608-4829-bfa9-d824171f0682,2020,University Of Plymouth,P60,10007801,,,,Brixington Primary Academy,142044,Primary
43176205-3eb6-4ea6-ac51-174a18afde41,2020,The University of Northampton,N38,10007138,,,,Brixworth CofE VC Primary School,121964,Primary
f7ced7e1-b778-4627-a3d2-afc61ff8da0a,2020,University of Hull,H72,10007149,,,,Broadacre Primary School,144669,Primary
c69b9e47-b0a9-4dcc-b339-7d3304cf7d53,2020,York St John University,Y75,10007713,,,,Broadacre Primary School,144669,Primary
25cc4b66-7bae-4157-9bfd-330e9ad63965,2020,The Manchester Metropolitan University,M40,10004180,,,,Broadfield Community Primary School,134220,Mathematics
8ed5f862-5221-4890-8704-79c8b785a788,2020,The Manchester Metropolitan University,M40,10004180,,,,Broadfield Community Primary School,134220,Primary
8121fab5-a4ab-49b2-9806-4874aa25d0c7,2020,The University of Brighton,B72,10000886,,,,Broadfield Primary Academy,138453,Mathematics
79ff9ae0-7c15-4dfe-a8d3-81a591619fda,2020,The University of Brighton,B72,10000886,,,,Broadfield Primary Academy,138453,Primary
e731b38e-109a-45a9-a2fe-bfec2c4514e6,2020,The Manchester Metropolitan University,M40,10004180,,,,Broadfield Primary School,105676,Primary
0171e2b6-57bb-47b0-83b4-a8bbe2da444c,2020,The Manchester Metropolitan University,M40,10004180,,,,Broadheath Primary School,106289,Primary
4f9302b4-7fde-4c95-ab2f-d9677186a15d,2020,University Of Plymouth,P60,10007801,,,,Broadhempston Village Primary School,147493,Primary
8642a460-e82f-41ce-b1e5-946a9c9b36b5,2020,The University Of East Anglia,E14,10007789,,,,Broadland High Ormiston Academy,146063,Chemistry
672c7106-c79c-4f55-beda-6c8dcdc0b5e9,2020,The University Of East Anglia,E14,10007789,,,,Broadland High Ormiston Academy,146063,English
40a7bc55-da3e-4e8d-b91e-01a6f8b3a6ba,2020,The University Of East Anglia,E14,10007789,,,,Broadland High Ormiston Academy,146063,Modern languages
37f5f1f0-5c78-44eb-9c8d-ca51d36f0e30,2020,Edge Hill University,E42,10007823,,,,Broadlands Primary School,116679,Primary
97f94857-6978-4aad-8063-ac761253d7ab,2020,University of Worcester,W80,10007139,,,,Broadlands Primary School,116679,Primary
89e66f99-1a9c-47ae-a094-587b294f00c8,2020,Birmingham City University,B25,10007140,,,,Broadmeadow Infant School,103288,Primary
3c1afd43-b13a-4701-979d-c874fa95c2a3,2020,Newman University,N36,10007832,,,,Broadmeadow Infant School,103288,Primary
fa9be009-9d8e-4ce8-b9b2-cbf1fdaa5f19,2020,University of Wolverhampton,W75,10007166,,,,Broadmeadow Special School,143506,Primary
9842f7d8-349d-4916-8ff5-9f197f336178,2020,Roehampton University,R48,10007776,,,,Broadmead Primary School,140840,Primary
583f7a2d-6c13-411f-9526-a35bd0405a89,2020,University of Greenwich,G70,10007146,,,,Broadmead Primary School,140840,Primary
212925dc-7c2d-4c11-a8ac-68295f7ffb24,2020,University of Worcester,W80,10007139,,,,Broadwas CofE Aided Primary School,116870,Primary
002583e4-9cef-4461-be57-e2533543a639,2020,The University of Brighton,B72,10000886,,,,Broadwater CofE Primary School,126033,Mathematics
56f67dc5-03a5-4e88-872f-c169a210f531,2020,The University of Brighton,B72,10000886,,,,Broadwater CofE Primary School,126033,Primary
d339ba25-5d5a-49ff-b645-d4ccf08b355b,2020,University of Chichester,C58,10007137,,,,Broadwater CofE Primary School,126033,Primary
247ddf69-c7b1-4687-bb78-0f70b922098c,2020,University of Wolverhampton,W75,10007166,,,,Broadway Academy,139841,Primary
821d2522-dff2-4c88-915f-c79859e13498,2020,Bath Spa University,B20,10000571,,,,Broadway Infant School,109057,Early years ITT
a5eb2678-4a2c-479c-9c74-c1555588ff11,2020,University of Sunderland,S84,10007159,,,,Broadway Junior School,108757,Primary
1099b8fa-42f3-45c6-ad89-a38d92db578f,2020,University of Winchester,W76,10003614,,,,Brockenhurst Church of England Primary School & Pre-School,116276,Primary
cc87fd3f-78b8-4324-9940-60c98c9630ec,2020,Edge Hill University,E42,10007823,,,,Brockholes Wood Community Primary School and Nursery,119230,Primary
b2bb644c-72b6-48c0-b46a-69d7ad5a0417,2020,Lincoln Bishop University,B38,10007811,,,,Brockley Primary School,112510,Primary
599c4a5b-08e1-4da2-8dc9-2d0757b7b010,2020,Sheffield Hallam University,S21,10005790,,,,Brockley Primary School,112510,Primary
400b72a6-0366-4654-8252-27c15b8b3199,2020,University of Derby,D39,10007851,,,,Brockley Primary School,112510,Primary
96a865ea-ea18-4598-a630-4d8ad7653fe5,2020,Sheffield Hallam University,S21,10005790,,,,Brockwell Junior School,112691,Primary
c224da5e-1b90-4b4a-bf19-a71f9a89db13,2020,Leeds Trinity University,L24,10003863,,,,Brodetsky Primary School,108054,Primary
24bdb48d-84b4-477a-98d7-f94a2a86b49d,2020,The Manchester Metropolitan University,M40,10004180,,,,Broken Cross Primary Academy and Nursery,141193,Primary
0be879dd-5cc4-49f4-bc2c-038c323cdf37,2020,University of Hertfordshire,H36,10007147,,,,Bromet Primary School,144908,Primary
a37f6758-76b4-46d0-a7f7-1f9245a2bd21,2020,University of Bedfordshire,B22,10007152,,,,Bromham CofE Primary School,109611,Primary
d55f0d3d-7571-4b64-9642-3d5626afd783,2020,"University of the West of England, Bristol",B80,10007164,,,,Bromley Heath Infant School,109029,Primary
e01b6f2d-fa84-4c4b-9821-dfb18549eb5a,2020,University of Worcester,W80,10007139,,,,Bromley Hills Primary School,103819,Primary
1ae15046-8e2e-4cc9-84c8-cd091cff31bd,2020,Canterbury Christ Church University,C10,10001143,,,,Brompton-Westbrook Primary School,141467,Primary
55bf8772-928d-42dc-9a01-ccc2248f9f8a,2020,Canterbury Christ Church University,C10,10001143,,,,"Bromstone Primary School, Broadstairs",118534,Primary
2e59ef1a-6c78-4092-8613-5cd1a3e08f5f,2020,Lincoln Bishop University,B38,10007811,,,,Brooke Hill Academy,137358,Primary
ba356fe6-9bcd-4483-bca1-7320f84c97f6,2020,The University Of East Anglia,E14,10007789,,,,Brooke Voluntary Controlled Church of England Primary School,121096,Primary
03ca9fc3-b04a-451b-b4cb-fcedb3556fd0,2020,Edge Hill University,E42,10007823,,,,Brookfield Community Primary School,119226,Primary
4155fd66-1790-4df8-9a3e-4ec8a8fa5f7e,2020,University of Chichester,C58,10007137,,,,Brookfield Community School,116419,Physical education
3c1a1f6b-5f73-4364-b33e-39af2485099b,2020,Canterbury Christ Church University,C10,10001143,,,,Brookfield Junior School,118869,Primary
aa53118e-b9bc-443a-a832-513e0194eee6,2020,York St John University,Y75,10007713,,,,Brookfield Primary Academy,145928,Primary
a0c099cb-698e-45f5-9ff9-bd1358377186,2020,The University of Northampton,N38,10007138,,,,Brookfield Primary School,147119,Primary
a83ed2ba-67d8-459f-a356-17cca9a27871,2020,University of Derby,D39,10007851,,,,Brookfield Primary School,147119,Primary
6ea0d920-20b3-4da8-acdd-055bda1dd281,2020,Edge Hill University,E42,10007823,,,,Brookfield School,119895,English
8510630a-7b0b-4934-ad6d-99351abaeab6,2020,Edge Hill University,E42,10007823,,,,Brookfield School,119895,Mathematics
1cb3cf1c-403f-4dc6-835c-996091b05a3f,2020,Plymouth Marjon University,P63,10037449,,,,Brook Green Centre for Learning,113648,Physical education
a18a520a-ecf4-4edd-8c4f-2f2af7b2187a,2020,Sheffield Hallam University,S21,10005790,,,,Brook House Junior,148100,Primary
582c6a67-f518-4492-a487-84443bb8bc02,2020,London Metropolitan University,L68,10004048,,,,Brook House Primary School,141209,Primary
33cb427a-fda1-4292-9619-f591578c2bc2,2020,Middlesex University,M80,10004351,,,,Brook House Primary School,141209,Primary
973bc0e7-6896-40c1-8155-4e0890432967,2020,Birmingham City University,B25,10007140,,,,Brookhurst Primary School,125565,Primary
f711d87e-bc15-4a31-bd28-481882a70b52,2020,Liverpool John Moores University,L51,10003957,,,,Brookhurst Primary School,105018,Primary
e4e87581-c394-4a45-8e01-3e712fb0d8f0,2020,The University of Brighton,B72,10000886,,,,Brook Infant School and Nursery,131602,Mathematics
f2e62081-aa07-479d-b3c1-d606df3bd511,2020,The University of Brighton,B72,10000886,,,,Brook Infant School and Nursery,131602,Primary
1c1a07a8-a26d-4ce4-a89d-ec73b0c52bf5,2020,Canterbury Christ Church University,C10,10001143,,,,Brookland Church of England Primary School,118664,Primary
aed19b45-d042-4955-a77d-88b8bebb15bf,2020,The University of Northampton,N38,10007138,,,,Brooklands Farm Primary School,135271,Primary
77fcc6e4-571f-4839-bb85-097c7a1b7955,2020,University of Bedfordshire,B22,10007152,,,,Brooklands Farm Primary School,135271,Primary
39ef15be-fbb4-4f4d-a693-26ea8cfde405,2020,The Manchester Metropolitan University,M40,10004180,,,,Brooklands Primary School,106301,Primary
38199cde-9488-4d2d-bc5b-cf12b2e96b8c,2020,Bradford College,B60,10000840,,,,Brooklands School,121778,Primary
0e0ffe42-b32b-403f-8cbe-d71e6b7edeed,2020,Coventry University,C85,10001726,,,,Brookside Primary School,139117,Primary
7e5afd4c-0cb9-4bd8-be7b-23d831402cef,2020,Kingston University,K84,10003678,,,,Brookside Primary School,139117,Primary
e44c1e0d-8744-4024-88b3-c17d4c77ae31,2020,Middlesex University,M80,10004351,,,,Brookside Primary School,139117,Primary
dad81ee6-eef6-446b-bae3-d0c05ad55b84,2020,Nottingham Trent University,N91,10004797,,,,Brookside Primary School,146491,Primary
311cc545-ef69-4380-9016-39c1f365d990,2020,Oxford Brookes University,O66,10004930,,,,Brookside Primary School,123007,Primary
ca23bd7e-313b-4375-bbf0-e2bb48226891,2020,University of Chester,C55,10007848,,,,Brookside Primary School,131956,Primary
7b3d7ee0-fd30-4d9c-b611-1e7686f5c2e5,2020,University of Cumbria,C99,10007842,,,,Brook Street Primary School,112231,Primary
1c8f94e5-6e1c-4dc6-ad24-f3e6bd860db7,2020,The University of Northampton,N38,10007138,,,,Brooksward School,132210,Primary
7f0185ff-d9f3-4e11-a98c-094add929b88,2020,Birmingham City University,B25,10007140,,,,Brookvale Primary School,139465,Primary
3680dbc0-8eb3-4cad-bdb5-7d91710c6674,2020,University of Sunderland,S84,10007159,,,,Broom Cottages Primary & Nursery School,114096,Primary
a42e338f-de22-4993-9adc-3cc78ae61b3f,2020,York St John University,Y75,10007713,,,,Broomfield School,121359,Primary
9b2a354f-1077-42ed-b82b-e31c45bc52b6,2020,University of Chester,C55,10007848,,,,Broomfields Junior School,147637,Primary
8af9accb-2e4e-4ea3-9f90-f5c26e71a6d7,2020,University of Northumbria at Newcastle,N77,10001282,,,,Broomhaugh (VA) Church of England First School,122285,Primary
170aa80e-9eaa-487b-b604-eabc5ffb032a,2020,Sheffield Hallam University,S21,10005790,,,,Broomhill Infant School,107154,Primary
fe5e4a07-a8c6-413f-a0f9-20b9c692fed9,2020,"University of the West of England, Bristol",B80,10007164,,,,Broomhill Junior School,108919,Primary
1fb4915b-6001-4396-ad70-e7582c967a60,2020,University of Derby,D39,10007851,,,,Broom Leys School,138891,Primary
dad0e186-16ba-4b62-a46d-8bc52453d02e,2020,The Manchester Metropolitan University,M40,10004180,,,,Broomwood Primary School,106290,Primary
41a6e92f-fd9e-4dcf-8e4b-303e107ff1e8,2020,University of Wolverhampton,W75,10007166,,,,Broseley CofE Primary School,123523,Primary
8bbb361c-53df-40a7-b822-46b5b49d04dd,2020,University of Durham,D86,10007143,,,,Brougham Primary School,111568,Primary
6dfedf39-8555-49ac-8c68-578bfe8861df,2020,Leeds Trinity University,L24,10003863,,,,Brougham Street Nursery School,121268,Primary
ae1c5b50-d4c7-44d0-a664-327997993776,2020,University of Cumbria,C99,10007842,,,,Brough Community Primary School,112177,Primary
158c8b6d-350d-420b-ae6a-48610f3cbdc3,2020,University of Cumbria,C99,10007842,,,,Broughton CofE Primary and Nursery School,112287,Primary
36975bb3-72f9-4ed4-8e0b-f895d9d57d1f,2020,Edge Hill University,E42,10007823,,,,Broughton High School,119759,Religious education
c3e22d74-51f2-49a3-9bff-8ebf0fcbe626,2020,The Manchester Metropolitan University,M40,10004180,,,,Broughton Jewish Cassel Fox Primary School,138543,Primary
4cf60906-052d-463c-a645-507c939cb3ce,2020,Oxford Brookes University,O66,10004930,,,,Broughton Junior School,110270,Primary
b50190d0-28db-441f-b3c5-634a3324b13f,2020,Coventry University,C85,10001726,,,,Brownhills Ormiston Academy,147796,Biology
e046d993-2db0-4f02-ab21-28fd338515b8,2020,Coventry University,C85,10001726,,,,Brownhills Ormiston Academy,147796,Mathematics
774a46f2-a252-49d0-b1c4-0cc2c4dae11f,2020,Birmingham City University,B25,10007140,,,,Brownhills West Primary School,148906,Primary
1987c8f0-ab65-4065-b964-691337c5ddbe,2020,Middlesex University,M80,10004351,,,,Bruce Grove Primary School,131731,Primary
c5b95c32-1d13-40b4-a7a3-82432a27f4e3,2020,University of Chichester,C58,10007137,,,,Brune Park Community School,144014,Physical education
4451b2a1-5c06-4407-9d98-5d9bb56c5267,2020,Sheffield Hallam University,S21,10005790,,,,Brunswick Community Primary School,107069,Primary
f4f2ba62-5293-4f86-ae95-5a54725e23f0,2020,The University of Brighton,B72,10000886,,,,Brunswick House Primary School,118297,Primary
2e24eb0e-e010-4569-b2fc-b9a14cb744d1,2020,Roehampton University,R48,10007776,,,,Brunswick Park Primary and Nursery School,101264,Primary
5b4f2d5d-9a22-4b6a-b6e0-739105473948,2020,The University of Brighton,B72,10000886,,,,Brunswick Primary School,114446,Mathematics
87a85850-e2d4-4a2a-9d36-9e3c7db11a21,2020,The University of Brighton,B72,10000886,,,,Brunswick Primary School,114446,Primary
44aadb65-bb69-4cc0-b496-35fda49ddf7c,2020,Coventry University,C85,10001726,,,,Brushwood Junior School,110523,Primary
718f79e7-880c-4e6a-9748-7d19a6344513,2020,Edge Hill University,E42,10007823,,,,Bryn St Peter's CofE Primary School,106438,Primary
4af7fde6-8664-4ce9-b66f-0b4eb28547eb,2020,The University of Brighton,B72,10000886,,,,Buckingham Park Primary School,134791,Mathematics
3f2f3b4e-8ae9-42dc-bbf2-55ee39a63450,2020,The University of Brighton,B72,10000886,,,,Buckingham Park Primary School,134791,Primary
45706357-dee7-4934-ae10-f885b6bcb018,2020,University of Sussex,S90,10007806,,,,Buckingham Park Primary School,134791,Primary
dd0efe66-ab59-4633-9206-41c3b299b8db,2020,York St John University,Y75,10007713,,,,Buckingham Primary Academy,140847,Primary
feafba0d-17a4-4674-8fc7-4a85521529af,2020,St Mary's University,S64,10007843,,,,Buckingham Primary School,102904,Primary
34beff89-28ee-4cd5-834d-f40f2b86d513,2020,Oxford Brookes University,O66,10004930,,,,Buckland Church of England Primary School,140278,Primary
0fe903df-2856-43e6-86bb-c0e053164923,2020,St Mary's University,S64,10007843,,,,Buckland Primary School,135237,Primary
291e76fb-96bf-41f1-b598-129ccb16e5a4,2020,University of Reading,R12,10007802,,,,Bucklebury C.E. Primary School,109955,Primary
5978e6da-0511-4723-98ed-ddb045f69dbf,2020,University of Winchester,W76,10003614,,,,Bucklebury C.E. Primary School,109955,Primary
197bdaf5-1b0f-41f4-b4fa-fe9b0c821cbc,2020,Lincoln Bishop University,B38,10007811,,,,Buckminster Primary School,119910,Primary
a1bbb951-63ce-4e5a-ba17-366a79d73a67,2020,Edge Hill University,E42,10007823,,,,Buckton Fields Primary School,148569,Primary
f3cc376c-7c17-48a6-8889-69a2492dd2ba,2020,Edge Hill University,E42,10007823,,,,Bude Park Primary School,139511,Primary
832e66d2-d4a0-429f-8492-62086534eaee,2020,The University of Northampton,N38,10007138,,,,Bugbrooke Community Primary School,121800,Primary
10dae708-e9a5-49b1-888e-91e0c9c513af,2020,York St John University,Y75,10007713,,,,Bugthorpe Church of England Voluntary Controlled Primary School,118000,Primary
549e4bd8-1563-4c07-9b7e-b38348b57b68,2020,University of Chester,C55,10007848,,,,Buildwas Academy,142575,Primary
34db1523-32e7-4402-badc-194ae0dc2609,2020,University of Chester,C55,10007848,,,,Bunbury Aldersey CofE Primary School,143155,Primary
c25f95e9-82df-4641-82cf-d8c15aba55c6,2020,The University Of East Anglia,E14,10007789,,,,Bungay High School,136998,Biology
c6f056ee-60ee-478b-9245-f0dfd9d7b6e8,2020,The University Of East Anglia,E14,10007789,,,,Bungay High School,136998,Mathematics
e19a30d6-26c4-4ad8-a377-18d56b3d5d3b,2020,The University Of East Anglia,E14,10007789,,,,Bungay High School,136998,Modern languages
b034d3d9-dd1c-467d-bb0d-da9f9941786f,2020,Oxford Brookes University,O66,10004930,,,,Bure Park Primary School,132057,Primary
eba8f942-f46a-4046-a72e-a175dbbf96cb,2020,The University Of East Anglia,E14,10007789,,,,Bure Valley School,120911,Primary
ba966373-01e9-445c-a2d1-2823337c7797,2020,Oxford Brookes University,O66,10004930,,,,Burford Primary School,142341,Primary
a2c937f2-b799-4dc4-8d18-cea9aecfef84,2020,University of Reading,R12,10007802,,,,Burghfield St Mary's C.E. Primary School,109956,Primary
a7f72984-72a3-4463-bacc-a51b6ca7c924,2020,Kingston University,K84,10003678,,,,Burlington House School,131675,English
c0349ba5-1699-4941-bac7-82f5f3152c73,2020,Roehampton University,R48,10007776,,,,Burlington Infant and Nursery School,102565,Primary
e810c3ef-cab8-47a5-8a21-353a15e47197,2020,Kingston University,K84,10003678,,,,Burlington Junior School,102564,Primary
e3e2a3d4-7459-47b3-8456-0efed5d6802e,2020,Haybridge SCITT,2B3,10034167,,,,Burlish Park Primary School,146433,Primary
70acad59-5681-43ab-bc97-3bf50b510e86,2020,The Manchester Metropolitan University,M40,10004180,,,,Burnage Academy for Boys,140703,English
ea7d792c-0e4f-4a27-b701-4623ce5e8989,2020,The Manchester Metropolitan University,M40,10004180,,,,Burnage Academy for Boys,140703,Mathematics
7e6075c4-d3f3-44cf-99c5-66c6457801ba,2020,University of Winchester,W76,10003614,,,,Burnham Copse Primary School,131516,Primary
4b1272fd-4310-462e-816e-4a98655ef673,2020,University of Huddersfield,H60,10007148,,,,Burnley Road Academy,137391,Primary
a207c270-58fc-41c7-ac1b-3634ee8808ff,2020,Edge Hill University,E42,10007823,,,,Burnley Springfield Community Primary School,133546,Primary
4c6b1122-71f6-462b-9737-7fa5a5e6ac44,2020,The Manchester Metropolitan University,M40,10004180,,,,Burnley Springfield Community Primary School,133546,Primary
7cae13fe-d22d-484c-9c42-2c910d2b37d8,2020,University of Greenwich,G70,10007146,,,,Burnt Oak Junior School,141976,Primary
6b2650e9-b0b3-474b-9d3b-3cd6acfb9e2a,2020,Newman University,N36,10007832,,,,Burnt Tree Primary School,103914,Primary
7f56a450-921c-4100-81f0-733bb469d797,2020,University of Wolverhampton,W75,10007166,,,,Burnt Tree Primary School,103914,Primary
fbbeafd1-8234-4590-a15b-c1688a048710,2020,Kingston University,K84,10003678,,,,Burpham Primary School,150036,Primary
0b51e385-d62a-45a4-b5ee-89fe269bd4f7,2020,Plymouth Marjon University,P63,10037449,,,,Burraton Community Primary School,111972,Primary
091bb062-f655-4d2c-b891-060310af7e3f,2020,Lincoln Bishop University,B38,10007811,,,,Bursar Primary Academy,138467,Primary
19f4d7da-8a41-454f-9f9b-7dcb224ad804,2020,Edge Hill University,E42,10007823,,,,Burscough Bridge Methodist School,119402,Primary
fa7bed32-1cb9-43ac-a0bd-ac101209006e,2020,Edge Hill University,E42,10007823,,,,Burscough Bridge St John's Church of England Primary School,119376,Primary
6a6534bc-752e-46e6-ba58-79a94bfeeaca,2020,Edge Hill University,E42,10007823,,,,Burscough Village Primary School,119328,Primary
9febc6e1-8c22-4fc0-ac42-df4d6acd7643,2020,University of Greenwich,G70,10007146,,,,Bursted Wood Primary School,140443,Primary
c314f74c-7afe-4b99-a720-9d1ed2febcd3,2020,University of Hull,H72,10007149,,,,Burton Agnes Church of England Voluntary Controlled Primary School,117973,Primary
05f5f062-ed03-4a85-a6d4-4aa10e6c60ab,2020,University of Wolverhampton,W75,10007166,,,,Burton and South Derbyshire College,130809,Chemistry
f05e74ea-76e4-48b3-9dd0-7be011c291c5,2020,University of Worcester,W80,10007139,,,,Burton Green Church of England Academy,145391,Primary
f8a08be9-a1e4-4bf2-b558-21fb3a8e2eec,2020,York St John University,Y75,10007713,,,,Burton Green Primary School,143398,Primary
ac222338-3732-4625-9f06-07a4d18aa661,2020,Staffordshire University,S72,10006299,,,,Burton Manor Primary School,124202,Primary
7c9ba60b-5738-463e-aec0-8ec54f865b2d,2020,Nottingham Trent University,N91,10004797,,,,Burton-on-the-Wolds Primary School,119912,Primary
276e7462-2d31-4280-a144-d7184179b80e,2020,Sheffield Hallam University,S21,10005790,Hoyland Common Primary School,140242,school,Burton Road Primary School,106557,Primary
28654bb5-76be-4368-ac0d-fa35806021ca,2020,The Manchester Metropolitan University,M40,10004180,,,,Bury and Whitefield Jewish Primary School,105352,Primary
f56fc513-9d6e-4e13-85e4-18ef716f4039,2020,University of Chichester,C58,10007137,,,,Bury CofE Primary School,126022,Primary
9e1059a0-7f47-460e-860d-3629659d8023,2020,University of Winchester,W76,10003614,,,,Bury CofE Primary School,126022,Primary
8f48918d-bd7b-4a46-aa7e-525fd3c2c767,2020,University of Winchester,W76,10003614,,,,Buryfields Infant School,115933,Primary
eea84934-bce7-4edc-9598-9812ffa59bc7,2020,The University Of East Anglia,E14,10007789,,,,Bury St Edmunds County High School,136990,English
c0c3bcff-abba-44ee-9f2a-9058c6ead794,2020,University of Hertfordshire,H36,10007147,,,,Bushey Manor Junior School,117242,Primary
97d398b6-55f0-46c2-945a-0f3de169bf36,2020,University of Hertfordshire,H36,10007147,,,,Bush Hill Park Primary School,102024,Primary
2f65fac5-e1ac-42a1-8cc4-9ca32599932c,2020,Bradford College,B60,10000840,,,,Bushmead Primary & Nursery School,132246,Primary
46d4f1a7-e837-497b-bd27-43ef9fcb0ff3,2020,Nottingham Trent University,N91,10004797,,,,Butler's Hill Infant and Nursery School,122586,Primary
1bad1836-f64c-4db6-b44d-1930386427c6,2020,University of Cumbria,C99,10007842,,,,Buttercup Primary School,138564,Primary
7fe25e15-26c2-4ef9-ac4b-a7e819dec654,2020,University of East London,E28,10007144,,,,Buttercup Primary School,138564,Primary
7f44f058-9fcc-4b69-ae5e-9a5c1fe098c9,2020,Edge Hill University,E42,10007823,,,,Butterstile Primary School,105297,Primary
7e389ca1-068d-46f6-a81d-52038b13a936,2020,The Manchester Metropolitan University,M40,10004180,,,,Button Lane Primary School,131938,Primary
297201a2-467f-4829-9957-2f0b8eac32b4,2020,University of Wolverhampton,W75,10007166,,,,Butts Primary School,104147,Primary
97892f90-f3b3-48b5-b140-458b97e110b0,2020,Edge Hill University,E42,10007823,,,,Buxton Infant School,112522,Primary
7babac0f-f639-45bb-bc65-89f05ceff91e,2020,The Manchester Metropolitan University,M40,10004180,,,,Buxton Infant School,112522,Primary
282ddb2c-801e-48b7-9af3-18b65123fb93,2020,University of Derby,D39,10007851,,,,Buxton Infant School,112522,Primary
76e1be9e-e1f6-46ff-96b0-d5eca6df2c72,2020,Edge Hill University,E42,10007823,,,,Buxworth Primary School,112526,Primary
927e9b64-5392-4acf-9d65-224e30baedee,2020,University of Durham,D86,10007143,,,,Byers Green Primary School,114070,Primary
7ef96cab-0e7b-49a4-880b-b2263af730bd,2020,Canterbury Christ Church University,C10,10001143,,,,Byron Primary School,142399,Primary
3654d331-36f8-4204-8a0a-33e6b916315f,2020,University of Greenwich,G70,10007146,,,,Byron Primary School,142399,Primary
a7569f69-4e10-4971-8884-42631f71eb87,2020,Sheffield Hallam University,S21,10005790,,,,Byron Wood Primary Academy,143061,Primary
93e5abbc-2e0a-423f-9f5e-ed15292284ec,2020,Canterbury Christ Church University,C10,10001143,,,,Bysing Wood Primary School,147750,Primary
76d9b2d1-6f1b-4e58-a563-539661af68a2,2020,The Manchester Metropolitan University,M40,10004180,,,,Cadishead Primary School,131008,Primary
b44e55bd-9529-4772-91b0-8ce10a3bb7b1,2020,The University Of East Anglia,E14,10007789,Thorpe St Andrew School and Sixth Form,143278,school,Caister Academy,141331,Biology
69633ca1-5f9b-4819-824e-a84ebb8e5362,2020,The University Of East Anglia,E14,10007789,,,,Caister Academy,141331,History
d2d2b0fa-6a14-4c43-bacb-3c62b4bbbb47,2020,The University Of East Anglia,E14,10007789,,,,Caister Infant With Nursery School,120796,Primary
a1e71864-9054-4d8b-9194-b4b4198d3503,2020,The University Of East Anglia,E14,10007789,,,,Caister Junior School,120795,Primary
63d3c225-26d3-4f19-932a-21a6eed4f0d5,2020,University of Reading,R12,10007802,,,,Calcot Infant School and Nursery,109931,Primary
105d2a69-33a1-4c82-9853-e47cd394361d,2020,University of Reading,R12,10007802,,,,Calcot Junior School,109932,Primary
e6023955-1cb8-407f-bd3a-38bebf644eca,2020,University of Cumbria,C99,10007842,,,,Caldew Lea School,147114,Primary
074b243e-76e7-4802-bb8f-eb83b683073a,2020,University of Wolverhampton,W75,10007166,,,,Caldmore Primary Academy,143904,Primary
12bdcb3c-d0f6-427a-a4af-b394ab526e44,2020,Plymouth Marjon University,P63,10037449,,,,Callington Community College,143649,Biology
2a6e4bba-a12d-4185-8e51-4ca47019558d,2020,Plymouth Marjon University,P63,10037449,,,,Callington Community College,143649,Physical education
8fd7df19-80a7-4719-8f3e-9a3b4cbb84ad,2020,University Of Plymouth,P60,10007801,,,,Callington Primary School,140577,Primary
abc11a2f-c121-4ba4-913d-60f532eb9f21,2020,Canterbury Christ Church University,C10,10001143,,,,Callis Grange Nursery and Infant School,118406,Primary
75af8a49-1ed0-4ed4-90e9-0a642834144f,2020,University of Worcester,W80,10007139,,,,Callow End CofE Primary School,116789,Primary
58b34565-bb0d-41dd-916f-01871ce54ad9,2020,University of Winchester,W76,10003614,,,,Calmore Infant School,116049,Primary
b57598be-f8f6-4df2-8ea3-d21632c98f1c,2020,University of Gloucestershire,G50,10007145,,,,Calton Primary School,115486,Primary
b11c3d06-da7a-43e9-8667-06c769f935bd,2020,Leeds Trinity University,L24,10003863,,,,Calverley Parkside Primary School,146540,Primary
4fbda27a-27d0-445a-a6b7-652d1cfb2ff1,2020,Roehampton University,R48,10007776,,,,Calverton Primary School,102758,Primary
8d1520c5-b9ba-4175-b5ce-7894132e8578,2020,University of Wolverhampton,W75,10007166,,,,Cambian New Elizabethan School,117030,Primary
e481ec23-170a-4a08-9dcd-edac3c0e5ad7,2020,University of Sunderland,S84,10007159,,,,Cambois Primary School,122179,Primary
444198dc-a1b6-4d76-b792-31dadf559943,2020,University of Durham,D86,10007143,,,,Cambrai Primary School,147216,Primary
4e404ef4-3263-4123-8a65-078ce120379f,2020,Edge Hill University,E42,10007823,,,,Cambridge Road Community Primary and Nursery School,111084,Primary
b2178e15-566b-4555-8542-282df0debb2d,2020,University of Chester,C55,10007848,,,,Cambridge Road Community Primary and Nursery School,111084,Primary
dfd5a364-b38b-4d8f-bdef-f6c12fce0084,2020,University of Bedfordshire,B22,10007152,,,,Camestone School,109462,Primary
f1cf029a-c453-4cd7-8ca2-37196b7d949a,2020,"University of the West of England, Bristol",B80,10007164,,,,Cam Everlands Primary School,115578,Primary
1aeedbad-0e2f-4ad5-94bf-0e749016b5fe,2020,University of Hertfordshire,H36,10007147,,,,Camp Primary and Nursery School,117136,Primary
c4802618-6394-4f10-b8ba-be14aec2c305,2020,University College London,U80,10007784,,,,Campsbourne Infant School,102085,Primary
421aeae0-e08d-42fb-b08c-16abe028d05d,2020,The University of Portsmouth,P80,10007155,Mary Rose Academy,140325,school,Cams Hill School,137538,Mathematics
d1cacbdc-4109-4412-9049-c393de5cc5cd,2020,The University Of East Anglia,E14,10007789,,,,Camulos Academy,141950,Primary
910d5ddd-c560-4382-9062-b8c67eb4a4c1,2020,University of Gloucestershire,G50,10007145,,,,Cam Woodfield Infant School,115574,Primary
24bfd9bb-c8bd-4b85-aa47-55cc531477b4,2020,Canterbury Christ Church University,C10,10001143,,,,Canewdon Church of England Primary School,149618,Primary
8b5538fe-d3c0-4db3-9c3b-a97be0717edb,2020,Canterbury Christ Church University,C10,10001143,,,,Canewdon Endowed Church of England Voluntary Controlled Primary School,115091,Primary
371ee115-2fe8-4fb5-8f72-5e7ca815de5b,2020,Sheffield Hallam University,S21,10005790,,,,Canklow Woods Primary School,140109,Primary
3db9271a-5ac5-4804-9d6a-dc720128ab5c,2020,Canterbury Christ Church University,C10,10001143,,,,Cann Hall Primary School,138911,Primary
33ff2390-efff-45aa-8667-573b8b5cff09,2020,University of Wolverhampton,W75,10007166,,,,Cannock Chase High School,137384,Primary
d8e4f308-b01d-47b2-bf5e-2af1badedc07,2020,Roehampton University,R48,10007776,,,,Cannon Lane Primary School,102204,Primary
b7ef7b1b-756c-42db-a50a-9a95d85a22fb,2020,St Mary's University,S64,10007843,,,,Cannon Lane Primary School,102204,Primary
141e67e2-3959-4670-8385-52420e15f7c0,2020,University of Gloucestershire,G50,10007145,,,,Canon Pyon CofE Academy,139308,Primary
021b7e2c-95ad-4266-bc46-657e9bf76e02,2020,Edge Hill University,E42,10007823,,,,Cansfield High School,106521,Mathematics
4ddc176a-8a93-4aa2-8546-d46d2f2bf35b,2020,University of Southampton,S27,10007158,,,,Cantell School,116469,Art and design
a69e9370-10d7-4cae-9dc9-125155667a90,2020,Nottingham Trent University,N91,10004797,,,,Cantrell Primary and Nursery School,122413,Primary
48abd4ba-13b8-4720-abd5-20e8f1244fe6,2020,The University of Brighton,B72,10000886,,,,Canvey Junior School,114822,Mathematics
d35ca51c-b462-4925-ad1e-12c3fe18ac6c,2020,Canterbury Christ Church University,C10,10001143,,,,Capel-le-Ferne Primary School,118515,Primary
b91d9b17-435d-46cb-8b3d-75c7aeff936a,2020,University of Hertfordshire,H36,10007147,,,,Capel Manor Primary School,101981,Primary
3832912e-9dd0-42ef-9427-92c8249c861a,2020,Sheffield Hallam University,S21,10005790,,,,Capenhurst CofE Primary School,111271,Primary
90cdd6a2-7a69-4fd1-bc8d-a0187988237d,2020,York St John University,Y75,10007713,,,,Captain Cook Primary School,146222,Primary
ea779d05-83bc-418c-8714-50a3c3981b25,2020,Birmingham City University,B25,10007140,,,,Captain Webb Primary School,123443,Primary
f306ebb7-322a-44e5-908a-7b1547a301d5,2020,Plymouth Marjon University,P63,10037449,,,,Caradon Alternative Provision Academy,139740,Physical education
a56a4e16-1f8b-447a-8896-fe71dd0ed0e6,2020,University Of Plymouth,P60,10007801,,,,Carbeile Junior School,111969,Primary
76683f69-e0b7-43fe-b7d2-1de983cd1959,2020,The University of Brighton,B72,10000886,,,,Carden Nursery and Primary School,131789,Primary
4d2976bd-63d5-415a-a150-fbb9852c0127,2020,University of Wolverhampton,W75,10007166,,,,Cardinal Griffin Catholic College,149989,Primary
bd8f228c-8e93-4dab-aa95-36527f7fc730,2020,Edge Hill University,E42,10007823,,,,Cardinal Heenan Catholic High School,104714,Religious education
2ec33198-3ff5-485a-9db7-7c7312c7bfb6,2020,St Mary's University,S64,10007843,,,,Cardinal Newman Catholic Primary School,143364,Primary
f2228379-9432-408f-a969-1f13bb7581cd,2020,The University of Brighton,B72,10000886,Hove Park School and Sixth Form Centre,114607,school,Cardinal Newman Catholic School,114611,Business studies
1583aa73-ae76-48ce-9d81-40caa9f67125,2020,The University of Brighton,B72,10000886,,,,Cardinal Newman Catholic School,114611,Physical education
68d47fbf-296c-4244-823e-2c3f1ae23475,2020,University of Sunderland,S84,10007159,,,,Cardinal Newman Catholic School,114611,History
80667ca3-ee6f-4b2e-9d98-4b08fff26492,2020,University Of Plymouth,P60,10007801,,,,Cardinham School,145754,Primary
a8b37f05-c2c0-42f4-9fca-555a9adbc4af,2020,University of Greenwich,G70,10007146,,,,Cardwell Primary School,100155,Primary
77125727-a4c5-4963-afc3-eb247b83ac5c,2020,The Manchester Metropolitan University,M40,10004180,,,,Carleton High School,139501,Biology
554eeb36-6ea9-4c3a-8444-b8673b596b18,2020,The University Of East Anglia,E14,10007789,,,,Carleton Rode Church of England Voluntary Aided Primary School,121110,Primary
b6323d23-5667-4396-808d-17074e4aab6b,2020,Leeds Beckett University,L27,10003861,,,,Carlinghow Academy,147584,Primary
3793b7b4-7ea5-4d40-87ec-d2ce321b10b4,2020,York St John University,Y75,10007713,,,,Carlton and Faceby Church of England Voluntary Aided Primary School,121608,Primary
7b54c984-3276-4aa4-9bad-564071ef9f1f,2020,The University of Brighton,B72,10000886,,,,Carlton Hill Primary School,114381,Mathematics
4fedf356-d8ce-45ab-b68f-778c582a862d,2020,The University of Brighton,B72,10000886,,,,Carlton Hill Primary School,114381,Primary
7e0ab829-c93e-4069-8743-f61b84c00408,2020,Bradford College,B60,10000840,,,,Carlton Junior and Infant School,107600,Primary
4ed0a684-621e-4b28-b6cd-3442e1d2ea41,2020,Leeds Beckett University,L27,10003861,,,,Carlton Junior and Infant School,107600,Primary
781a3053-f68e-46d9-a903-4c4405d8cfa4,2020,Leeds Trinity University,L24,10003863,,,,Carlton Junior and Infant School,107600,Primary
c9ae948d-d797-40bc-9524-796d3013bb93,2020,Sheffield Hallam University,S21,10005790,,,,Carlton Junior and Infant School,107600,Primary
f5c6410b-8d27-4e48-b4bb-e49693c589dc,2020,Middlesex University,M80,10004351,,,,Carlton Vale Infant School,101498,Primary
83a7099d-8b4a-4263-8aa3-396513d154fd,2020,The Manchester Metropolitan University,M40,10004180,,,,Carmel College,130489,Other subjects
482710f5-33aa-4de4-b541-a39b733234da,2020,Edge Hill University,E42,10007823,,,,Carnforth Community Primary School,119126,Primary
95f8df7b-c09d-438f-8b95-e0a942455e38,2020,University of Worcester,W80,10007139,,,,Carnforth School,143416,Primary
352a5409-9128-4829-9486-751a4a3854b8,2020,The University of Northampton,N38,10007138,,,,Caroline Chisholm School,137089,Primary
2293d08a-150f-451f-99b7-299be36a52b4,2020,Kingston University,K84,10003678,,,,Carpenters Primary School,102712,Primary
9a047182-80a6-4950-8c2c-c2509bda30a7,2020,Sheffield Hallam University,S21,10005790,,,,Carrfield Primary Academy,138702,Primary
9e51da41-d224-4634-9b01-a21516366021,2020,Lincoln Bishop University,B38,10007811,,,,Carr Hill Primary and Nursery School,122732,Primary
a425bc33-82ae-4972-bc32-98dbfe012dc8,2020,York St John University,Y75,10007713,,,,Carr Infant School,121273,Primary
c9f7f964-a67f-4994-9ede-f02d76d2437c,2020,Nottingham Trent University,N91,10004797,,,,Carrington Primary and Nursery School,122414,Primary
b567516f-b70e-4627-9427-c80e34324696,2020,Sheffield Hallam University,S21,10005790,,,,Carr Lodge Academy,140353,Primary
caac7a54-13e0-40a2-a739-2bb13b344fd7,2020,Leeds Trinity University,L24,10003863,,,,Carr Manor Community School,108059,Primary
dd4e7476-ccc7-4414-82d9-c17a7564b493,2020,Edge Hill University,E42,10007823,,,,Carr Mill Primary School,134661,Primary
9fdb050c-1523-4d29-b440-9f996afc7d75,2020,Oxford Brookes University,O66,10004930,,,,Carswell Community Primary School,123080,Primary
2b9f24f3-c4b8-46b4-adde-4d6f10759597,2020,Middlesex University,M80,10004351,,,,Carterhatch Infant School,101983,Primary
e8baebd7-8068-4166-ba4d-3c859e53724c,2020,Edge Hill University,E42,10007823,,,,"Carter's Charity Voluntary Controlled Primary School, Preesall",119392,Primary
ce5a492a-7f86-4e6b-aecc-5ae8e01b705a,2020,University of Cumbria,C99,10007842,,,,"Carter's Charity Voluntary Controlled Primary School, Preesall",119392,Primary
a8acd82d-3315-4f10-8783-c79b81e58f8e,2020,Oxford Brookes University,O66,10004930,,,,Carterton Primary School,123015,Primary
1e875588-08f3-4b43-88d7-e51848a1aff5,2020,University of Northumbria at Newcastle,N77,10001282,,,,Carville Primary School,108592,Primary
32ce1976-efc0-4596-ace0-7bd034ce9992,2020,University of Hertfordshire,H36,10007147,,,,Cassiobury Infant and Nursery School,117293,Primary
d98dffb0-52f7-4c81-b227-c7883746b92c,2020,Lincoln Bishop University,B38,10007811,,,,Castle Academy,144483,Primary
bf0f3602-5e85-48d9-bb17-46695a36d45b,2020,Sheffield Hallam University,S21,10005790,,,,Castle Academy,144483,Primary
df6575f1-ae75-490e-af23-0342f173f47e,2020,The University of Northampton,N38,10007138,,,,Castle Academy,140362,Primary
97bcf3c8-127c-4f3a-aef9-ad131cc8154b,2020,The University Of East Anglia,E14,10007789,,,,Castle Acre Church of England Primary Academy,142467,Primary
18c99682-c035-4ae1-ab6a-377ad8a06121,2020,Birmingham City University,B25,10007140,,,,Castle Bromwich Infant and Nursery School,149490,Primary
bd2634b7-73df-439c-8b3a-1756c81e8ac1,2020,Birmingham City University,B25,10007140,,,,Castle Bromwich Junior School,104066,Primary
f5a97ec0-a443-48c0-9d56-366f840888a6,2020,Birmingham City University,B25,10007140,,,,Castle Bromwich Junior School,149489,Primary
82e6a6ed-7774-4432-953c-b110dcc6e9f2,2020,Birmingham City University,B25,10007140,,,,Castlecroft Primary School,104311,Primary
8b13c1c0-e393-40dd-a6d4-613cf2211830,2020,Lincoln Bishop University,B38,10007811,,,,Castledyke Primary School,117967,Primary
0cc3de94-0378-41cf-8db6-9e17b8022ddb,2020,University of Hull,H72,10007149,,,,Castledyke Primary School,117967,Primary
48329634-0104-43f8-9ae0-0d8a0b75410a,2020,Roehampton University,R48,10007776,,,,Castleford Henry Moore Junior School,108237,Primary
c050731b-3e49-48bb-a763-fa805fc7415f,2020,York St John University,Y75,10007713,,,,Castleford Park Junior Academy,139359,Primary
819c7275-03c2-4a23-90dc-dee833bda271,2020,Leeds Beckett University,L27,10003861,,,,Castleford Three Lane Ends Academy,141290,Primary
f0b0ada3-4a2e-4ad4-bb39-43e70a9457a6,2020,Leeds Trinity University,L24,10003863,,,,Castleford Townville Infants' School,108229,Primary
2cf3ab8c-7f31-4e12-bcce-c21f9821e475,2020,Leeds Beckett University,L27,10003861,,,,Castleford Wheldon Infant School and Nursery,108236,Primary
81a6d6d1-59e5-444e-be71-9ed5c70b89bc,2020,Canterbury Christ Church University,C10,10001143,,,,Castle Hill Community Primary School,133177,Primary
b3c81d22-4738-4660-9595-a5964cd0dfe5,2020,The Manchester Metropolitan University,M40,10004180,,,,Castle Hill High School,106172,Mathematics
200290eb-2ae2-4ed3-8aa2-27b920833514,2020,University of Winchester,W76,10003614,,,,Castle Hill Primary School,116005,Primary
0e3e111c-f176-400d-ad8b-24db42fcd80e,2020,University of Chichester,C58,10007137,,,,Castle Primary School,116083,Primary
f203fbb6-a1aa-4077-a92f-e57b6a75c8c2,2020,University Of Plymouth,P60,10007801,,,,Castle Primary School,113340,Primary
91f6704a-a0d1-4dbf-91eb-d42aff680e15,2020,University of Wolverhampton,W75,10007166,,,,Castle School,104269,Primary
9de78239-6251-46d2-88b2-b237b452dab7,2020,University of Sunderland,S84,10007159,,,,Castleside Primary School,114043,Primary
ff4f7e98-90cd-4aba-9317-b3b238f1d5fe,2020,Leeds Trinity University,L24,10003863,,,,Castleton Primary School,107962,Primary
546f27e3-15c6-4940-8ee5-b17fef98a837,2020,The Manchester Metropolitan University,M40,10004180,,,,Castleton Primary School,105765,Primary
0963b34b-540f-4771-9c15-387b05021c1d,2020,University of Huddersfield,H60,10007148,,,,Castleton Primary School,105765,Primary
0ca6d3ee-7880-43da-ae9c-ee4f57c4e8ee,2020,Birmingham City University,B25,10007140,,,,Castle Vale Nursery School,103144,Primary
2d7274d1-1501-4a1e-a97d-451f2b5699a6,2020,The University of Brighton,B72,10000886,,,,Castle View Academy,145372,Physical education
a8e7d8a9-d74c-48d0-a3bb-a7b7b428e1cb,2020,St Mary's University,S64,10007843,,,,Castleview Primary School,138659,Primary
c794ecc4-6de0-45ad-9d77-44e50eb71868,2020,Edge Hill University,E42,10007823,,,,Castle View Primary School,111116,Primary
36e49118-c449-4ed1-81f9-3674371d2176,2020,Coventry University,C85,10001726,,,,Castleview School,134438,Chemistry
885a47bc-0f62-4433-8217-9e7dc877771d,2020,Liverpool Hope University,L46,10003956,,,,Castleway Primary School,105002,Primary
bc129762-b94e-4e27-973c-2501db2c6a17,2020,Lincoln Bishop University,B38,10007811,,,,Castle Wood Academy,140329,Primary
499b6744-0db8-461c-93a3-15c5f26242a3,2020,The University Of East Anglia,E14,10007789,,,,Caston Church of England Primary Academy,148152,Primary
52264f5f-6828-46c6-a6ef-14902b05dbe1,2020,University of Northumbria at Newcastle,N77,10001282,,,,Catchgate Primary School,114023,Primary
afd78e7b-c56a-4177-99a9-9f5b32e79d6c,2020,University of Sunderland,S84,10007159,,,,Catchgate Primary School,114023,Primary
4db8d0f0-3d8e-4a2c-9969-b0f6c4380a55,2020,Sheffield Hallam University,S21,10005790,,,,Catcliffe Primary School,142978,Primary
fd514bc0-6b3a-408f-8a4c-f4b5625d7d0f,2020,The University Of East Anglia,E14,10007789,,,,Catfield Voluntary Controlled CofE Primary School,121103,Primary
ba843efc-904f-4bfa-97a7-e46ba88d8931,2020,University of Derby,D39,10007851,,,,Catherine Infant School,120002,Primary
7c1a2afd-ed5a-4109-90db-831d024a214d,2020,Canterbury Christ Church University,C10,10001143,,,,Catherington Church of England Infant School,116280,Primary
c3a9b73a-cad7-4dc8-9dc8-a117419070e0,2020,The University of Brighton,B72,10000886,,,,Catsfield Church of England Primary School,114494,Primary
4d84ce4b-e48c-4d5a-bff3-56b372bae0ef,2020,University of Worcester,W80,10007139,,,,Catshill First School,116658,Primary
b0d45080-215e-43f3-8045-33e20cb2c4c2,2020,Canterbury Christ Church University,C10,10001143,,,,"Catterick Garrison, Le Cateau Community Primary School",121338,Primary
b3843319-8ed3-4bdc-81b8-393b36d0c5ba,2020,York St John University,Y75,10007713,,,,"Catterick Garrison, Le Cateau Community Primary School",121338,Primary
184c2068-710d-4ed1-9ab4-fa8ae9f80764,2020,Lincoln Bishop University,B38,10007811,,,,Caunton Dean Hole CofE Primary School,122753,Primary
eaca10d7-1f61-4355-9e64-2e27df6bebc0,2020,Birmingham City University,B25,10007140,,,,Causeway Green Primary School,103983,Primary
a004c85c-2196-4fd1-92d5-f0a8f3b2f9b5,2020,University of Derby,D39,10007851,,,,Cavendish Close Infant School,112749,Primary
c35b1e92-98ca-4296-95d4-47f5e5a06dff,2020,University of Derby,D39,10007851,,,,Cavendish Close Junior Academy,144822,Primary
02809ca2-5a67-42e4-ad6d-de1e48795a23,2020,Leeds Trinity University,L24,10003863,,,,Cavendish Primary School,107243,Primary
612c510c-79e9-44c5-8894-439000cd7d8a,2020,University of Reading,R12,10007802,,,,Caversham Preparatory School,110177,Primary
e54d11a7-1321-4f99-a046-3cbda2d79801,2020,University of Reading,R12,10007802,,,,Caversham Primary School,109778,Primary
7847f2bd-d46e-404a-a7db-191f0c439882,2020,York St John University,Y75,10007713,,,,Cawood Church of England Voluntary Aided Primary School,121625,Primary
44c75080-3bc1-4f88-9f47-5c70b8327ebf,2020,Lincoln Bishop University,B38,10007811,,,,Caythorpe Primary School,144594,Primary
441d668c-0812-496f-b279-9f10c9bbaf85,2020,The University Of East Anglia,E14,10007789,,,,Cecil Gowing Infant School,120904,Primary
7f7e3149-909d-4804-9881-41102a7464b4,2020,University of Greenwich,G70,10007146,,,,Cecil Road Primary and Nursery School,118258,Primary
8cad2fae-1906-44b2-89ae-c088c41f793d,2020,Canterbury Christ Church University,C10,10001143,,,,Cedar Children's Academy,142817,Primary
8b20fedc-598d-47c1-8684-e2b1a10f01ed,2020,The Manchester Metropolitan University,M40,10004180,,,,Cedar Mount Academy,138097,Modern languages
1867da22-8203-4f99-b7a0-3cf6d80b84e3,2020,The University of Northampton,N38,10007138,,,,Cedar Road Primary School,138160,Primary
4c62872e-0865-4865-8854-b06ba7cd4a32,2020,Edge Hill University,E42,10007823,,,,Cedars Primary School,119222,Primary
b2bf14ae-5596-4440-a092-6c2318eb6615,2020,Bradford College,B60,10000840,,,,Central Foundation Girls' School,100975,Art and design
ad242ef4-8db8-4ff8-9320-89630b3834c1,2020,University of Northumbria at Newcastle,N77,10001282,,,,Central Walker Church of England Primary School,144270,Primary
9fd19d3a-e394-49d8-bfef-31d61322139c,2020,University of Sunderland,S84,10007159,,,,Central Walker Church of England Primary School,144270,Primary
6bf8e56d-6863-48ba-af90-e651a9279d11,2020,University of Winchester,W76,10003614,,,,Cerne Abbas CofE VC First School,113759,Primary
4e03de25-e6c3-46c4-9cba-e4874209f4a1,2020,University of Northumbria at Newcastle,N77,10001282,,,,Cestria Primary School,114012,Primary
3fd19df9-ad11-475a-9605-445e52560459,2020,The University of Northampton,N38,10007138,,,,Chacombe CEVA Primary Academy,140058,Primary
b513def1-585c-4a54-98fd-2a4ec5137993,2020,University Of Plymouth,P60,10007801,,,,Chaddlewood Primary School,143474,Primary
158b28fb-47ba-4b1c-879c-91e9e14abec8,2020,University of Wolverhampton,W75,10007166,,,,Chadsgrove School,117062,Primary
d776537f-3e16-4b96-919f-6611f278e82e,2020,University of Wolverhampton,W75,10007166,,,,Chadsmead Primary Academy,144498,Primary
a1e9a588-21de-41b2-b34a-4bd56806116a,2020,Birmingham City University,B25,10007140,,,,Chadsmoor CofE (VC) Junior School,124240,Primary
f49f2562-4efc-451d-a599-8461a71364fa,2020,Birmingham City University,B25,10007140,,,,Chadsmoor Community Infants and Nursery School,124068,Primary
ff664a8d-3e3d-4b47-9098-8ad6be5984d2,2020,University of East London,E28,10007144,,,,Chadwell Heath Academy,136267,English
66198511-b864-4018-82d9-8b0d9cf2deb5,2020,London South Bank University,L75,10004078,,,,Chadwell Primary School,102836,Primary
c389ecdd-dbba-49ed-8996-bdd8b97ffd9b,2020,Middlesex University,M80,10004351,,,,Chadwell Primary School,102836,Primary
bdae9f6f-0bb3-49b7-9a83-e5a3b646b062,2020,The University of Brighton,B72,10000886,,,,Chailey St Peter's Church of England Primary School,114495,Primary
ad15133d-5ee8-4daf-a3d2-e97d27fcea3a,2020,University of Sussex,S90,10007806,,,,Chailey St Peter's Church of England Primary School,114495,Primary
43519d97-e324-47b9-b417-374f45a65422,2020,St Mary's University,S64,10007843,,,,Chalkhill Primary School,101526,Primary
fd655c7a-627f-4cae-817b-6ba5b256520e,2020,Bradford College,B60,10000840,,,,Challney High School for Girls,144312,Music
010945ed-3d6e-4287-8838-fd68761691b3,2020,University of Bedfordshire,B22,10007152,,,,Challney High School for Girls,144312,Physical education
d3753f2a-b9f2-436a-8213-aaa56927475a,2020,University of Hertfordshire,H36,10007147,,,,Chambersbury Primary School,117214,Primary
409f7ce2-0fe1-4f48-b478-a08e16d9816c,2020,Staffordshire University,S72,10006299,,,,Chancel Primary School,124168,Primary
80a24187-f8d4-4f32-836e-aa679746aeda,2020,St Mary's University,S64,10007843,,,,Chandlers Field Primary School,125125,Primary
a066cb9d-7d28-483f-8faf-cf1f8c4ce91e,2020,University of Winchester,W76,10003614,,,,Chandler's Ford Infant School,115872,Primary
4ce86a62-495e-43b0-9f2d-1b4f7e748d0c,2020,Birmingham City University,B25,10007140,,,,Chandos Primary School,143908,Primary
018e9691-0ef5-4ee6-8e88-fb167f977fd1,2020,The Manchester Metropolitan University,M40,10004180,,,,Chantlers Primary School,105291,Mathematics
91a4004c-d7f5-42de-b87d-a290b8f74553,2020,Canterbury Christ Church University,C10,10001143,,,,Chantry Community Primary School,114427,Primary
2f36ed12-f4aa-450f-a362-82d0482645ae,2020,The University of Brighton,B72,10000886,St Richard's Catholic College,114612,school,Chantry Community Primary School,114427,Primary
0fcfd7c2-58b5-4e11-8a56-23147f589639,2020,The University of Brighton,B72,10000886,,,,Chantry Community Primary School,114427,Primary
4da4b247-26ae-4007-9044-9f1058562a6e,2020,Leeds Trinity University,L24,10003863,,,,Chapel Allerton Primary School,107903,Primary
d9f85e91-e1d2-497d-907e-692126585b2b,2020,The University Of East Anglia,E14,10007789,,,,Chapel Break Infant School,121018,Primary
c18d33b1-85d0-4699-b69a-ca5a43be2875,2020,Edge Hill University,E42,10007823,,,,Chapel End Primary School,104779,Primary
5ed70d56-3d54-4f59-8b03-ad1f6a66e013,2020,Sheffield Hallam University,S21,10005790,,,,Chapel-en-le-Frith CofE VC Primary School,133538,Primary
317492ad-57fd-49dd-95eb-11fdf90b736c,2020,Bradford College,B60,10000840,,,,Chapelfield Primary School,105313,Primary
e7c7dcba-9c75-49c7-870c-bb8bfc23f29f,2020,Bradford College,B60,10000840,,,,Chapel Green School,121260,Primary
a6db8638-883c-4e8a-a567-504dff914e59,2020,Bradford College,B60,10000840,,,,Chapel Haddlesey Church of England Voluntary Controlled Primary School,121556,Primary
811ee38c-d271-45d2-bb23-9e81182dc46b,2020,The Manchester Metropolitan University,M40,10004180,,,,Chapel Street Community Primary School,105404,Primary
d292f636-950d-465f-972a-9cdff16c51bc,2020,University of Cumbria,C99,10007842,,,,Chapel Street Infants and Nursery School,112192,Primary
b1af265c-0ac8-40e1-9f2d-631c5ebc9d5b,2020,University of Gloucestershire,G50,10007145,,,,Charfield Primary School,139935,Primary
9864ffbe-cbba-4538-8da3-0642591cd863,2020,University of Worcester,W80,10007139,,,,Charford First School,116659,Primary
0ad3c9bb-c573-4ab6-8ac0-af20a80da785,2020,Canterbury Christ Church University,C10,10001143,,,,Charing Church of England Primary School,144835,Primary
10eb1ca5-ba62-4d80-ad17-9e7d59de60a9,2020,University of Chester,C55,10007848,,,,Charles Darwin Community Primary School,111053,Primary
fe401d47-8d18-4e39-86ca-d03f0b87782b,2020,The University Of East Anglia,E14,10007789,,,,Charles Darwin Primary School,142871,Primary
937d6583-fd2c-4b66-b053-ad2bcbf5eb56,2020,The University of Brighton,B72,10000886,,,,Charles Darwin School,136545,Physical education
b31989d5-b42b-48fd-80e0-5190ffb9c188,2020,Edge Hill University,E42,10007823,,,,Charles Saer Community Primary School,119277,Primary
2ad1c856-4862-4245-9ace-1b428b05fe9b,2020,University Of Exeter,E84,10007792,,,,Charlestown Primary School,136760,Primary
e8fc857f-bdeb-47b4-83a8-a4b818899af8,2020,Middlesex University,M80,10004351,,,,Charlotte Sharman Primary School,100816,Primary
5f6f6d62-29d9-4b0e-b2dd-db3055a812f3,2020,Canterbury Christ Church University,C10,10001143,,,,Charlton Church of England Primary School,141659,Primary
f44830b6-d946-4c5e-a41e-06afba75bbdf,2020,Oxford Brookes University,O66,10004930,,,,Charlton-on-Otmoor Church of England Primary School,123100,Primary
7f9a796e-de09-4c7c-acb9-184bac7423d8,2020,Sheffield Hallam University,S21,10005790,,,,Charnock Hall Primary Academy,143970,Primary
16ba10cf-5088-44dd-8260-4c11f938e951,2020,Canterbury Christ Church University,C10,10001143,,,,Chartham Primary School,148500,Primary
77fe4117-136e-4e9a-b704-8f7eb69ef4a6,2020,University of Hertfordshire,H36,10007147,,,,Chater Infant School,117159,Primary
cd46d0b9-a57e-4cb6-b767-ae8a81e95bec,2020,University of Greenwich,G70,10007146,,,,Chatsworth Infant School,143085,Primary
2636d321-41da-4409-899c-4f3c28ef4cda,2020,University of Derby,D39,10007851,,,,Chaucer Junior School,147748,Primary
bb3b07cb-3616-4b00-88f0-c7bfe51c9764,2020,Sheffield Hallam University,S21,10005790,,,,Chaucer School,138414,Mathematics
ec17dc3d-4b77-4cfb-b282-f344e416b899,2020,The Manchester Metropolitan University,M40,10004180,,,,Cheadle Heath Primary School,133326,Primary
a59b0550-c334-4a18-af15-4bf29be2f1a4,2020,St Mary's University,S64,10007843,,,,Cheam Common Infants' Academy,145481,Primary
c3d1f221-e86a-4ad5-9546-6e48f77cd3de,2020,Kingston University,K84,10003678,,,,Cheam Common Junior Academy,142398,Primary
e6cb73b6-7ac0-4a99-9f56-3bc92e39213f,2020,St Mary's University,S64,10007843,,,,Cheam Common Junior Academy,142398,Primary
5dbed29f-da9b-4ba7-aee8-fa83cb68f313,2020,Roehampton University,R48,10007776,,,,Cheam Fields Primary Academy,143375,Primary
33cb6d7f-cdb2-4e02-8233-50c8d4f793e8,2020,Kingston University,K84,10003678,,,,Cheam Park Farm Primary Academy,140260,Primary
99d67867-c038-4338-8df8-8f356e506c9a,2020,The Manchester Metropolitan University,M40,10004180,,,,Cheetham CofE Community Academy,137601,Primary
cc9f9c47-55e5-43aa-9e13-fb7abba19d8f,2020,The Manchester Metropolitan University,M40,10004180,,,,Cheetwood Primary School,105461,Primary
546ef2db-f07c-4b25-a5a6-10d9aea198b3,2020,Edge Hill University,E42,10007823,,,,Chelford CofE Primary School,111254,Primary
7470323d-cdd4-4b17-8970-0818b9c34a43,2020,Edge Hill University,E42,10007823,,,,Chellaston Infant School,146507,Primary
58c4cfcd-31c6-42ed-ba79-e7b8870a4b19,2020,Coventry University,C85,10001726,,,,Chellow Heights Special School,135228,Biology
9f5b830f-2bc5-4bae-b02c-463d5c790500,2020,The University of Brighton,B72,10000886,,,,Chelmer Valley High School,137260,Physical education
51bb540e-5e17-4db3-9a6e-10f83103884b,2020,King's College London,K60,10003645,,,,Chelsea Academy,135531,Chemistry
aadbabf5-5c56-4da2-b857-01318ed9d811,2020,Roehampton University,R48,10007776,,,,Chelsea Open Air Nursery School,100474,Primary
1a417209-d823-48c9-85d4-3d85e6fd409b,2020,St Mary's University,S64,10007843,,,,Chennestone Primary School,125094,Primary
b5ceb94d-6abe-42ec-9378-e69f38b499fd,2020,University of Hull,H72,10007149,,,,Cherry Burton Church of England Voluntary Controlled Primary School,118002,Primary
9e43d19a-010a-4615-bb7e-3af8201e88ff,2020,Leeds Trinity University,L24,10003863,,,,Cherry Dale Primary School,106621,Primary
0965326c-a3ff-4d0d-be82-c72a6c9c9fd9,2020,Edge Hill University,E42,10007823,,,,Cherry Fold Community Primary School,133622,Primary
08070263-c2a3-4c93-acff-94afc3a317bc,2020,Liverpool Hope University,L46,10003956,,,,Cherry Grove Primary School,111209,Primary
306213a4-3267-4461-8003-6a93e92f4581,2020,University of Chester,C55,10007848,,,,Cherry Grove Primary School,111209,Primary
3c3941fd-a99b-411a-9ffc-37571bdfc3cc,2020,St Mary's University,S64,10007843,,,,Cherry Lane Primary School,131638,Primary
e97bc2ab-6228-4804-9b8d-22b0c4c84db9,2020,University of Derby,D39,10007851,,,,Cherry Tree Hill Primary School,146921,Primary
8658de35-38f1-4e54-8321-dcd715d0c67d,2020,Lincoln Bishop University,B38,10007811,,,,Cherry Willingham Primary Academy,146205,Primary
e80e7136-a135-42c9-b645-a886dbe79b4b,2020,University of Reading,R12,10007802,,,,Cherrywood Community Primary School,132802,Primary
e2745043-a039-40fb-95bf-38ab6b305d34,2020,Coventry University,C85,10001726,,,,Chertsey High School,144741,Physics
c598b6aa-e294-4526-92b0-93e091b1f9ab,2020,Birmingham City University,B25,10007140,,,,Cheslyn Hay Academy,146443,Physical education
75a14627-aaf4-4bc3-85f5-90a004050602,2020,University of Wolverhampton,W75,10007166,,,,Cheslyn Hay Academy,146443,Primary
c4749c91-b54f-4851-9616-c3b13222201c,2020,University of Wolverhampton,W75,10007166,,,,Cheslyn Hay Primary School,124189,Primary
559cf1aa-681e-4ba7-9471-08d1926060a8,2020,University of Sunderland,S84,10007159,,,,Chester-Le-Street CofE (Controlled) Primary School,114213,Primary
7ec4c72d-fa23-4627-bc2c-242be0fbdc87,2020,"University of the West of England, Bristol",B80,10007164,,,,Chester Park Infant School,108921,Primary
6fbceb4c-a955-4f8f-8219-99292dcf8c4c,2020,"Cambridge Training Schools Network, CTSN SCITT",1WO,10055220,Comberton Village College,136463,school,Chesterton Community College,136887,Art and design
764e39cd-0823-45f4-a4e9-e8b7fe87effe,2020,Bradford College,B60,10000840,,,,Chestnut Park Primary School,140434,Primary
2fcd6b06-2d7b-463e-8fbe-98d6ba56e0c5,2020,St Mary's University,S64,10007843,,,,Chestnuts Primary School,134680,Primary
e9fb67e6-1155-4ce8-8027-30a30d5f319f,2020,Birmingham City University,B25,10007140,,,,Chetwynd Junior School,125591,Primary
1de7f944-4cd8-496c-b79e-39b43d549ec8,2020,University of Sunderland,S84,10007159,,,,Cheviot Primary School,143271,Primary
66b4f6fe-6ea8-4a31-8d53-b058d3a3619d,2020,"University of the West of England, Bristol",B80,10007164,,,,Chew Stoke Church School,138617,Primary
d736e79f-70ce-4fb8-8fdb-81a4e4c6a124,2020,Plymouth Marjon University,P63,10037449,,,,Chew Valley School,145482,Physical education
48f4daf1-c3ff-4828-b533-a6b7b4053a22,2020,University of Chichester,C58,10007137,,,,Chichester Free School,139668,Physical education
0ad5d436-d931-4565-b0f8-e80cfff04911,2020,University of Chichester,C58,10007137,,,,Chichester Free School,139668,Primary
faed6dd3-72d4-43e9-b876-619789921083,2020,University of Chichester,C58,10007137,,,,Chichester High School,140105,Physical education
1802df5b-94b8-4788-bac2-6f5ca3c02e8d,2020,University of Sussex,S90,10007806,,,,Chiddingly Primary School,114391,Primary
cb92c8e1-2085-4151-840a-9fa94f68c2cd,2020,Canterbury Christ Church University,C10,10001143,,,,Chidham Parochial Primary School,125976,Primary
3e15fa9b-51f0-4674-83b2-81b2ebaaf13f,2020,University of Chichester,C58,10007137,,,,Chidham Parochial Primary School,125976,Primary
5017b9bb-a190-45ad-8327-65d043358ada,2020,Edge Hill University,E42,10007823,,,,Childer Thornton Primary School,144529,Mathematics
7ebd561f-41a4-4527-8df1-f182ae9e026c,2020,University of Hull,H72,10007149,Childhaven Community Nursery School,121267,school,Childhaven Community Nursery School,121267,Primary
a6ba6f38-862f-44b1-852f-f61bec65e1e2,2020,Liverpool Hope University,L46,10003956,,,,Childwall Church of England Primary School,104625,Primary
551e5233-4a09-435d-810b-90c35f4f10cb,2020,Edge Hill University,E42,10007823,,,,Childwall Valley Primary School,134210,Primary
98a80887-2f8c-4f96-9ab3-254a49c5d110,2020,Bradford College,B60,10000840,,,,Chiltern Academy,145872,Music
38f05068-479a-4a37-8d9c-aad4724a4328,2020,Coventry University,C85,10001726,,,,Chiltern Hills Academy,137280,Biology
92b2c9be-fc77-4622-b407-5f7642ab882a,2020,The University of Northampton,N38,10007138,,,,Chiltern Primary School,121924,Primary
6003d482-4d4f-4f0d-a772-d7008e58abaf,2020,University of Hull,H72,10007149,,,,Chiltern Primary School,143225,Primary
0547e965-18da-4cbe-af1b-7ed304b39b4c,2020,Oxford Brookes University,O66,10004930,,,,Chilton County Primary School,123057,Primary
f473279d-e962-4584-8db4-e92299df5233,2020,Canterbury Christ Church University,C10,10001143,,,,Chilton Primary School,141766,Primary
9bcafe98-28c0-495a-846d-bfcfc574c438,2020,University Of Plymouth,P60,10007801,,,,Chilton Trinity School,145677,Biology
d525f474-144c-4b7d-b6a2-eedf23e8a98a,2020,Birmingham City University,B25,10007140,,,,Chilvers Coton Community Infant School,125537,Primary
c4a4ba1f-5db7-44b7-a5d7-4a406bf28d7c,2020,Newman University,N36,10007832,,,,Chilwell Croft Academy,138395,Primary
dfa6d1f8-5e3f-4d9c-9415-45ac2df871d7,2020,University of Bedfordshire,B22,10007152,,,,Chingford Foundation School,138691,Physical education
4da38db9-b242-4ee3-b233-06cabb8d784d,2020,University of Chester,C55,10007848,,,,Chirbury CofE VC Primary School & Busy Bees Nursery,123467,Primary
84d07d45-27e0-4d71-9127-0739fc6aaba9,2020,Birmingham City University,B25,10007140,,,,Chivenor Primary School,140159,Primary
93efd9c4-acaf-4d93-b8fc-ac64e2bf7ad8,2020,University of Worcester,W80,10007139,,,,Chivenor Primary School,140159,Primary
8aabd149-fa81-43a0-93d5-569057b5e575,2020,University of Northumbria at Newcastle,N77,10001282,,,,Chopwell Primary School,131107,Primary
6bac3188-c22c-474f-93d8-935e3f669259,2020,Edge Hill University,E42,10007823,,,,Chorley All Saints Church of England Primary School and Nursery Unit,119464,Primary
60d1f7e9-04ea-4250-ad33-7867ea2604f8,2020,Edge Hill University,E42,10007823,,,,Chorley St James' Church of England Primary School,119467,Primary
07a54784-5c2f-4636-bbe0-8a8fdfe7db09,2020,Edge Hill University,E42,10007823,,,,"Chorley, the Parish of St Laurence Church of England Primary School",119465,Primary
2e481fa8-7bc6-4e3b-ad5d-bd1e7d52a7fb,2020,Edge Hill University,E42,10007823,,,,Chorlton CofE Primary School,105487,Primary
5a807b7d-397a-4ad8-a5b5-2155b5538e10,2020,The Manchester Metropolitan University,M40,10004180,,,,Chorlton Park Primary,142343,Primary
9bf38f71-fa00-4ce6-ab36-6b97e0f0af1c,2020,University of Wolverhampton,W75,10007166,,,,Christ Church (Church of England) Infant and Nursery School,104362,Primary
5db5c38f-6b31-4ca6-a5ef-bdc74417600c,2020,"University of the West of England, Bristol",B80,10007164,,,,"Christ Church, Church of England Infant School, Downend",109166,Primary
6c1b4c81-512f-496c-8ebb-15311ae8cc3c,2020,University of Wolverhampton,W75,10007166,,,,Christ Church (Church of England) Junior School,104366,Primary
0dcb8c61-ba1a-45ce-bdb0-2ec9ba0943e3,2020,"University of the West of England, Bristol",B80,10007164,,,,"Christ Church, Church of England Junior School, Downend",109165,Primary
270c8eef-aab7-4fa7-bfbf-b1bfa1f31ba2,2020,"University of the West of England, Bristol",B80,10007164,,,,Christ Church Church of England Primary School,138317,Primary
3d9eb159-c244-4ee5-bf15-e1cbb7e2e2ca,2020,University of Wolverhampton,W75,10007166,,,,Christ Church CofE (C) Primary School,124257,Primary
fde5f2e3-9990-4bd2-9c1c-020a86d6f1e4,2020,Staffordshire University,S72,10006299,,,,Christ Church CofE Primary Academy,146155,Primary
cdca2365-b942-4a02-9694-04732e2faac6,2020,Canterbury Christ Church University,C10,10001143,,,,Christ Church CofE Primary and Nursery Academy,144521,Primary
58d60429-8bb1-45c8-9b3a-1efac8d33f28,2020,Edge Hill University,E42,10007823,,,,Christ Church CofE Primary School,105693,Primary
3135a1a3-38f7-4a1a-895c-573715c402f1,2020,Edge Hill University,E42,10007823,,,,Christ Church CofE Primary School,105707,Primary
cfcc1240-cb5d-4cbb-8512-00f5d84aeb81,2020,Edge Hill University,E42,10007823,,,,Christ Church CofE Primary School,105935,Primary
1c2422df-9cda-4765-9481-33abe36d2edc,2020,Staffordshire University,S72,10006299,,,,Christ Church CofE Primary School,103838,English
6a0911e2-9351-4473-8df5-24c0a26159b9,2020,Staffordshire University,S72,10006299,,,,Christ Church CofE Primary School,124229,Primary
024f2c6e-0770-42aa-a44c-085f15ef1c8f,2020,The Manchester Metropolitan University,M40,10004180,,,,Christ Church CofE Primary School,105707,Primary
bacff4c8-9991-48b8-b81b-5879fadd2840,2020,University of Chester,C55,10007848,,,,Christ Church CofE Primary School,123471,Primary
5838e21e-11f4-49a7-8279-9926c12d309e,2020,University of Gloucestershire,G50,10007145,,,,Christ Church CofE Primary School,138940,Primary
9d5d8e76-a3bc-4958-aa36-d8393c916484,2020,University of Wolverhampton,W75,10007166,,,,Christ Church CofE Primary School,103997,History
e14171c4-4a20-4fa1-bbc0-34aaec9cf736,2020,University of Wolverhampton,W75,10007166,,,,Christ Church CofE Primary School,103997,Primary
9914816b-51dd-4bfd-ad48-d64ce8332a38,2020,University of Wolverhampton,W75,10007166,,,,Christ Church CofE Primary School,104220,Primary
5cd2c114-62fa-4f34-a677-554616e25b59,2020,Edge Hill University,E42,10007823,,,,"Christ Church CofE Primary School, Pennington",106512,Primary
3d433901-c274-4425-95c5-e4ddb0f4f574,2020,University of Hertfordshire,H36,10007147,,,,Christ Church CofE (VA) Primary School and Nursery,117473,Primary
52ec58d5-0d65-459b-9075-76454f037fe4,2020,University of Greenwich,G70,10007146,,,,Christ Church (Erith) CofE Primary School,139212,Primary
bcae68cc-1d04-4db0-b275-42b1a30e8d79,2020,"University of the West of England, Bristol",B80,10007164,,,,Christ Church Hanham CofE Primary School,109163,Primary
46eae982-5c51-4150-bf7b-cbadc2e4b405,2020,University of Winchester,W76,10003614,,,,Christchurch Junior School,145428,Primary
93a6c1c3-a32b-4547-a297-e295279133f3,2020,St Mary's University,S64,10007843,,,,Christ Church New Malden CofE Primary School,102585,Primary
37a0661e-486a-46ab-b945-01641d13bd41,2020,University of Derby,D39,10007851,,,,Christ Church Primary School,151609,Primary
9a90d829-214a-4327-aef2-5ac6261eadff,2020,University of Hertfordshire,H36,10007147,,,,Christ Church Primary School,101316,Primary
00a40b75-5988-4f90-b273-5f085c3f56aa,2020,Roehampton University,R48,10007776,,,,"Christ Church, Streatham Church of England Primary School",145614,Primary
ffeb1401-af7d-4d20-b849-7813aadc7775,2020,Leeds Beckett University,L27,10003861,,,,Christ Church Upper Armley Church of England Primary School,146306,Primary
42d2298b-2a08-4c43-aff3-c01140bdbe13,2020,Leeds Trinity University,L24,10003863,,,,Christ Church Upper Armley Church of England Primary School,146306,Primary
50e2ec2a-bdb4-450f-8b16-e44fba19f0ca,2020,University of Chester,C55,10007848,,,,Christleton Primary School,111149,Primary
d8d5b706-495a-4b81-a22c-2ff590902958,2020,University of Hull,H72,10007149,,,,Christopher Pickering Primary School,140902,Primary
c62ec957-866c-44d5-936f-cf5e77467998,2020,University of Northumbria at Newcastle,N77,10001282,,,,Christ's College,138567,Primary
aedebfec-9365-4fdf-b4b2-c9e01186d674,2020,University of Chichester,C58,10007137,,,,Christ's Hospital,126107,Physical education
29f176f7-b7bb-47c3-99c6-09e47decad9a,2020,The Manchester Metropolitan University,M40,10004180,,,,Christ The King Catholic and Church of England Primary School,148727,Primary
fc0b576e-c612-425d-9dca-784f08db6781,2020,Edge Hill University,E42,10007823,,,,Christ The King Catholic High School and Sixth Form Centre,104964,Mathematics
e51d9af1-a5ae-4bcc-91ac-dce161ed2b4a,2020,Edge Hill University,E42,10007823,,,,Christ The King Catholic High School and Sixth Form Centre,104964,Religious education
1ca83f21-aa3a-439f-b7d8-08d9d6ee9dab,2020,Liverpool Hope University,L46,10003956,,,,Christ The King Catholic Primary School,105081,Primary
3eb585d9-6c56-4bbc-8dea-a47c621aa27b,2020,Liverpool John Moores University,L51,10003957,,,,Christ The King Catholic Primary School,104629,Primary
2e9cd5b4-f8c3-4380-92eb-30466e3849d7,2020,Liverpool John Moores University,L51,10003957,,,,Christ The King Catholic Primary School,105081,Primary
c5f66c6f-b111-4a9c-b900-9344e67309fd,2020,Leeds Beckett University,L27,10003861,,,,"Christ The King Catholic Primary School, A Voluntary Academy",144824,Primary
ec0af07f-823b-4263-98ca-3c76b6b3604a,2020,University of Wolverhampton,W75,10007166,,,,Chuckery Primary School,132076,Primary
2cccf505-ca8c-4edb-b3c3-bc783c57055c,2020,University of Gloucestershire,G50,10007145,,,,Churchdown Parton Manor Infant School,115511,Primary
af3edbbb-5c5f-45de-b591-585e1d92c8b1,2020,Edge Hill University,E42,10007823,,,,Church Drive Primary School,143505,Primary
dff99af2-ec62-4936-a69f-2d9baa44f2e0,2020,University of Chester,C55,10007848,,,,Church Drive Primary School,143505,Primary
e9a542b4-8a0f-47f8-ba96-9b2b05888e64,2020,University of Chester,C55,10007848,,,,Church Eaton Primary School,147425,Primary
140dc479-6848-4ff4-b75b-7ed4591fb0c4,2020,University of Reading,R12,10007802,,,,Churchend Primary Academy,136457,Primary
2ebd7694-406a-406f-a0e2-73fd70491b6d,2020,University of Chichester,C58,10007137,,,,Churcher's College,116579,Physical education
324cc922-d432-4d68-845c-2c052732a819,2020,University of Hertfordshire,H36,10007147,,,,Churchfield Church of England Academy,143856,Primary
fc3c581e-28a8-4e44-bc77-b4a7b7c7b176,2020,Plymouth Marjon University,P63,10037449,,,,Churchfield Church School,139278,Primary
0b1905c1-5f2d-4419-bde5-a8f5ee489188,2020,"University of the West of England, Bristol",B80,10007164,,,,Churchfield Church School,139278,Primary
340c89f6-4c81-49eb-8cd1-330962b27091,2020,University of Wolverhampton,W75,10007166,,,,Churchfield CofE Primary Academy,144386,Primary
4e3f5031-afbd-46bc-b743-c187c820153d,2020,Staffordshire University,S72,10006299,,,,Churchfields Primary School,140195,Primary
13d8ce7e-8901-4c84-9359-4563ed2d71e6,2020,The Manchester Metropolitan University,M40,10004180,,,,Churchfields Primary School,140195,Primary
e97c2baa-f2e0-47b7-98c4-1c2eb3eb31c3,2020,University of Derby,D39,10007851,,,,Church Hill Church of England Junior School,138930,Primary
f9fe8caf-9c3d-45dd-bdf6-d94cb5eca60f,2020,Birmingham City University,B25,10007140,,,,Church Hill Middle School,142543,Primary
ca66aa28-1d09-4ccd-be1b-b2c8a2a17c30,2020,Newcastle University,N21,10007799,,,,Churchill Community College,108641,Geography
1a57a394-bcbe-4c1d-9fa9-a2e21676b691,2020,University of Worcester,W80,10007139,,,,Church Lench CofE First School,116792,Primary
94cc483a-1ec2-4945-9439-b0d4d2359b73,2020,Edge Hill University,E42,10007823,,,,Churchtown Primary School,146688,Primary
ebbbf911-03ce-4d3d-a630-590a33069f3b,2020,Lincoln Bishop University,B38,10007811,,,,Church Vale Primary School and Foundation Unit,122731,Primary
c30c24bb-bb73-4716-aef7-76d486e68a15,2020,The University of Brighton,B72,10000886,,,,Churchwood Primary Academy,141261,Mathematics
4d2f72d5-4b3d-4a51-95eb-89c675d8df64,2020,The University of Brighton,B72,10000886,,,,Churchwood Primary Academy,141261,Primary
5a37a0ad-5fc1-4356-a9cc-d724161f13c0,2020,Lincoln Bishop University,B38,10007811,,,,Chuter Ede Primary School,122612,Primary
9c122261-34e8-4704-aa2e-7cccc235c4d6,2020,The University of Brighton,B72,10000886,,,,Chyngton School,149252,Mathematics
ce0d5aea-5285-4e10-8800-412b6d73efc3,2020,The University of Brighton,B72,10000886,,,,Chyngton School,149252,Primary
dc821131-f0eb-4269-bcc4-4d68055854b9,2020,The Manchester Metropolitan University,M40,10004180,,,,Cinnamon Brow CofE Primary School,111381,Primary
531264d5-cf63-456c-9181-9b49e2a48acb,2020,University of Gloucestershire,G50,10007145,,,,Cirencester Primary School,135985,Primary
8b610b95-0e29-4826-98af-957abb222d0c,2020,The University Of East Anglia,E14,10007789,,,,City Academy Norwich,135904,Modern languages
b8c3cd7f-1369-492f-a5d8-2327ba50019f,2020,The University of Brighton,B72,10000886,,,,City Academy Whitehawk,139677,Primary
a0ea7b45-f4cc-4321-ba24-6ff83e74dba2,2020,Coventry University,C85,10001726,,,,City Heights E-ACT Academy,137954,Modern languages
9f27a770-2ed9-4f4c-866b-380213f25759,2020,The University of Brighton,B72,10000886,,,,"City of London Academy, Highgate Hill",143659,Physical education
7c20cba4-14f6-4543-ab5c-dc146a3eae1c,2020,The University Of East Anglia,E14,10007789,,,,"City of Norwich School, An Ormiston Academy",141269,Biology
dd6207b6-e7f8-4500-bd90-49738980b568,2020,The University Of East Anglia,E14,10007789,,,,"City of Norwich School, An Ormiston Academy",141269,English
adf94cec-6325-4293-8ced-9e980711f3df,2020,The University Of East Anglia,E14,10007789,,,,"City of Norwich School, An Ormiston Academy",141269,Geography
fd5a20c6-80c1-4a2c-b996-0af38202ce28,2020,The University Of East Anglia,E14,10007789,,,,"City of Norwich School, An Ormiston Academy",141269,History
89653a49-723a-4820-b42f-2c1224db01f7,2020,The University Of East Anglia,E14,10007789,,,,"City of Norwich School, An Ormiston Academy",141269,Modern languages
20821ffd-c375-462b-9259-d3e1e45220b4,2020,University of Reading,R12,10007802,,,,Civitas Academy,140379,Primary
6bbc6906-3dd7-474d-97c4-52274a8b09e1,2020,Haybridge SCITT,2B3,10034167,,,,Claines CofE Primary School,116793,Primary
bf021150-905c-4c4c-8973-0e1b254e286e,2020,University of Winchester,W76,10003614,,,,Clanfield Junior School,115876,Primary
c08f08c0-bede-461d-b9da-80d166ff4b9f,2020,University of Wolverhampton,W75,10007166,,,,Claregate Primary School,104310,Primary
74a598f6-eceb-4e21-b387-fd8da5c88ac8,2020,St Mary's University,S64,10007843,,,,Claremont Fan Court School,125334,Primary
8e82a7dc-007d-4fbe-adbb-3f785301bfce,2020,Newman University,N36,10007832,,,,Claremont Primary and Nursery School,122702,Primary
e124ca40-75be-45af-bb6a-51c6b8a8e200,2020,The Manchester Metropolitan University,M40,10004180,,,,Clarendon Cottage Preparatory School,106001,Primary
716334ec-bc57-4732-b84b-532a593fd0d6,2020,The Manchester Metropolitan University,M40,10004180,,,,Clarendon Primary School,105153,Primary
8b8addff-1293-4b1a-8b62-e1ffbc901826,2020,The University of Brighton,B72,10000886,,,,Claverham Community College,114584,Physical education
d7da88ae-0564-485a-9886-702380f7f7d1,2020,Brunel University London,B84,10000961,,,,Claycots School,132089,Primary
8a91fa97-606b-453a-9e73-3a9c696c4712,2020,St Mary's University,S64,10007843,,,,Claygate Primary School,125108,Primary
dc93f144-1fb6-4c3e-8d1e-6218d80b117e,2020,Edge Hill University,E42,10007823,,,,Claypool Primary School,105195,Primary
6748b9d4-6b03-4c72-9593-82ee001b7691,2020,University of Cumbria,C99,10007842,,,,Clayton Brook Primary School,119331,Primary
923a4197-5c40-4b02-8e59-cdfd36a6e090,2020,Edge Hill University,E42,10007823,,,,Clayton-le-Moors All Saints' Church of England Primary School,137641,Primary
723798ec-e932-45e2-b8e6-b578819cda36,2020,The Manchester Metropolitan University,M40,10004180,,,,Clayton-le-Woods Manor Road Primary School,119318,Primary
25f5ad88-bd6c-457a-bee7-c3d785d9b675,2020,University of Sunderland,S84,10007159,,,,Cleadon Church of England Academy,140924,Primary
befa61d1-ef02-445b-bccc-ef60d9daddba,2020,University of Sunderland,S84,10007159,,,,Cleaswell Hill School,122382,Primary
839e5686-f379-4d9c-ab7e-b8e20d51e5df,2020,Lincoln Bishop University,B38,10007811,,,,Cleethorpes Academy,136192,Chemistry
8abc5f6c-e1db-4ccc-8bd9-c52a276ad6c7,2020,University of Worcester,W80,10007139,,,,Cleeve Prior CofE (Controlled) Primary School,116794,Primary
31dad288-42fd-47f1-899b-f57b3b37c968,2020,Haybridge SCITT,2B3,10034167,,,,Clent Parochial Primary School,116796,Primary
e61fd8e8-0fde-4899-a4eb-7d3f4cbd175f,2020,University of Sunderland,S84,10007159,,,,Cleves Cross Primary and Nursery School Academy,140324,Primary
3f486033-b72f-4983-9f48-fad2ef40f728,2020,St Mary's University,S64,10007843,,,,Cleves School,136338,Primary
439e8ae1-cd5a-4b59-b07a-9b61d7a5c785,2020,University of Reading,R12,10007802,,,,Clewer Green CofE First School,147806,Primary
35b70467-d8aa-490a-98b8-9d424918cdfc,2020,University of Winchester,W76,10003614,,,,Cliddesden Primary School,115877,Primary
e1d68b4c-a84b-4fc4-9882-5da21626dc98,2020,Sheffield Hallam University,S21,10005790,,,,Clifford All Saints CofE Primary School,107150,Primary
7099872e-7a15-4d75-9c33-545a14386991,2020,The University Of East Anglia,E14,10007789,,,,Cliff Park Ormiston Academy,140364,English
03a038be-d615-49a4-a7b3-245001d873fc,2020,University of Bedfordshire,B22,10007152,,,,Clifton All Saints Academy,140228,Primary
ec016791-67d5-4006-be34-369ebc932cd5,2020,Edge Hill University,E42,10007823,,,,Clifton Primary School,119291,Primary
d459853e-bdeb-4385-a5e8-52fd8ae8d32e,2020,Roehampton University,R48,10007776,,,,Clifton Primary School,101893,Primary
356bd269-f01a-419d-a9c9-3a37f94d28aa,2020,The Manchester Metropolitan University,M40,10004180,,,,Clifton Primary School,105907,Primary
f69f5823-6f48-41c9-8f3c-fbc665e41c3e,2020,University of Hull,H72,10007149,,,,Clifton Primary School,144677,Primary
3baf371b-e819-4f33-8e0a-4d33abf8dc5d,2020,Coventry University,C85,10001726,,,,Clifton-upon-Dunsmore CofE Primary School,125670,Primary
539c17d2-f07a-4a9d-88c5-6c6581b3bb23,2020,University of Worcester,W80,10007139,,,,Clifton upon Teme Primary School,116669,Primary
9a8075db-331c-4120-a736-a3c193a7ded0,2020,Bradford College,B60,10000840,,,,Cliftonville Primary School,140012,Primary
deaf63ab-b0c1-46dd-8741-b1cf630c3f7b,2020,Canterbury Christ Church University,C10,10001143,,,,Cliftonville Primary School,140012,Primary
65c24147-5b5c-470e-9295-b18368f3f0cd,2020,University of Gloucestershire,G50,10007145,,,,Clipstone Brook Lower School,109521,Primary
ac44341f-44a6-4a6a-894c-e3531e7da8f1,2020,Middlesex University,M80,10004351,,,,Clore Tikva School,131682,Primary
84f4ce08-a4f4-4ff2-b9d7-8687713d5c0f,2020,Leeds Beckett University,L27,10003861,,,,Clough Head Junior and Infant School,107643,Primary
71fe84d1-77aa-42d6-9c22-58c7b690e09f,2020,Leeds Trinity University,L24,10003863,,,,Clough Head Junior and Infant School,107643,Primary
47bdebde-edec-481a-ba5d-5fb76b778b40,2020,The University Of East Anglia,E14,10007789,,,,Clover Hill VA Infant and Nursery School,140033,Primary
021a52d0-781e-4f5f-b7b3-6995c43e8b01,2020,University of Chester,C55,10007848,,,,Clunbury CofE Primary School,123541,Primary
d462c685-0805-46dc-af88-dc14944e2251,2020,St Mary's University,S64,10007843,,,,Clutton Church of England Primary School,145076,Primary
7327eabf-03b2-4750-9330-539196e210d4,2020,Edge Hill University,E42,10007823,,,,Cobbs Brow School,119329,Primary
c94306c6-b3c8-4186-92f3-e5ae9bf49fca,2020,Kingston University,K84,10003678,,,,Cobham Free School,138226,English
56b4da0c-84b1-4525-81c5-ed70f47aca1e,2020,Canterbury Christ Church University,C10,10001143,,,,Cobham Primary School,118257,Primary
89b6b612-9e1e-415c-a3a4-d1a29bb0136f,2020,Leeds Beckett University,L27,10003861,,,,Cockburn Haigh Road Academy,147271,Primary
66690f2a-a9ea-469c-b45d-e0b72302ce1e,2020,Leeds Trinity University,L24,10003863,,,,Cockburn Haigh Road Academy,147271,Primary
16da8f10-649b-4a5c-8dff-86d9a2a4e80f,2020,Birmingham City University,B25,10007140,,,,Cockshut Hill School,142388,Physical education
d1b03374-6adf-42cd-8366-a97d39b107c0,2020,The University Of Birmingham,B32,10006840,,,,Cockshut Hill School,142388,Religious education
ed8619a7-4367-4d6f-9291-a0a8cdd442e0,2020,University of Wolverhampton,W75,10007166,,,,Cockshut Hill School,142388,English
3ba9caf7-ec40-484a-b093-f9e0dfad9985,2020,University of Chester,C55,10007848,,,,Cockshutt CofE Primary School and Nursery,123470,Primary
bb264341-28ba-42aa-b4d2-244755c70bc5,2020,Lincoln Bishop University,B38,10007811,,,,Coddington CofE Primary and Nursery School,122754,Primary
646b7e5a-4b9e-4d9f-a9ec-197936fc9678,2020,York St John University,Y75,10007713,,,,Coddington CofE Primary and Nursery School,122754,Primary
2e115fc9-4817-4f19-ab15-1a144d4a9f9e,2020,University of Wolverhampton,W75,10007166,,,,Codsall Community High School,124400,Primary
e832013e-2614-4e1b-8a4b-416fd1023ed8,2020,The Manchester Metropolitan University,M40,10004180,,,,CofE School of the Resurrection,105547,Mathematics
0cffea5f-2373-41a9-a072-6bd490229cba,2020,The Manchester Metropolitan University,M40,10004180,,,,CofE School of the Resurrection,105547,Primary
8d3a2060-0d3d-4b58-9b3f-aa7f7c9d1b54,2020,University of Worcester,W80,10007139,,,,Cofton Primary School,103315,Primary
a42fc92e-9cda-42f0-842b-a909a0e6444c,2020,Sheffield Hallam University,S21,10005790,,,,Coit Primary School,107060,Primary
b0d31370-4daa-415c-b630-685038a9d81c,2020,The University of Brighton,B72,10000886,,,,Coldean Primary School,114384,Primary
127455a4-f51c-4950-9958-c8869067c1e7,2020,University of Winchester,W76,10003614,,,,Colden Common Primary School,116074,Primary
07df061c-f486-4c89-b277-778324ebcd70,2020,Middlesex University,M80,10004351,,,,Coldfall Primary School,102097,Primary
71e2bff2-71fe-41b2-91cd-f1afca1a5b4e,2020,Birmingham City University,B25,10007140,,,,Colebourne Primary School,103263,Primary
75a8b00f-bfbc-4542-b632-d1881b4d7b2e,2020,Newman University,N36,10007832,,,,Colebourne Primary School,103263,Primary
0ede8853-7962-4d3e-834e-14b9042677a5,2020,Lincoln Bishop University,B38,10007811,,,,Coleby Church of England (Controlled) Primary School,120517,Primary
32165f7e-3692-4cc0-80ac-c2c1edf97795,2020,University of Chester,C55,10007848,,,,Coleham Primary School,144848,Primary
8ecff46f-be97-4100-90bf-216d9ddfffcb,2020,Sheffield Hallam University,S21,10005790,,,,Coleridge Primary,139223,Primary
1af41b3c-332a-4cf7-aaec-39d069349c6d,2020,Brunel University London,B84,10000961,,,,Colham Manor Primary School,102373,Primary
45567afb-ac28-4959-bf0e-f9bbf88e600d,2020,Roehampton University,R48,10007776,,,,Colham Manor Primary School,102373,Primary
7f0d30b1-6972-4c1d-afa0-6a9ddffe548a,2020,St Mary's University,S64,10007843,,,,Colham Manor Primary School,102373,Primary
bb44f7de-3b3e-4984-991b-bdefb9aa1a7c,2020,Middlesex University,M80,10004351,,,,Colindale Primary School,101269,Primary
35e43adb-3471-4b30-b9fb-d44a5daf8e38,2020,The University Of Birmingham,B32,10006840,Windsor High School and Sixth Form,136618,school,Colley Lane Primary Academy,142964,Primary
516dfa3f-34c3-4657-b863-d529f54b30b9,2020,University of Sunderland,S84,10007159,,,,Collierley Nursery and Primary School,114022,Primary
7b5af9dd-182a-4bfa-8343-8eca4929e4d7,2020,"University of the West of England, Bristol",B80,10007164,,,,Collingbourne Church of England Primary School,126320,Primary
a7fea520-c397-4d9f-8d86-e390c41b914f,2020,The University of Northampton,N38,10007138,,,,Collingtree Church of England Primary School,144395,Primary
4d056fc4-b11d-4e9e-b1b7-9cf773546b88,2020,The University of Brighton,B72,10000886,,,,Collingwood College,136828,Mathematics
44e181c6-069c-45b5-a686-8131b177a31e,2020,University of Hull,H72,10007149,,,,Collingwood Primary School,139848,Primary
edfce1b4-4d24-4fa4-9bef-9b636ae3f195,2020,St Mary's University,S64,10007843,,,,Collis Primary School,102903,Primary
473095c4-2e22-491a-9d8f-f9cfe1dd5283,2020,The University Of East Anglia,E14,10007789,,,,Colman Junior School,120937,Primary
a8207dbd-2323-41d5-8101-f8a40e2733ff,2020,Birmingham City University,B25,10007140,,,,Colmers School and Sixth Form College,103563,Biology
ee37747c-23df-4b9f-86c5-4ef09c8e8bd9,2020,Coventry University,C85,10001726,,,,Colmers School and Sixth Form College,103563,English
8a1690a7-5ae2-4c77-a56e-9a3156307e3c,2020,Newman University,N36,10007832,,,,Colmore Infant and Nursery School,103189,Primary
c767e737-1a87-4463-b1b3-a801e05564dd,2020,St Mary's University,S64,10007843,,,,Colnbrook Church of England Primary School,139567,Primary
7aae9bcb-9c22-4260-9d1f-5c6996f679f6,2020,University of Reading,R12,10007802,,,,Colnbrook Church of England Primary School,139567,Primary
88e7e428-6dbd-48e5-9a34-c0d639dfc129,2020,Lincoln Bishop University,B38,10007811,,,,Colston Bassett School Limited,135366,Primary
7d4c135c-1b26-40c8-a091-2563d31f27cf,2020,The University Of East Anglia,E14,10007789,,,,Coltishall Primary School,121017,Primary
11362e53-e756-4934-9f55-a20da77c97c3,2020,Sutton Park SCITT,25D,10035849,,,,Colton Hills Community School,104395,English
c3fa58c1-3d3f-4d08-82d8-6f6e96fa3f55,2020,University of Wolverhampton,W75,10007166,,,,Colton Hills Community School,104395,Mathematics
cb80963d-613b-46c1-8b65-cc250f9497c7,2020,Oxford Brookes University,O66,10004930,,,,Combe CofE Primary School,123116,Primary
f5fa59b5-04e6-441d-9417-1b3153692003,2020,University Of Plymouth,P60,10007801,,,,Combe Martin Primary School,145764,Primary
b91b4001-499e-4d0c-8e2e-91e216f9517a,2020,Edge Hill University,E42,10007823,,,,Comberbach Nursery and Primary School,147809,Primary
6b5f5bc9-c108-4bd3-8391-5e9b58ab21df,2020,"Cambridge Training Schools Network, CTSN SCITT",1WO,10055220,Comberton Village College,136463,school,Comberton Village College,136463,Biology
11abd746-59fe-4d04-9fb2-1524579a2cfc,2020,Plymouth Marjon University,P63,10037449,,,,Compton CofE Primary School,113416,Primary
b3a918ad-8521-4f59-932d-42a1391f7ed0,2020,University of Cumbria,C99,10007842,,,,Concordia Academy,142885,Primary
6d07e279-7b70-4d94-946a-1f6ce5b8c37a,2020,University of Gloucestershire,G50,10007145,,,,Coney Hill Community Primary School,115603,Primary
033df7ac-3d67-447d-b970-474172840f75,2020,Liverpool John Moores University,L51,10003957,Knutsford Academy,138002,school,Congleton High School,136655,Physical education
b1daa789-5af2-46a7-92f7-0459a7985fda,2020,University College London,U80,10007784,,,,Conisborough College,100742,Modern languages
401432f9-b9c7-47f4-a40f-2c59414e40f2,2020,Sheffield Hallam University,S21,10005790,,,,Conisbrough Ivanhoe Primary Academy,137765,Primary
6fc1d127-6734-4cab-8ac5-4b719987e221,2020,Bath Spa University,B20,10000571,,,,Coniston Primary School,131698,Early years ITT
58748be8-bb20-4754-8ec7-57faca75ad90,2020,University of Chester,C55,10007848,,,,Connah's Quay High School,401708,Computing
11556441-9af5-4bd4-b681-fde4288a2789,2020,Bradford College,B60,10000840,,,,Connaught House School,101164,Primary
712c940d-85c3-4c44-9cd0-40494d340c36,2020,University of Durham,D86,10007143,,,,Consett Infant School,114052,Primary
9290c418-2878-4036-84e0-95ecdaf45045,2020,University of Northumbria at Newcastle,N77,10001282,,,,Consett Infant School,114052,Primary
4dbc6e47-505e-4cec-8f0f-d83b8006140d,2020,Birmingham City University,B25,10007140,,,,Conway Primary School,143086,Primary
2b03825f-9348-4bac-823b-c51e633b3372,2020,Newman University,N36,10007832,,,,Conway Primary School,143086,Primary
33640b96-ccf6-495c-b74a-fe90a34315f8,2020,Leeds Beckett University,L27,10003861,,,,Cookridge Primary School,107894,Primary
17c91370-cb9a-4f0a-8d51-673c70f54f6e,2020,Leeds Trinity University,L24,10003863,,,,Cookridge Primary School,107894,Primary
e64467c1-3eed-4e1d-a3e7-55eb935df395,2020,University of East London,E28,10007144,,,,Cooks Spinney Primary Academy and Nursery,140024,Primary
4af3741a-d1b3-4e89-a64e-b0271a6955e8,2020,Lincoln Bishop University,B38,10007811,,,,Coomb Briggs Primary School,117907,Primary
6c6e541b-5b39-4681-8160-cdb671c96840,2020,Plymouth Marjon University,P63,10037449,,,,Coombe Dean School,136558,Physical education
b91d75d2-8756-486c-8150-e14e8fec9e97,2020,Kingston University,K84,10003678,,,,Coombe Hill Junior School,102576,Primary
687c06af-0924-4d02-90e5-c1423cce6233,2020,University of Sussex,S90,10007806,,,,Coombe Hill Junior School,102576,Primary
ee4e4436-b62a-4b66-9f63-1b3bddfc04ad,2020,Birmingham City University,B25,10007140,,,,Co-op Academy Brownhill,138986,Primary
3d2f6ef3-8470-4393-84c8-8b86ffdf04ec,2020,The Manchester Metropolitan University,M40,10004180,,,,Co-op Academy Clarice Cliff,148219,Primary
e09ff4d5-78f5-4431-8aaa-5603016af09b,2020,Staffordshire University,S72,10006299,,,,Co-op Academy Hamilton,143484,Primary
4e16cbff-2b14-47ee-816e-a302e033ba41,2020,Liverpool John Moores University,L51,10003957,,,,Co-op Academy Hillside,149838,Primary
6512b2c4-895c-4dd2-b1c9-e49afd8ed887,2020,Leeds Trinity University,L24,10003863,,,,Co-op Academy Nightingale,139701,Primary
efb9d62c-f448-4a4e-8fcd-08ef1a8b24e6,2020,The Manchester Metropolitan University,M40,10004180,,,,Co-op Academy North Manchester,142762,Physics
e7af7108-a055-4041-a7c6-a23ab11b48a5,2020,Staffordshire University,S72,10006299,,,,Co-op Academy Northwood,143486,Primary
84f74626-606a-434e-824f-86a03b2dbf42,2020,Bradford College,B60,10000840,,,,Co-op Academy Princeville,147709,Primary
67130b84-e07e-4f2b-944f-ade42f206eb0,2020,Leeds Trinity University,L24,10003863,,,,Co-op Academy Woodlands,139015,Primary
013d782a-50d8-4abf-8381-5caa88435680,2020,Birmingham City University,B25,10007140,,,,Cooper and Jordan Church of England Primary School,132073,Primary
3e809b88-5e3a-4594-9ef6-89551ba333d5,2020,Staffordshire University,S72,10006299,,,,Cooper Perry Primary School,124195,Primary
ef048058-b895-4b28-b671-8ddca8369ef5,2020,University of Gloucestershire,G50,10007145,,,,Coopers Edge School,136074,Primary
f28ce102-b4d8-47ae-bc64-93938bb9d9e6,2020,University of Northumbria at Newcastle,N77,10001282,,,,Copeland Road Primary School,114187,Primary
a369f3ed-31e1-4f91-b094-0b48a6a83225,2020,London Metropolitan University,L68,10004048,,,,Copenhagen Primary School,100401,Primary
c071f0e1-0227-41da-9656-9405625eac3e,2020,Middlesex University,M80,10004351,,,,Copenhagen Primary School,100401,Primary
27e46878-2028-4fa8-b17b-f0dbe4d73821,2020,York St John University,Y75,10007713,,,,Copmanthorpe Primary School,132047,Primary
598cd393-62c8-4d81-b6b7-11b141e78682,2020,Nottingham Trent University,N91,10004797,,,,Coppice Farm Primary School,122516,Primary
1b25da31-e2a1-409c-941e-5bd77cc505b7,2020,Birmingham City University,B25,10007140,,,,Coppice Performing Arts School,145114,Biology
0af672cf-3a9c-4b38-89a4-5ac7d1c319e3,2020,Birmingham City University,B25,10007140,,,,Coppice Performing Arts School,145114,Physical education
9a4db117-37dd-4c5a-aead-f53cae4760a7,2020,University of Wolverhampton,W75,10007166,St John's Church of England Primary School,104228,school,Coppice Performing Arts School,145114,Primary
fac994a0-5ba9-460d-999c-e2422137c9f6,2020,University of Wolverhampton,W75,10007166,,,,Coppice Performing Arts School,145114,Primary
968952bc-2999-4358-a721-5569fece1c59,2020,The Manchester Metropolitan University,M40,10004180,,,,Coppice Primary Academy,139704,Primary
466da9a3-0fc6-4b7c-9d2b-e3a0d0741fd1,2020,Birmingham City University,B25,10007140,,,,Coppice Primary School,103390,Primary
b74e5944-2e12-4172-b902-dbece872f0bc,2020,Birmingham City University,B25,10007140,,,,Coppice Primary School,137697,Primary
f06f7d81-a95b-4fa9-97ca-3ab5cb208a89,2020,Middlesex University,M80,10004351,,,,Coppice Primary School,102837,Primary
68685ba2-9f32-4ec4-994a-cefc6d625ce5,2020,Newman University,N36,10007832,,,,Coppice Primary School,137697,Primary
1aa4b3b5-db93-46ed-8dd3-84533de1eb11,2020,University of Wolverhampton,W75,10007166,,,,Coppice Primary School,103390,Primary
b7cc5580-9986-40bc-bfc0-572c56bd1e7f,2020,York St John University,Y75,10007713,,,,Coppice Primary School,103390,Primary
93c880a3-a54e-46ff-8279-298f7e78f27f,2020,Plymouth Marjon University,P63,10037449,,,,Copplestone Primary School,113068,Primary
30efa355-3cef-49b1-af38-4d31852f2081,2020,Edge Hill University,E42,10007823,,,,Coppull Parish Church of England Primary School,119470,Primary
c22a254d-bd47-466d-8497-88243182d0e8,2020,Edge Hill University,E42,10007823,,,,Coppull Primary School and Nursery,119206,Primary
d89827b3-1953-434d-a7cd-c4d3baf6c99f,2020,Bradford College,B60,10000840,,,,Copthall School,138685,Other subjects
c71a60d3-1e40-48be-844c-0e29a682d493,2020,The University of Brighton,B72,10000886,,,,Copthorne CofE Junior School,126013,Mathematics
9124e6ca-aa7b-458c-9002-1eb9b6b54142,2020,The University of Brighton,B72,10000886,,,,Copthorne CofE Junior School,126013,Primary
74e48a6e-69b8-49d7-a629-b80b5190c267,2020,Sheffield Hallam University,S21,10005790,,,,Copthorne Community Infant School,112687,Primary
319496c2-55c8-4ff3-b926-7ba77ab6770e,2020,University of Winchester,W76,10003614,,,,Copythorne CofE Infant School,116282,Primary
6a93ed49-0990-45cf-89ee-58aef2b88595,2020,University of Northumbria at Newcastle,N77,10001282,,,,Coquet Park First School,108590,Primary
ac12e57b-30f8-42df-8161-60b143f079f2,2020,Birmingham City University,B25,10007140,,,,Corbett VA CofE Primary School,124464,Primary
98eab5b8-16f8-4457-9490-4d48294cedc3,2020,University of Worcester,W80,10007139,,,,Corbett VA CofE Primary School,124464,Primary
86d70b60-6511-45f1-ada0-ece9c2a81bb8,2020,University of Northumbria at Newcastle,N77,10001282,,,,Corbridge (VA) Church of England First School,122287,Primary
fd40e0f9-d048-462f-829e-58fc637a08c2,2020,Nottingham Trent University,N91,10004797,,,,Corby Glen Community Primary School,120374,Primary
857dca7e-66b0-42a0-98a3-8a25af6d830e,2020,Kingston University,K84,10003678,,,,Cordwalles Junior School,140349,Primary
43f6285a-8934-48fa-a07a-01c4a84dee56,2020,University of Reading,R12,10007802,,,,Cordwalles Junior School,140349,Primary
1d3122a0-d99b-4e87-af96-883436d9455a,2020,University of Winchester,W76,10003614,,,,Corfe Castle Church of England Primary School,142145,Primary
441018d3-7389-4c42-9bcf-9ee6ccb3dd12,2020,Coventry University,C85,10001726,,,,Corfe Hills School,136574,Geography
fe52e70f-21b1-428c-bd2a-5de96e36a2a9,2020,University of Winchester,W76,10003614,,,,Cornerstone CofE (VA) Primary School,139548,Primary
c22b367f-8017-4e71-bd89-ca0acd7ad5e3,2020,Leeds Beckett University,L27,10003861,,,,Corporation Road Community Primary School,143512,Primary
62d1acd0-25a0-40be-8483-cb2cce9fdd7f,2020,University of Durham,D86,10007143,,,,Corporation Road Community Primary School,143512,Primary
3aaa6980-7efa-4faa-bb94-0d225584596a,2020,University of Wolverhampton,W75,10007166,,,,Corpus Christi Catholic Primary Academy,141769,Primary
4badf71b-9f2e-4c6a-96d5-433d1c741211,2020,Birmingham City University,B25,10007140,,,,Corpus Christi Catholic Primary School,103424,Primary
efdbe6b0-7aba-4e7a-bdbc-bfa2341f128b,2020,Edge Hill University,E42,10007823,,,,Corpus Christi Catholic Primary School,104814,Primary
fa8130f7-8763-4d7e-83cd-757faf87bb15,2020,Liverpool Hope University,L46,10003956,,,,Corpus Christi Catholic Primary School,104814,Primary
19f29648-44e0-478c-9f80-cf2f49de6a53,2020,St Mary's University,S64,10007843,,,,Corpus Christi Catholic Primary School,102594,Primary
218b75ca-c8fb-428f-b417-80d22d13fab7,2020,The Manchester Metropolitan University,M40,10004180,,,,Corpus Christi RC Primary School,105718,Primary
88832ac8-bb59-4879-b2f0-3ad9f295cce6,2020,The University Of East Anglia,E14,10007789,,,,Corpusty Primary School,145299,Primary
c756f5a5-9810-4c5c-9704-f7e0258755ae,2020,The Manchester Metropolitan University,M40,10004180,,,,Corrie Primary School,106214,Primary
12dbbe70-b677-4dcf-81fb-f055e96892bb,2020,The University Of East Anglia,E14,10007789,,,,Corton Church of England Voluntary Aided Primary School,124727,Mathematics
6ce6d7c3-c4ec-4bf1-8812-5c607afb183a,2020,St Mary's University,S64,10007843,,,,Coston Primary School,101879,Primary
6898b083-b80a-431c-b8bf-3bfdf0ad313c,2020,University of Worcester,W80,10007139,,,,Cotwall End Primary School,103810,Primary
6753e140-70c0-4982-a462-781a3cb905d8,2020,University of Worcester,W80,10007139,,,,Coughton CofE Primary School,145711,Primary
79ab3050-bd01-45ee-8111-6afa8a941687,2020,University of Wolverhampton,W75,10007166,,,,County Bridge Primary School,104189,Mathematics
028a8d4b-04b2-45c2-a0f7-4577ddfc39a2,2020,University of Cumbria,C99,10007842,,,,Coupe Green Primary School,119319,Primary
9318b9c6-4cbb-40f6-a852-48366b77b4a4,2020,"University of the West of England, Bristol",B80,10007164,,,,Court-De-Wyck Church School,142492,Primary
a0188f56-a5ab-4e7b-84e4-b73115e5d88c,2020,Birmingham City University,B25,10007140,,,,Court Farm Primary School,103267,Primary
d0a3912e-9de0-44e0-bcca-e6f8b96bbce7,2020,University of Worcester,W80,10007139,,,,Courthouse Green Primary School,144064,Primary
9cd6d41a-779c-416f-9c7f-e52a4efdd535,2020,University of Reading,R12,10007802,,,,Courthouse Junior School,109819,Primary
5040340d-fe6d-419d-b87c-389d8feec009,2020,University of Chichester,C58,10007137,,,,Court Lane Infant Academy,143315,Primary
fc7f3cf7-1ceb-4808-851d-4cd8651a482a,2020,University of Chichester,C58,10007137,,,,Court Lane Junior Academy,143316,Primary
6d2980d4-346c-411c-a72a-d552a7f3a6bb,2020,"University of the West of England, Bristol",B80,10007164,,,,Courtney Primary School,109054,Primary
7b0c2b1d-834c-40a1-882c-baef9d0f20de,2020,Kingston University,K84,10003678,,,,Courtwood Primary School,146134,Primary
233929de-80ff-4574-8011-750d30d541b6,2020,University of Winchester,W76,10003614,,,,Cove Junior School,116140,Primary
2c30820f-b395-4ab4-8e26-9e3fc3437ea9,2020,Edge Hill University,E42,10007823,,,,Cowley International College,104829,Biology
c2a22cfc-a642-453d-bd6c-3a70c9991f91,2020,Roehampton University,R48,10007776,,,,Cowley St Laurence CofE Primary School,139306,Primary
478e9a1b-8f67-4bb1-896f-192339356353,2020,St Mary's University,S64,10007843,,,,Cowley St Laurence CofE Primary School,139306,Primary
578700cb-0ef1-49d0-b1fe-a66d29c45135,2020,Canterbury Christ Church University,C10,10001143,,,,Coxheath Primary School,146114,Mathematics
8614b2df-1703-4f71-af5f-66a88cac4f55,2020,Canterbury Christ Church University,C10,10001143,,,,Coxheath Primary School,146114,Primary
641d2f81-7e02-47f8-bef3-abc6a49f0203,2020,University of Sunderland,S84,10007159,,,,Coxhoe Primary School,114080,Primary
00c076de-af1c-43a7-aaeb-beefb14ae21d,2020,Nottingham Trent University,N91,10004797,,,,Crabtree Farm Primary School,122476,Primary
0aff16dd-1b06-4a0b-a95a-ddfe97838bef,2020,Staffordshire University,S72,10006299,,,,Crackley Bank Primary School,143349,Primary
8aa5dfdb-2afe-46cf-844c-41a00abc6c09,2020,University of Worcester,W80,10007139,,,,Cradley CofE Primary School,116874,Primary
4e799953-d0cb-4663-96e1-da97f82f4d02,2020,Sheffield Hallam University,S21,10005790,,,,Crags Community School,143481,Primary
5445879d-4ba9-4ae3-b957-36a088bacf78,2020,University of Sunderland,S84,10007159,,,,Cragside Primary School,108465,Primary
88ee223a-7f4f-4936-b1ca-e45497b62b3a,2020,York St John University,Y75,10007713,,,,Cramlington Northburn Primary School,122269,Primary
8555e0d7-ee9d-448f-9fc9-1cce8ad0b4ee,2020,University of Sunderland,S84,10007159,,,,Cramlington Village Primary School,138257,Primary
309777ed-4041-48c2-82f9-bcb0936af108,2020,Staffordshire University,S72,10006299,,,,Cranberry Academy,139910,Primary
b2e91014-16f9-4c30-9916-72b54b0f83a7,2020,The Manchester Metropolitan University,M40,10004180,,,,Cranberry Academy,139910,Primary
a12ecdb6-4b3b-4730-ae1a-5b20b622c024,2020,Ted Wragg Teacher Training Partnership,S66,10060466,,,,Cranbrook Education Campus,141514,Biology
660abf29-d8ec-4b14-a0d7-ebb0708ccad9,2020,University of Reading,R12,10007802,,,,Cranford Park Church of England Primary School,135885,Primary
736d0906-ef3c-48bc-a7cd-5b2c3f9249b4,2020,Roehampton University,R48,10007776,,,,Cranford Primary School,136809,Primary
faa96add-5026-448d-a45b-faf28d32c021,2020,St Mary's University,S64,10007843,,,,Cranford Primary School,136809,Primary
b120be07-615b-4021-880a-975ad6c45e94,2020,Roehampton University,R48,10007776,,,,Cranmere Primary School,131125,Primary
bd96d6c7-be70-487a-bf93-4ddd96016ad6,2020,St Mary's University,S64,10007843,,,,Cranmere Primary School,131125,Primary
72a3122e-3b6b-40ae-ba78-98a2dda59904,2020,Birmingham City University,B25,10007140,,,,Cranmore Infant School,104042,Primary
2326aa98-9b81-447b-aae3-151fb5874871,2020,Lincoln Bishop University,B38,10007811,,,,Cranwell Primary School (Foundation),120674,Primary
bd9c0c9c-11ee-4a7c-9282-4d6086fdab25,2020,University of Chichester,C58,10007137,,,,Crawley Down Village CofE School,131001,Primary
d84cc1f4-535c-427f-8c28-b56befab1021,2020,Edge Hill University,E42,10007823,,,,Crawshawbooth Primary School,119313,Primary
662183c6-9797-42a8-ba4c-e5e97566f706,2020,Lincoln Bishop University,B38,10007811,,,,Crescent Primary School,132243,Primary
d58f5eea-9b80-44ef-9039-87c13256f6b8,2020,Canterbury Christ Church University,C10,10001143,,,,Crest Infant School,118330,Primary
f71fe4fa-d19b-4144-891e-90bd643b8a3f,2020,The University of Portsmouth,P80,10007155,,,,Crestwood Community School,116445,Modern languages
e7e139e4-138e-402b-9431-33d23e71339d,2020,University of Wolverhampton,W75,10007166,,,,Crestwood Park Primary School,103790,History
b03319bd-f82a-44f4-ba74-27cd9aeadcf2,2020,University of Chester,C55,10007848,,,,Criftins CofE Primary School,123472,Primary
7155105c-313c-446e-b2ba-fef3c21607b2,2020,Leeds Beckett University,L27,10003861,,,,Crigglestone Dane Royd Junior and Infant School,108212,Primary
c8b62587-585e-4f19-bb99-5b15c87eb51d,2020,Leeds Trinity University,L24,10003863,,,,Crigglestone Nursery School,108137,Primary
52429345-ca5c-4c5c-848e-2d991bc39ea2,2020,University of Greenwich,G70,10007146,,,,Crockenhill Primary School,118254,Primary
c65577b7-3196-4934-b362-720b1d2df530,2020,"University of the West of England, Bristol",B80,10007164,,,,Crockerne Church of England Primary School,143464,Primary
06bac3f5-4ec3-4436-95b6-3921d7312cce,2020,University of Wolverhampton,W75,10007166,,,,Croft Academy,138420,Primary
e3d2bec5-2569-42e2-ac0d-c9962c5a5dd4,2020,University of Derby,D39,10007851,,,,Croft Infant School,112493,Primary
030c1361-c024-44e7-938a-9db66f20c7ea,2020,University of Winchester,W76,10003614,,,,Crofton Anne Dale Infant School,115967,Primary
12c5dc6c-89e3-47ab-ac46-4b4adfc128e2,2020,University of Chichester,C58,10007137,,,,Crofton School,149621,Physical education
12b6fe8a-e922-4551-a2f2-53aef7a3ddd4,2020,York St John University,Y75,10007713,,,,Croft Primary School,122463,Primary
b3bf97eb-19fb-4233-bd76-ba8d43658ce2,2020,The University Of East Anglia,E14,10007789,,,,Cromer Academy,137431,Mathematics
a91f490c-91da-409b-8c5c-e8129a72355c,2020,University of Wolverhampton,W75,10007166,,,,Cromwell Junior and Infant School,143563,Primary
9930ea33-d6de-4808-bf6f-e8fc360c00d1,2020,Edge Hill University,E42,10007823,,,,Cronton Church of England Primary Academy,143456,Primary
532a74eb-37d4-4de3-b716-4d18f00efe54,2020,University of Sunderland,S84,10007159,,,,Crooksbarn Primary School,145689,Primary
6a1c5d87-496f-49bf-a331-a61db9fa797f,2020,University of Cumbria,C99,10007842,,,,Crosby-on-Eden CofE School,138896,Primary
70071cfe-8ab8-495e-8d20-91851df2a479,2020,Edge Hill University,E42,10007823,,,,Crossacres Primary Academy,140709,Mathematics
4174ae58-188f-4f0c-ba7c-ccdfe32513f2,2020,The Manchester Metropolitan University,M40,10004180,Brookburn Community School,144131,school,Crossacres Primary Academy,140709,Primary
bd69e45a-56d0-470e-9d3c-0e50da21b80f,2020,The Manchester Metropolitan University,M40,10004180,,,,Crossacres Primary Academy,140709,Primary
9cc13b7e-ea6e-4dd4-b98a-a91f47115674,2020,University of Worcester,W80,10007139,,,,Crossgates C.P. School,400506,Primary
ea3ad3d3-1d2d-47f1-ac1f-0a4e94517ac3,2020,University of Bedfordshire,B22,10007152,,,,Crosshall Infant School,136332,Primary
44d59edd-4509-4a21-874d-425ae3abce7f,2020,University of Bedfordshire,B22,10007152,,,,Crosshall Junior School,136339,Primary
bfa8888c-2cbf-4a53-ba1a-1d640d131708,2020,Leeds Beckett University,L27,10003861,,,,Crossley Fields Junior and Infant School,107697,Primary
3015140d-9a6c-4c34-b0ad-0c8095e756eb,2020,Leeds Beckett University,L27,10003861,,,,Crossley Hall Primary School,146581,Primary
e77fcf35-8f98-400f-9999-8c8a69c52980,2020,"University of the West of England, Bristol",B80,10007164,,,,Crossways Infant School,109049,Primary
38bd4707-40f8-492d-9923-6f1c144a7191,2020,The Manchester Metropolitan University,M40,10004180,,,,Crowcroft Park Primary School,105413,Primary
a5f75452-2e5d-459d-83b4-2f1db32e1681,2020,Middlesex University,M80,10004351,,,,Crowlands Primary School,135812,Primary
b016d282-6a91-4a95-a26e-0b1289885f68,2020,University of Hertfordshire,H36,10007147,,,,Crowlands Primary School,135812,Primary
51e00787-356e-4448-9eb1-146ae2d99216,2020,Leeds Beckett University,L27,10003861,,,,Crowlees Church of England Voluntary Controlled Junior and Infant School,107725,Primary
573f1b1c-e72d-4507-b10e-742c4af004a9,2020,Coventry University,C85,10001726,,,,Crowle Primary Academy,139035,Primary
0d8a69e3-ae1f-40f4-ac87-8acb9eae0951,2020,Lincoln Bishop University,B38,10007811,,,,Crowle Primary Academy,139035,Primary
0ecdce39-5fe2-425c-a8c6-408ea4379d38,2020,University of Chester,C55,10007848,,,,Crowmoor Primary School and Nursery,123391,Primary
3d72f190-8519-425c-a6c2-b487dec7db18,2020,Birmingham City University,B25,10007140,,,,Crown Meadow First School & Nursery,116646,Primary
cd476523-ca5b-47ae-9346-df082c6d4913,2020,University of Reading,R12,10007802,,,,Crown Wood Primary School,144048,Primary
fc179588-eae3-4152-aeee-5126f9ff08d8,2020,Edge Hill University,E42,10007823,,,,Crow Orchard Primary School,119334,Primary
aaec840f-c834-4124-8980-0ee184171a52,2020,University of Hull,H72,10007149,,,,Croxby Primary School,145177,Primary
4b3c5ac0-7c51-4491-a652-fa0816851bfb,2020,The University of Northampton,N38,10007138,,,,Croyland Primary School,133600,Primary
7a38c32a-c4e7-44fe-9ff2-13e9c0dcb873,2020,University of Chester,C55,10007848,,,,Cuddington Primary School,111059,Primary
238c377b-eb16-4b56-9ef9-6687b7af62c8,2020,University of Chester,C55,10007848,,,,Cuddington Primary School,146622,Primary
aa1b68d4-e542-4429-8016-447f77bb5a3e,2020,Edge Hill University,E42,10007823,,,,Culcheth Community Primary School,111180,Mathematics
50aad106-7fa6-4575-b2f4-acf4d32fba1b,2020,Edge Hill University,E42,10007823,,,,Culcheth Community Primary School,111180,Primary
c76302ed-f53e-4ee3-ae0c-e709934389db,2020,University of Chester,C55,10007848,,,,Culcheth Community Primary School,111180,Primary
25f6e53c-1971-4f7d-bb1e-10e1eeacc45b,2020,University Of Exeter,E84,10007792,,,,Cullompton Community College,113502,English
c310beae-ce41-4276-95f9-7e1a1dc948e2,2020,Roehampton University,R48,10007776,,,,Culvers House Primary School,131103,Primary
be080a8f-6853-4822-be3b-2ece6f8fba11,2020,Leeds Beckett University,L27,10003861,,,,Cumberworth Church of England Voluntary Aided First School,107741,Primary
866771d5-bd4f-4b10-82f4-aada8f0f87fb,2020,Oxford Brookes University,O66,10004930,,,,Cumnor Church of England School (Voluntary Controlled),123146,Primary
491fde38-c1b5-439f-862a-452c26abc204,2020,University of Winchester,W76,10003614,,,,Cupernham Infant School,116048,Primary
4bd42e89-53a3-4dc0-8ec3-30f38538cfe7,2020,University Of Plymouth,P60,10007801,,,,Curledge Street Academy,138772,Primary
cf0bce39-deae-4e21-8e6f-ecb116576e67,2020,University of East London,E28,10007144,,,,Curwen Primary School,144142,Primary
f110985a-1b09-4b70-8a35-31e422860174,2020,Oxford Brookes University,O66,10004930,,,,Cutteslowe Primary School,139064,Primary
33d31053-d525-4ae0-94d0-764d6ff37fc6,2020,Sheffield Hallam University,S21,10005790,,,,Cutthorpe Primary School,112513,Primary
1eb9d66d-c19e-407c-a7db-054ecee17026,2020,University of Greenwich,G70,10007146,,,,Cuxton Community Infant School,141276,Primary
8ee05ab9-e2a2-4955-b89f-610d0972ede9,2020,Bradford College,B60,10000840,,,,Dagenham Park CofE School,136028,English
95e5f0f1-c7ab-4b6a-bbc3-dd3e6bb52cba,2020,University of Derby,D39,10007851,,,,Dale Community Primary School,112720,Primary
c4c8df10-acd5-41fb-8d15-41aa07375a0d,2020,Edge Hill University,E42,10007823,,,,Dallam Community Primary School,110972,Primary
d2820e12-a9d9-4636-a317-7185af8d8115,2020,The University of Brighton,B72,10000886,,,,Dallington Church of England Primary School,114498,Primary
a27c1772-d811-4547-8422-198d9d241cb5,2020,Edge Hill University,E42,10007823,,,,Dalton St Michael's Church of England Primary School,119493,Primary
54713a17-4de9-4937-80d7-a6e031d955b2,2020,University of Sunderland,S84,10007159,,,,Dame Dorothy Primary School,108776,Primary
57e555e4-7e1b-4603-b63e-2830bee0a444,2020,Canterbury Christ Church University,C10,10001143,,,,Dame Janet Primary Academy,138972,Primary
fce3fca5-b41d-4a30-8dfb-16cd95e91c37,2020,York St John University,Y75,10007713,,,,Danby Church of England Voluntary Aided School,121486,Primary
9abcfde5-c86b-4f42-874b-eea32b38273d,2020,St Mary's University,S64,10007843,,,,Danes Hill School,125389,Primary
b59fabc5-e686-4fbc-ae40-b6950f0c319b,2020,The University of Northampton,N38,10007138,,,,Danesholme Infant Academy,142185,Primary
d07c84a1-3e72-4737-acdc-9e5284c04d36,2020,The University of Northampton,N38,10007138,,,,Danesholme Junior Academy,142062,Primary
c29ef4b9-3fdc-4c93-802e-381d0caf97bd,2020,St Mary's University,S64,10007843,,,,Danetree Primary School,138764,Primary
0bd15f28-1c48-42dd-8137-1df8172165fc,2020,Sheffield Hallam University,S21,10005790,,,,Darley Dale Primary School,112591,Primary
71a4bc12-b95d-4dd7-ab7a-1d0539bf13fd,2020,University of Northumbria at Newcastle,N77,10001282,,,,Darras Hall Primary School,145781,Primary
91dd73c6-90dc-474f-8e8e-1cb2071b7b3f,2020,Leeds Beckett University,L27,10003861,,,,Darrington Church of England Primary School,140110,Primary
70470f52-d5c6-4317-83bb-875f28337069,2020,Sheffield Hallam University,S21,10005790,,,,Darton Academy,146320,Mathematics
eba20a33-54cb-4d8d-ac6d-9abc4315736d,2020,Leeds Beckett University,L27,10003861,,,,Darton Primary School,140602,Primary
9655daff-823b-4fbf-8bcc-fe09c6555e2b,2020,Bradford College,B60,10000840,,,,Darwen Aldridge Community Academy,135580,History
a0aad849-b94b-4e48-9470-6c7275570c39,2020,Bradford College,B60,10000840,,,,Darwen Aldridge Enterprise Studio,139924,History
77200741-83af-4184-b561-4ae4504d8295,2020,The Manchester Metropolitan University,M40,10004180,,,,Darwen Aldridge Enterprise Studio,139924,English
1509f7ff-209c-43af-8387-082480b2984f,2020,Edge Hill University,E42,10007823,,,,Darwen Aldridge Sudell Primary,141838,Primary
c939e9a4-d72d-4562-b709-8fd1a08d7bbe,2020,Leeds Beckett University,L27,10003861,,,,Darwen Aldridge Sudell Primary,141838,Primary
d8e399f4-7cdc-4d75-afb5-f2bbed69bb23,2020,The Manchester Metropolitan University,M40,10004180,,,,Darwen Aldridge Sudell Primary,141838,Mathematics
caf7df04-e6db-4030-9ae6-807bbbc909ec,2020,University of Cumbria,C99,10007842,,,,Darwen Aldridge Sudell Primary,141838,Primary
b1777686-a778-4b59-880d-fdb0310aa1b5,2020,The Manchester Metropolitan University,M40,10004180,,,,Darwen Vale High School,141321,Mathematics
ece323d5-ebfc-4435-954e-ef070a30fbd0,2020,Oxford Brookes University,O66,10004930,,,,Dashwood Banbury Academy,138501,Primary
dd70a736-29f8-41a7-b5dc-a45b0e3b7e83,2020,University of Gloucestershire,G50,10007145,,,,Dashwood Banbury Academy,138501,Primary
f5c35714-0b48-4530-aa6b-1e31a930244a,2020,University of Bedfordshire,B22,10007152,,,,Daubeney Academy,138067,Physical education
e53f60df-efda-4fbb-883f-8d55378a0578,2020,University College London,U80,10007784,,,,Daubeney Primary School,100223,Primary
9030b807-e064-4143-99f8-e3f0a1d4b48c,2020,University of East London,E28,10007144,,,,Daubeney Primary School,100223,Primary
c1f962ef-6b8c-4e85-be32-f573a88e9207,2020,Edge Hill University,E42,10007823,,,,Davenham CofE Primary School,111387,Primary
3b2482c7-6ff0-4b0d-9e59-9a6ac1b9a91c,2020,University of Chester,C55,10007848,,,,Daven Primary School,146995,Primary
b2f00086-2115-47cb-ab7f-b2a0268512b1,2020,Canterbury Christ Church University,C10,10001143,,,,Davington Primary School,118338,Primary
6d5db0c8-7b43-4922-964c-69213a1aaa73,2020,University of Sussex,S90,10007806,,,,"Davison Church of England High School for Girls, Worthing",126093,History
40c1344f-95b9-4f4c-82a6-7685f3a4f7d5,2020,Edge Hill University,E42,10007823,,,,Davyhulme Primary School,106316,Primary
984b8fe7-797b-48c6-84e9-1d4666250e23,2020,University of Worcester,W80,10007139,,,,Dawley Brook Primary School,103781,Primary
293660de-1af8-4d2c-9ab0-e61fb602b406,2020,Staffordshire University,S72,10006299,,,,Dawley Church of England Primary Academy,142785,Primary
bb145fc5-0f81-4f1e-84c9-3d2033f03637,2020,University of Wolverhampton,W75,10007166,,,,Dawley Church of England Primary Academy,142785,Primary
2b7f9778-b83e-4142-a316-8c7758b0f961,2020,University of Sunderland,S84,10007159,,,,Deaf Hill Primary School,114144,Primary
b10a9ee9-aa57-4be5-b36a-bad5122f68e6,2020,Canterbury Christ Church University,C10,10001143,,,,Deal Parochial Church of England Primary School,147053,Primary
82051393-8b8e-4056-bc81-f08d61a8383f,2020,University of Sunderland,S84,10007159,,,,Dean Bank Primary and Nursery School,114086,Primary
b8ddf9ff-2cfa-4b77-9307-70739cb074eb,2020,St Mary's University,S64,10007843,,,,Deanesfield Primary School,102377,Primary
0e7ba5ce-6d9b-46b7-8278-f0e961ac8a54,2020,University of Huddersfield,H60,10007148,Trinity Academy Halifax,136094,school,Dean Field Community Primary School,145400,Primary
29a0b755-de83-4e4a-8ba1-f6e010eb8334,2020,The University of Northampton,N38,10007138,,,,Deanshanger Primary School,149061,Primary
9befed63-5942-4740-986f-a597d27b4609,2020,Edge Hill University,E42,10007823,,,,Dean Trust Rose Bridge,146797,English
f92cd489-d491-4552-a157-39f27ca8eda2,2020,Edge Hill University,E42,10007823,,,,Dean Trust Rose Bridge,146797,Mathematics
9e5394a9-0ba7-4e66-8979-e8b579c5fe47,2020,Edge Hill University,E42,10007823,,,,Dean Trust Wigan,144519,Religious education
79b99bed-9b6c-4c87-bf4f-998a4dadec2a,2020,The University Of East Anglia,E14,10007789,Kesgrave High School,136969,school,Debenham High School,136416,Biology
83f1c972-6f4d-48ed-b75e-eec52376ba4e,2020,Sheffield Hallam University,S21,10005790,,,,Deepcar St John's Church of England Junior School,107117,Primary
17458356-87d7-471e-af8e-a8b1352da82a,2020,The Manchester Metropolitan University,M40,10004180,,,,Deeplish Primary Academy,141365,Primary
9e5f183e-e412-4b6b-896b-abf765d7e827,2020,Sheffield Hallam University,S21,10005790,,,,Deer Park Primary School,112651,Primary
d1fd1b0c-a96f-4f28-aad3-fa40b930ea38,2020,St Mary's University,S64,10007843,,,,Deer Park School,142012,Primary
a1c5fa18-e872-4d29-8f5b-c94ea4bee9c1,2020,University of Hertfordshire,H36,10007147,,,,De Havilland Primary School,148040,Primary
a68ed6eb-491d-42bb-be37-6d2a5eaa5992,2020,Leeds Beckett University,L27,10003861,,,,Deighton Gates Primary School,107876,Primary
b48f1dc4-2fe5-4c05-bf6c-10bd6e8e30fa,2020,Sheffield Hallam University,S21,10005790,Garforth Academy,136343,school,De Lacy Academy,138006,English
a49baac6-c6fb-43f1-8f95-4da8749569ec,2020,Edge Hill University,E42,10007823,,,,Delamere CofE Primary Academy,136553,Primary
f9e6a0de-96eb-4170-932e-c52da33fcb03,2020,The Manchester Metropolitan University,M40,10004180,,,,Delamere School,106394,Mathematics
173a1954-5131-4075-bcef-05a87b1db29b,2020,The University of Northampton,N38,10007138,,,,Delapre Primary School,122069,Primary
3bfe8c67-6823-4660-b217-cddf1070484a,2020,Liverpool Hope University,L46,10003956,,,,De La Salle School,104834,Religious education
cac37e44-4c16-4270-af3e-3c7199e2c55a,2020,The University Of East Anglia,E14,10007789,,,,Dell Primary School,141736,Primary
84e26ec2-a427-43d8-b508-0d3e3adae2cb,2020,Coventry University,C85,10001726,,,,Delph Primary School,105669,Primary
cb9a7aa0-0bd6-4ec5-9947-17f39aed1267,2020,Edge Hill University,E42,10007823,,,,Delph Side Community Primary School,119304,Primary
63a46b1e-ed1b-465e-856a-65853ff669a3,2020,University of Wolverhampton,W75,10007166,,,,Delves Infant School,104150,Primary
b8574a30-954c-4c21-aaf2-aafab88ca4dc,2020,University of Wolverhampton,W75,10007166,,,,Delves Junior School,104170,History
778ba8b3-0bf0-438f-b156-464a5f1c5a6b,2020,University of Wolverhampton,W75,10007166,,,,Delves Junior School,104170,Primary
ae78331e-9a83-402e-bdef-020b74a95135,2020,University of Northumbria at Newcastle,N77,10001282,,,,Delves Lane Primary School,114047,Primary
df50a267-1c39-4a06-ab49-32262ac8e750,2020,University of Sunderland,S84,10007159,,,,Delves Lane Primary School,114047,Primary
f83dcea1-8578-4478-822c-8735a757dff6,2020,University of Bedfordshire,B22,10007152,,,,Denbigh Primary School,109534,Primary
d9b9d931-ccaf-4775-acc2-6eb5e8d412de,2020,University of Cumbria,C99,10007842,,,,Deneholm Primary School,141897,Primary
3a78e13c-1a97-4ee6-901a-9189274860bb,2020,University of Sunderland,S84,10007159,,,,Dene House Primary School,141998,Primary
189d181c-898a-4d60-8990-eac04de1a661,2020,The University of Northampton,N38,10007138,,,,Denfield Park Primary School,121942,Primary
348143a3-e11f-449f-92e7-79fc022a7ee1,2020,University of Winchester,W76,10003614,,,,Denmead Infant School,115882,Primary
2a802806-5697-4870-9162-d4a5158afbdc,2020,University of Chichester,C58,10007137,,,,Denmead Junior School,116043,Primary
4c552ef5-da6e-4df5-bda4-1b5bf451c9e6,2020,University of Winchester,W76,10003614,,,,Denmead Junior School,116043,Primary
cf630615-9aba-4bc0-8614-cbedd6aed083,2020,The University Of East Anglia,E14,10007789,,,,Dennington Church of England Primary School,146234,Primary
1ceee4dd-cdfb-4879-8ddd-c29f295a3d25,2020,The Manchester Metropolitan University,M40,10004180,,,,Denton Community College,135122,Mathematics
4c1a8227-650a-4414-8e57-25d48f46446e,2020,The University of Brighton,B72,10000886,,,,Denton Community Primary School and Nursery,114433,Primary
0981486d-3ed4-4d28-8212-7ee65e2e0780,2020,"Goldsmiths, University of London",G56,10002718,,,,Deptford Green School,100740,Art and design
b0177522-5671-440c-bec8-f7c0f63ae348,2020,University of Greenwich,G70,10007146,,,,Deptford Park Primary School,100678,Primary
79740b3a-0b9e-4980-9155-69c99f5db573,2020,University of Derby,D39,10007851,,,,Derby St Chad's CofE Nursery and Infant School,146575,Primary
a0ee19e7-0b0b-4f6b-ba79-055819516732,2020,The University Of East Anglia,E14,10007789,,,,Dereham Neatherd High School,144316,Biology
8de2a6e1-bded-4e72-9a30-996fa0979f6d,2020,The University Of East Anglia,E14,10007789,,,,Dereham Neatherd High School,144316,Chemistry
f1d91ce0-b5b3-49cd-b10a-04f3371cd3c3,2020,The University Of East Anglia,E14,10007789,,,,Dereham Neatherd High School,144316,English
adf182d4-3e2c-4757-a58f-2727852b7581,2020,The University Of East Anglia,E14,10007789,,,,Dereham Neatherd High School,144316,Geography
0a9ed2d8-a735-4f29-b116-e824798d57d9,2020,The University Of East Anglia,E14,10007789,,,,Dereham Neatherd High School,144316,History
38f629ec-e05d-4028-88cf-f67827fadc48,2020,The University Of East Anglia,E14,10007789,,,,Dereham Neatherd High School,144316,Physical education
af590989-cf26-4662-955c-b58105f98c10,2020,The University Of East Anglia,E14,10007789,,,,Dersingham Primary School,138795,Primary
e3258317-cc63-4fcd-90fc-2dc7bf73df6a,2020,University of Reading,R12,10007802,,,,Dersingham Primary School,102716,Primary
6b9f9ac4-24bd-45d1-8521-c310ec5c3b51,2020,The University of Brighton,B72,10000886,,,,Desmond Anderson Primary Academy,143973,Primary
10b984d3-63cd-4bc9-a8a0-26c3a4482133,2020,Bradford College,B60,10000840,,,,Devonshire House Preparatory School,100080,Primary
b05868e3-dff6-4eed-828c-e7ddef4890c5,2020,Birmingham City University,B25,10007140,,,,Devonshire Infant Academy,141293,Primary
6cfaef56-1d95-41ef-a6c8-0982cb216af8,2020,Birmingham City University,B25,10007140,,,,Devonshire Junior Academy,141292,Primary
b2db2ac4-1f34-4c60-9a11-c25bfc4152d2,2020,Liverpool John Moores University,L51,10003957,,,,Devonshire Park Primary School,104991,Primary
5d591abb-fc36-48ed-96e3-44d4a4f814d1,2020,Edge Hill University,E42,10007823,,,,Devonshire Primary Academy,140128,Primary
6599e52c-67da-4ab4-819a-386b40371b76,2020,University of Cumbria,C99,10007842,,,,Devonshire Primary Academy,140128,Primary
259f70a9-c629-46f8-8f19-06f70038c709,2020,The Manchester Metropolitan University,M40,10004180,,,,Devonshire Road Primary School,105154,Primary
c980b6fe-4836-42c1-a0de-aff90220eb7a,2020,University of Cumbria,C99,10007842,,,,Devonshire Road Primary School,105154,Primary
1228109f-bd18-42fa-9583-d856a8bde36b,2020,University of Hertfordshire,H36,10007147,,,,Dewhurst St Mary CofE Primary School,117415,Primary
7bf0f2d4-38fa-457c-a491-171d0572183b,2020,Birmingham City University,B25,10007140,,,,Deykin Avenue Junior and Infant School,103313,Primary
f42391c9-0390-4851-8e6a-9c2ed3328495,2020,University of Wolverhampton,W75,10007166,,,,Deyncourt Primary School,104319,Primary
a7839dec-c880-45b3-ac68-1acd54311516,2020,University of Wolverhampton,W75,10007166,,,,D'Eyncourt Primary School,145395,Primary
5d3a856d-9e4f-4a51-8c40-91b5fa01f097,2020,The Manchester Metropolitan University,M40,10004180,,,,Dial Park Primary School,106043,Mathematics
0f85b120-f653-4cb5-bac4-318ae9d85cdc,2020,The Manchester Metropolitan University,M40,10004180,,,,Dial Park Primary School,106043,Primary
4e161145-162a-4ecd-ba24-315e345a6785,2020,The Manchester Metropolitan University,M40,10004180,,,,Dial Park Primary School,150460,Primary
b26c0f32-9d65-461d-8e43-88ab32c50973,2020,Newman University,N36,10007832,,,,Dickens Heath Community Primary School,133720,Primary
c1e929ba-63bf-429c-b98d-95816774bd6c,2020,The University Of East Anglia,E14,10007789,,,,Dickleburgh Church of England Primary Academy (With Pre-School),145975,Primary
7ad6c80f-0d92-4700-98a1-f1a0f3b395c7,2020,Oxford Brookes University,O66,10004930,,,,Didcot Primary Academy,140688,Primary
b12b6f49-78c9-4036-8b62-6812f0001c65,2020,The Manchester Metropolitan University,M40,10004180,,,,Didsbury CofE Primary School,142265,Primary
df4adcf2-7f72-4527-ac0b-767467d83b7e,2020,Lincoln Bishop University,B38,10007811,,,,Digby Church of England School,120519,Primary
e0ace36a-2864-431a-a59c-ed2ce7742cc2,2020,University of Greenwich,G70,10007146,,,,Dilkes Academy,139104,Primary
c04301af-33ab-4a3d-9d98-78a29e025b11,2020,Haybridge SCITT,2B3,10034167,,,,Dingle Community Primary School,103829,Primary
10caed82-513f-441e-82cc-6a89ca1cc500,2020,Newman University,N36,10007832,,,,Dingle Community Primary School,103829,Primary
670fd1a1-944b-484d-86ae-e93f4bb44ddc,2020,University of Worcester,W80,10007139,,,,Dingle Community Primary School,103829,Primary
6f0c247f-ea3f-4aff-b0e2-d13e5eec1fcf,2020,University of Gloucestershire,G50,10007145,,,,Dinglewell Junior School,115495,Primary
9a477199-55be-408e-901d-37e9af15aa20,2020,Sheffield Hallam University,S21,10005790,,,,Discovery Academy,149087,Primary
3f4bb534-69b8-4a3f-ae03-366dba6b0d8b,2020,Lincoln Bishop University,B38,10007811,,,,Discovery Primary Academy,145787,Primary
99625712-318f-4950-ac25-5f02993407d1,2020,University of Greenwich,G70,10007146,,,,Discovery Primary School,131109,Primary
d26956dc-e2d5-4617-a4a8-7ecf22c5fef6,2020,The Manchester Metropolitan University,M40,10004180,,,,Disley Primary School,147877,Primary
337c02cb-c424-4180-8ba8-72009bf30b75,2020,The University Of East Anglia,E14,10007789,,,,Diss High School,137092,Biology
aa6b6788-b366-4732-8245-56f36f34e0b9,2020,The University Of East Anglia,E14,10007789,,,,Diss High School,137092,English
502a8c99-20f6-499b-a51c-9a14578e9efe,2020,The University Of East Anglia,E14,10007789,,,,Diss High School,137092,Geography
c5ab468e-8b82-402e-9c48-5dfa5e0a7019,2020,The University Of East Anglia,E14,10007789,,,,Diss High School,137092,History
9a0c896b-4af5-4078-8e4f-0d2536f2a32b,2020,University of Chichester,C58,10007137,,,,Ditcham Park School,116575,Physical education
00eace3f-e4f8-473e-8690-9e11176edb0e,2020,Lincoln Bishop University,B38,10007811,,,,Ditchingham Church of England Primary Academy,140545,Primary
bbb240fd-7516-40c7-a769-6c27b2dc1cfc,2020,The University Of East Anglia,E14,10007789,,,,Ditchingham Church of England Primary Academy,140545,Primary
bed0ed13-0204-4062-92c3-6db574269ad5,2020,The University of Brighton,B72,10000886,,,,Ditchling St Margaret's Church of England Primary School,148917,Primary
988c22e7-14a0-4892-8010-ad432507c012,2020,Canterbury Christ Church University,C10,10001143,,,,Ditton Infant School,118858,Primary
7d0f0fd8-7803-4dc5-ab48-026fce19ec18,2020,Bradford College,B60,10000840,,,,Dixons Allerton Academy,135866,Primary
0163af1b-5633-42a4-8f10-3a68a61b902e,2020,Bradford College,B60,10000840,,,,Dixons Manningham Academy,141375,Primary
12b00fe3-74bb-4e9b-9749-562deeccdbdf,2020,Bradford Birth to 19 SCITT,259,10047807,St Edmund's Nursery School & Children's Centre,107190,school,Dixons Marchbank Primary,140358,Primary
ad9d03c1-2a8a-4c24-ac68-2c80acd94d5e,2020,Bradford College,B60,10000840,,,,Dixons Marchbank Primary,140358,Primary
4702dd9d-83b4-4722-9337-9a826efe69ee,2020,Leeds Trinity University,L24,10003863,,,,Dixons Marchbank Primary,140358,Primary
663f6928-299d-463d-9385-2906a584794c,2020,Leeds Trinity University,L24,10003863,,,,Dixons Music Primary,138252,Primary
0f890465-1d79-4e8e-8a24-a9ea9942082c,2020,The Manchester Metropolitan University,M40,10004180,,,,"Dixons Sixth Form, Bradford",143704,Other subjects
a38b9569-14e3-43ea-90d0-19c89f79f20e,2020,University of Huddersfield,H60,10007148,,,,Dixons Trinity Academy,138251,Biology
0233a4d8-a0c0-4579-aae9-0d83c127bb77,2020,Leeds Beckett University,L27,10003861,,,,Dixons Trinity Chapeltown,144743,Primary
ca51c65e-22f2-4f59-b5fb-838cfeefe2c0,2020,Coventry University,C85,10001726,,,,Djanogly City Academy,134253,Art and design
d4229f2f-8f24-4076-9ca8-44b92ab9b42f,2020,Coventry University,C85,10001726,,,,Djanogly City Academy,134253,English
c362768a-4ea3-450e-8d9a-27ba25cbf739,2020,Coventry University,C85,10001726,,,,Djanogly Northgate Academy,137182,Primary
4a498516-bdb4-4dda-8d3c-a7a2c5be2148,2020,Nottingham Trent University,N91,10004797,,,,Djanogly Northgate Academy,137182,Primary
0c2451f8-43e8-421d-91f2-53b994a710ad,2020,Sheffield Hallam University,S21,10005790,,,,Dobcroft Infant School,107048,Primary
3134f315-744b-4cd8-bfea-2eb5d6b10ee3,2020,University of Hertfordshire,H36,10007147,,,,Doddinghurst Church of England Junior School,146920,Primary
0a8cb101-7f5c-49f9-b48c-62d14dccc4ae,2020,University of Hertfordshire,H36,10007147,,,,Doddinghurst Infant School,114969,Primary
851db3ff-aaed-46a6-9f05-d1f34aa18fe4,2020,Coventry University,C85,10001726,,,,Doncaster UTC,147838,Business studies
51344c6d-83ad-4ff3-8c95-560219c12c8a,2020,St Mary's University,S64,10007843,,,,Donnington Primary School,101520,Primary
735ad589-4e6b-4084-b67f-2c76117b3a1a,2020,Kingston University,K84,10003678,,,,Dorchester Primary School,102982,Primary
f50b00ef-3305-49a0-850a-1b8c34813438,2020,Roehampton University,R48,10007776,,,,Dorchester Primary School,102982,Primary
39ffdc29-5916-4ddd-bda1-7bb1813dca99,2020,St Mary's University,S64,10007843,,,,Dorchester Primary School,102982,Primary
b13db9f4-c241-4ded-9ffd-1ad7865b4cfb,2020,Oxford Brookes University,O66,10004930,,,,Dorchester St Birinus Church of England School,123129,Primary
040fc7c1-6e78-4148-bc29-5069c5960174,2020,Sheffield Hallam University,S21,10005790,,,,Dore Primary School,132152,Primary
b4aa0562-fcad-4af7-b4d1-2a4106328571,2020,Liverpool Hope University,L46,10003956,,,,Dorin Park School & Specialist SEN College,111511,Primary
116c12a1-5d7b-4be2-9649-3c8170de84dc,2020,University of East London,E28,10007144,,,,Dorothy Barley Infants' School,101188,Primary
98a85232-e291-4c78-b873-242cc610a9c3,2020,Coventry University,C85,10001726,,,,Dorothy Goodman School Hinckley,138156,Primary
15ecde18-9c1f-4505-915b-81781fcc0582,2020,The University of Brighton,B72,10000886,,,,Dorothy Stringer School,114580,Mathematics
050755e0-270b-4451-a3d0-acc83dbccbaa,2020,University of Wolverhampton,W75,10007166,,,,Dorrington Academy,138218,Primary
6f913d90-6a34-438d-ab2c-5fa5dd16fb32,2020,Staffordshire University,S72,10006299,,,,Dove Bank Primary School,124089,Primary
461a222f-eef2-48b9-8063-eda0a03e6805,2020,Birmingham City University,B25,10007140,,,,Dovecotes Primary School,104350,Primary
d21ac170-bd01-4555-b4a3-ffb6692fd2d6,2020,Liverpool Hope University,L46,10003956,,,,Dovecot Primary School,130296,Primary
8e55f44c-9f22-4a7b-b51f-ba3a6c18a447,2020,Liverpool John Moores University,L51,10003957,,,,Dovedale Community Primary School,141960,Primary
49d6b486-7527-4d94-b511-734d51dd4a91,2020,Canterbury Christ Church University,C10,10001143,,,,"Dover, St Mary's Church of England Primary School",118748,Primary
59c907ad-f15a-463e-9ceb-fdc6b461c6e7,2020,University of Greenwich,G70,10007146,,,,Downe Primary School,101614,Primary
8f3a9a79-581e-40e3-967a-3891c79101f0,2020,University of Greenwich,G70,10007146,,,,Downe Primary School,149534,Primary
ff27a945-ed88-46fe-8535-e0e36baf8e46,2020,University of Hertfordshire,H36,10007147,,,,Downfield Primary School,117255,Primary
d6ebbfb8-2acf-48ec-a3db-e16b2a0e7ac8,2020,The University Of East Anglia,E14,10007789,,,,Downham Market Academy,145196,Geography
0f4651a9-a47c-444c-9712-a6b53c9bb57d,2020,Edge Hill University,E42,10007823,,,,Downholland-Haskayne Voluntary Aided Church of England Primary School,119479,Primary
cc326a1f-61b3-4214-ac33-8c454d870303,2020,Coventry University,C85,10001726,,,,Downland School,126550,Mathematics
6116ded5-84c2-4e4f-9095-caba4d1f941b,2020,University of Chichester,C58,10007137,,,,Downsbrook Primary School,145925,Primary
f348bb79-bd14-44a6-bc16-0b6eacba1ec7,2020,University of Cumbria,C99,10007842,,,,Downsell Primary School,103044,Primary
89bb4ea0-a7fc-4edf-8a5b-4697326d446f,2020,University of East London,E28,10007144,,,,Downsell Primary School,103044,Primary
f88eca57-c3c8-450f-921e-1658f732b9e2,2020,Bradford College,B60,10000840,,,,Downsend School,125351,Primary
bdd125e9-d952-496f-a5df-47e0831efcf7,2020,Kingston University,K84,10003678,,,,Downsend School,125351,English
89bebd81-6603-4f25-ba59-d41c2610aa32,2020,Edge Hill University,E42,10007823,,,,Downside Primary School,109567,Primary
f926a2c7-aabb-4f08-a64b-5718574f8595,2020,The University of Brighton,B72,10000886,,,,Downs Infant School,114367,Primary
bbc73eb6-86a2-4eb6-a98c-7e4a1b29d381,2020,Canterbury Christ Church University,C10,10001143,,,,Downsview Community Primary School,134515,Primary
c112bd00-9e15-4bbf-bd66-6b0004ca0aa1,2020,Canterbury Christ Church University,C10,10001143,,,,Downs View Infant School,118523,Primary
3ad3537f-8599-4f72-99d6-03ca10cc6ebf,2020,Roehampton University,R48,10007776,,,,Downsview Primary and Nursery School,101778,Primary
bfc119ec-7265-4605-9af4-393494e03152,2020,University of Reading,R12,10007802,,,,Downsway Primary School,109896,Primary
a63b4993-234e-448f-8440-d7a388405060,2020,University of Chichester,C58,10007137,,,,Downview Primary School,140048,Primary
d12a193d-6f33-4c6e-b581-5f39d36b1de3,2020,Staffordshire University,S72,10006299,,,,Doxey Primary and Nursery School,124200,Primary
823cb7a8-1c0c-4768-b47e-ab3f0f41b431,2020,Plymouth Marjon University,P63,10037449,,,,Drake Primary Academy,144385,Primary
4613a6b2-c55b-4656-840a-e5e7a8495d2d,2020,Canterbury Christ Church University,C10,10001143,,,,Drapers Mills Primary Academy,139021,Primary
c94c3da5-21d9-4efc-8b1d-10e85eb88275,2020,York St John University,Y75,10007713,,,,Driffield Church of England Voluntary Controlled Infant School,117974,Primary
86402f7a-871f-4f6a-a1d3-7a42b9b5d56a,2020,The Manchester Metropolitan University,M40,10004180,,,,Driffield School and Sixth Form,143854,Mathematics
987e3811-7566-4b18-9b01-e774b4e01dd8,2020,Sheffield Hallam University,S21,10005790,,,,Dronfield Stonelow Junior School,112698,Primary
a22feef5-62f3-403c-89de-40590a7e6954,2020,University of Winchester,W76,10003614,,,,Droxford Junior School,115881,Primary
f99a2664-e657-4071-9668-7276c1599095,2020,Oxford Brookes University,O66,10004930,,,,Dr South's Church of England Primary School,143888,Primary
137f226a-854e-4b27-bcdc-b16d6537d590,2020,St Mary's University,S64,10007843,,,,Dr Triplett's CofE Primary School,102420,Primary
50c6a71d-9c00-4490-a6ff-8fc338094e2b,2020,University of Sunderland,S84,10007159,,,,Dubmire Primary,143524,Primary
e31a031d-fb75-461c-b327-e10ecfb7b31a,2020,Sheffield Hallam University,S21,10005790,,,,Duckmanton Primary School,112630,Primary
9b21b01e-411c-47b3-98d8-b3ec52325d45,2020,University of Chester,C55,10007848,,,,Duddon St Peter's CofE Primary School,111281,Primary
9b9c1c50-6a8e-4beb-a74b-6a50753514da,2020,Canterbury Christ Church University,C10,10001143,,,,Duke of York's Royal Military School,136177,Mathematics
dc7076d7-eeba-49d4-b718-cfb34879b324,2020,The Manchester Metropolitan University,M40,10004180,,,,Duke Street Nursery School,119066,Primary
b748d73a-a023-46eb-9b04-901560a6a9f8,2020,Edge Hill University,E42,10007823,,,,Duke Street Primary School,119352,Primary
468e8b1e-97d2-4340-9ff3-49f333be5864,2020,University of Gloucestershire,G50,10007145,,,,Dunalley Primary School,115582,Primary
e8380b39-125c-4951-a702-137509e68ea3,2020,Middlesex University,M80,10004351,,,,Duncombe Primary School,100403,Primary
012d29d0-3535-4533-ad52-e7317faa5aeb,2020,St Mary's University,S64,10007843,,,,Durdans Park Primary School,101896,Primary
b55556e3-114a-429e-bd49-644d1238aeb2,2020,University of Sussex,S90,10007806,,,,Durrington Junior School,125952,Primary
2974ab8e-0b4e-443b-bac1-fdb9af515206,2020,The University of Northampton,N38,10007138,,,,Duston Eldean Primary School,121945,Primary
f5865c29-2e29-401e-8358-9be789478cc1,2020,St Mary's University,S64,10007843,,,,Dysart School,142698,Primary
cdc5812c-dbf7-474e-a916-63487bf91a6d,2020,St Mary's University,S64,10007843,,,,E-ACT Crest Academy,135973,Mathematics
b7981dea-ea0a-47ee-b541-a9585fbb28bd,2020,Birmingham City University,B25,10007140,,,,E-ACT Nechells Academy,138396,Primary
91c695eb-1340-4c9d-803c-944c7b492184,2020,Sheffield Hallam University,S21,10005790,,,,E-Act Parkwood Academy,135934,Mathematics
2595bcf1-eaa1-4ef3-aebc-2c87ee2d64c6,2020,Sheffield Hallam University,S21,10005790,,,,E-ACT Pathways Academy,139932,Primary
b4fd82c6-ea2d-4413-8fce-3512b274d774,2020,Birmingham City University,B25,10007140,,,,E-ACT Shenley Academy,135911,Physical education
cc3aef48-2c37-4817-bf7b-ac3cc3f4d6ee,2020,Newman University,N36,10007832,,,,E-ACT Shenley Academy,135911,Biology
6bd8e515-5a91-424a-b30a-08b5100783da,2020,"University of the West of England, Bristol",B80,10007164,,,,E-Act the Dolphin School,138377,Primary
ff0451e4-bac5-4501-bf41-eede1dde282b,2020,University of Greenwich,G70,10007146,,,,Ealdham Primary School,100120,Primary
30cd9234-0290-4c0a-9cb8-65f4a98370fe,2020,University of Cumbria,C99,10007842,,,,Earlham Primary School,145088,Primary
c8999961-8085-4636-b238-9758a51a6f9b,2020,Canterbury Christ Church University,C10,10001143,,,,Earls Colne Primary School and Nursery,115312,Primary
5ff7d9a5-94dc-49dd-bcd3-3703ff3f7fae,2020,Leeds Trinity University,L24,10003863,,,,Earlsheaton Infant School,107607,Primary
18a31357-095c-485f-b808-4ba312c91420,2020,University of Durham,D86,10007143,,,,Easington CofE Primary School,114231,Primary
2fd64f73-f7b6-49dd-b6e3-f14fd19c823b,2020,University of Northumbria at Newcastle,N77,10001282,,,,Easington Lane Primary School,108795,Primary
97bef4ec-2f2b-4ccb-a83e-2488e4fc2b7d,2020,University Of Exeter,E84,10007792,,,,East Anstey Primary School,113146,Primary
10972497-ece4-4a2c-b1c6-36fea4149473,2020,York St John University,Y75,10007713,,,,East Ayton Community Primary School,121377,Primary
e251fa0a-7de8-47c1-9913-ed7828f2a36a,2020,Leeds Trinity University,L24,10003863,,,,East Bierley Church of England Voluntary Controlled Primary School,107719,Primary
e5b29bee-9628-49f4-a28d-bb93681a689d,2020,University of Sunderland,S84,10007159,,,,East Boldon Infants' School,108688,Primary
435cc9c4-510e-4a85-a356-7af5a0e83272,2020,University of Sunderland,S84,10007159,,,,East Boldon Junior School,108692,Primary
e4e4c163-36d3-4cbc-8111-592d4cfb7efe,2020,The University of Brighton,B72,10000886,,,,Eastbourne College,114650,Physical education
58494018-3c9a-4217-9efc-7e1d297ab984,2020,University of Sussex,S90,10007806,,,,Eastbrook Primary Academy,139674,Primary
4d51e364-5ac0-47b1-9d44-332a6826ab2c,2020,University of Sussex,S90,10007806,,,,Eastbrook Primary School,117359,Primary
3cd9a3a7-a3ca-47a0-b094-eec3aae11ecf,2020,University of Sussex,S90,10007806,,,,Eastbrook Primary School,135304,Primary
a92174ac-0822-4633-b1cd-ed1c99a30bdb,2020,University of East London,E28,10007144,,,,Eastbrook School,101243,Religious education
ece1b622-00d5-4f04-ac3c-6359db0bd662,2020,Middlesex University,M80,10004351,,,,Eastbury Community School,101244,Primary
4a943db9-9133-44cb-bc21-01239e813f70,2020,University of East London,E28,10007144,,,,Eastbury Primary School,142699,Primary
601e9408-fb2c-4d35-bacc-a9e370354a8a,2020,University of Durham,D86,10007143,,,,East Cowton Church of England Primary School,144157,Primary
055e272f-4e24-4105-9469-6576d37fb601,2020,Sheffield Hallam University,S21,10005790,,,,East Crompton St James CofE Primary School,105710,Primary
4bae4be4-21cf-4236-bdcb-9d6ea87aaf38,2020,The Manchester Metropolitan University,M40,10004180,,,,East Crompton St James CofE Primary School,105710,Primary
c356b0b3-5773-491f-bb5d-e63040d95705,2020,Sheffield Hallam University,S21,10005790,,,,East Dene Primary,139225,Primary
8d9037c0-18ad-4abd-88a4-b62c08ccb5b9,2020,Lincoln Bishop University,B38,10007811,,,,Eastfield Infants and Nursery Academy,146505,Primary
43c386bb-35c9-4f4b-b1ab-f03075693c1e,2020,Lincoln Bishop University,B38,10007811,,,,Eastfield Primary Academy,139981,Primary
6523529e-6b94-481c-8636-cc9287f3c2f9,2020,University of Hull,H72,10007149,,,,Eastfield Primary Academy,139981,Primary
ed259fc3-0084-4cdf-b2b2-416ec83c9869,2020,University of Wolverhampton,W75,10007166,,,,Eastfield Primary School,104342,Primary
5ebba408-63e9-42fb-a132-bbc01b46e870,2020,Lincoln Bishop University,B38,10007811,,,,Eastgate Academy,140663,Primary
624779eb-73cf-4ae9-b30f-11230ba9a809,2020,The University of Northampton,N38,10007138,,,,East Haddon Church of England Primary School,121969,Primary
db059b96-3b02-4f12-a794-48ccf30dfb9f,2020,The University of Northampton,N38,10007138,,,,East Hunsbury Primary School,145206,Primary
be3b7a21-2492-4a50-bc28-9397e63d0bf2,2020,Loughborough University,L79,10004113,,,,East Leake Academy,138964,Mathematics
2098e8dc-876b-448f-8045-1a9020207113,2020,Canterbury Christ Church University,C10,10001143,,,,Eastling Primary School,118336,Primary
f22cffa3-e3d9-46bb-b90a-22650eddf91b,2020,Lincoln Bishop University,B38,10007811,,,,East Markham Primary School,122638,Primary
c7caccae-f966-46f4-bbe7-0dd93f7df777,2020,Leeds Trinity University,L24,10003863,,,,East Morton CofE Primary School,145072,Primary
deb7197d-76c1-41c9-b86d-f15eeb7f1792,2020,Lincoln Bishop University,B38,10007811,,,,Eastoft Church of England Primary School,118043,Primary
a519d23a-4821-4d23-bee6-473234adb82d,2020,York St John University,Y75,10007713,,,,Eastoft Church of England Primary School,118043,Primary
ab0d8d73-0670-45b5-9e3f-9d02506de779,2020,The University Of East Anglia,E14,10007789,,,,Easton Primary School,141550,Primary
313892f2-32dd-4488-8c75-de5b24a7dc2f,2020,University Of Plymouth,P60,10007801,,,,Eastover Primary School,123679,Primary
65f5245a-c1a5-4220-a3db-30485ad3d1a1,2020,University of Hull,H72,10007149,,,,East Park Primary School,147259,Primary
bd0ffce9-1ad6-40ef-9345-b5cfe0a0aea3,2020,Liverpool Hope University,L46,10003956,,,,East Prescot Road Nursery School,104504,Primary
e26b24d0-0245-4972-aa7a-bec3513e1812,2020,University of Chichester,C58,10007137,,,,East Preston Junior School,144244,Primary
23a0901d-f8a4-4b9a-bb66-f75c5a12ae57,2020,University of Hull,H72,10007149,,,,Eastrington Primary School,117841,Primary
7af7647c-7647-4d7c-b61b-464b6b41bb57,2020,York St John University,Y75,10007713,,,,Eastrington Primary School,117841,Primary
5b8e0fa6-1273-4980-8319-73d363d158d4,2020,The University Of East Anglia,E14,10007789,,,,East Ruston Infant School & Nursery,147322,Primary
e4814f76-9bc4-4f33-8447-1711f96d7c28,2020,University of Durham,D86,10007143,,,,East Stanley School,114026,Primary
e7a14670-ff48-4cd6-8725-9eb059da86c1,2020,University of Sunderland,S84,10007159,,,,East Stanley School,148467,Primary
98f37dd8-12e0-470e-956a-7df5179e00bf,2020,Canterbury Christ Church University,C10,10001143,,,,East Stour Primary School,148991,Primary
c74cd8ef-a61d-40ae-981b-444788f0dbb6,2020,Liverpool Hope University,L46,10003956,,,,Eastway Primary School,105001,Primary
aebcb6f8-52f9-4702-9c9e-3200fdcf94db,2020,University of Chichester,C58,10007137,,,,East Wittering Community Primary School,125829,Primary
84f6d1d0-e721-4fc6-be6c-6e0040248c0a,2020,Leeds Beckett University,L27,10003861,,,,Eastwood Community School,146223,Primary
7e711c82-8af9-4e15-9811-4f38390a0ebe,2020,Edge Hill University,E42,10007823,,,,Eatock Primary School,105202,Primary
1d5e62bd-862b-440d-8355-887202ae13c6,2020,University of Chester,C55,10007848,,,,Eaton Primary School,147638,Primary
0521baac-35a3-4cfc-bb8f-429a4bf86d9b,2020,Edge Hill University,E42,10007823,,,,Eaves Primary School,104770,Primary
18213b2c-73aa-4653-a90f-5e66c3e9af0c,2020,Leeds Beckett University,L27,10003861,,,,Ebor Gardens Primary Academy,142629,Primary
66db90a5-e026-4067-8ddb-5f6b7e864692,2020,Sheffield Hallam University,S21,10005790,,,,Ecclesall Primary School,107025,Primary
887da7f4-6444-4bfe-a5be-6c89f4f4fcd3,2020,University of Derby,D39,10007851,,,,Ecclesall Primary School,107025,Primary
c96f1b89-483d-495d-a391-6c2f5041c9bd,2020,Edge Hill University,E42,10007823,,,,Eccleston Mere Primary School,104783,Primary
46878cdc-00a0-4188-be04-b540390c30c8,2020,University of Worcester,W80,10007139,,,,Eckington CofE First School,116806,Primary
23b04d3d-2047-47b8-916c-0e1f368a55be,2020,Sheffield Hallam University,S21,10005790,,,,Eckington Junior School,144293,Primary
40d7bbf5-2134-48e4-a910-ff3cc16d0127,2020,Sheffield Hallam University,S21,10005790,,,,Eckington School,145521,Chemistry
3fe02359-fff8-4dfc-85b4-92a34b7cb3c1,2020,Sheffield Hallam University,S21,10005790,,,,Eckington School,149825,Chemistry
0a1dcf1c-2022-43ad-a203-a4532b621324,2020,Edge Hill University,E42,10007823,,,,Edenfield Church of England Primary School,119385,Primary
e78e9cdc-5ece-437d-82ef-052087092f79,2020,University of Wolverhampton,W75,10007166,,,,Edgar Stammers Primary Academy,139610,Primary
548ee068-90bc-4f3c-a41d-f18af9933492,2020,The Manchester Metropolitan University,M40,10004180,,,,Edisford Primary School,119275,Primary
6a1592d8-8de8-4dbe-8a53-4132ca9fb0af,2020,Coventry University,C85,10001726,,,,Edison Primary School,142889,Primary
1b38dcf3-6e4e-4c7c-81e1-0cf2a7059966,2020,St Mary's University,S64,10007843,,,,Edison Primary School,142889,Primary
5c6e0ece-713d-427b-8989-98673cf3655e,2020,The University Of East Anglia,E14,10007789,,,,Edith Cavell Academy and Nursery,140990,Modern languages
71b22a17-0786-4905-9f84-f4d4bcdd3e8e,2020,The University Of East Anglia,E14,10007789,,,,Edith Cavell Academy and Nursery,140990,Primary
8dd12f56-743e-4504-a3db-9b15e3363c3f,2020,University of Chester,C55,10007848,,,,Edleston Primary School,111170,Primary
784e2059-13b1-48fa-b69a-c31d0471a26d,2020,Lincoln Bishop University,B38,10007811,,,,Edlington Victoria Academy,144347,Primary
cb261159-18aa-4882-a968-5d7c33cc6b7c,2020,Sheffield Hallam University,S21,10005790,,,,Edlington Victoria Academy,144347,Primary
6d2262b6-de92-439e-8c5c-3e080d45c806,2020,York St John University,Y75,10007713,,,,Edlington Victoria Academy,144347,Primary
440b0bca-d568-4dc7-8170-d6689feee57b,2020,University of Sunderland,S84,10007159,,,,Edmondsley Primary School,114001,Primary
753c04b6-0242-4458-854c-644c62fe8559,2020,Middlesex University,M80,10004351,,,,Edmonton County School,143197,Primary
5977e753-8e15-4c60-a75a-3569f3933ce5,2020,University of Chichester,C58,10007137,,,,Edward Bryant School,137980,Primary
371ff7c9-9bba-4fc4-b28a-04a674647c6d,2020,Canterbury Christ Church University,C10,10001143,,,,Edwards Hall Primary School,148825,Primary
29189de3-7f26-42ea-a0aa-613b2275b172,2020,Plymouth Marjon University,P63,10037449,,,,Eggbuckland Community College,140104,Physical education
493cd5a3-f452-437b-b145-c1e191549360,2020,York St John University,Y75,10007713,,,,Egglescliffe Church of England Primary School,144936,Primary
b0085865-55f7-49fa-ab33-dcbe55fffe74,2020,University of Greenwich,G70,10007146,,,,Eglinton Primary School,132827,Primary
5e9bf5db-04bf-4a63-8cb6-2b08dfa36660,2020,University Of Plymouth,P60,10007801,,,,Egloskerry Primary School,144895,Primary
69091f69-d00d-432e-b8e1-d6d51b1c2499,2020,University of Chester,C55,10007848,,,,Egremont Primary School,143502,Primary
b8236104-1556-4027-a075-107518bb0ab5,2020,York St John University,Y75,10007713,,,,Egton Church of England Voluntary Aided Primary School,121610,Primary
10080359-096d-4a4f-9fe0-0349330ec074,2020,University of Greenwich,G70,10007146,,,,Elaine Primary School,145926,Primary
38940e9d-a2d9-41c1-b9f3-0d31ad1f4c9e,2020,University of Winchester,W76,10003614,,,,Elburton Primary School,138310,Primary
7d9c94ad-8a92-4a8b-b1a9-23c3ff0f5776,2020,University of Northumbria at Newcastle,N77,10001282,,,,Eldon Grove Academy,139851,Primary
ff0abcfa-5590-4db6-baaa-c7bc05fc8cbc,2020,The Manchester Metropolitan University,M40,10004180,,,,Eldon Primary School,119229,Primary
523aeade-1fdd-47a6-94fb-aae479d5e324,2020,University of Cumbria,C99,10007842,,,,Eldon Primary School,119229,Primary
01949982-8b36-4c31-91f3-931df29f68eb,2020,University of Chichester,C58,10007137,,,,Eling Infant School and Nursery,115955,Primary
4a87ca59-cffb-482f-aa27-416a214dccf0,2020,Edge Hill University,E42,10007823,,,,Ellel St John the Evangelist Church of England Primary School,119527,Primary
fca2bf9a-30dd-4249-a003-41e4faecc7a6,2020,University of Cumbria,C99,10007842,,,,Ellel St John the Evangelist Church of England Primary School,119527,Primary
5febb56f-05d9-41e9-87ef-e1f8866f3db6,2020,Edge Hill University,E42,10007823,,,,Elleray Park School,105132,Primary
de260e9c-052d-49e7-998a-3f7514c5ed05,2020,University of Chester,C55,10007848,,,,"Ellesmere Port Catholic High School, a Voluntary Academy",149631,Physics
774f172c-aaf4-456e-9ff3-c39327c3fb63,2020,University of Chester,C55,10007848,,,,Ellesmere Port Christ Church CofE Primary School,111351,Primary
d88eb691-c48b-43e1-a519-7d3970eb1412,2020,University of Chester,C55,10007848,,,,Ellesmere Primary School,143326,Primary
46666b16-e72f-4599-98a7-205435b135ef,2020,The University Of East Anglia,E14,10007789,,,,Ellingham VC Primary School,121035,Primary
d81db2c4-d3d2-4367-b6ed-3a9419e55c67,2020,Canterbury Christ Church University,C10,10001143,,,,Ellington Infant School,118414,Primary
332d1744-2b0d-4279-8777-5517cb9daf76,2020,Keele and North Staffordshire Teacher Education,24J,10060817,Blackfriars Academy,141448,school,Ellison Primary Academy,142984,Primary
51cea2b4-b420-46f9-9f02-9c2054758433,2020,Lincoln Bishop University,B38,10007811,,,,Elliston Primary Academy,141773,Primary
cbf1db84-6a69-41b1-9da7-beea4dad80c6,2020,Sheffield Hallam University,S21,10005790,,,,Elliston Primary Academy,141773,Primary
02f8f515-3e5a-4784-adfe-57c048ce7495,2020,University of Derby,D39,10007851,,,,Ellistown Community Primary School,119914,Primary
ed976a77-1449-4408-83a0-4260c69f0b25,2020,University of Wolverhampton,W75,10007166,,,,Ellowes Hall Sports College,141570,Primary
b5d093aa-0b77-4bb5-95d3-bf69079769a9,2020,University of Winchester,W76,10003614,,,,Elm Academy,138990,Primary
296a63e2-9860-4ced-b52f-5f38a77bff7a,2020,University of Gloucestershire,G50,10007145,,,,Elmbridge Primary School,115487,Primary
8ea95f5b-b21a-4180-ac41-14cc080d7e75,2020,The University of Brighton,B72,10000886,,,,Elm Grove Primary School,114477,Primary
0d7c6f35-462f-4731-b0c9-5163822461bb,2020,Edge Hill University,E42,10007823,,,,Elm Hall Primary School,146695,Primary
5aba1998-3131-4f68-a5d1-95e50bfd416c,2020,"University of the West of England, Bristol",B80,10007164,,,,Elmlea Infant School,147476,Primary
a3ba3672-db5c-478f-90e3-823625dc4d52,2020,Bradford College,B60,10000840,,,,Elmore Green Primary School,104153,Primary
646bba8e-0997-4abf-915a-ffd57d8cd0cf,2020,The Manchester Metropolitan University,M40,10004180,Christ Church CofE Primary School,144408,school,Elms Bank,146891,Biology
1cefede6-530b-4ddb-83f9-30ed17267748,2020,Birmingham City University,B25,10007140,,,,Elms Farm Community Primary School,103381,Primary
f5ae363a-0c8c-488f-a120-a10e5eaeac97,2020,Canterbury Christ Church University,C10,10001143,,,,Elms School,119046,Primary
e1354f3a-4d19-4a4d-840c-2f6e184d29a7,2020,University of Greenwich,G70,10007146,,,,Elmstead Wood Primary School,140533,Primary
c0060e87-cf78-4c62-9c3f-e1126a041678,2020,Roehampton University,R48,10007776,,,,Elmwood Junior School,101720,Primary
a734c0d3-016c-49fc-8a05-acabb77f29e9,2020,Edge Hill University,E42,10007823,,,,Elmwood Primary School,115240,Primary
efe2ad66-3987-4943-b17c-4a03d57d6453,2020,Edge Hill University,E42,10007823,,,,Elm Wood Primary School,105791,Primary
bd6a406c-d5ef-4646-bc12-448922003026,2020,Sheffield Hallam University,S21,10005790,,,,Elm Wood Primary School,105791,Primary
e0f5df29-ff4d-4b58-8752-fc729fe8f7f6,2020,University of Wolverhampton,W75,10007166,,,,Elmwood School,135461,Primary
51ff4213-cc56-4032-b138-e5cadc0a2b6f,2020,St Mary's University,S64,10007843,,,,Elsenham Church of England Voluntary Controlled Primary School,115129,Primary
30cdad85-9e0a-493a-a275-c7bd09d2d4f3,2020,University College London,U80,10007784,,,,Elsley Primary School,101519,Primary
fcd7ca28-1abb-4bd5-9346-48e19d5c9a64,2020,University of Winchester,W76,10003614,,,,Elson Infant School,116163,Primary
8287b223-558f-4f52-85a4-507b839cd657,2020,University of Wolverhampton,W75,10007166,St John's Church of England Primary School,104228,school,Elston Hall Primary School,142349,Primary
23db7952-40b4-41ef-961c-0028f7d1339e,2020,University of Wolverhampton,W75,10007166,,,,Elston Hall Primary School,142349,Primary
cfc0972e-af27-4fa0-84a1-bddb18945b9a,2020,Coventry University,C85,10001726,,,,Elstree Screen Arts Academy,139416,English
c9ef872b-49dd-42d9-9bf6-f5dc7f59311f,2020,University of Greenwich,G70,10007146,,,,Eltham Church of England Primary School,100167,Primary
ec7bde24-385c-488d-9ef4-c489bc602446,2020,"Goldsmiths, University of London",G56,10002718,,,,Eltham Hill School,100182,Design and technology
86f2b4db-75c9-41ba-9fe4-fcfeb305fdf4,2020,The Manchester Metropolitan University,M40,10004180,,,,Elton Community Primary School,141167,Mathematics
e28afbdf-5d26-4bd1-953b-0979f97e3a71,2020,The Manchester Metropolitan University,M40,10004180,,,,Elton Community Primary School,141167,Primary
50acc468-f05d-41bb-92bb-730380c3aa1d,2020,The University Of East Anglia,E14,10007789,,,,Elveden Church of England Primary Academy,139149,Primary
eaa4dd81-aa1a-43ec-858a-28611ca33935,2020,University of Northumbria at Newcastle,N77,10001282,,,,Embleton Vincent Edwards Church of England Primary School,122290,Primary
862090d3-c24e-4620-9a6e-ccc80e2aea5b,2020,York St John University,Y75,10007713,,,,Emley First School,107651,Primary
934541e3-1025-41af-ac6b-3e60c1e41961,2020,University of Derby,D39,10007851,,,,Emmanuel School (Derby) Limited,113024,Primary
5cd0c352-79be-4b2e-b58c-f75fb25cdb96,2020,Sheffield Hallam University,S21,10005790,,,,Emmaus Catholic and CofE Primary School,140826,Primary
36c120e0-f9ac-4b2a-93e7-34e544c6e043,2020,Liverpool Hope University,L46,10003956,,,,Emmaus Church of England and Catholic Primary School,131105,Primary
a537d405-eea0-4993-92b6-26088b9bce88,2020,University of Northumbria at Newcastle,N77,10001282,,,,Emmaville Primary School,108339,Primary
b585ebbe-6c9c-437f-b9f6-0bdfb10be7be,2020,University of Sunderland,S84,10007159,,,,Emmaville Primary School,108339,Primary
c1f13243-76ae-4716-8885-6f677b91b4c8,2020,University of Reading,R12,10007802,,,,Emmbrook Junior School,109863,Primary
a1aef85a-000b-4a06-8223-478ae973d303,2020,University of Reading,R12,10007802,,,,Emmer Green Primary School,109794,Primary
f7500df4-d38f-43fd-82b8-a8128aad536a,2020,The Manchester Metropolitan University,M40,10004180,,,,Endeavour Primary Academy,143495,Primary
0c989674-cbcc-4481-8ba2-3545989eff4f,2020,Bath Spa University,B20,10000571,,,,Endeavour Primary School,135887,Early years ITT
eb1c1b86-1475-43d2-b50d-8ff32acb9185,2020,York St John University,Y75,10007713,St Hugh's Special School,118146,school,Enderby Road Infant School,117768,Primary
cb9856ed-ad04-4b09-bbb3-5874cf3336e9,2020,Edge Hill University,E42,10007823,,,,Energy Coast UTC,140600,English
a55660c5-9549-42d4-8f9f-2208e01926f4,2020,Edge Hill University,E42,10007823,,,,Energy Coast UTC,140600,Mathematics
f72761c7-bf8f-4da2-95aa-ef640f27272f,2020,Lincoln Bishop University,B38,10007811,,,,Enfield Academy of New Waltham,142269,Primary
cd7d2de5-eb74-4e3e-b780-b1d0c35809f4,2020,University of East London,E28,10007144,,,,Enfield Heights Academy,138381,Primary
90b1eec1-9cf9-4bc1-991a-18c1c7a9679d,2020,University of Reading,R12,10007802,,,,Englefield C.E. Primary School,110011,Primary
86bce4f3-cdd8-4f8b-a269-456b6fd7cf61,2020,Birmingham City University,B25,10007140,,,,English Martyrs' Catholic Primary School,103425,Primary
3f3a2a19-69e7-43cf-b229-8929cd97d647,2020,Liverpool Hope University,L46,10003956,,,,English Martyrs' Catholic Primary School,104931,Primary
aabb8083-e7a4-487e-bd81-344b469ccbac,2020,University of Reading,R12,10007802,English Martyrs' Catholic Primary School,110004,school,English Martyrs' Catholic Primary School,110004,Primary
83af182a-b00f-4041-a97b-3b3689b1e001,2020,University of Chichester,C58,10007137,,,,"English Martyrs Catholic Primary School, Worthing",126051,Primary
7b7d88b4-ff4c-41c6-a5db-33636212dd6a,2020,Bradford College,B60,10000840,,,,English Martyrs' Roman Catholic Primary School,100824,Primary
e895b32e-2a4e-4a01-a128-bd7757868450,2020,Bradford College,B60,10000840,,,,Enterprise Learning Alliance,135466,Mathematics
ee0ff7da-eb65-4321-84d2-a32a65d8d42e,2020,University of Reading,R12,10007802,,,,E P Collier Primary School,109780,Primary
358b9837-d160-4680-8423-7c0f12aa0957,2020,University of Sunderland,S84,10007159,,,,Eppleton Academy Primary School,138213,Primary
5762c7d2-2c28-4205-9e1d-d7ca5d874853,2020,Roehampton University,R48,10007776,,,,Epsom Downs Community School & Early Years Centres,125127,Primary
56f43028-5745-4b71-a688-acee398f46e2,2020,University of Wolverhampton,W75,10007166,,,,Erasmus Darwin Academy,136886,Primary
1125ecf9-06d2-44ac-9194-160f85e753a1,2020,Birmingham City University,B25,10007140,,,,Ercall Wood Academy,145707,Physical education
639d9b0f-a7e1-4c53-af2b-136c75814311,2020,University of Wolverhampton,W75,10007166,,,,Erdington Academy,143413,English
9325111f-55cc-4245-b9c4-ab486fbf44bd,2020,Birmingham City University,B25,10007140,,,,Erdington Hall Primary School,138194,Primary
a796c342-4daf-4682-ba19-1355c00e5e35,2020,Lincoln Bishop University,B38,10007811,,,,Ermine Primary Academy,147530,Primary
abff2867-de1a-4628-89a1-290c19517835,2020,Plymouth Marjon University,P63,10037449,,,,Ernesettle Community School,142545,Early years ITT
c3c04d1a-c8a7-4f5b-98c1-cbc0d9b5093c,2020,Plymouth Marjon University,P63,10037449,,,,Ernesettle Community School,142545,Primary
e8fbf663-ccfe-4bc6-bc4d-85c61fb6624f,2020,University Of Plymouth,P60,10007801,,,,Ernesettle Community School,142545,Primary
93e9f20c-3eba-4605-861b-ff14d92aacaf,2020,Birmingham City University,B25,10007140,,,,Ernesford Grange Community Academy,140366,Biology
55526585-561e-4e17-8513-e4ca280b7610,2020,Birmingham City University,B25,10007140,,,,Ernesford Grange Community Academy,140366,Physical education
8f9a3713-02ac-4a0f-91e9-919ddb6e4c88,2020,Coventry University,C85,10001726,,,,Ernesford Grange Community Academy,140366,Physical education
c8ef79c7-8fe5-4d69-9602-c35f968503b8,2020,Coventry University,C85,10001726,,,,Ernesford Grange Primary School,103658,Primary
6b636f71-0031-4e50-8df2-e3209bb172fb,2020,York St John University,Y75,10007713,,,,Errington Primary School,111655,Primary
62cead2e-f077-4cb0-89b2-9e7d3c9b89c6,2020,York St John University,Y75,10007713,,,,Errington Primary School,146486,Primary
bdd40576-8838-4c20-8f99-8673fd39f263,2020,University of Chichester,C58,10007137,,,,Esher Church of England High School,140650,Physical education
e8c0a71e-8e16-4e49-821e-378bef1e348e,2020,St Mary's University,S64,10007843,,,,Esher Church School,141733,Primary
b6b7d657-84c9-44bd-b8a3-c73349b90cd6,2020,The Manchester Metropolitan University,M40,10004180,,,,Essa Academy,135770,English
15cb7eb2-a5ac-4486-ab6b-4759ec36a929,2020,Edge Hill University,E42,10007823,,,,Essa Primary Academy,140973,Primary
8fce83ae-33fb-4f3d-aaae-eee7d42e3593,2020,The Manchester Metropolitan University,M40,10004180,,,,Etchells Primary School,106045,Primary
88b5475e-c496-4969-8e0f-6c9aa4bdacd4,2020,Staffordshire University,S72,10006299,,,,Etching Hill CofE Primary Academy,147424,Primary
32ba162e-b2b1-4d7e-901c-4386a638b2ed,2020,University of Derby,D39,10007851,,,,Etching Hill CofE Primary Academy,147424,Primary
4ea6fa31-29b9-4826-9f23-c0deec6086a3,2020,Birmingham City University,B25,10007140,,,,Etone College,137771,Physical education
5815de41-0901-4487-8eb7-477c72314082,2020,Roehampton University,R48,10007776,,,,Eton Wick CofE First School,109996,Primary
0a074e04-057a-4a2d-adca-1fe323cd4033,2020,University of Derby,D39,10007851,,,,Etwall Primary School,112549,Primary
5c1b6a7c-6cdc-4540-a06b-474b6b3d36df,2020,Middlesex University,M80,10004351,,,,Etz Chaim Jewish Primary School,136938,Primary
021808c3-8216-4730-aeec-7c9bffc93770,2020,Edge Hill University,E42,10007823,,,,Evelyn Community Primary School,104446,Primary
5a0f2e4f-4787-45d9-8b85-300941bba574,2020,Liverpool Hope University,L46,10003956,Evelyn Street Primary Academy and Nursery,143064,school,Evelyn Street Primary Academy and Nursery,143064,Primary
e7658342-7bb5-4a9b-bb7b-c3d56fbd2624,2020,University of Reading,R12,10007802,,,,Evendons Primary School,140953,Primary
47e2b750-f471-4e21-9097-3e80ef133631,2020,University of Winchester,W76,10003614,,,,Even Swindon Primary School,126213,Primary
d60e92b7-fe53-4bc9-802c-183fdbc47ecb,2020,Bath Spa University,B20,10000571,,,,Evercreech Church of England Primary School,123755,Early years ITT
9d9e26a6-8546-414c-a640-64bed0da0f92,2020,The University of Brighton,B72,10000886,,,,Everest Community Academy,145125,Physical education
22f75148-9339-4fa9-925d-7c8cb1f55768,2020,Edge Hill University,E42,10007823,,,,Everton Free School & Football College,138379,English
28eaf01e-c928-4b11-815d-5a31e2a3229e,2020,Edge Hill University,E42,10007823,,,,Everton Free School & Football College,138379,Mathematics
e3241f71-bb0d-41ce-9a7e-ba69da78ddc4,2020,Liverpool Hope University,L46,10003956,,,,Everton Nursery School and Family Centre,104505,Primary
4e6b3a8b-974c-44de-9772-8761fbc3812c,2020,University of Cumbria,C99,10007842,,,,Ewanrigg Junior School,112136,Primary
25edb65e-14f1-4e24-baf1-daa9785b2841,2020,Roehampton University,R48,10007776,,,,Ewell Grove Primary and Nursery School,124955,Primary
c96a91cf-75b1-4cb5-b4be-06c61122fb62,2020,St Mary's University,S64,10007843,,,,Ewell Grove Primary and Nursery School,124955,Primary
9995ec7e-1102-4a87-a3cd-3ce364391b46,2020,University of Chester,C55,10007848,,,,Ewloe Green C.P. School,400320,Primary
b9e8a955-3e6c-47e8-b06d-adc916cdac14,2020,The University of Northampton,N38,10007138,,,,Exning Primary School,124544,Primary
7a85bc5a-043f-4f37-a781-259032bf9062,2020,Sheffield Hallam University,S21,10005790,,,,Eyam CofE Primary School,112816,Primary
ff330913-1c43-46ce-91ab-bc9eac5e7e86,2020,Oxford Brookes University,O66,10004930,,,,Eynsham Community Primary School,140827,Primary
a18e382d-5c31-4fd2-a370-6111600d8fc0,2020,Lincoln Bishop University,B38,10007811,,,,Eyrescroft Primary School,142397,Primary
20426fd3-07cf-41d7-b570-c267bd9f813d,2020,Canterbury Christ Church University,C10,10001143,,,,Eythorne Elvington Community Primary School,118399,Mathematics
81c69fab-2b02-4240-b425-bd14725dc3e1,2020,Bath Spa University,B20,10000571,,,,Fairfield High School,140868,Mathematics
9dfe5bdc-40d9-4d19-90e6-2bdef66c856f,2020,Liverpool Hope University,L46,10003956,,,,Fairfield Primary School,111197,Primary
d69e8030-7a3a-4dab-9267-fb2c3487abdc,2020,University of Cumbria,C99,10007842,,,,Fairfield Primary School,142196,Primary
ec910ea9-4ba4-4d8f-9950-a0f506387022,2020,University of Sunderland,S84,10007159,,,,Fairfield Primary School,134621,Primary
0b6b994a-2ca6-4c6e-a9aa-264e7cf37b9a,2020,York St John University,Y75,10007713,,,,Fairfield Primary School,134621,Primary
ca45aa13-049c-4317-a763-4c6c5fb4d27e,2020,University of Derby,D39,10007851,,,,Fairfield Spencer Academy,140071,Primary
65dbd8cd-6fd1-4779-b291-3689ed1fbdf9,2020,University of Winchester,W76,10003614,,,,Fairfields Primary School,116232,Primary
fe10c4d5-05a0-4b96-a392-4ccbc0f1316f,2020,University of Gloucestershire,G50,10007145,,,,Fairford Church of England Primary School,115622,Primary
31ec2e2c-0b24-4f3e-a489-54ee7ee1895d,2020,Birmingham City University,B25,10007140,,,,Fairhaven Primary School,149822,Primary
072e40d1-8043-435a-abab-2d133734dcf3,2020,University of Worcester,W80,10007139,,,,Fairhaven Primary School,103786,Primary
d5a28966-0aa1-4496-ace3-da60e4d4bc47,2020,University of Hertfordshire,H36,10007147,,,,Fairlands Primary School,143785,Primary
82f3c0c2-7a91-4d9e-83bd-a70068e89285,2020,The University of Brighton,B72,10000886,,,,Fairlight Primary School,114487,Primary
1cc3fe28-3bda-49da-b9f0-28981f9293d0,2020,University of Derby,D39,10007851,,,,Fairmeadows Foundation Primary School,112982,Primary
7c4f2e7b-66f8-4b5f-96ef-788417e996ce,2020,University of Winchester,W76,10003614,,,,Fair Oak Infant School,115891,Primary
6d1c603b-d20d-493e-a304-5314bd55a057,2020,University of Winchester,W76,10003614,,,,Fair Oak Junior School,115997,Primary
cb2f3ce1-8569-4b9a-a19b-0d08960d160a,2020,The University Of East Anglia,E14,10007789,,,,Fairstead Community Primary and Nursery School,120906,Primary
3f644333-8293-48da-9f4b-d1c97c8ffb4b,2020,Newman University,N36,10007832,,,,Fairway Primary Academy,139484,Primary
1bf9c9e2-86da-48af-b2aa-6dc3859fa84e,2020,University of Wolverhampton,W75,10007166,,,,Fairway Primary Academy,139484,Primary
f98e5bbe-3337-4b88-84b9-3f52f1c64b12,2020,Middlesex University,M80,10004351,,,,Fairway Primary School and Children's Centre,101278,Primary
206438a7-1858-4d88-a0de-b32b460de2c3,2020,Liverpool Hope University,L46,10003956,,,,Faith Primary School,134723,Primary
d4cd7f89-7fe4-45f9-981d-43977330cf50,2020,Liverpool John Moores University,L51,10003957,,,,Faith Primary School,134723,Primary
e12698fb-0f44-4304-871e-5aad12ae8698,2020,The University Of East Anglia,E14,10007789,,,,Fakenham Academy,139572,Biology
684621e2-9612-4ca9-9913-4289861e8c66,2020,The University Of East Anglia,E14,10007789,,,,Fakenham Academy,139572,Modern languages
a2342b8f-4156-49dd-bb7d-eee83116afe6,2020,The University of Northampton,N38,10007138,,,,Falconer's Hill Academy,140829,Primary
a13b8e41-f8dc-4ae0-b0cc-d7a2489c0d81,2020,The University Of East Anglia,E14,10007789,,,,Falcon Junior School,120913,Primary
80d0c47c-1e14-42fc-9d4d-bcb3147c99ab,2020,The Manchester Metropolitan University,M40,10004180,,,,Falinge Park High School,105837,Mathematics
35d5a9b5-b48c-4715-b26a-748dacc93462,2020,University of Reading,R12,10007802,,,,Falkland Primary School,109871,Primary
356901bf-4078-498b-8a1d-2d6b536f20d2,2020,University of Northumbria at Newcastle,N77,10001282,,,,Falla Park Community Primary School,108358,Primary
c37ecc81-3a8b-4874-bced-9d25d0ad8ae5,2020,University of Wolverhampton,W75,10007166,,,,Fallings Park Primary School,104294,Primary
5e5d5195-4df2-4cce-a174-6d246d4f22ad,2020,Leeds Trinity University,L24,10003863,,,,Farfield Primary and Nursery School,107238,Primary
95dcc7d8-c239-4a72-a186-47b1e8272f5c,2020,University of Hertfordshire,H36,10007147,,,,Farley Junior Academy,148297,Primary
4f085a82-2842-4db0-99dc-5564b3e94104,2020,The University Of East Anglia,E14,10007789,Kesgrave High School,136969,school,Farlingaye High School,136834,Biology
082a395b-ad57-4541-b923-1012b60a25f4,2020,The University Of East Anglia,E14,10007789,,,,Farlingaye High School,136834,English
097051fa-934e-4cdc-b0de-30f4e0e038fa,2020,The University Of East Anglia,E14,10007789,,,,Farlingaye High School,136834,Geography
d64b94f4-35bb-440e-9bca-f1fa4b1afda9,2020,University of Bedfordshire,B22,10007152,,,,Farlingaye High School,136834,Physical education
58f684d7-7085-4aa3-b29d-7056c6bef99a,2020,The University of Portsmouth,P80,10007155,,,,Farnborough Hill,116517,Modern languages
d8b87adf-d1dc-40fa-a5e4-43e49b2df94d,2020,University of Sunderland,S84,10007159,,,,Farne Primary School,143272,Primary
8651c500-e506-40ab-92c8-fb1156864ea1,2020,Nottingham Trent University,N91,10004797,,,,Farnsfield St Michael's Church of England Primary School,145640,Primary
0386dd51-224c-4543-b99c-0b4290640e6b,2020,University of Chester,C55,10007848,,,,Farnworth Church of England Controlled Primary School,111394,Primary
5c67ab2f-965a-47ba-b5c6-24f4679e1841,2020,University of Sunderland,S84,10007159,,,,Farringdon Community Academy,139852,Physical education
d120db09-986c-4a8a-98a5-cd918ca54883,2020,Leeds Trinity University,L24,10003863,,,,Farsley Farfield Primary School,107981,Primary
ab38e2e6-9597-48e8-acd1-d6e8872b3ad6,2020,Coventry University,C85,10001726,,,,Fawcett Primary School,110766,Primary
0565162b-bc0e-4b03-8cb3-d84c91d2f1a9,2020,University of Winchester,W76,10003614,,,,Fawley Infant School,141473,Primary
1129da34-1494-44d4-8b73-9d4f3647b3c0,2020,Liverpool Hope University,L46,10003956,,,,Fazakerley Primary School,131818,Primary
534f551a-82c9-47d8-ab21-12e4b179ed3a,2020,Leeds Trinity University,L24,10003863,,,,Fearnville Primary School,146435,Primary
eba5b84d-eb21-4a7c-b847-8c5a527f2f47,2020,Canterbury Christ Church University,C10,10001143,,,,Featherby Infant and Nursery School,145042,Primary
7d75e662-489a-4985-b588-53d842b34ec2,2020,University of Wolverhampton,W75,10007166,,,,Featherstone Academy,141278,Primary
50f63979-ab47-443a-ab12-7582a55e9e55,2020,Leeds Trinity University,L24,10003863,,,,Featherstone Girnhill Infant School,144573,Primary
f2f0468b-1602-4f02-940e-a09474822056,2020,Leeds Beckett University,L27,10003861,,,,Featherstone North Featherstone Junior and Infant School,108206,Primary
781050e4-1308-4b8d-9d39-8ae0c41b9fe7,2020,Lincoln Bishop University,B38,10007811,,,,Featherstone North Featherstone Junior and Infant School,108206,Primary
8ace1336-d7fe-49be-9c0c-62cd8d31f359,2020,Roehampton University,R48,10007776,,,,Featherstone Primary and Nursery School,101910,Primary
b9d9ad96-79c3-47b0-a324-adbf5e7d31e7,2020,University of Huddersfield,H60,10007148,,,,Featherstone Purston Infant School,108200,Primary
732d1469-faf3-4f12-97d2-576dae95a8c1,2020,York St John University,Y75,10007713,,,,Featherstone Purston Infant School,108200,Primary
9923b04d-7351-474a-9001-506dad91e6db,2020,University of Hertfordshire,H36,10007147,,,,Featherstone Wood Primary School,131505,Primary
c6aee7a6-236f-4208-b179-d190261e0e46,2020,University of Sunderland,S84,10007159,,,,Fell Dyke Community Primary School,108379,Primary
e5790d9a-2f4c-4d95-87cc-25645343ba4a,2020,University of Chichester,C58,10007137,,,,Felpham Community College,126080,Chemistry
04bf3d4a-831e-4114-8767-7d9a9a62637b,2020,University of Chichester,C58,10007137,,,,Felpham Community College,126080,Mathematics
56fea2f0-1c35-4c11-9f2f-6b5e1067b85c,2020,University of Chichester,C58,10007137,,,,Felpham Community College,126080,Physical education
96c4960c-8171-401f-98ef-a2b30024d222,2020,St Mary's University,S64,10007843,,,,Feltham Hill Infant and Nursery School,102484,Primary
a7236d7b-5790-4435-bb7a-d41233677351,2020,University of Durham,D86,10007143,,,,Fens Primary School,111600,Primary
73dd250a-37de-4e3f-a1db-bb5c0133cd48,2020,"University of the West of England, Bristol",B80,10007164,,,,Ferndale Primary School & Nursery,142546,Primary
bb8499b6-1c98-4f04-a56e-8b2b378f73e4,2020,University of Chichester,C58,10007137,,,,Fernhurst Junior School,116221,Primary
a7ae3dc5-2fec-4687-b677-5b98e600b0e6,2020,University of Hertfordshire,H36,10007147,,,,Ferrars Junior School,109540,Primary
17031ea8-30de-44e7-a428-912874b72095,2020,St Mary's University,S64,10007843,,,,Fetcham Village Infant School,124983,Primary
acf534ed-260d-499a-b484-326b52987875,2020,Leeds Beckett University,L27,10003861,,,,Feversham Girls' Secondary Academy,136962,English
d4cc6b24-ee17-4a4c-bad5-a01bdd55a0c3,2020,Leeds Beckett University,L27,10003861,,,,Feversham Girls' Secondary Academy,136962,Primary
4abf6410-dcb3-4cf1-a3bc-8ce8ea11ac81,2020,Newman University,N36,10007832,,,,Fibbersley Park Academy,143417,Primary
bcaf0f04-d631-4078-95d1-d6f66675d871,2020,University of Wolverhampton,W75,10007166,,,,Fibbersley Park Academy,143417,Primary
bb4852dc-c374-4307-b074-d20bb287756f,2020,University of Gloucestershire,G50,10007145,,,,Field Court Church of England Infant Academy,137477,Primary
ebc4668b-482e-4086-a07f-e1ec68ccf5c7,2020,York St John University,Y75,10007713,,,,Fieldhead Carr Primary School,107945,Primary
a8825f94-fa15-446e-87ea-f172de8c7a4f,2020,University of Huddersfield,H60,10007148,,,,Fieldhead Primary Academy,139357,Primary
2f50aba6-b079-4260-b3f1-e1b0bc4a3fc1,2020,University of Wolverhampton,W75,10007166,,,,Field View Primary School,141775,English
9ec32f33-aa4b-4d22-ac80-1874c4cff619,2020,University of Wolverhampton,W75,10007166,,,,Field View Primary School,141775,Primary
4dda1659-66c1-4ae7-b8b8-eaa1b4cfc8db,2020,University of Hull,H72,10007149,,,,Filey Church of England Nursery and Infants Academy,144274,Primary
37169b92-841b-4282-9142-1c1d36b6db08,2020,University of Reading,R12,10007802,,,,Finchampstead CofE VA Primary School,110012,Primary
ffb9d57b-df4e-4548-89d6-ef5b8ab75511,2020,University of Derby,D39,10007851,,,,Findern Primary School,112551,Primary
d77ffe5e-b0fb-4948-978b-ba615b8a01d7,2020,Coventry University,C85,10001726,Finham Park School,136963,school,Finham Park School,136963,Biology
b91c68b4-669b-4866-8e4c-d351449554b7,2020,The University of Northampton,N38,10007138,,,,Finham Primary School,142700,Primary
77fe7500-6179-4462-990a-50367f27706b,2020,University of Gloucestershire,G50,10007145,,,,Finlay Community School,135727,Primary
4250003e-e77e-4377-a29d-cbf9fe4ec08f,2020,University of Worcester,W80,10007139,,,,Finstall First School,116660,Primary
c8123ded-8810-4d79-af69-01eeb9034f74,2020,Oxford Brookes University,O66,10004930,,,,Finstock Church of England Primary School,142350,Primary
986ce6dc-a0d9-4df4-b92c-4a342986961c,2020,Roehampton University,R48,10007776,,,,Fircroft Primary School,101007,Primary
3418cac4-14ed-41f9-9398-217eb8470a81,2020,Edge Hill University,E42,10007823,,,,Firs Primary School,106303,Mathematics
0318165a-69d5-4b29-aaa7-9e0745645b55,2020,The Manchester Metropolitan University,M40,10004180,,,,Firs Primary School,106303,Primary
ca67af0c-21da-4736-a146-62120267b771,2020,University of Derby,D39,10007851,,,,Firs Primary School,142041,Primary
c5d73fc6-87da-4dda-b695-a3faaff2123b,2020,University of Sunderland,S84,10007159,,,,Fishburn Primary School,114095,Primary
e21460ca-d951-4444-a08f-02d22dbbd8a9,2020,"University of the West of England, Bristol",B80,10007164,,,,Fishponds CofE Primary School,138794,Primary
c48c468c-6a03-4b94-a48a-4799bf0c1e9a,2020,Lincoln Bishop University,B38,10007811,,,,Fiskerton Church of England Primary School,120570,Primary
3985e3a2-68ec-4c0e-aa8a-3fb7cbfec4a9,2020,University of Cumbria,C99,10007842,,,,Five Elms Primary School,101228,Primary
d80a1e56-8c9e-49af-8483-9df1d73df6af,2020,University of Wolverhampton,W75,10007166,,,,Five Ways Primary School,124070,Primary
22b1d4da-cc3d-4fb5-9a16-43f5e9a61dc2,2020,Leeds Trinity University,L24,10003863,,,,Fixby Junior and Infant School,107634,Primary
990ffa95-5826-4178-8552-83b2c88e9774,2020,University of Huddersfield,H60,10007148,,,,Fixby Junior and Infant School,107634,Primary
2fc522b4-2a78-424c-a7c9-3fc93ab35e73,2020,University of Worcester,W80,10007139,,,,Fladbury CofE Primary School and Preschool,116879,Primary
94846708-bc60-499f-a662-d6aca2d0695a,2020,"University of the West of England, Bristol",B80,10007164,,,,Flax Bourton Church of England Primary School,145445,Primary
54e8c950-623a-4479-aef0-a2e785481c8d,2020,University of Derby,D39,10007851,,,,Flax Hill Junior Academy,140523,Primary
3b96d4a8-1c51-4c1d-867e-b4003fa7fa5c,2020,University of Winchester,W76,10003614,,,,Fleet Infant School,116003,Primary
06fcdfbc-3efb-4182-aba0-85aa8db72727,2020,Edge Hill University,E42,10007823,,,,Fleetwood Flakefleet Primary School,130336,Primary
68ee54b9-94b4-4b42-a4c8-5eb805e76422,2020,Lincoln Bishop University,B38,10007811,,,,Fleet Wood Lane School,120408,Primary
ffc00b15-453a-4697-a5bb-74850de384a4,2020,The University Of East Anglia,E14,10007789,,,,Flegg High Ormiston Academy,145501,Biology
39d7e51c-8e2e-47f2-ac75-b263bce23c0d,2020,The University Of East Anglia,E14,10007789,,,,Flegg High Ormiston Academy,145501,English
1464b205-5faf-4caa-b7b7-5172fb4a2804,2020,The University Of East Anglia,E14,10007789,,,,Flegg High Ormiston Academy,145501,Geography
7ea181c4-5275-4f51-b082-352e20b4554b,2020,The University Of East Anglia,E14,10007789,,,,Flegg High Ormiston Academy,145501,Mathematics
7d2eba1e-3d35-4f19-b797-80dceab89973,2020,The University Of East Anglia,E14,10007789,,,,Flegg High Ormiston Academy,145501,Modern languages
4a805184-8c5f-43c7-b872-b0629f42ebb1,2020,The University Of East Anglia,E14,10007789,,,,Flegg High Ormiston Academy,145501,Physical education
4aaf14c0-f606-4550-822a-33bb655c6c8d,2020,University Of Plymouth,P60,10007801,,,,Fletewood School at Derry Villas,113594,Primary
5126ea57-f75e-4778-96aa-82d7f8544c5c,2020,University of Cumbria,C99,10007842,,,,Flimby Primary School,146423,Primary
7ad52ee1-82ec-4204-aa03-a65abc624cf3,2020,Kingston University,K84,10003678,,,,Flora Gardens Primary School,100328,Primary
897e47ef-141c-49f3-be96-978057774aa2,2020,Roehampton University,R48,10007776,,,,Flora Gardens Primary School,100328,Primary
6d13f07d-fcb0-4892-b125-c702a128a049,2020,St Mary's University,S64,10007843,,,,Flora Gardens Primary School,100328,Primary
d3e37440-5eeb-499b-8ecd-5838aef03d62,2020,Coventry University,C85,10001726,,,,Flyford Flavell Primary School,116676,Primary
5a554258-8607-4f4b-9625-b73ef260fb24,2020,University of Worcester,W80,10007139,,,,Flyford Flavell Primary School,116676,Primary
2dda16bb-be13-41d9-a06e-e30e71a7badc,2020,The University Of Birmingham,B32,10006840,,,,Foley Park Primary Academy,145483,Primary
745873f6-bab6-4eb2-9ecf-622b1c39de76,2020,Coventry University,C85,10001726,,,,Folkestone Academy,145420,Art and design
d59df0da-777a-4ca4-a044-1c43d2c241f2,2020,Canterbury Christ Church University,C10,10001143,,,,Folkestone Primary,148068,Primary
cd404b21-af9e-494d-9199-88f8a7f59150,2020,Canterbury Christ Church University,C10,10001143,,,,"Folkestone, St Martin's Church of England Primary School",118675,Primary
bda4d193-648d-4d8d-8d49-4df141f6f877,2020,Canterbury Christ Church University,C10,10001143,,,,Folkestone St. Mary's Church of England Primary Academy,139310,Primary
8b103685-6a33-4c0d-b8cc-dd2820da1b7a,2020,Canterbury Christ Church University,C10,10001143,,,,"Folkestone, St Peter's Church of England Primary School",118676,Primary
6df0aa25-1002-4d18-8cac-e755d4c4e119,2020,"University of the West of England, Bristol",B80,10007164,,,,Fonthill Primary Academy,144892,Primary
d6fac7a4-fed9-4bab-9b73-b02d5939795d,2020,Birmingham City University,B25,10007140,,,,Fordbridge Community Primary School,149492,Primary
535e03e5-5fd5-4643-af58-a2ef9fb11fe9,2020,Leeds Beckett University,L27,10003861,,,,Fordham CofE Primary School,110788,Primary
4cebe6ff-4489-41d8-9096-9ec9ee333a86,2020,The University of Northampton,N38,10007138,,,,Fordham CofE Primary School,110788,Primary
0a3132f9-5971-409d-903f-526318ebf4e8,2020,University of Winchester,W76,10003614,,,,Fordingbridge Infant School,116069,Primary
1b502896-f9a5-42e6-b644-22d5d9a5475d,2020,North Tyneside SCITT,N73,10004714,,,,Fordley Primary School,108611,Primary
7ee4bf77-1499-4273-a2ca-bdf3fb38ee1a,2020,Edge Hill University,E42,10007823,,,,Forefield Community Infant and Nursery School,104872,Primary
d224aa81-0193-4aab-bca9-59fdc4111792,2020,Bath Spa University,B20,10000571,,,,Forest and Sandridge Church of England Primary School,143500,Primary
d4629369-8600-46c4-a102-28e957528804,2020,Roehampton University,R48,10007776,,,,Foresters Primary School,102986,Primary
cdb23cd5-0355-465f-9028-b297dd036cc8,2020,Nottingham Trent University,N91,10004797,,,,Forest Fields Primary and Nursery School,122733,Primary
96e3d8db-a3a9-420f-850d-a0f7574527db,2020,York St John University,Y75,10007713,,,,Forest of Galtres Anglican/Methodist Primary School,143289,Primary
fd3715f2-72b9-4b89-b261-29c8b70708b4,2020,Edge Hill University,E42,10007823,,,,Forest Park Preparatory School,106382,Primary
60a0c74d-e155-4525-9a52-307c64be75e8,2020,University of Chichester,C58,10007137,,,,Forest Park School,135823,Primary
8a3a4668-f572-42a7-b796-48bd5389ae4f,2020,Sheffield Hallam University,S21,10005790,,,,Forge Valley School & Sixth Form,140547,Mathematics
77f7fca9-7381-4e0f-be8e-87b3dec63b20,2020,Edge Hill University,E42,10007823,,,,Formby High School,137436,English
845c159d-2497-446b-987c-9698ae91a37b,2020,Edge Hill University,E42,10007823,,,,Formby High School,137436,Religious education
67c72c00-1a86-440a-a550-ee92f81f3dc9,2020,University of Greenwich,G70,10007146,,,,Forster Park Primary School,100683,Primary
c94c88d4-b6a4-4c22-aadf-88c245941c50,2020,Birmingham City University,B25,10007140,,,,Fortis Academy,143435,Physical education
5a70cac0-3f9b-4332-a763-4bdcd22555a3,2020,University of East London,E28,10007144,,,,Fossdene Primary School,100125,Primary
9bb31c90-4da2-445d-bb83-71d945118c54,2020,University of Greenwich,G70,10007146,,,,Fossdene Primary School,100125,Primary
ccff5078-bee7-4c16-b35b-9eb45a019f18,2020,York St John University,Y75,10007713,,,,Foston Church of England Voluntary Controlled Primary School,121492,Primary
58301d3a-83a9-4e45-84fc-0648c9d3a1d2,2020,The University Of East Anglia,E14,10007789,,,,Foulsham Primary School Academy,144428,Primary
955e1866-d6d4-4d70-ac0c-d2525aa31ff6,2020,"University of the West of England, Bristol",B80,10007164,,,,Four Acres Academy,141706,Primary
15365ca2-b3a4-4a0a-ab74-6297de7d9a3a,2020,Lincoln Bishop University,B38,10007811,,,,Fourfields Community Primary School,110754,Primary
56d3dc2d-005d-42ad-bf15-c8f672a7dff7,2020,University of Winchester,W76,10003614,,,,Four Marks Church of England Primary School,116288,Primary
f6d797d5-9123-47f6-9ca5-a647da800fae,2020,Liverpool Hope University,L46,10003956,,,,Four Oaks Primary School,131313,Primary
387f1787-242c-4657-9fe2-12c18cc8f12f,2020,University of Hertfordshire,H36,10007147,,,,Four Swannes Primary School,117092,Primary
72d49040-228f-422d-9f70-a897c6cb4440,2020,Middlesex University,M80,10004351,,,,Foxdell Primary School,109572,Primary
8659f5fc-d4cb-4845-8480-3780913e5d76,2020,Canterbury Christ Church University,C10,10001143,,,,Foxfield Primary School,143592,Primary
6a8c2cd1-2ab3-4e22-8905-cf50b44d6acc,2020,University of Greenwich,G70,10007146,,,,Foxfield Primary School,143592,Primary
4edab768-fae2-40c0-ac75-297635d09969,2020,Leeds Trinity University,L24,10003863,,,,Foxhill Primary School,107432,Primary
44657006-5000-4209-9975-ead469770834,2020,Liverpool Hope University,L46,10003956,Evelyn Street Primary Academy and Nursery,143064,school,Fox Wood Special School,111496,Primary
69f3957f-e070-4ad1-bd80-ba9e95e19077,2020,University of Wolverhampton,W75,10007166,,,,Foxyards Primary School,103788,Primary
2f3affee-e85e-4a6b-8099-f3a02b11d8e9,2020,The University Of East Anglia,E14,10007789,,,,Framingham Earl High School,145776,Biology
9b31edd3-605f-4d06-9ee3-f08584b8b5f8,2020,The University Of East Anglia,E14,10007789,,,,Framingham Earl High School,145776,English
394d0f69-dc09-4174-bc6f-40e9c68af59d,2020,The University Of East Anglia,E14,10007789,,,,Framingham Earl High School,145776,Geography
d333a183-36d9-4778-a6cc-28de3d790a33,2020,The University Of East Anglia,E14,10007789,,,,Framingham Earl High School,145776,History
77f287a0-6ab1-4a94-8747-9ecadc9d1da9,2020,The University Of East Anglia,E14,10007789,,,,Framingham Earl High School,145776,Mathematics
173998d8-7aaf-4dcc-81dc-ccd1d8d150e5,2020,The University Of East Anglia,E14,10007789,,,,Framingham Earl High School,145776,Modern languages
289f61f3-4319-484f-ac38-aa7354e25823,2020,The University Of East Anglia,E14,10007789,,,,Framingham Earl High School,145776,Physical education
e1f55ebf-cc36-4f73-91ed-a5d452e8ebb1,2020,The University Of East Anglia,E14,10007789,,,,Framingham Earl High School,145776,Physics
eeea2f19-b17a-451a-b5ff-d373b9aa60dd,2020,"University of the West of England, Bristol",B80,10007164,,,,Frampton Cotterell Church of England Primary School,109160,Primary
a882a640-bde5-4b11-b640-a2fcd66ba33c,2020,University of Worcester,W80,10007139,,,,Franche Primary School,135050,Primary
70d4ddeb-f909-4581-a9ec-c50cea7d9986,2020,University of Reading,R12,10007802,,,,Francis Baily Primary School,147273,Primary
a324f993-9818-4a04-a09a-c139e7878d05,2020,University College London,U80,10007784,,,,Franciscan Primary School,146191,Primary
5e69e1cf-a483-46e6-ad01-8f491be280e8,2020,Coventry University,C85,10001726,,,,Franklin College,130586,English
50922ff5-6a51-4d8a-b36a-627ed7196e2b,2020,University of Sussex,S90,10007806,,,,Frant Church of England Primary School,114505,Primary
f5d249a0-ea0e-4496-8355-002b79fdc80b,2020,Edge Hill University,E42,10007823,,,,Freckleton Church of England Primary School,119548,Primary
a7ae1125-01cb-4192-a4dc-3b9680ec14d9,2020,Coventry University,C85,10001726,,,,Frederick Bremer School,103094,Biology
563aa50b-1f03-459a-a6ae-032a63c2f828,2020,University of Hull,H72,10007149,,,,Frederick Holmes School,146220,Primary
5a9df9e2-17aa-4615-90fb-24e59ddd6394,2020,University of Winchester,W76,10003614,,,,Freegrounds Infant School,115918,Primary
37ce3f40-f869-4453-9344-c9028e6dd0da,2020,The Manchester Metropolitan University,M40,10004180,,,,Freehold Community Academy,142425,Primary
af685651-a1e0-4e52-9d37-8059cc60a8bc,2020,Oxford Brookes University,O66,10004930,,,,Freeland Church of England Primary School,140916,Primary
b899bb7b-0658-4ecf-b022-bd08ee4fbf72,2020,University of Chichester,C58,10007137,,,,Freemantle Church of England Community Academy,136641,Primary
2ca3347e-052f-48a1-9d72-861b3325a7bc,2020,Edge Hill University,E42,10007823,,,,Frenchwood Community Primary School,119231,Primary
e687074b-afdc-453e-bf98-8f13a063bf3d,2020,The Manchester Metropolitan University,M40,10004180,,,,Freshfield Nursery School,106021,Primary
2b8ab2b9-31c0-46ec-ad7e-c30078f7ace2,2020,Coventry University,C85,10001726,,,,Friesland School,145966,Biology
2a057670-8a3d-44e9-bac1-2ac190b9e2bd,2020,Middlesex University,M80,10004351,,,,Frith Manor Primary School,101280,Primary
e2f0edae-fa1b-4f26-af9e-70cca48d39d4,2020,Lincoln Bishop University,B38,10007811,,,,Frodingham Infant School,117748,Primary
b7d3a371-55a1-46fc-9974-664e7dba9e67,2020,University of Chester,C55,10007848,,,,Frodsham Manor House Primary School,111236,Primary
4bc4b121-1d5c-41bb-935c-379f579a2aa8,2020,University of Chichester,C58,10007137,,,,Front Lawn Primary Academy,139273,Primary
ea718b96-8f3c-4d40-9a4f-443b561aee62,2020,University of Winchester,W76,10003614,,,,Froxfield Church of England Primary and Pre-School,116289,Primary
9852308e-29db-4a75-babc-78212c159c6f,2020,St Mary's University,S64,10007843,,,,Fryent Primary School,101531,Primary
afa04db2-8e22-41a4-932d-707ce177b4c6,2020,Leeds Beckett University,L27,10003861,,,,Fulbridge Academy,139370,Primary
57f7bbe2-1588-482b-bfb5-b21dd3a94223,2020,University of Chester,C55,10007848,,,,Fulfen Primary School,124209,Primary
f23da833-116e-4102-8d65-3efa0cb7ffc3,2020,University of Wolverhampton,W75,10007166,,,,Fulfen Primary School,124209,Primary
2f1ea42b-6342-45d3-9dff-15f8d67ced30,2020,University of Derby,D39,10007851,,,,Fulford Primary School,124085,Primary
e1442898-7580-4069-bb49-22d4662ebd65,2020,University of East London,E28,10007144,,,,Fullwood Primary School,102833,Primary
5644ed93-af00-4e91-b666-630eeca1a5cf,2020,Leeds Beckett University,L27,10003861,,,,Fulneck School,108117,Primary
99971009-f641-403e-b21c-4211ced102e1,2020,Canterbury Christ Church University,C10,10001143,,,,Fulston Manor School,136324,Mathematics
d601f8c5-a7b3-423f-9c27-6617d9ed6a44,2020,University of Cumbria,C99,10007842,,,,Fulwood and Cadley Primary School,119151,Primary
a53d59ca-9502-4deb-ac64-78994b3af7bb,2020,Canterbury Christ Church University,C10,10001143,,,,Furley Park Primary Academy,140322,Mathematics
938e0e6f-2fc0-4ed4-81d3-d074b645dff4,2020,Canterbury Christ Church University,C10,10001143,,,,Furley Park Primary Academy,140322,Primary
4377b1e8-f630-4cb0-90bd-6d30a18dcf96,2020,Oxford Brookes University,O66,10004930,,,,Furze Platt Junior School,109842,Primary
a861e591-47c3-40a0-847b-f17783c94afd,2020,University of Reading,R12,10007802,,,,Furze Platt Junior School,109842,Primary
9a095931-e6fd-447e-99df-59f660396f09,2020,"University of the West of England, Bristol",B80,10007164,,,,Fynamore Primary School,132093,Primary
18f3a924-f725-4523-ad71-0697ae1ad653,2020,York St John University,Y75,10007713,,,,Gainford CofE Primary School and Preschool,114222,Primary
b323a291-01b5-46c7-96bf-ff298c50b684,2020,University of Chester,C55,10007848,,,,Ganneys Meadow Nursery School and Family Centre,104986,Primary
97e79825-b4e5-4442-80b7-b328a5164f0e,2020,University of Hull,H72,10007149,,,,Ganton School,140904,Primary
f13cba17-be49-41e5-a9ba-04272e7d9607,2020,University of Hertfordshire,H36,10007147,,,,Garden City Academy,138389,Primary
d02ac15c-bb0d-4619-a011-a3e9d0755574,2020,University of Gloucestershire,G50,10007145,,,,Gardners Lane Primary School,131249,Primary
c6d5e11f-d878-4abb-bc0b-9dc39248be61,2020,University Of York,Y50,10007167,,,,Garforth Academy,136343,Biology
baa2beea-3669-4d57-95ef-5ca6f42e5bf8,2020,Canterbury Christ Church University,C10,10001143,,,,Garlinge Primary School and Nursery,135212,Mathematics
81b02673-d589-43c6-967d-2ee858cafd47,2020,Canterbury Christ Church University,C10,10001143,,,,Garlinge Primary School and Nursery,135212,Primary
7de47bdf-51f8-408b-baa6-845a4692bfba,2020,University of Cumbria,C99,10007842,,,,Garstang Community Primary School,119300,Primary
393b04cb-781f-4b5c-a131-d8ac8a1f37c5,2020,Liverpool John Moores University,L51,10003957,,,,Garston Church of England Primary School,145735,Primary
d729339e-bf2c-413a-b8e0-8459763ee3e2,2020,Edge Hill University,E42,10007823,,,,Garswood Primary and Nursery School,104778,Primary
a91a56e1-75cc-4d21-8ae8-14e96c09c95f,2020,The University of Brighton,B72,10000886,,,,Garth Hill College,110069,Mathematics
ff0e45ec-5b47-4fab-b956-575bbc424db9,2020,York St John University,Y75,10007713,,,,Garton-on-the-Wolds Church of England Voluntary Controlled Primary School,117977,Primary
82f5eb12-5b89-40dd-b156-d7f0cad10dc3,2020,University of Gloucestershire,G50,10007145,,,,Gastrells Community Primary School,115573,Primary
c3850cca-ca3a-4bf1-b2a6-e60ebcbb4abb,2020,Lincoln Bishop University,B38,10007811,,,,Gateford Park Primary School,131722,Primary
54e03dbf-0d02-4aa8-9996-131afe29ffcd,2020,University Of Plymouth,P60,10007801,,,,Gatehouse Primary Academy,141353,Primary
b8cc980d-e50b-4b70-b609-04e83510a658,2020,Coventry University,C85,10001726,,,,Gateway Sixth Form College,147756,Art and design
dc1888c9-d84b-4de5-9439-29fa41679b27,2020,Edge Hill University,E42,10007823,,,,Gawsworth Primary School,144833,Primary
0ffd3576-e6a0-4d0b-a67d-ebc8ecda71cc,2020,University of Huddersfield,H60,10007148,,,,Gawthorpe Community Academy,137643,Primary
f490a647-ff4c-4392-9144-8a9b71737e50,2020,University of Cumbria,C99,10007842,,,,Gayhurst Community School,130303,Primary
03557d26-3ebd-4d89-a213-73a6fdaa7c00,2020,University of East London,E28,10007144,,,,Gayhurst Community School,130303,Primary
b304d8a7-dd64-4fcf-a65a-0cda1dc49db0,2020,Lincoln Bishop University,B38,10007811,,,,Gaywood Primary School,144532,Primary
d379e430-ec2f-49c3-ba39-14a2a3beaf74,2020,Roehampton University,R48,10007776,,,,Gearies Junior School,102803,Primary
4484b6a6-70ab-4603-8a7d-95dfb33201dc,2020,The University of Northampton,N38,10007138,,,,Geddington Church of England Primary School,121972,Primary
9e32fd39-a18c-4a99-8265-0c60828d8593,2020,Staffordshire University,S72,10006299,,,,Gentleshaw Primary Academy,144604,Primary
3a97aee9-dda5-4f80-ab1a-2b6dc7411394,2020,Newman University,N36,10007832,,,,George Betts Primary Academy,139565,Primary
5e4f6a74-69e2-45ec-b826-079e9dbbacda,2020,London South Bank University,L75,10004078,,,,George Carey Church of England Primary School,136431,Primary
a8a14e62-9725-465e-90a0-7bf9e5418314,2020,York St John University,Y75,10007713,,,,George Dent Nursery School,113983,Primary
f748a80c-1c60-4ab4-b766-a26ea0663549,2020,University of Warwick,W20,10007163,,,,George Dixon Academy,138695,Chemistry
6c812c15-fafd-400c-ab87-5de2df8732bf,2020,The University of Brighton,B72,10000886,,,,George Green's School,100974,Physical education
c4a236de-54b6-4024-b127-e81496936dba,2020,University of East London,E28,10007144,,,,George Mitchell School,145106,Primary
0d321ad4-6044-4470-a688-65c6d7a2610c,2020,University of Cumbria,C99,10007842,,,,George Romney Junior School,112234,Primary
85a7527a-1b83-4a8b-aed2-f2518ff95899,2020,University of Wolverhampton,W75,10007166,,,,George Salter Academy,135234,Chemistry
c55c949d-4e12-457a-b436-ebd060494976,2020,University of Wolverhampton,W75,10007166,,,,George Salter Academy,135234,Primary
40f9dfd0-e5de-4903-9129-676fa6dc0dd8,2020,University of Hertfordshire,H36,10007147,,,,George Spicer Primary School,101993,Primary
4554ab41-b651-4e5f-99ef-315376e376c8,2020,Middlesex University,M80,10004351,,,,George Tomlinson Primary School,103075,Primary
ab9e46c7-fa4e-40f8-a99e-d037c3881b89,2020,University of Greenwich,G70,10007146,,,,George Tomlinson Primary School,103075,Primary
e271812f-58aa-4272-91e5-f819f67970f5,2020,University of Chichester,C58,10007137,,,,Georgian Gardens Community Primary School,125959,Primary
d201a1c7-b9bd-454e-8245-4ad3901d4dd0,2020,University of Sussex,S90,10007806,,,,Georgian Gardens Community Primary School,125959,Primary
c0dfd868-dec2-4e7e-8af3-0b645fc00104,2020,The University Of East Anglia,E14,10007789,,,,Ghost Hill Infant and Nursery School,145629,Primary
587dd993-5b7e-440b-b3d6-a2c099576aec,2020,St Mary's University,S64,10007843,,,,Gifford Primary School,101898,Primary
d70efad8-33d0-419d-848c-6fede24af812,2020,York St John University,Y75,10007713,,,,Giggleswick Primary School,121392,Primary
de429265-1dae-42fa-b180-be58484c212c,2020,The University Of Birmingham,B32,10006840,Windsor High School and Sixth Form,136618,school,Gig Mill Primary School,103822,Primary
302ff176-5669-4c34-96ff-73c7325b4943,2020,Leeds Beckett University,L27,10003861,,,,Gildersome Primary School,107848,Primary
8ae31f4a-6d0c-4cc2-8a3a-d22a5ec8ed49,2020,University of Sussex,S90,10007806,,,,Gildredge House,139796,English
58d89bf0-684c-4867-b9eb-7fc9cfe2aaf3,2020,University of Sussex,S90,10007806,,,,Gildredge House,139796,Primary
e2078299-f5f2-4887-853e-e44962ce2f1e,2020,"University of the West of England, Bristol",B80,10007164,,,,Gilfach Fargoed Primary School,401319,Primary
7160a5d6-1eba-41f9-972a-0484ad8e526b,2020,University of Sunderland,S84,10007159,,,,Gillas Lane Primary Academy,143493,Primary
d0266a4a-5fbd-43b0-aaa6-3be5704b87d7,2020,Edge Hill University,E42,10007823,,,,Gillibrand Primary School,119324,Primary
1ef24965-9cc2-49b9-aa45-ccc3e4c85dc8,2020,Plymouth Marjon University,P63,10037449,,,,Gillingham School,113882,Physical education
248a98ff-0fac-415d-b27c-214204898da4,2020,The University Of East Anglia,E14,10007789,,,,Gillingham St Michael's Church of England Primary Academy,141778,Primary
0a007688-1858-4ca4-bb68-f6f22b83e6f9,2020,"University of the West of England, Bristol",B80,10007164,,,,Gillingstool Primary School,109126,Primary
0f0a3ae2-6388-4fc5-8335-1e99bc3ad597,2020,Liverpool John Moores University,L51,10003957,,,,Gilmour Junior School,104543,Primary
96ef7e03-c471-4199-b3a0-522b16ba4f43,2020,University of East London,E28,10007144,,,,Glade Primary School,102806,Primary
6cd80e5b-5a10-4548-8471-1ee270069e01,2020,Birmingham City University,B25,10007140,,,,Glascote Academy,141450,Primary
7f1f9504-c994-41fc-abcc-51fb92c66329,2020,Leeds Trinity University,L24,10003863,,,,Glasshoughton Infant Academy,140312,Primary
bf72757e-80f5-432d-a8d1-dbdc32a9556c,2020,The Manchester Metropolitan University,M40,10004180,,,,Glazebury Church of England Primary School,146417,Primary
78792fa5-0cf3-4596-8d37-1711bf428fb5,2020,Newman University,N36,10007832,,,,Glebefields Primary School,103925,Primary
686c2269-c3c6-4137-8168-8f8230b2b12c,2020,St Mary's University,S64,10007843,,,,Glebe Primary School,102380,Primary
a2912343-7ee0-4d21-81ba-7de6bd1b9d48,2020,Nottingham Trent University,N91,10004797,,,,Glenbrook Spencer Academy,140548,Primary
6fa242a4-7bef-4a81-8834-52ed76a476bb,2020,University of Gloucestershire,G50,10007145,,,,Glenfall Community Primary School,115577,Primary
dbbf21db-fbdb-4500-9499-a0f3cd458c37,2020,University of Winchester,W76,10003614,,,,Glenfield Infant School,140516,Primary
a2c109a5-7dd6-42bb-ae4c-cac6ae8b2cef,2020,"University of the West of England, Bristol",B80,10007164,,,,Glenfrome Primary School,108931,Primary
4bdd95fe-128e-4e7b-8ea7-3874ab86f2b2,2020,Newman University,N36,10007832,,,,Glenmead Primary School,103320,Primary
7bb41b20-dafa-4eea-a2b3-20d47c298e4c,2020,Birmingham City University,B25,10007140,,,,Glenthorne Community Primary School,124162,Primary
c09abda2-f7f1-41db-8a20-ad940501a1e9,2020,University of Wolverhampton,W75,10007166,,,,Glenthorne Community Primary School,124162,Primary
7f3c4ff4-1ae1-459f-a0e0-b3c81716a1bc,2020,Brunel University London,B84,10000961,,,,Global Academy,142887,Mathematics
cb531140-f093-4015-bebd-3d34440ec6e9,2020,University of Gloucestershire,G50,10007145,,,,Gloucester Road Primary School,115585,Primary
01e81efc-13a9-4372-91b2-6fcf8c9b005f,2020,University of Worcester,W80,10007139,,,,Glynne Primary School,103832,Primary
99534ecc-322b-4596-9e6c-476cb0ee6b7f,2020,Canterbury Christ Church University,C10,10001143,,,,Goat Lees Primary School,136251,Primary
adc4756e-99a0-429d-a4b4-35b6a31f3737,2020,"University of the West of England, Bristol",B80,10007164,,,,Goddard Park Community Primary School,136293,Primary
783aaf29-34cd-4aec-838d-388cd3f2b0f0,2020,Roehampton University,R48,10007776,,,,Godwin Primary School,130919,Primary
8e43013a-89ac-4eb8-a402-3e48dd6a42be,2020,University of Hertfordshire,H36,10007147,,,,Goffs Oak Primary & Nursery School,117243,Primary
724ad38d-2149-4bcb-9e93-e125c2a42aa5,2020,University of Huddersfield,H60,10007148,,,,Golcar Junior Infant and Nursery School,107696,Primary
1dee6b5c-127b-4a0c-a941-9ed0d1efbf98,2020,University of Durham,D86,10007143,,,,Golden Flatts Primary School,111581,Primary
69eb8f07-3e33-49ac-a0b9-6e905c6fe938,2020,Staffordshire University,S72,10006299,,,,Goldenhill Primary Academy,142992,Primary
c4e1a671-6787-4272-a47c-a2f3c7d53781,2020,University of Bedfordshire,B22,10007152,,,,Goldington Green Academy,139523,Primary
4e528750-ef64-4338-976e-aaf2c0123464,2020,York St John University,Y75,10007713,,,,Goldsborough Church of England Primary School,121562,Primary
e4080830-85a9-4e0a-adcd-a330e67257aa,2020,Birmingham City University,B25,10007140,,,,Goldsmith Primary Academy,138591,Primary
57f9ff8f-4b92-4995-9c5c-972c9a5b7151,2020,University of Wolverhampton,W75,10007166,,,,Goldsmith Primary Academy,138591,Primary
e5fab1d0-e26d-4e21-868e-e07816bc1675,2020,The University of Brighton,B72,10000886,,,,Goldstone Primary School,114398,Primary
dfabee50-e3bd-4bc6-a3f1-34984e4e12ed,2020,Staffordshire University,S72,10006299,,,,Goldthorn Park Primary School,144252,Primary
3cebb571-c278-4f2e-9cf7-357060387fdb,2020,University of Wolverhampton,W75,10007166,,,,Goldthorn Park Primary School,144252,Primary
9c2c1cb5-a034-4b5b-b914-c9ebc400b94f,2020,University of Winchester,W76,10003614,,,,Gomer Infant School,116176,Primary
08664d90-ec5c-4bb6-af9a-c0cce1598db5,2020,University of Cumbria,C99,10007842,,,,Goodly Dale Primary School,112191,Primary
2f9ad86e-a51f-454c-97c5-01d7e04ee683,2020,Birmingham City University,B25,10007140,,,,Goodway Nursery School,103128,Primary
4e55e9a7-0dc9-4012-a605-06a2a9d2fba6,2020,Bradford College,B60,10000840,,,,Goodwin Academy,146624,Mathematics
139db2d7-ee9c-4014-b280-51ca8103a2c7,2020,Canterbury Christ Church University,C10,10001143,,,,Goodwin Academy,146624,Art and design
c51f1128-fb3c-478d-8a9f-75b8c4ee519d,2020,University Of York,Y50,10007167,,,,Goole Academy,145929,Chemistry
15190028-9c19-45f5-9438-afc5943603bc,2020,Sheffield Hallam University,S21,10005790,,,,Gooseacre Primary Academy,138415,Primary
f938eb94-04dd-4617-b721-a2c340e25bb5,2020,University Of Plymouth,P60,10007801,,,,Goosewell Primary Academy,143826,Primary
ac267cc6-a49f-4696-8f4d-bebb2689a2f6,2020,University of Greenwich,G70,10007146,,,,Gordon Primary School,102808,Primary
eec98a11-6fdb-4fd4-8bf7-cf5b2c8e2f2b,2020,University of Chichester,C58,10007137,,,,Goring-By-Sea CofE (Aided) Primary School,126045,Primary
71fde4bf-1731-4b8f-b963-c1b5dae45366,2020,The Manchester Metropolitan University,M40,10004180,,,,Gorse Covert Primary School,147389,Primary
ef544b2b-0cac-4834-be3a-164e88aebc33,2020,The Manchester Metropolitan University,M40,10004180,,,,Gorse Hall Primary and Nursery School,106188,Primary
b7f5be10-c4c0-4b21-8149-89cc39a41f7a,2020,The Manchester Metropolitan University,M40,10004180,,,,Gorse Hill Primary School,106321,Primary
8fc7292e-e65c-4461-8475-7f8f310efcef,2020,Liverpool Hope University,L46,10003956,,,,Gorsewood Primary School,111176,Primary
8cdb7dea-a315-4490-8cd8-c14b7f91c43a,2020,Sheffield Hallam University,S21,10005790,,,,Gorseybrigg Primary School and Nursery,133516,Primary
e646a96c-d31a-41ac-8683-66ee196fef19,2020,Lincoln Bishop University,B38,10007811,,,,Gosberton Academy,144491,Primary
a01f70d2-ae09-4000-bb12-a731655972df,2020,University of Cumbria,C99,10007842,,,,Gosforth CofE Primary School,112294,Primary
bbd81a6d-cf69-4fa4-894c-a1ececc650ae,2020,Birmingham City University,B25,10007140,,,,Gossey Lane Academy,142794,Primary
4e455e23-2be2-4f9a-8ee6-5e5773fdb0d7,2020,The University of Brighton,B72,10000886,,,,Gossops Green Primary,143635,Primary
5d7d5f0e-354a-4f03-a619-cf05caeec9e3,2020,Nottingham Trent University,N91,10004797,,,,Gotham Primary School,122644,Primary
686dacbd-1f46-4904-8822-ead7f8a14b4f,2020,Canterbury Christ Church University,C10,10001143,,,,Goudhurst and Kilndown Church of England Primary School,118601,Primary
96a8c1b8-7208-45c1-8e1c-39f3b7b85cda,2020,Leeds Beckett University,L27,10003861,,,,Goxhill Primary School,117737,Primary
278db1bc-d57c-4e4f-a410-6cddec57225b,2020,The University Of Birmingham,B32,10006840,,,,Grace Academy Darlaston,135956,Mathematics
7e962e47-de11-4a19-b055-3f620c88edd7,2020,University of Wolverhampton,W75,10007166,,,,Grace Academy Darlaston,135956,Mathematics
461f34d0-03b7-480f-b634-ab6804c04c66,2020,Birmingham City University,B25,10007140,,,,Grace Mary Primary School,103945,Primary
aa7fae66-0e4d-4742-9051-66db3368160d,2020,Coventry University,C85,10001726,,,,Grace Mary Primary School,103945,Primary
658b90f9-142b-4963-8dc6-9cdc62cd22a9,2020,University of East London,E28,10007144,,,,Grafton Primary School,101206,Primary
0e34df73-5669-4c38-9e8d-95e9c67f9cf3,2020,University of Derby,D39,10007851,,,,Grampian Primary Academy,138992,Primary
b13f176a-4860-49e9-b5a5-f5c55b773a8f,2020,Bradford College,B60,10000840,,,,Grange Academy,139374,Primary
0674b381-ed45-4c0e-b54a-9a23376149e1,2020,University of Cumbria,C99,10007842,,,,Grange CofE Primary School,112280,Primary
f6c74103-5ec5-4dd4-b519-eb3545428044,2020,University of Reading,R12,10007802,,,,Grange Community Junior School,116147,Primary
627d4ba3-f9c9-4161-91de-58c7b777947d,2020,University of Winchester,W76,10003614,,,,Grange Community Junior School,116147,Primary
f301fe76-9892-4cf9-bfab-5d71e19646ca,2020,Edge Hill University,E42,10007823,,,,Grange Community Nursery and Primary School,146538,Primary
8af0c910-cd91-475e-9ac0-8caf5ce83dc8,2020,University of Chester,C55,10007848,,,,Grange Community Nursery and Primary School,146538,Primary
27f31449-0efa-4f63-b032-36f2fed2e33c,2020,Coventry University,C85,10001726,,,,Grange Farm Primary School,103664,Primary
9c096468-a960-483c-b732-a765c2bc5f06,2020,University of Gloucestershire,G50,10007145,,,,Grangefield Primary School,131784,Primary
a5e28a6c-b28e-4d47-83ac-3647815c7f8d,2020,Birmingham City University,B25,10007140,,,,Grangehurst Primary School,103663,Primary
598da031-bd77-4fdb-be48-5231eca40a96,2020,Brunel University London,B84,10000961,,,,Grange Park Infant and Nursery School,102433,Primary
f9bd606e-d1f1-4c05-b939-259ffa6e82dc,2020,Middlesex University,M80,10004351,,,,Grange Park Primary School,145207,Primary
9722672f-3240-44a3-a062-bb41c0e1437b,2020,University of Hertfordshire,H36,10007147,,,,Grange Park Primary School,145207,Primary
c92dfa14-1ce4-4b76-ba01-fb2f995d66b9,2020,University of Chester,C55,10007848,,,,Grange Primary,139933,Primary
3324c04c-60f7-48b3-acaf-b242a52752af,2020,The University of Northampton,N38,10007138,,,,Grange Primary Academy,139585,Primary
17684555-a618-4257-a2f8-84a84409cf0b,2020,Lincoln Bishop University,B38,10007811,,,,Grange Primary School,131231,Primary
d4a2c65f-aaf8-4253-b5ab-0bff2d18a0ab,2020,University of Northumbria at Newcastle,N77,10001282,,,,Grange View Church of England Voluntary Controlled Primary School,135634,Primary
19659ac4-75bd-42a5-957f-77d1c234c3c7,2020,Bradford College,B60,10000840,,,,Grangewood Independent School,102789,Primary
65e09e2b-662f-4d6d-a269-a5c57d9561bf,2020,Roehampton University,R48,10007776,,,,Granton Primary School,100564,Primary
40aa7a0d-dc43-454c-b944-6b790f694b67,2020,North Tyneside SCITT,N73,10004714,,,,Grasmere Academy,138576,Primary
20d28fc0-e026-4e4b-aa00-2595b0b5de94,2020,University of Winchester,W76,10003614,,,,Grateley Primary School,115897,Primary
cdd5931a-67ee-4d3b-a160-6f3b5fe75a4e,2020,University of Hertfordshire,H36,10007147,,,,Graveley Primary School,117395,Primary
b1bc122a-ca97-476f-b052-9fb69be24b4f,2020,Canterbury Christ Church University,C10,10001143,,,,Graveney Primary School,137871,Mathematics
684faf8f-5034-4366-87e3-ded3311d9e3e,2020,University of Chester,C55,10007848,,,,Greasby Infant School,105022,Primary
12ed0f80-9346-42ee-bf5d-990535ccba19,2020,University of Chichester,C58,10007137,,,,Great Ballard School,126130,Physical education
a1c4bc73-b5ea-417d-b7ee-756ae99c9249,2020,Lincoln Bishop University,B38,10007811,,,,Great Coates Primary School,142841,Primary
165bdfb2-44da-4771-8596-ab40769af810,2020,University of Cumbria,C99,10007842,,,,Great Corby School and Nursery,137860,Primary
79bd880a-75c9-4f80-ac8d-161d8e7ff0e2,2020,Liverpool John Moores University,L51,10003957,,,,Great Crosby Catholic Primary School,104926,Primary
a5336657-5231-4a78-9020-09ecefc520e1,2020,Edge Hill University,E42,10007823,,,,Great Eccleston Copp CofE Primary School,119549,Primary
6b250a7f-7080-4f68-87d7-adcc80851563,2020,University of Gloucestershire,G50,10007145,,,,Greatfield Park Primary School,115586,Primary
1ac3bee0-e24f-497e-8b4a-edb59d88c2fc,2020,Bradford College,B60,10000840,,,,Greatfields School,142908,English
00fdfbff-c0a5-4584-9e13-9e995520d91d,2020,University of Derby,D39,10007851,,,,Great Glen St Cuthbert's Church of England Primary School,120131,Primary
479caaf4-8909-4e8c-ba32-6f510290004f,2020,University of Winchester,W76,10003614,,,,Greatham Primary School,115898,Primary
e250be44-1bd6-474a-94ba-0448b06ba106,2020,Liverpool Hope University,L46,10003956,,,,Great Harwood Primary School,119162,Primary
40ef5be3-ac95-41bf-8ffa-43f41729c429,2020,Oxford Brookes University,O66,10004930,,,,Great Kingshill Church of England Combined School,145245,Primary
ff533b63-7ead-4c0f-bb71-eb4defae2e9d,2020,Roehampton University,R48,10007776,,,,Great Kingshill Church of England Combined School,145245,Primary
b9cfdbe7-48da-4599-8e65-00cab3cc22ed,2020,Two Mile Ash ITT Partnership,T89,10059102,Two Mile Ash School,137061,school,Great Linford Primary School,110366,Primary
a3676be2-5816-47f6-ac0e-f4685f829460,2020,"University of the West of England, Bristol",B80,10007164,,,,Great Malvern Primary School,136984,Primary
5d47d4f6-9c06-49c5-98d5-feaa9d95a067,2020,Edge Hill University,E42,10007823,,,,Great Marsden St John's Primary School A Church of England Academy,141981,Primary
9afa327d-4712-4661-86c8-987a69bdf2b4,2020,University of Chester,C55,10007848,,,,Great Meols Primary School,143501,Primary
e8882191-d092-470e-a6ac-6228000cfa8c,2020,The Manchester Metropolitan University,M40,10004180,,,,Great Moor Junior School,106049,Primary
1cdcf4ed-21c9-442f-ab10-a2aa41734a39,2020,Leeds Trinity University,L24,10003863,,,,Great Ouseburn Community Primary School,121393,Primary
f843e982-7e2d-42dc-bbdf-59aca5456191,2020,University of Northumbria at Newcastle,N77,10001282,,,,Great Park Academy,143923,Primary
f39a69dd-2ff0-41c9-adc4-33a72eab38a1,2020,Leeds Trinity University,L24,10003863,,,,Great Preston VC CofE Primary School,134913,Primary
95bab5ff-d3ad-4372-ac23-1ac7024070f6,2020,Edge Hill University,E42,10007823,,,,Great Sankey Primary School,144798,Primary
a3e20232-768e-4c11-a696-d62aaece746a,2020,The Manchester Metropolitan University,M40,10004180,,,,Great Sankey Primary School,144798,Primary
e7b54aca-359a-4c57-bc1f-488773ac7b2e,2020,Lincoln Bishop University,B38,10007811,,,,Great Steeping Primary School,120451,Primary
2ff50a19-51a6-4023-9200-933d7cec978d,2020,The University Of East Anglia,E14,10007789,,,,Great Witchingham Church of England Primary Academy,142588,Primary
f4c01c90-4fd0-412c-a3f9-ae4727bd362c,2020,Staffordshire University,S72,10006299,,,,Greatwood Community Primary School,148021,Primary
d4640c15-7a97-42f8-a4bb-be730245cc42,2020,Staffordshire University,S72,10006299,,,,Great Wood Community Primary School,145048,Primary
ad42fa3e-3bf3-4a16-8259-5cb266b6900e,2020,University of Wolverhampton,W75,10007166,,,,Great Wyrley Academy,144988,Primary
e09b8e47-cf8f-4955-add6-c5ec764751ad,2020,The Manchester Metropolitan University,M40,10004180,,,,Greenacres Primary Academy,145537,Mathematics
f25de91c-ccae-4366-b283-03f364cf674b,2020,The Manchester Metropolitan University,M40,10004180,,,,Greenacres Primary Academy,145537,Primary
da259507-2fbb-4d2f-9604-79d1cf06e6fa,2020,Leeds Beckett University,L27,10003861,,,,Greenacres Primary School,145793,Primary
800f1fac-5240-411a-a39f-be6383fd30aa,2020,University of Chester,C55,10007848,,,,Greenacres Primary School,145793,Primary
2a8a26e3-13fb-4903-b4eb-ebb1d324100c,2020,Edge Hill University,E42,10007823,,,,Greenbank High School,137604,English
e0c696d2-59ab-40a7-a1f7-cc1b7024ff4b,2020,Edge Hill University,E42,10007823,,,,Greenbank Primary School,133332,Primary
f8967c49-ebcd-450f-b88f-b8cf13b52a8f,2020,Liverpool Hope University,L46,10003956,,,,Greenbank Primary School,133332,Primary
dbc09fae-8077-4768-8209-af7d92bf7e80,2020,University of Sunderland,S84,10007159,,,,"Greenfield Community College, A Specialist Arts and Science School",114305,Physics
839420b6-9bf4-477b-8b35-402f6e5a6a2c,2020,Edge Hill University,E42,10007823,,,,Greenfield Primary School,105667,Primary
f929628a-76fd-4439-b56c-52722fbea894,2020,Sheffield Hallam University,S21,10005790,,,,Greenfield Primary School,106599,Primary
1aa4252d-82fc-4596-acd5-87d1e9cf258a,2020,The University of Northampton,N38,10007138,,,,Greenfield Primary School,132226,Primary
d255362c-ceea-4955-b0aa-24b2b4e86ca2,2020,University of Cumbria,C99,10007842,,,,Greenfield Primary School,105667,Primary
078cea8c-742b-488d-84b5-3ccae1fa9b4c,2020,University of Wolverhampton,W75,10007166,,,,Greenfield Primary School,149608,Primary
042e1f80-613b-41aa-a3f6-894d3c65374f,2020,St Mary's University,S64,10007843,,,,Greenfield School,125399,Primary
9af34109-1970-4128-96b9-3e81b2446e94,2020,Canterbury Christ Church University,C10,10001143,,,,Greenfields Community Primary School,134857,Primary
c2c36ce2-66e8-4f17-9b00-be38c8488c66,2020,University of Cumbria,C99,10007842,,,,Greenfields Community Primary School,108609,Primary
08635b73-aad6-4261-831f-addd74ac7a77,2020,St Mary's University,S64,10007843,,,,Greenfields Primary School,117193,Primary
fafb35d0-8e57-4b1a-bf98-47e17fee18b9,2020,University of Chester,C55,10007848,,,,Greenfields Primary School,144202,Primary
b8842eb8-2bf5-40c9-8cc2-d1049222666b,2020,University of Hertfordshire,H36,10007147,,,,Greenfields Primary School,117193,Primary
6a2f2f11-46ca-4097-a55b-64321da3caf6,2020,The University of Northampton,N38,10007138,,,,Greenfields Primary School and Nursery,140191,Primary
37c17cd6-380f-4ed0-a7e7-a5c4900f2326,2020,University of Bedfordshire,B22,10007152,,,,Greenfields Primary School and Nursery,140191,Primary
5e5fc557-57b5-4e9d-9b3f-d7b8968b53d5,2020,Sheffield Hallam University,S21,10005790,,,,Greengate Lane Academy,139297,Primary
987bc093-273e-4184-b30b-b354863c600d,2020,University of Cumbria,C99,10007842,,,,Greenhead Church of England Nursery & Primary School,122284,Primary
f6279c97-ffee-40b9-bf90-750460c8523f,2020,The Manchester Metropolitan University,M40,10004180,,,,Greenhill Academy,140579,Primary
684a4415-0c0d-480b-b59c-72d4ba991327,2020,Birmingham City University,B25,10007140,,,,Greenholm Primary School,138693,Primary
77706612-55f0-4e7f-88c3-64b7e3332d21,2020,University of Durham,D86,10007143,,,,Greenland Community Primary School,135336,Primary
5c1f44d8-8816-41c1-bef1-2870c5956d47,2020,University of Durham,D86,10007143,,,,Greenland Community Primary School,143585,Primary
d190f065-45ca-42ca-95c4-119be7ff92a3,2020,University of Sunderland,S84,10007159,,,,Greenland Community Primary School,143585,Primary
f47e9014-0e59-41ba-b195-45cb5bccd57d,2020,Leeds Trinity University,L24,10003863,,,,Green Lane Primary Academy,136326,Primary
5bac65eb-a7c3-41e0-b00f-7ee2f75fa52b,2020,Kingston University,K84,10003678,,,,Green Lane Primary and Nursery School,146127,Primary
e19e39ce-4e6c-49f2-b98d-c103bda1c23e,2020,Roehampton University,R48,10007776,,,,Green Lane Primary and Nursery School,146127,Primary
cf80a42d-40cc-4695-ab6f-c20f76869c7f,2020,Bradford College,B60,10000840,,,,Green Lane Primary School,143573,Primary
eca1276e-77d5-48cc-b962-b45a314a42c6,2020,Leeds Trinity University,L24,10003863,,,,Green Lane Primary School,143573,Primary
0651cfc0-4e88-4c42-a7dc-3a59acced06b,2020,Edge Hill University,E42,10007823,,,,Greenleas Primary School,105004,Primary
dff0c005-ecf1-43cb-998a-5a4f37358179,2020,The University of Northampton,N38,10007138,,,,Greenleys Junior School,110367,Primary
c960a7f9-9fde-4a79-ad9e-088268255d5d,2020,Edge Hill University,E42,10007823,,,,Greenmount Primary School,105301,Primary
97801832-5290-4b28-bcc9-abe6135d914a,2020,The University of Northampton,N38,10007138,,,,Green Oaks Primary Academy,140327,Primary
c389088b-f85e-4b1a-88c4-f371f8d796c9,2020,Lincoln Bishop University,B38,10007811,,,,Greenpark Academy,142968,Primary
5d74c7ce-57df-4ac4-a5b5-ac3fd404cf3a,2020,Canterbury Christ Church University,C10,10001143,,,,Green Park Community Primary School,135197,Primary
1da499b7-4063-4e09-a18b-4ae448ce2478,2020,Edge Hill University,E42,10007823,,,,Green Park Primary School,104884,Primary
5a0822e4-a81c-4215-b1b1-ef729bb2c666,2020,The University of Northampton,N38,10007138,,,,Green Park School,110395,Primary
34b283a8-a87c-4e60-bd4a-9f14a5ba1949,2020,Leeds Beckett University,L27,10003861,,,,Greenside Primary School,107828,Primary
48491be6-2e3b-4c7d-b7a6-61da17b7a6cf,2020,Lincoln Bishop University,B38,10007811,,,,Green Top,144656,Primary
2762360f-9b58-4cdf-9619-c657c42512bc,2020,Sheffield Hallam University,S21,10005790,,,,Green Top,144656,Primary
f4fc61e0-c762-4178-99f2-6270c71b3cc8,2020,York St John University,Y75,10007713,,,,Green Top,144656,Primary
32adf332-8b41-41a7-a459-9acaac7b843c,2020,Kingston University,K84,10003678,,,,Greenvale Primary School,101781,Primary
3b7ffd05-9b3b-4675-b766-626cdb8c44e8,2020,Staffordshire University,S72,10006299,,,,Greenways Primary Academy,143012,Primary
e21c3cff-a16e-4939-858a-5efcccfd159b,2020,Leeds Trinity University,L24,10003863,,,,Greenways Primary School,143338,Primary
55f22afb-8941-4b51-b326-ce7f5e4c2b67,2020,Kingston University,K84,10003678,,,,Green Wrythe Primary School,141876,Primary
e0ef9c16-7aae-4c65-914a-43963cc693af,2020,Roehampton University,R48,10007776,,,,Green Wrythe Primary School,141876,Primary
1265be24-f0f9-4bef-a60e-7e0c60600842,2020,Newman University,N36,10007832,,,,Grendon Primary School,103205,Primary
56b85a3e-2b39-47f5-b41d-67f6533ec34c,2020,Oxford Brookes University,O66,10004930,,,,Grendon Underwood Combined School,110278,Primary
87b040f3-6256-4a45-aa81-9e28d9cd42a3,2020,Roehampton University,R48,10007776,,,,Gresham Primary School,101758,Primary
3b05b1a3-8e5a-4233-ba4f-301bc4b1035b,2020,The University Of East Anglia,E14,10007789,,,,Gresham's School,121222,Biology
340acef0-12e1-4d05-a9f2-a6daebf19a0f,2020,The University Of East Anglia,E14,10007789,,,,Gresham's School,121222,Physical education
ba45889e-362c-4067-9e21-3a9151fc12c7,2020,Birmingham City University,B25,10007140,,,,Greswold Primary School,104079,English
310b96b9-d340-42e5-81ed-8e624091c939,2020,Birmingham City University,B25,10007140,,,,Greswold Primary School,104079,Primary
8738904c-2a8c-4aae-9370-580c0b0ac1e1,2020,Sheffield Hallam University,S21,10005790,,,,Greystones Primary School,107098,Primary
8473e7a3-45dd-4266-b5ab-58ed73fdcdac,2020,University of Derby,D39,10007851,,,,Griffe Field Primary School,146579,Primary
ef5b84c6-0d02-4cc7-bac0-07787ccc79e7,2020,University of Hull,H72,10007149,,,,Griffin Primary School,144605,Primary
8cb44f2f-b113-4bf6-9589-ea0c01e34df0,2020,University of Derby,D39,10007851,,,,Griffydam Primary School,119918,Primary
b694fd90-9c31-45ed-8adf-d2014c36c991,2020,University of Northumbria at Newcastle,N77,10001282,,,,Grindon Infant School,108766,Primary
1bf6ed2b-7055-4a75-bb04-eddaf0bcd490,2020,University of Sunderland,S84,10007159,,,,Grindon Infant School,108766,Primary
c272d521-4ba2-4efe-9134-7e03767e2921,2020,Middlesex University,M80,10004351,,,,Grinling Gibbons Primary School,100685,Primary
125d74be-2b59-4adb-a1cd-c8b37733946d,2020,Roehampton University,R48,10007776,,,,Grinling Gibbons Primary School,100685,Primary
83e9b115-b25d-444e-a0c8-f4feb89b8760,2020,Leeds Beckett University,L27,10003861,,,,Grove House Primary School,148201,Primary
e11efecc-37cf-4e6e-83fe-81ec381b2055,2020,Leeds Beckett University,L27,10003861,,,,Grove Lea Primary School,148287,Primary
0ff1d1aa-a04f-4fa1-9305-7f76be992bb0,2020,Canterbury Christ Church University,C10,10001143,,,,Grove Park Primary School,138151,Primary
a13d0fc7-9ed7-4b6b-8da6-ecaecb8c0858,2020,University of Wolverhampton,W75,10007166,,,,Grove Primary Academy,142680,Primary
b1f07f2d-5434-4909-8a53-0687bdd80a7d,2020,St Mary's University,S64,10007843,,,,Grove Road Primary School,102519,Primary
b7ce0987-996a-495f-8a22-5990f3a3fa56,2020,Liverpool Hope University,L46,10003956,,,,Grove Street Primary School,105011,Primary
06b861e4-dece-4272-806d-41ab7fafeac5,2020,University of Wolverhampton,W75,10007166,,,,Grove Vale Primary School,103972,Primary
5e5080e9-d473-427f-a792-fd5e27ba833c,2020,Plymouth Marjon University,P63,10037449,,,,Gulval School,140837,Primary
96d27b0e-50f8-4990-a4f7-a553e49a9567,2020,St Mary's University,S64,10007843,,,,Gunnersbury Catholic School,102545,Mathematics
1505bb91-cc0b-4842-b38a-9454e1600675,2020,York St John University,Y75,10007713,,,,Gunness and Burringham Church of England Primary School,118010,Primary
5d82f6e8-7c75-404f-ad82-d7a710989cf5,2020,Birmingham City University,B25,10007140,,,,Gunter Primary School,103208,Primary
5ac06a13-a315-486a-9dca-08d1df00d46e,2020,Newman University,N36,10007832,,,,Gunter Primary School,103208,Primary
2ed4ce5f-d2fb-4107-b88e-20aff13c46b1,2020,The University Of East Anglia,E14,10007789,,,,Gunton Primary Academy,142187,Primary
16cf7209-22cd-4869-b5f7-606768347411,2020,The University Of East Anglia,E14,10007789,,,,Gusford Community Primary School,139803,Primary
e71f0495-8b80-421f-888d-1637bd57e6ad,2020,Birmingham City University,B25,10007140,,,,Haberdashers' Abraham Darby,135582,Physical education
3c3a6042-a710-4253-8603-8afc3f0e741e,2020,"Goldsmiths, University of London",G56,10002718,,,,Haberdashers' Hatcham College,135073,Mathematics
f5b547de-8139-4f82-b6e5-80cb54d8e1b0,2020,University of Greenwich,G70,10007146,,,,Haberdashers' Slade Green Primary,147356,Primary
c4817ed5-fab2-4bb9-b841-5ec08b53d033,2020,Kingston University,K84,10003678,,,,Hackbridge Primary School,102969,Primary
7cafb0fa-7621-4bcf-97d4-9f53103cb731,2020,Canterbury Christ Church University,C10,10001143,,,,Haddon Dene School,118962,Primary
c98de48a-f372-4d1c-a9b1-3342d5b141e8,2020,Edge Hill University,E42,10007823,,,,Hadfield Infant School,112692,Primary
a621ffac-ab94-446e-b1fa-86165e90277c,2020,Sheffield Hallam University,S21,10005790,,,,Hadfield Infant School,112692,Primary
70e64fc4-f2ec-4713-8035-c3c88bed017f,2020,University of Wolverhampton,W75,10007166,,,,Hadley Learning Community - Secondary Phase,144853,Computing
ce326caf-5207-464d-937c-95deee26ba8e,2020,University of Bedfordshire,B22,10007152,,,,Hadrian Academy,137778,Primary
e51d601c-ba26-4e75-8ceb-830f1b38e700,2020,University of Northumbria at Newcastle,N77,10001282,,,,Hadrian Park Primary School,132141,Primary
71f24484-3f70-43d6-b224-cd6e52f8d225,2020,University of Sunderland,S84,10007159,,,,Hadrian Park Primary School,132141,Primary
2569cb9d-148a-465c-8ff2-292340515076,2020,University of Chester,C55,10007848,,,,Hafod - y - Wern Community Primary School,402148,Primary
3474e8a9-a2fa-48c6-aadd-34cf294f3df2,2020,Haybridge SCITT,2B3,10034167,,,,Hagley Primary School,116678,Primary
e8ef6cde-2e9c-4a54-b2b7-349cc3ce241a,2020,University Of Exeter,E84,10007792,,,,Halberton Primary School,113338,Primary
20f2d200-99df-4659-af2e-cf5d1ef03fec,2020,University Of Plymouth,P60,10007801,,,,Halberton Primary School,113338,Primary
66e705db-4a00-49c2-a765-1848ab2585b0,2020,Edge Hill University,E42,10007823,,,,Halebank CofE Primary School,111244,Primary
86abf595-d550-44de-bad4-77802976b95a,2020,Liverpool Hope University,L46,10003956,,,,Hale Church of England Voluntary Controlled Primary School,111294,Primary
8f282e2b-30bf-4117-9593-aded4c56aa56,2020,Leeds Trinity University,L24,10003863,,,,Half Acres Primary Academy,144332,Primary
ea242e70-6782-4c1f-ad00-7b247b5201c7,2020,Leeds Beckett University,L27,10003861,,,,Halfpenny Lane Junior Infant and Nursery School,139502,Primary
090a561c-1b06-4879-9f23-737518167329,2020,Canterbury Christ Church University,C10,10001143,,,,Halfway Houses Primary School,143605,Primary
793cec60-645d-4a73-9ace-0a7cf17de49c,2020,Edge Hill University,E42,10007823,,,,Hallam Nursery & Primary School,142311,Primary
c6d98280-f8bc-41b7-a91d-adeed3125de1,2020,Sheffield Hallam University,S21,10005790,,,,Hallam Nursery & Primary School,142311,Primary
1189c410-f2bc-4de1-885e-8e4871c70399,2020,Coventry University,C85,10001726,,,,Hall Cross Academy,137842,Geography
6f6b16a4-1ce7-4f33-81c1-49629e2850d4,2020,Sheffield Hallam University,S21,10005790,,,,Hall Cross Academy,137842,Mathematics
7636ed86-2d61-4f2f-acf7-99385c7b6ae0,2020,University of Hull,H72,10007149,,,,Hallgate Primary School Cottingham,135078,Primary
80b4add9-f17b-48c9-b4f5-44dee08dc464,2020,York St John University,Y75,10007713,,,,Hallgate Primary School Cottingham,135078,Primary
ded7fbd4-409e-46e9-8df0-52e08a7a61f1,2020,Birmingham City University,B25,10007140,,,,Hall Green Infant School,103210,Primary
6e8fd3d1-a0ba-4048-9860-a1f884b2d6d0,2020,The University Of Birmingham,B32,10006840,,,,Hall Green School,137858,Physical education
b5af0fdf-a541-4b9e-89cd-1e031adb27d7,2020,University of Worcester,W80,10007139,,,,Hallow CofE Primary School,116882,Primary
62523348-ba8b-4014-a356-64e9bd0631df,2020,University of Sussex,S90,10007806,,,,Halsford Park Primary School,141265,Primary
3546e5b9-9bcf-4215-b068-db98608c33ec,2020,"Goldsmiths, University of London",G56,10002718,,,,Halstow Primary School,143597,Primary
7c2541d7-1572-423f-87f5-3796a626c995,2020,University of Winchester,W76,10003614,,,,Hamble Primary School,115901,Primary
74bd05b0-7eb7-48d4-a7e0-69779447920d,2020,York St John University,Y75,10007713,,,,Hambleton Church of England Voluntary Controlled Primary School,121566,Primary
4faedb50-53e4-4f04-a1a6-651a205ee626,2020,Roehampton University,R48,10007776,,,,Hambrough Primary School,101887,Primary
341806b0-ce7d-4206-aa32-73ccff630a60,2020,Birmingham City University,B25,10007140,,,,Hamd House School,131687,Primary
aacbe83d-82ec-4596-b8c8-8847d2fdb8b5,2020,Newman University,N36,10007832,,,,Ham Dingle Primary Academy,143822,Primary
4a00d32f-575d-40e8-9d3e-ef4bc3044609,2020,University College Birmingham,B35,10000712,Wilson Stuart School,138281,school,Hamilton School,103600,Primary
c2334a45-93fe-490a-9f12-afba9b643b9b,2020,Brunel University London,B84,10000961,,,,Hammersmith Academy,136172,Mathematics
10da041a-cac7-4ea7-87ff-20cc7f3002a1,2020,Bath Spa University,B20,10000571,,,,Hampreston Church of England Voluntary Aided First School,113802,Early years ITT
1dac88b4-137e-400d-bfee-b8623c7ffafc,2020,University of Winchester,W76,10003614,,,,Hampreston Church of England Voluntary Aided First School,113802,Primary
c0d39715-cb28-4909-ba04-66d28a9832b6,2020,St Mary's University,S64,10007843,,,,Hampton Infant School and Nursery,102888,Primary
a7d6eab3-deaa-494f-a802-3f4d8bc05921,2020,St Mary's University,S64,10007843,,,,Hampton Junior School,102887,Primary
74009f14-f331-4ae3-b7ba-16d9844809e2,2020,University College Birmingham,B35,10000712,,,,Hampton Lucy CofE Primary School,125635,Primary
4ae42686-851c-4af0-b0f3-1fee31fb5291,2020,Canterbury Christ Church University,C10,10001143,,,,Hampton Primary School,137961,Primary
0d2d1cea-f61b-411b-94d1-783cc8a9abf9,2020,St Mary's University,S64,10007843,,,,Hampton Wick Infant and Nursery School,102889,Primary
af7ccb0f-042d-4511-a4b2-8a08227359dc,2020,The University of Brighton,B72,10000886,,,,Hamsey Community Primary School,114394,Primary
315789e5-047e-4e2a-959e-27713b57b5aa,2020,Canterbury Christ Church University,C10,10001143,,,,Hamstreet Primary Academy,140323,Primary
90c89b1d-0ca1-43a3-8fe0-580289a372e6,2020,University of Worcester,W80,10007139,,,,Hanbury CofE First School,116816,Primary
af4541ce-4636-43f0-8e8d-c2b6e43f1de2,2020,Birmingham City University,B25,10007140,,,,Hanbury Primary School,131178,Primary
a712266a-bf57-48f8-bc03-cab166a3747a,2020,The University of Brighton,B72,10000886,,,,Handcross Primary School,125932,Mathematics
dfce97ae-4e47-404b-b42f-88f0e949d86e,2020,The Manchester Metropolitan University,M40,10004180,,,,Handforth Grange Primary School,146615,Primary
4e01e4c2-876a-492c-bf3b-125309baf755,2020,St Mary's University,S64,10007843,,,,Handsworth Primary School,103059,Primary
83b12e06-4cf4-4dee-b922-cb2374470b78,2020,The University of Brighton,B72,10000886,,,,Hangleton Primary School,114399,Primary
62d2d6ad-67a7-4236-94e4-373ccbc4e721,2020,University of Sussex,S90,10007806,,,,Hangleton Primary School,114399,Primary
f25b3d75-00cd-4dc6-a95a-736f85e175c3,2020,University of Gloucestershire,G50,10007145,,,,Hannah More Primary School,109110,Primary
71170610-b1b5-4d40-a582-7bd8d95ede11,2020,The University Of East Anglia,E14,10007789,,,,Hapton Church of England Voluntary Aided Primary School,121040,Primary
7a2d5ac8-dd1c-49f3-a52f-7ebdaab84f42,2020,The University of Brighton,B72,10000886,,,,Harbour Primary and Nursery School,114441,Mathematics
454eb4ee-da3e-413e-ac26-e238e3035714,2020,The University of Brighton,B72,10000886,,,,Harbour Primary and Nursery School,114441,Primary
b41dcd39-cf14-4148-9e00-2c1d30d921ac,2020,Leeds Trinity University,L24,10003863,,,,Harden Primary School,140076,Primary
86033e50-7e9c-41c4-a750-6169cb913f5d,2020,Nottingham Trent University,N91,10004797,,,,Hardwick House School,141127,Primary
c3c28da0-450b-4e0b-84d2-504fe46b3095,2020,University of Derby,D39,10007851,,,,Hardwick Primary School,143875,Primary
87598cbf-6c3c-4d87-a4a8-43cab5121eb5,2020,Leeds Trinity University,L24,10003863,,,,Harehills Primary School,107925,Primary
2534ff96-dbe4-4b3b-88a6-e9740755ade9,2020,University of Northumbria at Newcastle,N77,10001282,,,,Hareside Primary School,122268,Primary
692a7723-679c-43a6-9fb1-d9c2ff71f2c4,2020,University of Winchester,W76,10003614,,,,Harestock Primary School,116241,Primary
268a72a7-70e4-42fa-8e0b-6715b03e5e32,2020,University of Hertfordshire,H36,10007147,,,,Hare Street Community Primary School and Nursery,133255,Primary
7b6855f6-a31e-4d15-b010-e48a904cd577,2020,York St John University,Y75,10007713,,,,Harewood Church of England Voluntary Controlled Primary School,107989,Primary
2c2afa46-4938-407a-837d-558293300b12,2020,University of Wolverhampton,W75,10007166,,,,Hargate Primary School,103905,Primary
efe189ef-fef4-46e3-8585-9a7463da3548,2020,The University of Brighton,B72,10000886,,,,Harlands Community Primary & Nursery School,130954,Primary
718f3115-8357-4cc4-9060-8ed62b842c46,2020,The University of Brighton,B72,10000886,,,,Harlands Primary School,140723,Primary
07f55a43-5aae-4bde-8334-7693ad10f17c,2020,University of Chester,C55,10007848,,,,Harlescott Junior School,123393,Primary
bb1697c8-2342-4bdb-a2c4-9ba3c5133edb,2020,St Mary's University,S64,10007843,,,,Harlyn Primary School,102383,Primary
e98343c7-49c3-4bcb-9e9b-d34ec4acbb35,2020,Edge Hill University,E42,10007823,,,,Harmonize Academy AP Free School,139114,English
b0c31bc5-2b98-47d5-8c0d-b53df80f1188,2020,University of Winchester,W76,10003614,,,,Harnham Church of England Controlled Junior School,126351,Primary
7f1f99a0-2927-4bca-9a40-9fc770add08c,2020,University of Winchester,W76,10003614,,,,Harnham Infants' School,126206,Primary
32951ef3-309f-4a13-a985-eb6490d63763,2020,University of Greenwich,G70,10007146,,,,Harold Court Primary School,102278,Primary
123b3a58-f6cc-44f6-8b24-307906f75409,2020,Birmingham City University,B25,10007140,,,,Harper Bell Seventh-day Adventist School,136440,Primary
83db20d3-7a94-472a-a3ae-7020fe0f8d8a,2020,Birmingham City University,B25,10007140,,,,Harpfield Primary Academy,138497,Primary
e4fbcc9f-9ec9-4f8b-95fe-1029809d377f,2020,Staffordshire University,S72,10006299,,,,Harpfield Primary Academy,138497,Primary
43d72a73-edd0-40ed-bc96-8cb586924e5c,2020,OTT SCITT,24T,10059630,The Cherwell School,137970,school,Harriers Banbury Academy,139298,Primary
458c8e78-7276-49d6-9a4d-33d052bb7d43,2020,University of East London,E28,10007144,,,,Harris Academy Chafford Hundred,137549,Computing
233ab68b-822a-4687-b93b-544997aea064,2020,University of Greenwich,G70,10007146,,,,Harris Academy Clapham,147543,Chemistry
8e129ebc-72f5-48e7-9365-e5b1fb08cefd,2020,Harris ITE,1WU,10055126,Harris City Academy Crystal Palace,135311,school,Harris Academy Tottenham,140935,Primary
c808e97e-7d5b-4d7a-87b3-ef26b852fb57,2020,Kingston University,K84,10003678,,,,Harris Junior Academy Carshalton,139965,Primary
c8c9e736-8760-44e8-8db9-5a09312fcd8e,2020,Roehampton University,R48,10007776,,,,Harris Junior Academy Carshalton,139965,Primary
45885dd3-7f69-4cf6-b2fb-cdfa6c7adec4,2020,Canterbury Christ Church University,C10,10001143,,,,Harris Primary Academy Mayflower,140938,Primary
a3f98204-ee23-4cb4-825d-1ea811d1e8cd,2020,Harris ITE,1WU,10055126,Harris City Academy Crystal Palace,135311,school,Harris Primary Academy Mayflower,140938,Primary
bae58c7d-0797-4d4f-b49c-1ed19af986f5,2020,St Mary's University,S64,10007843,,,,Harris Primary Academy Merton,141143,Primary
9f1b2c49-3024-475f-a98d-f9ad6ef494a4,2020,Brunel University London,B84,10000961,,,,Harris Primary Academy Peckham Park,137413,Primary
b0101bee-c40d-4bb5-9e5d-ec4988c92970,2020,Edge Hill University,E42,10007823,,,,Harris Primary School,119152,Primary
cb916273-1f7f-4b12-b6a3-9a2c56d56e6d,2020,Leeds Trinity University,L24,10003863,,,,"Harrogate, Grove Road Community Primary School",121395,Primary
fa7beb8b-6bfa-446c-bdf8-a67ae11e74b9,2020,Plymouth Marjon University,P63,10037449,,,,Harrow Collegiate,135469,Physical education
43621041-c6bf-4b4f-a439-3fba6a81d049,2020,University of Reading,R12,10007802,,,,Harrow Collegiate,135469,Primary
f73ad75f-3769-4458-b5e9-04b61b9b6476,2020,Edge Hill University,E42,10007823,,,,Harrowgate Hill Primary School,135088,Primary
b8677d93-5acd-43eb-be16-418831129eb3,2020,Brunel University London,B84,10000961,,,,Harrow High School,137177,Mathematics
365002d1-0974-44f4-b620-b7405d13bc5a,2020,University of Chester,C55,10007848,,,,Hartford Church of England High School,138148,English
63b7fb17-2124-4931-9d22-a8732af56726,2020,The University Of East Anglia,E14,10007789,Thorpe St Andrew School and Sixth Form,143278,school,Hartismere School,136271,Physical education
ade182e4-b4f1-4851-aa49-4d9ac8176a81,2020,The University Of East Anglia,E14,10007789,,,,Hartismere School,136271,History
45473254-d844-4c6e-a8ba-a422bbf04b8c,2020,The University Of East Anglia,E14,10007789,,,,Hartismere School,136271,Physical education
104df8ea-110f-48c6-b493-fb701d0e6f8d,2020,University of Worcester,W80,10007139,,,,Hartlebury CofE Primary School,144261,Primary
c367a359-8984-430e-8b1b-30fd280aaf6d,2020,Sheffield Hallam University,S21,10005790,,,,Hartley Brook Primary School,144482,Primary
4f1496cd-805a-4402-971e-3a2abffe4199,2020,University of Chichester,C58,10007137,,,,Hart Plain Infant School,115966,Primary
02b4bec8-bce1-4047-bc0a-c65cb73803fd,2020,University of Winchester,W76,10003614,,,,Hart Plain Junior School,116244,Primary
3472d126-cba3-42cb-beec-8750a1e921d3,2020,University of Derby,D39,10007851,,,,Hartshorne CofE Primary School,112824,Primary
83589d93-b36a-4cdf-a773-1423e3e9267f,2020,Roehampton University,R48,10007776,,,,Harvey Road Primary School,117131,Primary
033c8f9e-c40f-4be0-9682-56df5541f34f,2020,University of Wolverhampton,W75,10007166,,,,Harvills Hawthorn Primary School,131591,Primary
1d05c427-c669-4509-9c35-ef740383a61e,2020,University of Worcester,W80,10007139,,,,Harvington CofE First School,116819,Primary
174ebb92-c50d-4f6c-9394-81392436f727,2020,Coventry University,C85,10001726,,,,Harwell Primary School,123062,Primary
4df03fc1-c157-441a-a7a9-3bd015138786,2020,University of Hertfordshire,H36,10007147,,,,Harwood Hill Junior Mixed Infant and Nursery School,117227,Primary
a65ba997-59e3-4a37-94ff-b9ab76d1dd79,2020,Edge Hill University,E42,10007823,,,,Haslam Park Primary School,105168,Primary
ddac246c-01fe-4cb7-8a8b-43703c0a6121,2020,Roehampton University,R48,10007776,,,,Haslemere Primary School,102643,Primary
4bf8f5ea-34c2-4dd3-9f08-24ad9bba255b,2020,Edge Hill University,E42,10007823,,,,Haslingden Primary School,119194,Mathematics
c3666466-9275-48c4-8d63-3c6db4fcf295,2020,Edge Hill University,E42,10007823,,,,Haslingden Primary School,119194,Primary
3191df1d-a6aa-447f-a7aa-99d4f8b3010e,2020,University of Cumbria,C99,10007842,,,,Haslingden St James Church of England Primary School,119452,Primary
f96fdfa0-7b60-4bfe-951e-49c5028e31ac,2020,The Manchester Metropolitan University,M40,10004180,,,,Haslington Primary Academy,148487,Primary
f598f8dd-c18b-4b06-9178-a571d1a3be74,2020,Birmingham City University,B25,10007140,,,,Haslucks Green School,104046,Primary
ecbd1ab1-de26-4888-aa79-39566f78b61d,2020,University of Sussex,S90,10007806,,,,Hassocks Infant School,125933,Primary
d0310a05-b34e-4bc5-9004-f0b6d6b7f108,2020,Coventry University,C85,10001726,,,,Hastings High School,140103,Business studies
51b066a1-bc8d-42af-b6d0-5a61ec5e9ad6,2020,St Mary's University,S64,10007843,,,,Hatchlands Primary,145887,Primary
cc531e04-1af2-4838-b0a8-f877b521fb41,2020,University of Winchester,W76,10003614,,,,Hatch Warren Infant School,116137,Primary
59cc6637-1990-4562-b17b-3500119ff4b0,2020,University of Winchester,W76,10003614,,,,Hatch Warren Junior School,116255,Primary
83b2bccb-a4e5-415a-91cd-81c47159bccf,2020,University of Hertfordshire,H36,10007147,,,,Hatfield Community Free School,138201,Primary
340f1997-8426-45cd-8af4-035fd840a42a,2020,Leeds Trinity University,L24,10003863,,,,Hatfield Woodhouse Primary School,138007,Primary
506675c6-b9c6-419c-b01a-8addc68c862d,2020,Sheffield Hallam University,S21,10005790,,,,Hatfield Woodhouse Primary School,138007,Primary
e84e8f3e-9bcf-4b04-b8c3-5a9209a4a0c3,2020,University Of Exeter,E84,10007792,,,,Hatherleigh Community Primary School,113251,Primary
458c735a-0181-4965-b6a4-63b39e19f1e4,2020,Liverpool John Moores University,L51,10003957,,,,Hatton Hill Primary School,104878,Primary
1821f175-5402-4556-b210-5714a29c0ebe,2020,University of Northumbria at Newcastle,N77,10001282,,,,Havannah First School,108443,Primary
efcfc974-99d3-4c9d-a4b5-33b2e06a8b29,2020,University of Bedfordshire,B22,10007152,,,,Havelock Junior School,140054,Primary
214f85a5-880c-4dcf-8f2f-134c35f0c27c,2020,University Of Oxford,O33,10007774,,,,Havelock Junior School,140054,Geography
cda97a08-9a16-4f55-9b28-c2e0725fedce,2020,University of Reading,R12,10007802,,,,"Havelock Primary School, Nursery & Arp",101900,Primary
32cd435a-61a9-4594-a94a-17bc1683aae6,2020,University of Worcester,W80,10007139,,,,Hawbush Primary School,103820,Primary
6b01ed8d-32e7-481c-9a6d-b4f4e24aa63f,2020,University of Reading,R12,10007802,,,,Hawkedon Primary School,109929,Primary
33aa6b8f-7cd3-4180-88d3-6ed44dbca8a8,2020,The University of Brighton,B72,10000886,,,,Hawkes Farm Academy,143119,Primary
0b8bfa67-b550-4cb6-a952-29fba55f66af,2020,Birmingham City University,B25,10007140,,,,Hawkesley Church Primary Academy,139269,Primary
9a096c00-14d4-4070-907e-26428197beb3,2020,University of Worcester,W80,10007139,,,,Hawkesley Church Primary Academy,139269,Primary
dd4439ce-f2e2-45d2-9e1e-e36b01485d2d,2020,Canterbury Christ Church University,C10,10001143,Sandgate Primary School,118505,school,Hawkinge Primary School,118385,Primary
da0367dd-8e64-4d6f-adb4-df6a92d968ae,2020,Edge Hill University,E42,10007823,,,,Hawkley Hall High School,138110,English
5930d3f0-2f8d-41df-836f-e203cf34f1f1,2020,Edge Hill University,E42,10007823,,,,Hawkley Hall High School,138110,Mathematics
2c1f9378-92f3-4837-9971-f1e2263c1919,2020,Leeds Beckett University,L27,10003861,,,,Hawksworth Wood Primary School,107893,Primary
3c372b46-12de-4e61-8b5a-e11d511cc531,2020,Leeds Trinity University,L24,10003863,,,,Hawksworth Wood Primary School,107893,Primary
bbe1b493-901e-4e4b-af90-2db2c2b12f0d,2020,University of Bedfordshire,B22,10007152,,,,Hawthorn Community Primary School,146905,Primary
4d7ab2dc-9296-4634-8f23-76686629979e,2020,Lincoln Bishop University,B38,10007811,,,,Hawthorn Tree School,120424,Primary
208de5b7-70bf-4870-a740-130e6f468cce,2020,Oxford Brookes University,O66,10004930,,,,Haydon Abbey School and Pre-School,110276,Primary
2d5a3383-d535-4cc1-9f1a-0969d85426cb,2020,Bath Spa University,B20,10000571,,,,Hayesfield Girls School,136966,Mathematics
8e63d1fb-6154-4182-bf20-9f67b6da013a,2020,Birmingham City University,B25,10007140,,,,Hayes Meadow Primary School,124151,Primary
030ae772-f79b-45c2-bc90-bff8f9bc733d,2020,St Mary's University,S64,10007843,,,,Hayes Primary School,136920,Primary
ad210deb-9ed8-4238-b791-e89ce8629ec7,2020,University of Greenwich,G70,10007146,,,,Hayes Primary School,136920,Primary
dd29e4d6-2395-4f6b-b73a-8d47c030d4e2,2020,University Of Plymouth,P60,10007801,,,,Hayes School,136648,Primary
21e62416-de5a-4878-8ed3-efce621d72bc,2020,University Of Plymouth,P60,10007801,,,,Haytor View Community Primary School,133893,Primary
7a69ba13-13de-4606-a1ac-45737eb8e664,2020,Middlesex University,M80,10004351,,,,Hazelbury Primary School,143198,Primary
bf85fb76-169a-402c-886c-0ef58577f013,2020,Staffordshire University,S72,10006299,,,,Hazel Slade Primary Academy,145684,Primary
a1ebdd79-62fe-4ba3-9172-9df16d72d8e2,2020,The University of Brighton,B72,10000886,,,,Hazelwick School,137263,Physical education
e9216be6-d49d-4866-8eec-5f2123d60738,2020,Edge Hill University,E42,10007823,,,,Hazel Wood High School,146970,English
d7a0a41c-c003-48fc-90ee-f708e2dafb4f,2020,University of Winchester,W76,10003614,,,,Hazel Wood Infant School,116243,Primary
b41fca8c-ea7c-4a98-a62b-fd31298549d6,2020,The Manchester Metropolitan University,M40,10004180,,,,Hazlehurst Community Primary School,105296,Mathematics
7ceaa3c7-695d-4966-ab24-0e93dbfb6d14,2020,The Manchester Metropolitan University,M40,10004180,,,,Hazlehurst Community Primary School,105296,Primary
827706c0-c46d-4c84-a490-63cd4bc3f150,2020,The Manchester Metropolitan University,M40,10004180,,,,Hazlehurst Primary Academy,150782,Primary
55219685-5dd8-43ea-a762-fea1e734a765,2020,Oxford Brookes University,O66,10004930,,,,Hazlemere Church of England Combined School,110462,Primary
abce9ec5-f9d6-424a-a601-bc6eca05a109,2020,Canterbury Christ Church University,C10,10001143,,,,Headcorn Primary School,118291,Primary
640a359b-5e13-4157-878a-808fe203bb6d,2020,University of Winchester,W76,10003614,,,,Headcorn Primary School,118291,Primary
cc7a4c71-a442-4d73-b097-c8433189479c,2020,Leeds Beckett University,L27,10003861,,,,"Headlands Church of England Voluntary Controlled Junior, Infant and Nursery School",107723,Primary
885cde89-cc28-4f87-a43e-33cce5918a0b,2020,University of Derby,D39,10007851,,,,Heage Primary School,112773,Primary
e1938274-d0be-42cd-a890-bf6a424201b9,2020,The Manchester Metropolitan University,M40,10004180,,,,Heald Place Primary School,105422,Primary
4a0b0b0d-5032-40d9-9a3a-7c8149fef584,2020,Lincoln Bishop University,B38,10007811,,,,Healdswood Infants' and Nursery School,122488,Primary
2b9f37e6-3c80-48fe-bf4e-8670b9cfd6a1,2020,University of Hull,H72,10007149,,,,Healing Primary Academy,141302,Primary
333dc26e-d2d9-4b54-a890-0f03fb0f3688,2020,The University Of East Anglia,E14,10007789,,,,Heartsease Primary Academy,139491,Primary
44c56d9c-41ff-4931-9388-a7794b9f2570,2020,University Of Plymouth,P60,10007801,,,,Heathcoat Primary School,113343,Primary
ba45586e-f885-4638-9320-570e16b3cf69,2020,Coventry University,C85,10001726,,,,Heathcote School & Science College,103097,General sciences
ba3e7e2f-0d2d-4ac4-bf30-d559da1d8522,2020,The University Of East Anglia,E14,10007789,,,,Heather Avenue Infant School,144143,Primary
f90868db-af25-4108-afc9-9783c1358a67,2020,Sheffield Hallam University,S21,10005790,,,,Heather Garth Primary School Academy,139748,Primary
a580f44c-f48f-4876-aac0-5c25219cbfcf,2020,University of Reading,R12,10007802,,,,Heatherside Junior School,116010,Primary
34a516a0-a0db-45a5-b6ca-cc2facdfbf62,2020,St Mary's University,S64,10007843,,,,Heathfield Academy,140435,Primary
5c2fe970-325e-4dbd-a918-976f50c642ff,2020,The University of Brighton,B72,10000886,,,,Heathfield Community College,114587,Physical education
4f49574d-2bf5-428b-bef7-b0a9ddaf0351,2020,St Mary's University,S64,10007843,,,,Heathfield Infant School,102891,Primary
04d8342c-00eb-4645-bc3e-109f7908bcd3,2020,Birmingham City University,B25,10007140,,,,Heathfield Primary School,142231,Primary
bd5a19b6-71c2-45d7-b9d1-3acd00d33c8a,2020,Coventry University,C85,10001726,,,,Heathfield Primary School,142231,Primary
d5d9861f-cbce-4c86-8f12-122e758f2b97,2020,University of Wolverhampton,W75,10007166,,,,Heath Hayes Primary Academy,140490,Primary
2e3d39d0-fe8b-4f76-8295-dd71db104c13,2020,University of Wolverhampton,W75,10007166,,,,Heathlands Primary Academy,140890,Primary
79a4e8fb-0dbd-44cf-a9bb-d8e5ea55a5ac,2020,Birmingham City University,B25,10007140,,,,Heath Mount Primary School,149366,Primary
b9b2868d-c305-40a3-81a6-d5e904465311,2020,Newman University,N36,10007832,,,,Heath Mount Primary School,149366,Primary
f6666345-1db8-4d51-a3a8-f324523d4dad,2020,University of Wolverhampton,W75,10007166,,,,Heath Park,137730,Computing
59ffe19e-4948-4578-b07c-ee56e11a1943,2020,University of Wolverhampton,W75,10007166,,,,Heath Park,137730,Geography
c03fafe1-41f9-40b0-956a-682a9120f027,2020,University of Wolverhampton,W75,10007166,,,,Heath Park,137730,History
870286cf-5ace-4965-9b3e-656e1f3cce9a,2020,University of Wolverhampton,W75,10007166,,,,Heath Park,137730,Mathematics
b8d8332b-a704-4a47-99ac-cc9bf267609e,2020,University of Derby,D39,10007851,,,,Heath Primary School,146508,Primary
babc094c-44c1-40cf-a21d-a30496692280,2020,Roehampton University,R48,10007776,,,,Heathrow Primary School,102385,Primary
e1743715-419c-4c6f-a30b-f04d414601d3,2020,Edge Hill University,E42,10007823,,,,Heaton Park Primary School,105306,Primary
e860518a-ed5a-4f9b-b24c-416ded2835b5,2020,University of Huddersfield,H60,10007148,,,,Hebden Royd CofE VA Primary School,107551,Primary
38d531be-84a8-4566-a652-0db1fa54c8c0,2020,Leeds Trinity University,L24,10003863,,,,Heckmondwike Primary School,130351,Primary
bd994a68-c17c-4681-a96b-e26ac9f3f0c6,2020,Leeds Beckett University,L27,10003861,,,,Hedon Primary School,117851,Primary
2d27aea6-e8e1-4103-b85a-ffaa0a93dd0e,2020,Lincoln Bishop University,B38,10007811,,,,Heighington Millfield Primary Academy,137201,Primary
ec690dcf-122d-46a1-a42d-aeabd2b73ff9,2020,Plymouth Marjon University,P63,10037449,,,,Hele's School,136557,Art and design
24bab64e-dcd1-42ce-a700-8fe95befc06f,2020,Plymouth Marjon University,P63,10037449,,,,Hele's School,136557,Physical education
30da3b7f-074f-4175-9d44-23646fc2dd01,2020,The University Of East Anglia,E14,10007789,,,,Hellesdon High School,138039,Chemistry
30acf115-ab57-42ad-a541-726d8dfa2d2e,2020,The University Of East Anglia,E14,10007789,,,,Hellesdon High School,138039,English
960fef8e-59b4-4374-9fd7-16f57770cecb,2020,The University Of East Anglia,E14,10007789,,,,Hellesdon High School,138039,Geography
ab740872-097d-4e0b-982e-9923b5dc8392,2020,The University Of East Anglia,E14,10007789,,,,Hellesdon High School,138039,History
275149e8-267c-4aa2-8a46-e09a76a3fb76,2020,The University Of East Anglia,E14,10007789,,,,Hellesdon High School,138039,Mathematics
d2f1d9ac-3cc7-4631-9eda-86ed90657854,2020,The University Of East Anglia,E14,10007789,,,,Hellesdon High School,138039,Physical education
362b0928-05d1-4084-8e39-a925cd34bb5c,2020,The University Of East Anglia,E14,10007789,,,,Hellesdon High School,138039,Physics
86fe8add-f141-4a93-8252-2ffd8114fe2b,2020,York St John University,Y75,10007713,,,,Hellifield Community Primary School,121402,Primary
944c4ee4-1f02-4d13-b66d-48f36f7b3f13,2020,Edge Hill University,E42,10007823,,,,Hempstalls Primary School,142843,Primary
10247a03-6c4a-40f8-8d2f-e3558c9eb155,2020,Canterbury Christ Church University,C10,10001143,,,,Hempstead Junior School,118423,Primary
4a6ae7ac-b025-4132-b226-0e7db8170a2e,2020,"University of the West of England, Bristol",B80,10007164,,,,Henbury Court Primary Academy,139116,Primary
53f77460-230c-4984-a719-cd391d3f4cf7,2020,York St John University,Y75,10007713,,,,Hendal Primary School,108218,Primary
4f7dadbf-18e5-4384-8cfe-e59b59c7803c,2020,The University Of East Anglia,E14,10007789,,,,Henderson Green Primary Academy,142634,Primary
86efa742-9396-4333-b6f9-17b9fc19b068,2020,University of Derby,D39,10007851,,,,Henhurst Ridge Primary Academy,143663,Primary
b7de820e-c4ba-4cf0-9a05-15c3c3cd46ae,2020,"University of the West of England, Bristol",B80,10007164,,,,Henleaze Infant School,108934,Primary
ed0394b1-1820-49e7-b359-06a40b72d494,2020,Coventry University,C85,10001726,,,,Henley Bank High School,145480,Physical education
9db831e4-80d3-4edc-9a86-f6764eeb517d,2020,Sheffield Hallam University,S21,10005790,Silverdale School,139167,school,Henry Bradley Infant School,112519,Primary
a11bff8f-0b10-4ad7-99db-e0e39c3d9070,2020,Sheffield Hallam University,S21,10005790,,,,Henry Bradley Infant School,112519,Primary
3d336a04-d100-4c83-9139-bb138e858142,2020,Staffordshire University,S72,10006299,,,,Henry Chadwick Primary School,146910,Primary
7d45906d-97fb-4adb-a55d-3097d4c57a45,2020,University of Cumbria,C99,10007842,,,,Henry Green Primary School,101229,Primary
8a78a0f1-504d-4865-891c-533abc87fc33,2020,University of East London,E28,10007144,,,,Henry Green Primary School,101229,Primary
4800d4c4-fd62-479c-b5ae-c4713c12f4f4,2020,Birmingham City University,B25,10007140,,,,Henry Hinde Infant School,137989,Primary
758b81ef-2dc8-4e8b-9f0b-a113e29a9ca2,2020,University of East London,E28,10007144,,,,Henry Maynard Primary School,103070,Primary
4fb33d2e-b344-46ce-9b86-7ac0128b9981,2020,York St John University,Y75,10007713,,,,Hensall Community Primary School,121403,Primary
20c09c4d-b4dc-4bff-a793-c7b7264b0689,2020,The Manchester Metropolitan University,M40,10004180,,,,Heptonstall Junior Infant and Nursery School,107511,Primary
4c172d36-eede-4688-9dcc-6bf69e20a0aa,2020,University of Huddersfield,H60,10007148,,,,Hepworth Junior and Infant School,107657,Primary
1f1337bd-2c98-4600-95b1-43adee6b5ab5,2020,The University Of Sheffield,S18,10007157,Ashfield Comprehensive School,137981,school,Heritage High School,144391,English
df80abb7-8789-4681-b3b1-9c234527999c,2020,St Mary's University,S64,10007843,,,,Hermitage Primary School,148775,Primary
f9fe50a0-d81e-4ef3-98cc-31252d0a7e7d,2020,The Manchester Metropolitan University,M40,10004180,,,,Hermitage Primary School,140724,Primary
0e7a33a7-06ed-4a9b-92ea-dcf81f12cebe,2020,University of Reading,R12,10007802,,,,Hermitage Primary School,109815,Primary
1de97a60-3bb6-4f70-95ae-a9fff273e003,2020,Canterbury Christ Church University,C10,10001143,,,,Herne Bay Infant School,118359,Primary
7ae44be4-7826-44c8-adb9-30c45895082e,2020,Canterbury Christ Church University,C10,10001143,,,,Herne Bay Junior School,118852,Mathematics
b88565c3-79b1-446e-a77c-44ecba6e60b7,2020,Canterbury Christ Church University,C10,10001143,,,,Herne Bay Junior School,118852,Primary
36c638c4-282d-4610-abaf-43ceb524ecc5,2020,The University of Brighton,B72,10000886,,,,Herne Bay Junior School,118852,Mathematics
43829c47-6174-441d-b6fa-801cc959db3d,2020,Canterbury Christ Church University,C10,10001143,,,,Herne Church of England Infant and Nursery School,118710,Primary
e6ff7827-77ff-470b-a17f-43bb39e02962,2020,Canterbury Christ Church University,C10,10001143,,,,Herne Church of England Junior School,118736,Primary
e3b4b9e8-e750-4b80-b9e1-b195a9de846a,2020,Staffordshire University,S72,10006299,,,,Heron Cross Primary School,124003,Primary
e36314a3-f2ab-4b95-9636-ac9e85dc81fb,2020,Edge Hill University,E42,10007823,,,,Heron Hill Primary School,112190,Primary
1cbdd75c-90ca-4513-ba6c-97a32949bf42,2020,University of Cumbria,C99,10007842,,,,Heron Hill Primary School,112190,Primary
4b27f8ca-32dc-4e17-b085-92dd40fef695,2020,University of Greenwich,G70,10007146,,,,Heronsgate Primary School,100158,Primary
9a315c00-4899-4eb3-9173-d2d4af31718d,2020,The University of Brighton,B72,10000886,,,,Heron Way Primary School,125887,Primary
6840b995-4c30-40c7-b322-37cf0d14cb4c,2020,Leeds Trinity University,L24,10003863,,,,Herringthorpe Junior School,141788,Primary
31a6199e-a020-47e7-9179-ea8775268170,2020,Sheffield Hallam University,S21,10005790,,,,Herringthorpe Junior School,141788,Primary
f7d140d3-abca-4247-8eb6-2f71b0a297d7,2020,The University of Brighton,B72,10000886,,,,Hertford Junior School,114383,Mathematics
64099fa7-25c9-4b8d-9b90-cf0f9434b3eb,2020,The University of Brighton,B72,10000886,,,,Hertford Junior School,114383,Primary
f1b60f42-e0d3-4ef0-88e8-49f44a4bf4ee,2020,The University of Brighton,B72,10000886,,,,Hertford Primary School,114368,Primary
193efbbf-cc7c-4dd3-9e20-7ad00edff054,2020,Leeds Trinity University,L24,10003863,,,,"Hertford Vale Church of England Voluntary Controlled Primary School, Staxton",121534,Primary
ed1767e6-c71c-475f-aefe-92e3f77a7156,2020,Edge Hill University,E42,10007823,,,,Heskin Pemberton's Church of England VA Primary School,119475,Primary
8317ecde-3b35-4cee-88a9-4a5a90bca2b8,2020,University of Hull,H72,10007149,,,,Hessle High School and Penshurst Primary School,137306,Primary
38a200e7-74a4-4c94-b8f5-cadc567ae442,2020,University of Chester,C55,10007848,,,,Heswall Primary School,105038,Primary
341d56f6-a08d-40c1-9049-bd4db4bb43d9,2020,University of Sunderland,S84,10007159,,,,Hetton Lyons Nursery School,108750,Primary
70e340a5-7948-4b90-8061-76263f5fb4da,2020,University of Sunderland,S84,10007159,,,,Hetton Lyons Primary School,144225,Primary
91bb5320-9ab3-4be7-a3c7-0fa794e768e6,2020,University of Sunderland,S84,10007159,,,,Hetton Primary School,108803,Primary
4bbe6459-8e78-418d-9259-03c9def8a5a5,2020,The University Of East Anglia,E14,10007789,,,,Hevingham Primary School,120817,Primary
a3734903-c399-4fc6-8292-2a50011c3e8e,2020,Kingston University,K84,10003678,,,,Hewens Primary School,139909,Primary
3ba50ec1-c874-4d53-8e27-ff1ab5acc600,2020,University of Northumbria at Newcastle,N77,10001282,,,,Hexham First School,122203,Primary
aec574d6-2f5e-43d7-8458-221bb13c88e6,2020,Canterbury Christ Church University,C10,10001143,,,,Hextable Primary School,135118,Primary
a2bc9f26-ec2b-41ce-b9b8-550e7c6247e6,2020,University of Greenwich,G70,10007146,,,,Hextable Primary School,135118,Primary
84b30850-3af3-4594-a65e-afad16b54aab,2020,Sheffield Hallam University,S21,10005790,,,,Hexthorpe Primary School,143194,Primary
219eea46-77f7-4e75-8146-3b8fc55b1ff2,2020,University of Huddersfield,H60,10007148,,,,Heybrook Primary School,105770,Primary
c6e93811-a119-4849-8776-ea6c58bb24a3,2020,Liverpool Hope University,L46,10003956,,,,Heygarth Primary School,130324,Primary
70f8c0bb-69bb-440a-8858-ed5123b4eb83,2020,Liverpool John Moores University,L51,10003957,,,,Heygreen Primary School,141330,Primary
943689f5-cabd-4bb7-aeac-0e0f5567e630,2020,Nottingham Trent University,N91,10004797,,,,Heymann Primary and Nursery School,143296,Primary
271bf2e6-e806-437f-8bfe-2c81eaf98957,2020,Edge Hill University,E42,10007823,,,,Hey-with-Zion Primary School,105694,Primary
fbcd306c-dd74-4220-a01d-a49f20eb5159,2020,Birmingham City University,B25,10007140,Higham Lane School,137767,school,Higham Lane School,137767,History
9f7af69f-6799-4f10-93d0-b3bbc8ba2ccf,2020,Birmingham City University,B25,10007140,,,,Higham Lane School,137767,Physical education
2149ff19-570a-48d6-9e25-a123c3f63c05,2020,University of Warwick,W20,10007163,,,,Higham Lane School,137767,English
6335df23-ff16-4bc8-a0a1-132d6d0ceec8,2020,University of Huddersfield,H60,10007148,,,,Highburton Church of England Voluntary Controlled First School,107715,Primary
f3a95d59-fd79-40a2-8b49-ab4d1ff55387,2020,University of Chichester,C58,10007137,,,,Highbury Primary School,144191,Primary
bb98dddb-3f3d-4ef8-84aa-5d944f07ad56,2020,University of Chichester,C58,10007137,,,,High Cliff Academy,140385,Primary
60725a51-d7d0-46e0-abc0-045cd613afa1,2020,The University of Brighton,B72,10000886,,,,Highdown School and Sixth Form Centre,136307,Physical education
1498dc53-41d2-469b-af06-8de6e15deb1d,2020,University of Reading,R12,10007802,,,,Highdown School and Sixth Form Centre,136307,Drama
9a9e0a11-fd4c-413d-a6d3-276da4e17089,2020,University of Reading,R12,10007802,,,,Highdown School and Sixth Form Centre,136307,Modern languages
b308a8e4-7cac-42ce-a186-ff491101ef31,2020,University of Winchester,W76,10003614,,,,Highfield Church of England Primary School,116395,Primary
c9c14020-264c-4d84-a267-fc84a6c38717,2020,Edge Hill University,E42,10007823,,,,Highfield Leadership Academy,142469,English
1d659012-0564-4900-9c86-92c2fd31986f,2020,Edge Hill University,E42,10007823,,,,Highfield Leadership Academy,142469,Mathematics
5288af14-cd2e-43c0-b3ca-bbfa099471be,2020,The Manchester Metropolitan University,M40,10004180,,,,Highfield Primary School,105182,Primary
80235005-8e4b-4514-8f77-4f853ab89954,2020,The Manchester Metropolitan University,M40,10004180,,,,Highfield Primary School,106329,Mathematics
79dbf5a5-ba92-4122-9a81-d5f0d80493a3,2020,The Manchester Metropolitan University,M40,10004180,,,,Highfield Primary School,106329,Primary
7ae91966-dc86-4336-bacb-b63cf1b46d80,2020,University of Chester,C55,10007848,,,,Highfields Academy,143160,Primary
5e8a9206-40c8-4fbf-87a0-14896982cea2,2020,University of Wolverhampton,W75,10007166,,,,Highfields Primary School,103946,Primary
25184206-5a22-43eb-861f-4ae9ca8dbab3,2020,Sheffield Hallam University,S21,10005790,,,,Highfields School,148299,Mathematics
f705de2f-9f26-4057-aa5c-7230ffad3ee2,2020,Birmingham City University,B25,10007140,,,,Highfields Spencer Academy,147869,Primary
90e8db7f-c13d-4835-87ae-48aa00ba50f6,2020,University of Derby,D39,10007851,,,,Highfields Spencer Academy,147869,Primary
f4e508a8-1c94-4ee4-ad23-da6db1dfc4fd,2020,Edge Hill University,E42,10007823,,,,Highfield St Matthew's Church of England Primary School,145713,Primary
0bed5d4f-8de4-40f9-ac95-781f2782569a,2020,Middlesex University,M80,10004351,,,,Highgate Primary School,102092,Primary
54227f32-ce33-44c6-98d5-13c1290733a9,2020,University College London,U80,10007784,,,,Highgate Wood Secondary School,102154,Other subjects
dc6a0f30-8cfd-4f11-a187-de0477c15e2e,2020,Sheffield Hallam University,S21,10005790,,,,High Greave Junior School,142976,Primary
511973ca-fa74-4c17-a656-6792e4f397e1,2020,Sheffield Hallam University,S21,10005790,,,,High Green Primary School,107052,Primary
173d20c6-4076-4581-8aea-40bf607dec18,2020,Canterbury Christ Church University,C10,10001143,,,,High Halden Church of England Primary School,118666,Primary
6aa31a02-f311-4d49-aea5-54f08ee73cef,2020,Sheffield Hallam University,S21,10005790,,,,High Hazels Junior School,141404,Primary
b7852ff8-9ca2-43e6-bba6-bd85169380c8,2020,University of Cumbria,C99,10007842,,,,High Hesket CofE School,112248,Primary
aeb9de22-a661-4559-ae58-3f74a5a2694b,2020,The University of Brighton,B72,10000886,,,,High Hurstwood Church of England Primary School,114507,Mathematics
f4a43b94-c660-47df-b4ea-b05f011600eb,2020,University of Hull,H72,10007149,,,,Highlands Primary School,139512,Primary
a7144580-f918-494c-9004-2b336256f416,2020,University of East London,E28,10007144,,,,Highlands School,132256,Computing
1bbb234f-ea40-4d92-b00a-ca97c69e5081,2020,University of Worcester,W80,10007139,,,,Highley Community Primary School,123371,Primary
ebf1b79d-2881-482b-a102-ab50f627ca66,2020,Birmingham City University,B25,10007140,,,,High Meadow Community School,125584,Chemistry
bd6a861a-957e-4cdd-a9e4-94644b1bec58,2020,Birmingham City University,B25,10007140,,,,High Meadow Community School,125584,Primary
4fbfe852-ac4e-480f-b39e-94600f0ac2e8,2020,University of Derby,D39,10007851,,,,High Oakham Primary School,133278,Primary
0e8f221a-2df9-495f-a152-c9d7f182a3a7,2020,University of Wolverhampton,W75,10007166,,,,High Point Academy,148400,Primary
483a0b5f-c31e-4523-84b2-b79ea48669c5,2020,University of Sunderland,S84,10007159,,,,High Tunstall College of Science,111748,Mathematics
735b22bd-1a8b-4022-8274-27e894eb6e93,2020,Sheffield Hallam University,S21,10005790,,,,High View Primary Learning Centre,142351,Primary
94cbb727-62d0-4a5c-8e39-f2570d387d7c,2020,Roehampton University,R48,10007776,,,,High View Primary School,102971,Primary
7e1a8f9a-b6b5-4d3f-9146-961731c502ef,2020,Plymouth Marjon University,P63,10037449,,,,High View School,135853,Primary
09a81361-ad6f-4f58-ae16-42c98472544d,2020,Plymouth Marjon University,P63,10037449,,,,High View School,149010,Primary
56fdfa5d-f132-44d7-b9af-777dccf7909c,2020,University Of Plymouth,P60,10007801,,,,High View School,135853,Primary
4787eff3-37ed-40c2-8acd-dc0d9729947e,2020,University Of Plymouth,P60,10007801,,,,Highweek Community Primary and Nursery School,113210,Primary
219c5d6f-f323-40a0-8ee5-bb2ef3674f94,2020,University of Reading,R12,10007802,,,,Highwood Primary School,131689,Primary
216b2793-1a83-4b09-a77c-559d9007fb70,2020,Canterbury Christ Church University,C10,10001143,,,,Highworth Grammar School,136379,Mathematics
d08848ec-d74b-4f1b-b4cd-ea87f1ba2d7f,2020,University of Hull,H72,10007149,,,,Hilderthorpe Primary School,135700,Primary
75a77210-4ab4-4198-b72a-917079b5d903,2020,Roehampton University,R48,10007776,,,,Hillbrook School,101057,Primary
4b883362-336c-435c-8f70-04a8f0d4a097,2020,St Mary's University,S64,10007843,,,,Hillbrook School,101057,Primary
ab27a573-4bcc-453e-8358-0c03ee2f8c16,2020,"University of the West of England, Bristol",B80,10007164,,,,Hillcrest Primary School,131522,Primary
f85a563e-91ee-42c9-9c5b-99d4ef39184c,2020,Kingston University,K84,10003678,,,,Hillcross Primary School,102655,Primary
390a3c3f-aeab-4cb1-883f-456b9fccba8f,2020,St Mary's University,S64,10007843,,,,Hillcross Primary School,102655,Primary
31b84fa3-aa80-43cc-93b9-5f010e8fbfee,2020,Roehampton University,R48,10007776,,,,Hilldene Primary School,102325,Primary
a729ac10-0dc2-484a-acb6-d3eef530deb1,2020,University of Hertfordshire,H36,10007147,,,,Hillmead Primary School,117310,Primary
07d12c62-f43c-4dd7-bb25-06f54abd3c33,2020,The University of Northampton,N38,10007138,,,,Hillmorton Primary School,130887,Primary
77a0a4da-c067-4bdf-be14-af8963a9f8f0,2020,University of Greenwich,G70,10007146,,,,Hillsgrove Primary School,142295,Primary
66dc85ab-df89-4955-a576-adfc98e27d35,2020,The University Of East Anglia,E14,10007789,,,,"Hillside Avenue Primary and Nursery School, Thorpe",143280,Modern languages
6452f47c-53bd-4873-b0ec-6be45770ace2,2020,University of Huddersfield,H60,10007148,,,,Hillside Primary School,147629,Primary
9b544790-4527-41a7-9bc3-79f846a2b663,2020,University of Reading,R12,10007802,,,,Hillside Primary School,109930,Primary
08685dff-678a-44f8-9bf2-4b1405959c8f,2020,Sheffield Hallam University,S21,10005790,,,,Hill Top Academy,144077,Primary
d37bc6e8-4bc2-47b2-9044-bd087cf5fb78,2020,Bradford College,B60,10000840,,,,Hill Top CofE Primary School,107434,Primary
d847f8db-c75b-47b8-ba81-563db63f0698,2020,St Mary's University,S64,10007843,,,,Hilltop First School,109833,Primary
7c57b4ba-7013-475a-a4ae-66289fcde107,2020,Leeds Trinity University,L24,10003863,,,,Hill Top Primary Academy,142427,Primary
c83368af-e73e-4049-b126-8a50a6dce1c0,2020,Sheffield Hallam University,S21,10005790,,,,Hill Top Primary Academy,142427,Primary
f5f3cc2e-550f-43e4-9ff7-d57e425cbff4,2020,University of Northumbria at Newcastle,N77,10001282,,,,Hill View Infant Academy,144222,Primary
56fefd74-a894-47d3-babb-5c5cb571a1ec,2020,Bath Spa University,B20,10000571,,,,Hill View Primary Academy,142352,Early years ITT
dda3639b-c402-434c-9ef4-f6cc2bf1fc51,2020,University of Chester,C55,10007848,,,,Hillview Primary School,111169,Primary
74955faf-00ab-4128-8ba4-3a5c17873093,2020,University of Gloucestershire,G50,10007145,,,,Hillview Primary School,115494,Primary
21592613-6979-4a62-94a6-359bd110a037,2020,Birmingham City University,B25,10007140,,,,Hill West Primary School,139520,Primary
fd30e1a1-a973-4e58-85ec-187135fe22f9,2020,University of East London,E28,10007144,,,,Hillyfield Primary Academy,136413,Primary
1706e7ac-2251-42fb-9eda-e8ebdf2f7759,2020,Newcastle University,N21,10007799,,,,Hilton Primary Academy,138995,Primary
5076e3d7-64c0-461b-b777-3c6460f992a1,2020,University of Sunderland,S84,10007159,,,,Hilton Primary Academy,138995,Primary
990e56fa-f57f-44fb-bfc8-d7ceb2680470,2020,University of Derby,D39,10007851,,,,Hilton Spencer Academy,146211,Primary
d4e06c5b-d99e-4f8e-acf9-d34cc5959e8e,2020,Sheffield Hallam University,S21,10005790,,,,Hinde House 2-16 Academy,139856,Mathematics
307d3c3a-4396-4704-8484-29811a65a854,2020,University of Chester,C55,10007848,,,,Hinderton School,111510,Primary
e8ae7bad-f8d6-4b17-bcd6-94f9af747f43,2020,University of Worcester,W80,10007139,,,,Hindlip CofE First School,116822,Primary
ea9fd93e-ea81-42db-89bf-23cc2b8a5068,2020,University of Wolverhampton,W75,10007166,,,,Hinstock Primary School,123372,Primary
37766fe9-7be8-4cae-bdc2-1fb4b9a96c7f,2020,Staffordshire University,S72,10006299,,,,Hob Hill CE/Methodist (VC) Primary School,124291,Primary
332ea46d-47fd-4e6a-923f-22d24be194f3,2020,Edge Hill University,E42,10007823,,,,Hoddlesden St Paul's Church of England Primary School,119455,Primary
bb2355ba-1e27-4a86-b724-358fbc252532,2020,The Manchester Metropolitan University,M40,10004180,,,,Hodge Clough Primary School,136223,Primary
a3cab836-8af5-4d68-afe7-901ea18fe099,2020,Birmingham City University,B25,10007140,,,,Hodge Hill Primary School,143869,Primary
336459c0-e140-4f9b-b973-a4031b727cd2,2020,University of Chester,C55,10007848,,,,Hodnet Primary School,123373,Primary
65072556-ceea-4d59-bc5c-653f05658c85,2020,Sheffield Hallam University,S21,10005790,,,,Hodthorpe Primary School,147149,Primary
12f70188-7f62-46a1-a09c-1d40dcefb3aa,2020,Lincoln Bishop University,B38,10007811,,,,Hogsthorpe Primary Academy,138749,Primary
8b64b474-4d13-4394-ac7d-38be5ebb5433,2020,Canterbury Christ Church University,C10,10001143,,,,Holbeach Primary School,100688,Primary
16912189-07a3-496a-8f5d-967de6554c7d,2020,University Of Exeter,E84,10007792,,,,Holbeton Primary School,146254,Primary
ab2727de-040c-4fe0-8d24-e9bfe4248c74,2020,Edge Hill University,E42,10007823,,,,Holcombe Brook Primary School,105311,Primary
afdcd64e-6a5a-4283-bc26-9998103c6059,2020,The Manchester Metropolitan University,M40,10004180,,,,Holden Clough Community Primary School,106216,Primary
a93250c2-d9c0-4744-ba8c-f9e97ff98a03,2020,Lincoln Bishop University,B38,10007811,,,,Holgate Primary and Nursery School,140616,Primary
033e7852-6ffe-419d-ab03-e56c62ce9558,2020,Birmingham City University,B25,10007140,,,,Holland House Infant School and Nursery,149305,Primary
0ffbcedd-9474-4805-a3b9-f6fc22981f6f,2020,University of Greenwich,G70,10007146,,,,Holland Junior School,148954,Primary
abbb1eb0-1de6-4b7d-9112-0a1a58f21823,2020,Edge Hill University,E42,10007823,,,,Holland Moor Primary School,119323,Primary
b521639a-ba0e-47fd-b397-70d9c3a35007,2020,University of Sunderland,S84,10007159,,,,Holley Park Academy,138534,Primary
dd3d81c2-e7c0-4647-ad07-613e9ce8988b,2020,Middlesex University,M80,10004351,,,,Hollickwood Primary School,101285,Primary
5256f956-f56b-41e4-94c3-cfe8ca1ffe36,2020,Bradford College,B60,10000840,,,,Hollingwood Primary School,144860,Primary
8c03c77c-2ac4-482e-bcaa-f051c618e193,2020,Leeds Beckett University,L27,10003861,,,,Hollingwood Primary School,144860,Primary
1f2da500-b231-4529-a717-411e4c5ab4f8,2020,Leeds Trinity University,L24,10003863,,,,Hollingwood Primary School,144860,Primary
e904f103-41e0-41e2-b5e6-9b5280f70992,2020,Sheffield Hallam University,S21,10005790,,,,Hollingwood Primary School,148608,Primary
a1725fcc-bd0e-4f70-b6ec-5a857b4da5df,2020,University of Derby,D39,10007851,,,,Hollingwood Primary School,148608,Primary
97ff2550-39f2-425a-8d47-2937d7de38ab,2020,University of Wolverhampton,W75,10007166,,,,Hollinswood Primary School,123456,Primary
b15f7753-c1f8-4fd2-bf14-527579ecf361,2020,University of Hertfordshire,H36,10007147,,,,Hollybush Primary School,117263,Primary
8f63176f-69ca-4fc8-94d1-13c50b461665,2020,Birmingham City University,B25,10007140,,,,Holly Grove Primary Academy,149422,Primary
f2173689-44f5-4ea2-aecc-00e33e4aecec,2020,University of Wolverhampton,W75,10007166,,,,Holly Grove Primary Academy,149422,Primary
65c426ea-d6d9-43ba-bc38-e93b42cdfdf8,2020,Edge Hill University,E42,10007823,,,,Holly Lodge Girls' College,104688,Mathematics
b13c0370-a401-4d8a-9254-7b18d1139989,2020,Newman University,N36,10007832,,,,Holly Lodge High School College of Science,104018,Religious education
ac96e2a0-d6d6-4c18-ae22-c085d11559c5,2020,University of Chester,C55,10007848,,,,"Holly Mount Roman Catholic Primary School, Bury",105344,Primary
303ce6dd-38b9-4727-8b50-c0dd3975af6a,2020,Roehampton University,R48,10007776,,,,Hollymount School,102633,Primary
fafad444-a207-438b-9c3b-b3e41ac309df,2020,Nottingham Trent University,N91,10004797,,,,Holly Primary School,122727,Primary
00e880f1-7bc0-4701-bbcd-66b5155b36ac,2020,University of Reading,R12,10007802,,,,Holly Spring Primary School,109807,Primary
25b82c3c-f886-40b6-a9b6-fa40b44ab4ed,2020,University of Winchester,W76,10003614,,,,Holly Spring Primary School,109807,Primary
3d208c7b-d5da-43ec-aa0e-d3bb5109ed13,2020,The Manchester Metropolitan University,M40,10004180,,,,Hollywood Park Nursery School,106015,Primary
c7c03bb0-4b11-4dee-8381-2bc893375cab,2020,Sussex Teacher Training Partnership,E37,10002131,,,,Holmbush Primary Academy,141906,Primary
058db246-f83e-46e5-a5ef-beac969cd7df,2020,Sheffield Hallam University,S21,10005790,,,,Holme Hall Primary School,146960,Primary
772a137d-0970-4edf-9a35-bb122a93a466,2020,University of Worcester,W80,10007139,,,,Holmer CofE Academy,137731,Primary
0e680685-4d9c-4ea9-81b5-89682f33a7ac,2020,University of Hull,H72,10007149,,,,Holme-upon-Spalding Moor Primary School,117852,Primary
6b96181e-6abe-4e07-9832-2984961e3545,2020,Lincoln Bishop University,B38,10007811,,,,Holme Valley Primary School,117811,Primary
fb6cea2f-abe9-46ac-a98e-d9f7288bd3d7,2020,Sheffield Hallam University,S21,10005790,,,,Holmfirth High School,107769,Mathematics
465fe96a-59a5-4abe-a42b-357cdcc8fcc7,2020,The Manchester Metropolitan University,M40,10004180,,,,Holmfirth Junior Infant and Nursery School,107655,Primary
0a8eb532-65cd-4df7-bed0-d4243736d1bc,2020,University of Huddersfield,H60,10007148,,,,Holmfirth Junior Infant and Nursery School,107655,Primary
fea37c21-39fc-47ba-b075-6afc07dfd47b,2020,The University of Northampton,N38,10007138,,,,Holne Chase Primary School,148229,Primary
0308144b-eaea-4624-bb79-5c9cb27ff978,2020,Birmingham City University,B25,10007140,,,,Holte School,103509,Biology
732027ac-0709-4e62-acd5-fdff9f3f8ff1,2020,Birmingham City University,B25,10007140,,,,Holte School,103509,Physical education
d6bd8943-b929-40ec-9086-5c498f63d78b,2020,Lincoln Bishop University,B38,10007811,,,,Holton Le Clay Infant School,120453,Primary
631f4789-e243-4449-8bea-62bb71bead72,2020,University of Sussex,S90,10007806,,,,Holtspur School & Pre-School,110398,Primary
2c5b984f-829c-4a54-be7e-bbf716c84d06,2020,"University of the West of England, Bristol",B80,10007164,,,,Holt Voluntary Controlled Primary School,126329,Primary
70b5567b-53f1-4226-86df-1e0440441eda,2020,University of Gloucestershire,G50,10007145,,,,Holy Apostles' Church of England Primary School,115679,Primary
91724146-091b-43ad-91a8-9fe242b7a241,2020,Edge Hill University,E42,10007823,,,,Holy Cross Catholic Primary School,104633,Primary
904df716-6e08-431b-8140-2a390d836b82,2020,Liverpool Hope University,L46,10003956,,,,Holy Cross Catholic Primary School,104633,Primary
8aac25ac-a326-41df-b18d-9bc016492f5f,2020,Liverpool Hope University,L46,10003956,,,,Holy Cross Catholic Primary School,104804,Primary
704800f2-d9c0-4d03-8a66-d0f7c45e69d4,2020,Newman University,N36,10007832,,,,Holy Cross Catholic Primary School,140525,Primary
59491146-c9c1-4157-b48a-0682054841e6,2020,Plymouth Marjon University,P63,10037449,,,,Holy Cross Catholic Primary School,140726,Early years ITT
c71c6853-0d08-4252-97ae-23e736ae81d0,2020,Plymouth Marjon University,P63,10037449,,,,Holy Cross Catholic Primary School,140726,Primary
a47602c3-54cc-4012-8dc4-091ba62d1955,2020,St Mary's University,S64,10007843,,,,Holy Cross Catholic Primary School,100739,Primary
b686bc44-41f7-4196-a3f1-824e549c8b69,2020,University Of Plymouth,P60,10007801,,,,Holy Cross Catholic Primary School,140726,Primary
30e8dd1b-55dc-47c6-9036-1f8df2d45845,2020,Nottingham Trent University,N91,10004797,,,,Holy Cross Primary Catholic Voluntary Academy,138812,Primary
e40fc1f5-b408-4afd-8b8f-015b0340e923,2020,Roehampton University,R48,10007776,,,,Holy Cross RC School,100345,Primary
0ae14cf6-299a-409d-a28e-2b30f17713e8,2020,Leeds Beckett University,L27,10003861,,,,"Holy Family and St Michael's Catholic Primary School, A Voluntary Academy",141594,Primary
f392ede8-bd5e-4b50-b033-66f4cd4abbe8,2020,Leeds Trinity University,L24,10003863,,,,"Holy Family and St Michael's Catholic Primary School, A Voluntary Academy",141594,Primary
768755d1-db9b-40e8-97eb-83bf85789950,2020,Edge Hill University,E42,10007823,,,,Holy Family Catholic Academy,149190,Primary
09cc33b0-6728-4ad9-afa5-2ebb25a3d74b,2020,Bath Spa University,B20,10000571,,,,Holy Family Catholic Primary School,109266,Early years ITT
4eacefd2-a6d3-438a-9f6f-e195588e793c,2020,Leeds Trinity University,L24,10003863,,,,Holy Family Catholic Primary School,141056,Primary
f0ed328c-5eca-4a37-be01-f0ff06cc751c,2020,Lincoln Bishop University,B38,10007811,,,,Holy Family Catholic Primary School,141056,Primary
6f75f815-eee3-48ab-a7b5-cc6b24d723c9,2020,Liverpool Hope University,L46,10003956,,,,Holy Family Catholic Primary School,104468,Primary
4f65f356-c369-435a-b69d-2cfe346fe41d,2020,Newman University,N36,10007832,,,,Holy Family Catholic Primary School,103421,Primary
48a1ee79-f96b-41a6-9429-63a6f27dd766,2020,Nottingham Trent University,N91,10004797,,,,Holy Family Catholic Primary School,103421,Primary
30bab0ce-e39f-4725-8c4d-b70ebd3c2994,2020,St Mary's University,S64,10007843,,,,Holy Family Catholic Primary School,110090,Primary
6616c852-5194-4f7c-be4f-b88705bad3bc,2020,University of Cumbria,C99,10007842,,,,Holy Family Catholic Primary School,112366,Primary
e1d35b88-cadb-4eae-9cbb-3db0142e926e,2020,University of Cumbria,C99,10007842,,,,Holy Family Catholic Primary School,119600,Primary
ad68a28c-d05a-40c4-9aa2-3e6745c0c698,2020,Edge Hill University,E42,10007823,,,,Holy Family Catholic Primary School & Nursery,104454,Primary
7b8d2051-f0d2-41cd-aba0-f53dfb33a1c4,2020,Liverpool Hope University,L46,10003956,,,,Holy Family Catholic Primary School & Nursery,104454,Primary
b6650893-53a6-44bb-b4f8-e22ddffb736c,2020,The Manchester Metropolitan University,M40,10004180,,,,Holy Family Catholic Primary School Platt Bridge,106496,Mathematics
6139fb9c-8ed0-4b96-b08c-59efe2b66f03,2020,The Manchester Metropolitan University,M40,10004180,,,,Holy Family Catholic Primary School Platt Bridge,106496,Primary
c61248a2-09a5-4662-bf42-1fc5a013e2c6,2020,Edge Hill University,E42,10007823,,,,Holy Family VA RC Primary School,136080,Primary
9e9702ef-6b1a-478f-8b57-ff7b66f3b488,2020,Birmingham City University,B25,10007140,,,,Holyhead Primary Academy,144630,Primary
78ac6430-6071-4cee-8edc-a120878cae27,2020,Birmingham City University,B25,10007140,,,,Holyhead School,137034,Geography
b32621fb-8c14-4075-95af-57bbb263294e,2020,Birmingham City University,B25,10007140,,,,Holyhead School,137034,History
b607125a-971a-48af-b49b-179b9f636d90,2020,The University Of Birmingham,B32,10006840,,,,Holyhead School,137034,Mathematics
89fff7c1-759f-4d50-9e4d-dd29019242c5,2020,"University of the West of England, Bristol",B80,10007164,,,,Holymead Primary School,108975,Primary
66537cbb-fcc4-489a-a6fd-f70273a1ed76,2020,Newman University,N36,10007832,,,,Holy Name Catholic Primary School,103996,Primary
a6e69848-b6c2-4dcd-a032-7693c862ec89,2020,University of Worcester,W80,10007139,,,,Holy Redeemer Catholic Primary School,116908,Primary
785c5968-b98a-420a-bc9d-fe17235423bd,2020,University of Wolverhampton,W75,10007166,,,,Holy Rosary Catholic Primary Academy,141789,Primary
86995d60-581d-4247-8223-209108b7a424,2020,Edge Hill University,E42,10007823,,,,Holy Rosary Catholic Voluntary Academy,146266,Primary
25310c43-0843-4a19-b607-af3e6a9e79f0,2020,Birmingham City University,B25,10007140,,,,Holy Souls Catholic Primary School,147009,Primary
0a6833f3-8737-402d-89aa-f3fb0bafa1ef,2020,Newman University,N36,10007832,,,,Holy Souls Catholic Primary School,147009,Primary
2483cfae-8027-4523-b124-26b968eb9339,2020,Edge Hill University,E42,10007823,,,,Holy Spirit Catholic Primary School,132188,Primary
b4951759-3cf1-4dde-8412-420b01171708,2020,Liverpool Hope University,L46,10003956,,,,Holy Spirit Catholic Primary School,132188,Primary
36d62058-94b7-4dde-9035-d20dde1ad1a6,2020,University of Northumbria at Newcastle,N77,10001282,,,,Holystone Primary School,108581,Primary
ac93b14d-d4e2-4dbd-b06c-47b5d5216248,2020,Leeds Trinity University,L24,10003863,,,,Holy Trinity Catholic and Church of England School,144606,Primary
14c3492c-8e60-46ce-8289-b2743a0b5ede,2020,Liverpool Hope University,L46,10003956,,,,Holy Trinity Catholic Primary School,104635,Primary
c53c8003-0871-4e08-9a8e-9662434cac81,2020,Liverpool John Moores University,L51,10003957,,,,Holy Trinity Catholic Primary School,104635,Primary
241a1d64-7c96-40a0-91f2-1c1d560dea33,2020,Oxford Brookes University,O66,10004930,,,,"Holy Trinity Catholic School, Chipping Norton",141150,Primary
8f8d0088-f3a3-4d25-b574-5be3b7b4e54c,2020,Leeds Beckett University,L27,10003861,,,,"Holy Trinity Church of England Academy, Rothwell",140399,Primary
cd8e2313-1e91-4bf6-a7fa-5bfbd1956a96,2020,Leeds Trinity University,L24,10003863,,,,"Holy Trinity Church of England Academy, Rothwell",140399,Primary
892f30ab-c222-4a28-9194-e209024588c5,2020,University of Chester,C55,10007848,,,,Holy Trinity Church of England Primary Academy and Nursery,144460,Primary
bf6826ba-2e41-46f8-b0ef-cf5dc7aeeb8a,2020,Roehampton University,R48,10007776,,,,Holy Trinity Church of England Primary School,100622,Primary
5a39aee7-4f04-4ff3-b2ab-dbb55a9f10eb,2020,St Mary's University,S64,10007843,,,,Holy Trinity Church of England Primary School,102908,Primary
2f023410-d55d-4997-ac4b-434a0b8f8c7d,2020,University of Gloucestershire,G50,10007145,,,,Holy Trinity Church of England Primary School,115666,Primary
7f1ceeb3-70e7-4af4-9627-c4764aba9970,2020,University of Greenwich,G70,10007146,,,,Holy Trinity Church of England Primary School,100723,Primary
80fee482-a4ee-4599-b3d1-fb0b851355b5,2020,University of Greenwich,G70,10007146,,,,Holy Trinity Church of England Primary School,148217,Primary
62ca7123-37f5-4fce-a5ff-2e56dcba5ede,2020,University of Hertfordshire,H36,10007147,,,,Holy Trinity Church of England Primary School,117428,Primary
34b7a326-12e6-4859-8bf8-0c0b51997525,2020,Birmingham City University,B25,10007140,,,,Holy Trinity CofE (C) Primary School,124294,Primary
1e018953-36e7-4b5f-b760-1f9ab4325fd8,2020,University of Derby,D39,10007851,,,,Holy Trinity CofE (C) Primary School,124294,Primary
435cdb71-f1e3-4b63-9262-e42ceca3a9fd,2020,Roehampton University,R48,10007776,,,,Holy Trinity CofE Primary School,102665,Primary
e502548a-7506-4f98-869b-f04cd2acaf0f,2020,Bradford College,B60,10000840,,,,"Holy Trinity CofE Primary School, Cookham",109961,Primary
9733d2dd-9d8e-46c4-be75-cfa6a1d09bf2,2020,The University of Brighton,B72,10000886,,,,"Holy Trinity CofE Primary School, Cuckfield",126054,Mathematics
1237bf92-da7e-4e28-8437-37b44078bed1,2020,The University of Brighton,B72,10000886,,,,"Holy Trinity CofE Primary School, Cuckfield",126054,Primary
818ce036-d0e1-4d60-b83d-733bbde7c024,2020,The University of Brighton,B72,10000886,,,,"Holy Trinity CofE Secondary School, Crawley",126098,Physical education
da470755-1551-483d-a549-a08eea6d80cf,2020,Haybridge SCITT,2B3,10034167,,,,Holy Trinity School,141105,Primary
598655ed-d3b8-4566-a8e3-4a05b97c8878,2020,Edge Hill University,E42,10007823,,,,Holywell Primary and Nursery School,132060,Early years ITT
23667fd7-f355-4d4c-8ac5-a81f0eb47c28,2020,Newman University,N36,10007832,,,,Holywell Primary and Nursery School,132060,Primary
c28a97c6-fe04-4076-82cb-8f669dcfea68,2020,Coventry University,C85,10001726,,,,Holywell School,138844,Mathematics
0f13b6f9-90d5-4f6e-ab8a-20825f429858,2020,Coventry University,C85,10001726,,,,Holywell School,138844,Physical education
46b54456-cf5e-4e1f-965c-98daaee5ec6c,2020,University of Northumbria at Newcastle,N77,10001282,,,,Holywell Village First School,122195,Primary
f138b239-f498-406d-8b09-266b2767a19d,2020,Leeds Beckett University,L27,10003861,,,,Home Farm Primary School,131357,Primary
495f61ee-f36d-42bd-8204-0cc629c38c75,2020,Leeds Trinity University,L24,10003863,,,,Home Farm Primary School,131357,Primary
bf801212-762e-4e0c-b57e-8c04c123d16e,2020,The University of Brighton,B72,10000886,,,,Homefield Primary School and SSC,125961,Mathematics
016d8515-4530-476a-8a4e-00871c1ea8c5,2020,The University of Brighton,B72,10000886,,,,Homefield Primary School and SSC,125961,Primary
81bb542a-ad26-4c55-ac68-330fec98f4fd,2020,University of Greenwich,G70,10007146,,,,Homewood School and Sixth Form Centre,137484,Mathematics
8f003884-6d4f-4a54-9234-81198914792a,2020,University of Gloucestershire,G50,10007145,,,,Honeybourne Primary Academy,139749,Primary
9917eb82-191d-4a1a-85d5-2776cf92e91f,2020,University College London,U80,10007784,,,,Honeywell Junior School,101011,Primary
62387814-3519-41f6-b0e4-f15a16f766c3,2020,University Of Plymouth,P60,10007801,,,,Honiton Primary School,113098,Primary
2c6a8a63-ef9c-4cc6-9645-be2dcece8295,2020,Leeds Beckett University,L27,10003861,,,,"Honley CofE (VC) Junior, Infant and Nursery School",144735,Primary
47681984-4ce1-4239-94a7-d96be75bbe7b,2020,Sheffield Hallam University,S21,10005790,,,,Honley High School,146906,Other subjects
0a03e33b-f3f8-4d64-86ad-f335db92f89c,2020,Plymouth Marjon University,P63,10037449,,,,Hooe Primary Academy,139299,Primary
cde67bf3-950b-451d-9ae5-4892ed9dce84,2020,University of Hull,H72,10007149,,,,Hook Church of England Primary School,145595,Primary
846c558c-b7af-455c-9e3c-42180ef3e906,2020,St Mary's University,S64,10007843,,,,Hook Infant School,116228,Primary
4a710a6f-26da-45e7-b0c1-56c61a611152,2020,University of Chester,C55,10007848,,,,Hoole Church of England Primary School,134248,Primary
c8928dde-00e6-4afa-bea1-dcea3906216a,2020,Edge Hill University,E42,10007823,,,,Hoole St Michael CofE Primary School,119570,Primary
49d76632-3296-4cc0-9c3c-6f5e30586b04,2020,Canterbury Christ Church University,C10,10001143,,,,Hoo St Werburgh Primary School and the Marlborough,143262,Primary
28e422c7-afb7-44e2-ba9f-403aa9b73d8d,2020,Edge Hill University,E42,10007823,,,,Hope Academy,136421,English
f9a1045a-2000-411c-b2a2-023ea15fa634,2020,Liverpool Hope University,L46,10003956,,,,Hope Academy,136421,Computing
77386fd3-3502-4fd3-ac62-53216ed48e8a,2020,University of Greenwich,G70,10007146,,,,Hope Community School,139561,Primary
a01fecce-f49d-4af7-81de-910efd36e197,2020,Sheffield Hallam University,S21,10005790,Silverdale School,139167,school,Hope Valley College,147533,English
332bfc08-75da-44b1-adb2-c51a1605c20a,2020,The University of Northampton,N38,10007138,,,,Hopping Hill Primary School,121927,Primary
d3f30a2c-e7c8-406b-98c8-a867fb94e5bc,2020,Edge Hill University,E42,10007823,All Souls Church of England Primary School,105811,school,Hopwood Community Primary School,105798,Primary
1048010d-dc62-4848-b126-6201e8a2eaa8,2020,The University Of Manchester,M20,10007798,,,,Hopwood Hall College,130507,Biology
b9c3d3ba-70af-4dff-aa9a-1693a1c4e07f,2020,Leeds Beckett University,L27,10003861,,,,Horbury Primary Academy,143811,Primary
ce23e4f2-952e-4147-a1c9-f88e7effed4b,2020,Leeds Trinity University,L24,10003863,,,,Horbury St Peter's and Clifton CofE (VC) Primary School,136005,Primary
d8c295b5-ca87-4dc8-bcb0-3556ea7f1898,2020,"University of the West of England, Bristol",B80,10007164,,,,Horfield Church of England Primary School,109143,Primary
918df3c7-6724-42d9-8bb8-fd761d9344fc,2020,Sheffield Hallam University,S21,10005790,,,,Horizon Community College,146455,Chemistry
ea669e8c-5d75-4e96-9889-0a397babea00,2020,Sheffield Hallam University,S21,10005790,,,,Horizon Community College,146455,Mathematics
664b82f3-99d6-4a71-8d55-5cd53f4e42b3,2020,University of Hertfordshire,H36,10007147,,,,Hormead Church of England (VA) First School,117439,Primary
3349cc74-b623-4ee9-a0d3-313118e8c543,2020,Canterbury Christ Church University,C10,10001143,,,,Hornbeam Primary School,147054,Primary
f28ee34d-b04e-49de-b56d-7948be75f77a,2020,University of Chichester,C58,10007137,,,,Horndean Church of England Junior School,116292,Primary
c86b5c14-b3d8-464a-b9ab-9e36b0a6e3fd,2020,University of Chichester,C58,10007137,,,,Horndean Technology College,116437,Physical education
8ebc105a-901a-4d06-a44a-00e29b9496a8,2020,University of Greenwich,G70,10007146,,,,Horniman Primary School,100714,Primary
3e4a3578-fbaa-4bf6-8bfa-1b8430a6d47a,2020,Edge Hill University,E42,10007823,,,,Horn's Mill Primary School,111129,Primary
308ac68c-fe8b-4542-bd97-5cdb963407ac,2020,University of Chester,C55,10007848,,,,Horn's Mill Primary School,111129,Primary
10cc0e59-d28c-4980-9a57-51344ab62e76,2020,Plymouth Marjon University,P63,10037449,,,,Horrabridge Primary & Nursery School,113253,Early years ITT
ee65f22e-42a9-481f-a285-321a7968218a,2020,Plymouth Marjon University,P63,10037449,,,,Horrabridge Primary & Nursery School,113253,Primary
ac0accf7-e1ce-4dc1-a8a4-360a27844b34,2020,University Of Plymouth,P60,10007801,,,,Horrabridge Primary & Nursery School,113253,Primary
66b9a303-8302-4e7f-9a1f-05a28f711710,2020,Kingston University,K84,10003678,,,,Horsell CofE Aided Junior School,125201,Primary
39f713db-a02d-416a-aae4-494a79805bd1,2020,Nottingham Trent University,N91,10004797,,,,Horsley Woodhouse Primary School,146444,Early years ITT
834d5c7b-8f0e-434c-a66e-808e3ed35896,2020,The Manchester Metropolitan University,M40,10004180,,,,Horton Mill Community Primary School,105679,Primary
4d993535-ed2d-407b-b4cc-7996d0c82331,2020,Staffordshire University,S72,10006299,,,,Horton St Michael's CofE First School,146126,Primary
e48f498b-5ad9-4d77-8fde-33db4d907452,2020,University of Northumbria at Newcastle,N77,10001282,,,,Hotspur Primary School,108491,Primary
0b462ffb-b944-41b8-8eb8-8105289b0202,2020,University of Sunderland,S84,10007159,,,,Houghton Le Spring Nursery School,108746,Primary
a3bf41fe-5be4-4298-a6e0-0bfc032979cf,2020,St Mary's University,S64,10007843,,,,Hounslow Heath Junior School,102489,Primary
4f9f6e48-ebc0-4f6d-ac19-ae9284f5874f,2020,St Mary's University,S64,10007843,,,,Hounslow Town Primary School,102491,Primary
dfbb6cbe-4d24-48d3-9082-9b0ef4246fa2,2020,University of Sussex,S90,10007806,,,,Hove Junior School,114403,Primary
9be04042-0d8e-4509-8f30-6b1741aadb7f,2020,The University of Brighton,B72,10000886,,,,Hove Park School and Sixth Form Centre,114607,Physical education
d9a5089d-c812-45ac-ae33-9049440ef3c7,2020,Leeds Beckett University,L27,10003861,,,,Hovingham Primary School,107926,Primary
aec50d81-a395-4619-bd44-bfa5191c4f77,2020,York St John University,Y75,10007713,,,,Hovingham Primary School,107926,Primary
1fedc0a2-d7ee-42b4-8e3e-351b0e70c103,2020,Leeds Beckett University,L27,10003861,,,,Howard Park Community School,107671,Primary
aac550db-22b5-4b34-9650-db10caf63f9a,2020,University of Hull,H72,10007149,,,,Howden Church of England Infant School,118121,Primary
c730ad6b-a069-47ab-93bd-ef3857ff4ede,2020,University of Hertfordshire,H36,10007147,,,,Howe Dell Primary School,117220,Primary
2bdcd063-c50a-4ebb-9175-e43e9ff5cea6,2020,University of Hertfordshire,H36,10007147,,,,How Wood Primary and Nursery School,117235,Primary
87cdd6fc-3c09-460b-8dc3-089a3181240a,2020,Sheffield Hallam University,S21,10005790,,,,Hoyland Common Primary School,140242,Primary
993ef6fe-538e-4fc4-9c98-4bf9565c02db,2020,Sheffield Hallam University,S21,10005790,,,,Hoyland Springwood Primary School,141973,Primary
4c66ca62-0a25-4381-b15e-f77ae8f74bbd,2020,Leeds Beckett University,L27,10003861,,,,Hoyle Court Primary School,107283,Primary
4e380c7c-f905-4b29-9ec6-c228229d3570,2020,York St John University,Y75,10007713,,,,Huby CofE Primary School,121501,Primary
4e9009ab-7544-43de-a106-9e3fe7cf1614,2020,Sheffield Hallam University,S21,10005790,,,,Hucklow Primary School,142663,Primary
72777cad-a8a4-40bd-8792-fadc77b5e12e,2020,University of Huddersfield,H60,10007148,Shelley First School,143793,school,Huddersfield New College,130539,Design and technology
f8bfbefb-6fa1-49f9-9b1b-348a4c0d7cc4,2020,Edge Hill University,E42,10007823,,,,Hudson Primary School,104869,Primary
b9dc168e-7d8b-4d1d-bd6e-5af4d5244822,2020,University of Northumbria at Newcastle,N77,10001282,,,,Hudson Road Primary School,108772,Primary
5e4b3d68-4a1b-4321-bfe3-0385e35c89a0,2020,Oxford Brookes University,O66,10004930,,,,Hughenden Primary School,110328,Primary
39c21787-d732-4c84-b7af-da000a93c457,2020,University of Reading,R12,10007802,,,,Hughenden Primary School,110328,Primary
effa6dda-0122-435b-8a85-5d19900574d2,2020,Roehampton University,R48,10007776,,,,Hugh Myddelton Infant School,100410,Primary
fa0ab0ab-ca47-42d1-a57a-306b0fa08d9d,2020,Staffordshire University,S72,10006299,,,,Hugo Meynell CofE (VC) Primary School,124232,Primary
34537a6f-6489-4c59-8683-ceb36b65d25d,2020,The Manchester Metropolitan University,M40,10004180,,,,Hulme Hall Grammar School,106151,Mathematics
3c59c89b-9f19-4c8c-9cbd-7bac99c15ed4,2020,Lincoln Bishop University,B38,10007811,,,,Humberston Cloverfields Academy,140801,Primary
af486d36-6394-4419-8fd1-d2b083f79a45,2020,Sheffield Hallam University,S21,10005790,,,,Hunloke Park Primary School,112697,Primary
7ab8cb04-57ef-4a25-aa7f-5fc5cd36fb40,2020,Leeds Beckett University,L27,10003861,,,,Hunningley Primary Academy,144037,Primary
12f21f26-b215-415e-b859-aad9bdf8da2d,2020,Sheffield Hallam University,S21,10005790,,,,Hunningley Primary Academy,144037,Primary
eb514e65-51ce-45c5-92d1-774a8ecd9047,2020,Leeds Trinity University,L24,10003863,,,,Hunter's Bar Infant School,106995,Primary
703209b6-8bab-4a88-8054-bb401352f7ea,2020,University of East London,E28,10007144,,,,Hunters Hall Primary School,131844,Primary
758defa4-dc1e-4dcf-bf3f-dbda76c1a613,2020,University of Greenwich,G70,10007146,,,,Hunters Hall Primary School,131844,Primary
8652ba7d-aeb7-44cc-a45b-1094680a2f7b,2020,York St John University,Y75,10007713,,,,Huntington Primary Academy,141908,Primary
cb805ffd-b658-42d5-837c-9a2396612eff,2020,University Of York,Y50,10007167,,,,Huntington School,121673,Physics
3acbc000-b0ed-46cb-8f95-1eeb66d586ef,2020,University of Worcester,W80,10007139,,,,Huntingtree Primary School,103802,Primary
72c4336d-34b0-47ba-80bc-bdd81beabaec,2020,University of Gloucestershire,G50,10007145,,,,Huntley Church of England Primary School,115686,Primary
d70aa204-dbb6-4fa4-b248-dce74f3ab2bc,2020,York St John University,Y75,10007713,,,,Hunton and Arrathorne Community Primary School,121302,Primary
19dc9ba9-f5f1-467e-92bb-64c527ce460e,2020,Liverpool John Moores University,L51,10003957,,,,Hunts Cross Primary School,104549,Primary
7d8ba90f-7c57-4e0d-885a-858e8c1cb5e4,2020,The Manchester Metropolitan University,M40,10004180,,,,Hurdsfield Community Primary School,111233,Mathematics
21005d33-3829-4b38-b567-f24939d157bd,2020,Birmingham City University,B25,10007140,,,,Hurley Primary School,125515,Drama
f73058aa-b71d-4c15-93ac-ae4229aba230,2020,Birmingham City University,B25,10007140,,,,Hurley Primary School,125515,Primary
f124e6cb-268b-42a7-ad76-636b0883503c,2020,University of Winchester,W76,10003614,,,,Hurstbourne Tarrant Church of England Primary School,116293,Primary
dd6825bd-87ef-4a18-8f23-d0e5d60de68b,2020,Birmingham City University,B25,10007140,,,,Hurst Green Primary School,103807,Primary
85638d5f-5c08-483b-bc7c-e39fae152b24,2020,University of Worcester,W80,10007139,,,,Hurst Green Primary School,103807,Primary
f62e1fc1-d1db-4181-af23-d3366556d3c2,2020,Birmingham City University,B25,10007140,,,,Hurst Hill Primary School,143537,Primary
28caefdd-a8ff-4594-b9ce-d9c8f0437214,2020,Edge Hill University,E42,10007823,,,,Hurst Knoll St James' Church of England Primary School,106229,Primary
818f995d-3810-4719-be0f-b21ce0f4dace,2020,Roehampton University,R48,10007776,,,,Hurst Park Primary School,125038,Primary
6f1b835b-7ee3-4775-8ddf-0c190367abc2,2020,St Mary's University,S64,10007843,,,,Hurst Park Primary School,125038,Primary
19131f96-bdd2-4182-ad5c-e66a18993813,2020,University of Sussex,S90,10007806,St Paul's Catholic College,126101,school,Hurstpierpoint College,126136,Primary
46ff92d6-1942-44e2-8a98-b01911ac9b69,2020,University of Durham,D86,10007143,,,,Hurworth Primary School,138180,Primary
e980bc41-d8d4-4424-a3fd-2ef9d65f6e27,2020,Edge Hill University,E42,10007823,,,,Hurworth School,136525,English
192da793-3f22-4485-8501-5db954eaf59c,2020,Staffordshire University,S72,10006299,,,,Hutchinson Memorial CofE First School,143983,Primary
2b43cb2b-ad0a-4ecd-bdfa-5814da52e8a8,2020,Lincoln Bishop University,B38,10007811,,,,Huttoft Primary & Nursery School,138808,Primary
8cdf1fc8-2185-4c8a-8393-37d6be01cb9c,2020,York St John University,Y75,10007713,,,,Hutton Rudby Primary School,121361,Primary
6d465cc7-4a0b-4c4c-a389-bebc0f0a48a0,2020,Edge Hill University,E42,10007823,,,,Huyton With Roby Church of England Primary School,145435,Primary
b87c404c-6672-4d9b-8896-01d4e29aabb7,2020,Plymouth Marjon University,P63,10037449,,,,Hyde Park Infants' School,150037,Primary
bd92c820-4065-43f5-b90e-082894714fc0,2020,Canterbury Christ Church University,C10,10001143,,,,Hythe Bay CofE Primary School,131020,Mathematics
798c252c-ed50-4e01-a55c-3ac1c73a649f,2020,Canterbury Christ Church University,C10,10001143,,,,Hythe Bay CofE Primary School,131020,Primary
18fd13a1-bd8b-404d-b73a-f7ec7ee571ef,2020,St Mary's University,S64,10007843,,,,Hythe Primary School,125107,Primary
2a85d298-7991-49ac-8acf-1871e5d0b128,2020,Kingston University,K84,10003678,,,,Ibstock Place School,101064,Physical education
50d5f8bc-0a43-4cc4-9508-d8159c5c14e3,2020,The University Of East Anglia,E14,10007789,,,,Iceni Secondary Academy,139058,Biology
239a69e1-2ec1-412d-b64a-9c5c5c382dfb,2020,The University Of East Anglia,E14,10007789,,,,Iceni Secondary Academy,139058,Chemistry
08f41433-b22e-40dd-a1ab-227f9f9bffec,2020,The University Of East Anglia,E14,10007789,,,,Iceni Secondary Academy,139058,Mathematics
faad95be-0d61-4307-891c-170420efe991,2020,St Mary's University,S64,10007843,,,,Ickburgh School,100312,Primary
ce45835c-a71f-4fab-a1c1-5bbaa80ee573,2020,Oxford Brookes University,O66,10004930,,,,iCollege Alternative Provision,131066,Primary
af20f3ed-40a5-44ea-9ee0-c18b569751d1,2020,Staffordshire University,S72,10006299,,,,Idsall School,140922,Art and design
1ada47ec-2105-4a85-a5e1-a5c4ed61f1a7,2020,University of Wolverhampton,W75,10007166,,,,Idsall School,140922,History
fd81dd44-2c11-4be2-99ac-2c1db988b80d,2020,The University of Brighton,B72,10000886,Millais School,126066,school,Ifield School,119040,Primary
5e332c21-632f-4996-955b-984b831bdfdc,2020,University of East London,E28,10007144,,,,Ilderton Primary School,100795,Primary
54969e28-4d9b-42c3-9826-ab2baa4e3304,2020,Coventry University,C85,10001726,,,,Ilford County High School,102850,Design and technology
6d4adfde-3262-4e13-b015-780e3cdd76f5,2020,Plymouth Marjon University,P63,10037449,Ilsham Church of England Academy,137304,school,Ilsham Church of England Academy,137304,Primary
d1989f24-fa06-4c54-a7ca-ba669b6f41a7,2020,The University of Brighton,B72,10000886,,,,Imberhorne School,126088,Mathematics
bb2d7b3f-c7ab-4ad6-a695-0778c146b0aa,2020,University of Sussex,S90,10007806,,,,Imberhorne School,126088,Modern languages
6a03fd2e-610f-409d-b59e-01b41eb5ead2,2020,Leeds Trinity University,L24,10003863,,,,"Immaculate Heart of Mary Catholic Primary School, A Voluntary Academy",147486,Primary
af5dc055-e5a7-4f1f-9da2-6a85ddcb3a1a,2020,Edge Hill University,E42,10007823,,,,IMPACT,104849,English
78d6c99c-8a5e-40af-b49e-926b7f990a38,2020,University of Wolverhampton,W75,10007166,,,,Impact Independent School,141560,Primary
24671293-bf66-4c1c-9d85-991075e09a2e,2020,"Cambridge Training Schools Network, CTSN SCITT",1WO,10055220,Comberton Village College,136463,school,Impington Village College,137826,Art and design
a556868e-ba23-49df-86c0-7af7cb8b2d66,2020,University of Hertfordshire,H36,10007147,,,,Independent Jewish Day School,137303,Primary
c10f7973-f8a0-470a-a6cb-6dd93f647dc0,2020,University of Cumbria,C99,10007842,,,,Ingleton Primary School,121445,Primary
93dc284f-e185-4204-ba81-26fc4dacdff9,2020,University of Cumbria,C99,10007842,,,,Inglewood Infant School,112217,Primary
bb1c0fca-d923-4dd2-be1a-32da3e593ce3,2020,University of Cumbria,C99,10007842,,,,Inglewood Junior School,112216,Primary
64570a49-cff4-42f4-8793-07ed689c36c8,2020,University of Cumbria,C99,10007842,,,,Ingol Community Primary School,119239,Primary
3f093940-4e92-4105-b083-c96afa41e4de,2020,The University Of East Anglia,E14,10007789,,,,Ingoldisthorpe Church of England Voluntary Aided Primary School,121134,Primary
68f74b28-a926-4061-8244-2bcf30e04c4c,2020,Lincoln Bishop University,B38,10007811,,,,Ingoldmells Academy,138444,Primary
ee31ec6e-f3be-4062-89b9-4c65fb079781,2020,University of Worcester,W80,10007139,,,,Inkberrow Primary School,144859,Primary
f4ef1d0a-c1aa-44b0-887b-4a1988c9e747,2020,Sheffield Hallam University,S21,10005790,,,,Inkersall Spencer Academy,142043,Primary
407730e5-a59b-45d5-8725-0b38e69f9704,2020,University of Hull,H72,10007149,,,,Inmans Primary School,117911,Primary
a4d43eeb-ed0d-4d16-a5c2-39919360ae74,2020,Edge Hill University,E42,10007823,,,,Intack Primary School,119118,Primary
f677f972-25fc-45fe-ad83-d29b9a2c92fc,2020,The Manchester Metropolitan University,M40,10004180,,,,Intack Primary School,119118,Primary
3a86aff8-2e14-4215-b447-8b97af466a99,2020,Tes Institute,H40,10035578,Greenacre School,138046,school,Invicta Grammar School,136582,Mathematics
569fda2f-037f-464b-b740-fcc4f2194ca8,2020,University of Greenwich,G70,10007146,,,,Invicta Primary School,100134,Primary
1ed49e30-0cd4-420e-84f7-b109d8b5cf53,2020,University Of Plymouth,P60,10007801,,,,Ipplepen Primary School,113203,Primary
ac280d73-f7c4-48ec-9a19-4128973cd96e,2020,Coventry University,C85,10001726,,,,Ipswich Academy,136453,Art and design
86500a1d-fe42-42ae-8114-675347bbdbb8,2020,The University Of East Anglia,E14,10007789,,,,Ipswich School,124881,History
68a81ec1-219b-4323-9b9d-769ca69b7ded,2020,Leeds Beckett University,L27,10003861,,,,Iqra Primary Academy,140111,Primary
2112d7b0-dad9-4ca4-8670-903aa9f36ade,2020,University of Huddersfield,H60,10007148,,,,Iqra Primary Academy,140111,Primary
9f9e2a15-b5b3-4713-90b3-fdb669266fa2,2020,Liverpool John Moores University,L51,10003957,,,,Irby Primary School,105025,Primary
73115016-98eb-4ad5-8e16-c51117686d19,2020,The Manchester Metropolitan University,M40,10004180,,,,Irk Valley Community School,105452,Primary
37ee38e7-98f8-4704-8bc8-0866807a3b57,2020,Edge Hill University,E42,10007823,,,,Irlam Endowed Primary School,105939,Primary
554d9ba7-39f6-4577-853e-6f608f8a3953,2020,The Manchester Metropolitan University,M40,10004180,,,,Irlam Endowed Primary School,105939,Primary
ab72bd80-dce9-4bfa-b965-165a47056855,2020,University of Derby,D39,10007851,,,,Ironville and Codnor Park Primary School,144607,Primary
6bf92550-9b51-4178-bf1a-8459ea1bd773,2020,The University of Northampton,N38,10007138,,,,Irthlingborough Junior School,141910,Primary
9e62caf5-d0e8-4c3e-9a04-797ad41227be,2020,The University of Northampton,N38,10007138,,,,Irthlingborough Nursery and Infant School,141909,Primary
cacf1e2b-1199-470f-81ff-6d4fa55a7bf8,2020,London Metropolitan University,L68,10004048,,,,Islamia Primary School,101574,Primary
5d807fed-3cad-4e0c-8100-5369c7052c51,2020,Roehampton University,R48,10007776,,,,Isleworth Town Primary School,102492,Primary
2127b32e-2143-4310-ae9d-ef80d208efbb,2020,St Mary's University,S64,10007843,,,,Isleworth Town Primary School,102492,Primary
ffccc3a8-55e7-47d2-9528-44ecebae9ac8,2020,Leeds Beckett University,L27,10003861,,,,Iveson Primary School,107886,Primary
99be5dc9-85e2-4c13-bbfd-8fbc2ef31035,2020,Leeds Trinity University,L24,10003863,,,,Iveson Primary School,107886,Primary
3463f009-92e1-4500-b06b-d108966bb095,2020,University Of Exeter,E84,10007792,,,,Ivybridge Community College,136336,Modern languages
b7d5acd9-0d43-43c2-9a42-49208cb49a19,2020,University Of Exeter,E84,10007792,,,,Ivybridge Community College,136336,Religious education
0e28016c-7f00-4b9a-b1fa-c6171debac7a,2020,Canterbury Christ Church University,C10,10001143,,,,Iwade School,140900,Primary
d876f997-0035-4876-8cf6-a1caa2f1d23f,2020,"Norfolk, Essex and Suffolk Teacher Training (NESTT)",S14,10006399,Claydon High School,144214,school,Ixworth High School,140047,Chemistry
f98e38c1-7d4a-48e3-aaea-7205c0f66be3,2020,University of Cambridge,C05,10007788,,,,Jack Hunt Academy,145271,English
94af3491-c0c8-4933-ba3b-21822638191f,2020,St Mary's University,S64,10007843,,,,Jack Tizard School,100381,Primary
992de175-67ab-42a3-b06a-390607f785cd,2020,Staffordshire University,S72,10006299,,,,James Bateman Middle School,146914,Primary
03620f22-cbb8-4988-8cad-c91528b92588,2020,University of Cumbria,C99,10007842,,,,James Rennie School,146250,Primary
9446fbff-ae67-4cd7-b408-0e25062e10cc,2020,Birmingham City University,B25,10007140,,,,James Watt Primary School,134102,Primary
36e5044e-d80f-4657-b00a-05c5819b3b3b,2020,University of Wolverhampton,W75,10007166,,,,Jane Lane School,104271,History
17472213-11b9-47ae-8a90-634112a07250,2020,University of Northumbria at Newcastle,N77,10001282,,,,Jarrow Cross CofE Primary School,133680,Primary
b61e93d3-bd12-46d9-a8d2-a516f76c0c59,2020,University of Sunderland,S84,10007159,,,,Jarrow Cross CofE Primary School,133680,Primary
3a8724aa-41c2-4141-81bf-654d7bdf68ad,2020,University of Reading,R12,10007802,,,,Jennett's Park CofE Primary School,144608,Primary
85d31cd0-5e1b-4264-91ca-5021c619e869,2020,University of Hertfordshire,H36,10007147,,,,Jenyns First School and Nursery,117087,Primary
5ed17a0b-507c-4f83-8c5e-2ee7a63bd9d8,2020,University of Cumbria,C99,10007842,,,,Jericho Primary School,112175,Primary
3c5c2f07-8298-4d2d-b88b-ebc5c92e2743,2020,Nottingham Trent University,N91,10004797,,,,Jesse Gray Primary School,122597,Primary
fbcd6778-6b38-4377-b7fc-d0885de38115,2020,Birmingham City University,B25,10007140,,,,Jesson's CofE Primary School (VA),103845,Primary
e2022412-40c0-4613-9c5f-ba3267890a18,2020,University of Wolverhampton,W75,10007166,,,,Jesson's CofE Primary School (VA),103845,Primary
8364318e-8170-42f2-bc82-bed4fb429951,2020,Birmingham City University,B25,10007140,,,,Jewellery Quarter Academy,141003,Biology
0fc60135-c582-4cba-924b-28f30032bcce,2020,University of Wolverhampton,W75,10007166,,,,Jewellery Quarter Academy,141003,Drama
49f22152-f66a-469e-be18-8464609bab7c,2020,University of Wolverhampton,W75,10007166,,,,Jewellery Quarter Academy,141003,English
440caa50-0572-4e14-926f-23e1dbc4a206,2020,University of Chester,C55,10007848,,,,J H Godwin Primary School,110983,Primary
0d49819e-3ff4-4b50-a516-6f4b62c91b07,2020,University of Greenwich,G70,10007146,,,,John Ball Primary School,100709,Primary
6130e612-55d1-4413-b10a-49fea02e6755,2020,Oxford Brookes University,O66,10004930,,,,John Blandy Primary School,140307,Primary
3406deaa-7496-4d83-9d23-75aa41287e0a,2020,The University of Northampton,N38,10007138,,,,John Hellins Primary School,121851,Primary
4b2c628f-fac3-463b-9347-fc22bbe47827,2020,Oxford Brookes University,O66,10004930,,,,John Henry Newman Academy,138774,Primary
8a05471d-84ac-478a-aca7-825221292814,2020,St Mary's University,S64,10007843,,,,John Locke Academy,140387,Primary
736be441-b04e-4360-a9a1-13171e70c8b5,2020,Coventry University,C85,10001726,,,,John Madejski Academy,130247,Modern languages
90dde972-b347-43d7-928f-2b2d0497313f,2020,University of Chichester,C58,10007137,,,,John Madejski Academy,130247,Physical education
d0733be9-fdea-4d78-9f89-fe7e2c23e946,2020,St Mary's University,S64,10007843,,,,John Perryn Primary School,101889,Primary
0a95ebd4-8f98-4e48-8866-59fa44874ca0,2020,Sheffield Hallam University,S21,10005790,,,,John Port Spencer Academy,145500,Mathematics
ed16c622-238d-414d-90c0-76ceb9ca4fbf,2020,Edge Hill University,E42,10007823,,,,Johnson Fold Community Primary School,105157,Primary
d96dc00e-e777-4ff1-a8f7-e3b5478a3efd,2020,Lincoln Bishop University,B38,10007811,,,,John T Rice Infant and Nursery School,122452,Primary
99c969d5-5dc5-46d6-b59d-9ef58391794c,2020,Staffordshire University,S72,10006299,,,,John Wheeldon Primary Academy,141186,Primary
a8ce34f8-7788-4407-9ce5-cef3b791c0fd,2020,The University of Brighton,B72,10000886,,,,Jolesfield CofE Primary School,125985,Primary
af6030b4-ed80-4d36-a03c-aa48580f4a0e,2020,University of Chichester,C58,10007137,,,,Jolesfield CofE Primary School,125985,Primary
b00863b9-42b2-4f6a-8cab-d55011ea21a6,2020,University of East London,E28,10007144,,,,Jo Richardson Community School,133561,Religious education
5c8e7f0d-86cd-4008-8c60-fc7a958e7d83,2020,Birmingham City University,B25,10007140,,,,Joseph Leckie Academy,137830,Biology
278d3d50-f38f-4a32-9474-17b41e4a728b,2020,Birmingham City University,B25,10007140,,,,Joseph Leckie Academy,137830,Physical education
86d20bec-b6bb-4e6b-a5c5-5707585dea80,2020,University of Wolverhampton,W75,10007166,,,,Joseph Leckie Academy,137830,History
a96709dd-3a15-4272-8bde-9bda8942c9d7,2020,University of Wolverhampton,W75,10007166,,,,Joseph Leckie Academy,137830,Primary
bbfdb0d5-1fd6-4579-9c44-090ba69211ab,2020,Newman University,N36,10007832,,,,Joseph Turner Primary School,103970,Primary
8d97ca4b-84a7-4241-8419-b2511df7fd02,2020,University of Worcester,W80,10007139,,,,Joseph Turner Primary School,103970,Primary
ea818ea0-47f8-41d7-bbf1-02f7af410bd4,2020,University of Greenwich,G70,10007146,,,,Joydens Wood Infant School,137660,Primary
b3fbf52a-d77f-48ba-8d3c-ffe296b95526,2020,Canterbury Christ Church University,C10,10001143,,,,Joy Lane Primary Foundation School,135130,Primary
8bdb6200-538b-4a49-a050-fe92726540c5,2020,University of Wolverhampton,W75,10007166,,,,Jubilee Academy Mossley,138540,Primary
709a6c22-d4b4-4dcf-8317-b5dd2259ac7a,2020,Roehampton University,R48,10007776,,,,Jubilee Primary School,133662,Primary
a778582f-4ae7-4466-9349-3b778a522483,2020,St Mary's University,S64,10007843,,,,Judith Kerr Primary School,139907,Primary
2f548a8b-6e9c-4f71-a498-9fe9d9dca92d,2020,Sheffield Hallam University,S21,10005790,,,,Jump Primary School,106591,Primary
fa3c9e9b-9451-44d8-818e-42401124fbde,2020,York St John University,Y75,10007713,,,,Junction Farm Primary School,143068,Primary
cee09b9d-f4e5-4555-a20d-bef31efca4bf,2020,Leeds Beckett University,L27,10003861,,,,Kader Academy,140869,Primary
3d4a3f27-f0c6-4440-a85a-42ad4d49c555,2020,University of Northumbria at Newcastle,N77,10001282,,,,Kader Academy,140869,Primary
6be2fcac-bab0-47d1-a22c-73488af1546d,2020,York St John University,Y75,10007713,,,,Kader Academy,140869,Primary
eb33428a-b258-4c8f-b435-e2f82fa15919,2020,Kingston University,K84,10003678,,,,Kaizen Primary School,143277,Primary
62105492-6b13-4019-afd7-7ba5695c438b,2020,University of Cumbria,C99,10007842,,,,Kaizen Primary School,143277,Primary
dec21f18-28a1-434b-83a9-863d221a2e0b,2020,University of East London,E28,10007144,,,,Kaizen Primary School,143277,Primary
ed2505ee-7a13-4b3e-8072-76a6b52321de,2020,University of Reading,R12,10007802,,,,Katesgrove Primary School,109920,Primary
91f51e82-2a34-4cf4-bfee-f2afecf529d3,2020,University of Wolverhampton,W75,10007166,,,,Kates Hill Community Primary School,103774,Primary
7459e8d3-8a20-4ca6-a04a-2eae67fda8be,2020,Leeds Beckett University,L27,10003861,,,,Kaye's First and Nursery School,107650,Primary
a629ce99-4eb8-440f-ae76-dc93afb9a9ef,2020,York St John University,Y75,10007713,,,,Keeble Gateway Academy,147192,Primary
d2dd71c0-4608-45f0-a621-2712da2407a4,2020,Leeds Beckett University,L27,10003861,,,,Keighley St Andrew's CofE Primary School and Nursery,107339,Primary
4db589b8-8ac0-4e66-be02-1e6fe7c7d0f8,2020,The University Of East Anglia,E14,10007789,,,,Kelling CE Primary School,138796,Primary
9a14d0bf-9c70-4825-b7e1-de97d28fd1f0,2020,University of Durham,D86,10007143,,,,Kelloe Primary School,114081,Primary
234b3e8c-8fca-4e75-8391-54e23d3d5ca0,2020,University of Sunderland,S84,10007159,,,,Kells Lane Primary School,131106,Primary
c4ad0309-065c-4687-8824-e468db895b1c,2020,University of Northumbria at Newcastle,N77,10001282,,,,Kelvin Grove Community Primary School,108323,Primary
fbed187e-d338-495d-9ee3-79efb0d489d7,2020,Roehampton University,R48,10007776,,,,Kelvin Grove Primary School,100690,Primary
516b5db6-a891-4f3c-ba53-715530bdd498,2020,University of Worcester,W80,10007139,,,,Kempsey Primary School,144256,Primary
0a17b19e-4c32-46e1-97c6-b8d73875a758,2020,University of Winchester,W76,10003614,,,,Kempshott Infant School,116036,Primary
871b56d2-5346-46c0-9cde-4a872d59e665,2020,York St John University,Y75,10007713,,,,Kennett Primary School,139088,Primary
c49a1140-ba05-4f3e-b7d0-534349d99dda,2020,The University Of East Anglia,E14,10007789,,,,Kenninghall Primary School,145304,Primary
5b7e0b3c-cbb7-47ab-a0c9-75d43b28bc52,2020,Liverpool Hope University,L46,10003956,,,,Kensington Primary School,136118,Primary
5d4c497c-9f30-4b37-831f-087d1fd22181,2020,Canterbury Christ Church University,C10,10001143,,,,Kent College (Canterbury),119001,Art and design
5cf2696d-4659-46b4-9b72-1f4e8264a7cc,2020,Canterbury Christ Church University,C10,10001143,,,,Kent College Pembury,118946,Primary
502ba330-a724-49e5-986f-96de8d7ea1da,2020,University of Sussex,S90,10007806,,,,Kent College Pembury,118946,Classics
f893f40d-7b96-4beb-a0b6-25d5db47ddcc,2020,University Of Plymouth,P60,10007801,,,,Kentisbeare Church of England Primary School,113357,Primary
2675e1fe-c5e9-4748-bcf3-44bf649db4b8,2020,Coventry University,C85,10001726,,,,Kentisbury Primary School,113157,Primary
b5381837-61cd-4b5e-b647-38dde3ac4643,2020,University College London,U80,10007784,,,,Kentish Town Church of England Primary School,100034,Primary
d0725781-2e43-4bab-a9aa-d0af2a6a8a0e,2020,The Manchester Metropolitan University,M40,10004180,,,,Kentmere Primary Academy,141400,Mathematics
b8d8a3f4-1924-47e5-876d-dcc01b7648be,2020,The Manchester Metropolitan University,M40,10004180,,,,Kentmere Primary Academy,141400,Primary
5e2aad60-4eb8-40ed-903e-447038657bfe,2020,University of Sunderland,S84,10007159,,,,Kenton Bar Primary School,143267,Primary
d916e79a-f82a-4912-a0c7-07846c23d145,2020,Plymouth Marjon University,P63,10037449,,,,Kenton Primary School,145761,Primary
b82e94fc-9e5a-464f-93ea-a1cc3ac47c8f,2020,The University Of East Anglia,E14,10007789,Kesgrave High School,136969,school,Kesgrave High School,136969,Physical education
d46c8b39-eca4-415e-991f-c6c0f5ae06d7,2020,The University Of East Anglia,E14,10007789,,,,Kesgrave High School,136969,English
17f2b271-b446-482f-9460-02b8f8fe5239,2020,The University Of East Anglia,E14,10007789,,,,Kesgrave High School,136969,Modern languages
cb82f3ce-c9a4-47ee-8f90-cc255dc62f71,2020,Coventry University,C85,10001726,,,,Kettering Buccleuch Academy,135966,History
60c5e267-f577-4e28-86c3-f344d5e00bb4,2020,Sheffield Hallam University,S21,10005790,,,,Kettlethorpe High School,108271,Chemistry
53cb37ff-8f85-4722-a4d8-0754133a529d,2020,Bath Spa University,B20,10000571,,,,Kewstoke Primary School,109092,Early years ITT
07d551cb-6fcd-4ab5-aee9-081f7f910627,2020,Edge Hill University,E42,10007823,,,,Kew Woods Primary School,146895,Primary
ab9af5ff-7d92-4b9f-a9ae-c94c35aa725a,2020,University of Durham,D86,10007143,,,,Kibblesworth Academy,138211,Primary
81f478f0-1f48-4224-a631-f8dfd881093a,2020,University of Northumbria at Newcastle,N77,10001282,,,,Kibblesworth Academy,138211,Primary
09cf5aa2-a505-42ac-b373-099b348fad0e,2020,Lincoln Bishop University,B38,10007811,,,,Kidgate Academy,138637,Primary
511f9593-17ee-451d-a9fb-59978d229025,2020,Staffordshire University,S72,10006299,,,,Kidsgrove Primary School,146636,Primary
6f559d2c-c2a1-49d4-8a4d-a787aad82007,2020,University of Derby,D39,10007851,,,,Kilby St Mary's Church of England Primary School,120195,Primary
3c766d45-9376-42a2-bbc2-89b68f42614d,2020,University of Hull,H72,10007149,,,,Kilham Church of England Voluntary Controlled School,117980,Primary
7b7e0c47-aa46-4a35-852f-b6357a7a3d50,2020,University of Hertfordshire,H36,10007147,,,,Killigrew Primary and Nursery School,135528,Primary
eb3cdb70-032d-4156-adfb-e1edc82c984e,2020,York St John University,Y75,10007713,,,,Killinghall Church of England Primary School,121569,Primary
2225f83e-9e22-4d6e-86c8-7d828e61c998,2020,Bradford Birth to 19 SCITT,259,10047807,St Edmund's Nursery School & Children's Centre,107190,school,Killinghall Primary School,107431,Primary
72118efd-916c-44bf-98a6-2802ac66d44c,2020,Bradford College,B60,10000840,,,,Killinghall Primary School,107431,Primary
6d556386-d8b5-4cea-b5f9-7e90dadb5a7f,2020,Two Mile Ash ITT Partnership,T89,10059102,,,,Kilsby Church of England Primary School,141079,Primary
d0230b92-8103-4367-a322-e9216801093c,2020,Sheffield Hallam University,S21,10005790,,,,Kimberworth Community Primary School,106845,Primary
bcbb696e-cfda-406e-86b8-6ad8c74f43ed,2020,University of Hertfordshire,H36,10007147,,,,Kimpton Primary School,117118,Primary
e3cbabf8-02e4-413f-ae6e-c8ba97212518,2020,University of Worcester,W80,10007139,,,,Kineton Green Primary School,104048,Primary
a6013153-fdbf-4799-b130-4d2332c97a31,2020,Coventry University,C85,10001726,,,,Kineton High School,147432,Business studies
f4f07131-ff0f-41bf-88c9-47eb096f8fd3,2020,University of Warwick,W20,10007163,Southam College,143905,school,Kineton High School,125734,English
2b919f2d-27ec-4b5b-8ae0-b69d1b08e372,2020,Roehampton University,R48,10007776,,,,King Athelstan Primary School,102579,Primary
3161a72a-2fda-4d2d-9655-a8264eaa80eb,2020,University of Worcester,W80,10007139,,,,King Charles Primary School,104175,Primary
1fc74373-1e99-45f9-94f9-432c99d00a26,2020,Birmingham City University,B25,10007140,,,,King David Primary School,103444,Primary
a85abdae-d608-4e36-8771-3ada4d1a6116,2020,Liverpool John Moores University,L51,10003957,,,,King David Primary School,104682,Primary
5a8581d2-af5a-42bd-841d-71acef6588cf,2020,Bath Spa University,B20,10000571,,,,Kingdown School,137230,Chemistry
883a4062-d9c0-442c-b278-f5551b9c0fc4,2020,Bradford College,B60,10000840,,,,King Edward VI Academy,138783,History
c5d0b069-58d0-4439-b338-17dca02bdc6d,2020,Coventry University,C85,10001726,,,,King Edward VI College,145174,Modern languages
ea36451d-3e64-4cd7-b485-aa22e68b988b,2020,Plymouth Marjon University,P63,10037449,,,,King Edward VI Community College,113520,Drama
a7373bc0-e35f-40d9-8938-8a7f8deb4c88,2020,Plymouth Marjon University,P63,10037449,,,,King Edward VI Community College,149247,Physical education
c3aef90c-a33c-4645-a18c-6ee3cfae9c1b,2020,Lincoln Bishop University,B38,10007811,,,,King Edward VI Grammar School,142262,Computing
a5e21f92-6e31-4467-a3a9-84fd1e9db76d,2020,Coventry University,C85,10001726,,,,King Edward VI Handsworth Grammar School for Boys,143562,Other subjects
74787360-6544-494c-8d1e-b34b70316a5f,2020,Birmingham City University,B25,10007140,,,,King Edward VI Handsworth Wood Girls' Academy,138937,Chemistry
1af7dd24-87ea-4d9c-a56b-baf69fe37028,2020,University of Wolverhampton,W75,10007166,,,,King Edward VI School,124408,Chemistry
8a0bf7ad-964f-4364-8fab-c2496c0eaab0,2020,University of Wolverhampton,W75,10007166,,,,King Edward VI School,124408,Primary
c5b0c6eb-871f-4190-96be-7c4a6aa47561,2020,Lincoln Bishop University,B38,10007811,,,,King Edwin Primary and Nursery School,122639,Primary
ed9f41ef-ff54-4767-a3ec-ba87e722be95,2020,Sheffield Hallam University,S21,10005790,,,,King Edwin Primary and Nursery School,122639,Primary
f69f2980-f041-4995-a995-7bb46760ca3f,2020,University of Northumbria at Newcastle,N77,10001282,,,,King Edwin Primary School,122174,Primary
e2ba7c13-5f84-4103-b897-08e11f985d8b,2020,University of East London,E28,10007144,,,,Kingfisher Hall Primary Academy,138203,Primary
a9891580-6b63-4eb2-933a-7cdf28294c53,2020,Lincoln Bishop University,B38,10007811,,,,Kingfisher Primary Academy,143876,Primary
d93ebb1e-fa36-43ce-ae55-67342aaf29c5,2020,Bath Spa University,B20,10000571,,,,Kingfisher Primary School,142326,Early years ITT
22e75e23-b5a3-4427-a37a-7311eeb5d2da,2020,University of Sunderland,S84,10007159,,,,King James I Academy Bishop Auckland,136770,Mathematics
d84e39f4-0b22-4c31-9e90-bc58687c779c,2020,Coventry University,C85,10001726,,,,King James's School,138706,Geography
9b4a130f-86df-4c41-8b93-5e1360b20df3,2020,University of Cumbria,C99,10007842,,,,Kingmoor Nursery and Infant School,112230,Primary
2ea5d911-ea15-4121-a6ef-0ec4432a0022,2020,The University of Brighton,B72,10000886,,,,King Offa Primary Academy,138400,Primary
71482d30-78eb-41b3-bfee-9ce7dcd92b9e,2020,The University of Portsmouth,P80,10007155,,,,King's Academy Bay House,137791,Mathematics
99a5fa08-1409-4ff5-91ff-20a4c192853e,2020,University of Chichester,C58,10007137,,,,King's Academy Bay House,137791,Mathematics
f0c773a2-39ef-4ff7-b1b8-9d0c93591287,2020,University of Reading,R12,10007802,Ranelagh School,137267,school,King's Academy Easthampstead Park,149365,Design and technology
129db7cc-8f6e-49c7-8d7a-d962bb15057e,2020,University of Chichester,C58,10007137,,,,King's Academy Northern Parade (Infant),145451,Primary
59b5b553-4a5d-433f-807a-a15f8e75f5c9,2020,The University of Brighton,B72,10000886,,,,King's Academy Prospect,136876,Physical education
826e34c3-a8f8-4ec6-9d33-6d82cf1e30fa,2020,The University of Brighton,B72,10000886,,,,King's Academy Ringmer,144505,Physical education
7aae1d6b-93b2-4cec-8820-07272f88c93d,2020,University Of Plymouth,P60,10007801,,,,Kings Ash Academy,138773,Primary
e34231a5-d50f-44d7-a5f0-6561017af2df,2020,University of Winchester,W76,10003614,,,,Kingsclere Church of England Primary School,116295,Primary
e065b26b-a948-4403-8115-3317615d367d,2020,St Mary's University,S64,10007843,,,,King's Court First School,109827,Primary
32714651-3426-4782-a47a-35b22e65b0d5,2020,Roehampton University,R48,10007776,,,,Kings Cross Academy,140686,Primary
bccf0a0a-fe86-45d9-abca-7a2463bb3381,2020,The University of Brighton,B72,10000886,Millais School,126066,school,King's Farm Primary School,118585,Primary
2748cc21-45b3-4c87-890a-2889c9fd12d9,2020,"Cambridge Training Schools Network, CTSN SCITT",1WO,10055220,Comberton Village College,136463,school,Kingsfield Primary School,140888,Primary
c73f4a6d-275e-4465-81b1-f51b06a46983,2020,University of Reading,R12,10007802,,,,King's Furlong Infant School and Nursery,116230,Primary
f253f946-00a8-4743-a1b0-93c2b5f3f298,2020,University of Chichester,C58,10007137,,,,Kingsham Primary School,141181,Primary
57301f2f-1c1b-4a37-85ea-68b32fed15aa,2020,The University of Northampton,N38,10007138,,,,Kings Heath Primary Academy,140414,Primary
c12f8b60-1510-47d7-8e97-91f765fb988b,2020,Bradford College,B60,10000840,,,,Kings Kids Christian School,133447,Primary
87c56c7d-a799-44ac-967e-728d33442821,2020,University of Wolverhampton,W75,10007166,,,,Kingsland Primary School (NC),103221,Primary
5cc84e39-b745-4a84-9001-ef726ef3e116,2020,Edge Hill University,E42,10007823,,,,King's Leadership Academy Hawthornes,138260,English
a2033d9f-9f62-42b6-95c0-e658fe9c78bc,2020,Edge Hill University,E42,10007823,,,,King's Leadership Academy Hawthornes,138260,Mathematics
a5a35de9-ac1a-439f-b0e2-a022d4b2700d,2020,The University Of Bolton,8N5,10006841,,,,"King's Leadership Academy, Liverpool",137675,Modern languages
4fb6680a-471a-4ad4-b4ac-5c4794bf7932,2020,The University of Brighton,B72,10000886,,,,Kingslea Primary School,134776,Mathematics
6262e87d-7d85-40bb-ab02-7f3b8399cb49,2020,The University of Brighton,B72,10000886,,,,Kingslea Primary School,134776,Primary
be754970-a7b0-4814-b70d-2a9bba687fbc,2020,Edge Hill University,E42,10007823,,,,Kingsley Community Primary School and Nursery,110995,Primary
1ebe50a8-d200-4709-bebc-51e26914379c,2020,University of Chester,C55,10007848,,,,Kingsley Community Primary School and Nursery,110995,Primary
1f86598b-487c-4adb-96a3-6de71d453534,2020,The University Of East Anglia,E14,10007789,,,,King's Lynn Academy,136202,English
53120749-4be2-46f4-a4f5-c868fe6cd5d8,2020,The University Of East Anglia,E14,10007789,,,,King's Lynn Academy,136202,History
6c463592-baec-44e1-9690-778c58cb7250,2020,The University Of East Anglia,E14,10007789,,,,King's Lynn Academy,136202,Mathematics
d3ba762d-bfe8-43d5-ae10-e2dbb029f3f7,2020,The University Of East Anglia,E14,10007789,,,,King's Lynn Academy,136202,Modern languages
31a78499-7e9a-4cf6-bb5e-ba1364cde361,2020,University Of Exeter,E84,10007792,,,,Kingsmead Academy,136639,English
68da5ccd-b151-4e58-9e20-65827a2578c9,2020,Edge Hill University,E42,10007823,,,,Kings Meadow Primary School and Early Years Education Centre,104886,Primary
20d2c90f-d7eb-4365-9447-35d87bb47ba4,2020,University of Chester,C55,10007848,,,,Kingsmead Primary School,134336,Primary
47bf7b8b-83aa-4c1b-82d2-a83fdeae8117,2020,University of Wolverhampton,W75,10007166,,,,Kingsmead School,142313,Chemistry
4c8f29b4-e171-443f-b4c4-881554c0fd8b,2020,University of Hull,H72,10007149,,,,Kings Mill School,118144,Primary
f1f589a6-d04a-4737-b9e6-578372260a68,2020,Canterbury Christ Church University,C10,10001143,,,,Kingsnorth Church of England Primary School,142429,Primary
cf924787-a4a5-4065-90d5-e22553e66a2e,2020,The University Of Birmingham,B32,10006840,,,,King's Norton Boys' School,103562,Physical education
cd6044ae-fd43-44df-81a5-9eda9b25fa72,2020,Lincoln Bishop University,B38,10007811,,,,King's Oak Academy,145534,Primary
0a895021-1ebb-4ddb-93a2-4c5a290dd8f3,2020,The University Of East Anglia,E14,10007789,,,,King's Oak Academy,145534,Primary
61811b5b-6b77-46c7-bcd9-3a2ea5991482,2020,Sheffield Hallam University,S21,10005790,,,,Kings Oak Primary Learning Centre,134687,Primary
fd0eef49-20a3-4e3d-8c5d-7e3db56b7b27,2020,Roehampton University,R48,10007776,,,,King's Oak Primary School,102582,Primary
7744aa69-2a3e-4789-bfab-e00fb46b9b61,2020,St Mary's University,S64,10007843,,,,King's Oak Primary School,102582,Primary
8b940132-715c-4e52-8299-555354f7e48c,2020,University of Bedfordshire,B22,10007152,,,,King's Oak Primary School,109502,Primary
dcf9b154-b0d6-470f-a5e6-09620ecf442e,2020,The University of Brighton,B72,10000886,Millais School,126066,school,King's School,139409,English
662d6bef-cb0f-4bca-9416-cc75f467e608,2020,University Of Plymouth,P60,10007801,,,,King's School,113595,Primary
5d5ee546-1f96-4968-94fd-9fe1f17ebe9b,2020,University of Winchester,W76,10003614,,,,King's Somborne Church of England Primary School,116296,Primary
6eaf82e7-a8a7-46c2-a6d9-f99da1112d20,2020,The University of Northampton,N38,10007138,,,,Kingsthorpe Grove Primary School,121943,Primary
13d196be-3743-4b0e-bc66-a1d7b73b9960,2020,The University of Northampton,N38,10007138,,,,Kingsthorpe Village Primary School,133732,Primary
68637bf5-1cd0-4f08-80f9-c63895914daf,2020,University of Northumbria at Newcastle,N77,10001282,,,,Kingston Park Primary School,143270,Primary
f1fc053a-db36-4e37-ad41-4ebde7a9acf5,2020,University of Sunderland,S84,10007159,,,,Kingston Park Primary School,143270,Primary
c6ac5de8-2923-4515-ba1c-8a1f7061d037,2020,University of Durham,D86,10007143,,,,King Street Primary School,130946,Primary
f96d4bd3-1ae8-49f2-a679-b3895024b059,2020,Edge Hill University,E42,10007823,,,,Kingsway Primary School,104997,Primary
25e96ab5-adeb-48a8-9a7e-4ccf1a092539,2020,Edge Hill University,E42,10007823,,,,Kingsway Primary School,106334,Primary
049ada48-1938-45fc-bd9e-8280703fcb86,2020,Liverpool John Moores University,L51,10003957,,,,Kingsway Primary School,104997,Primary
ed656a70-8376-4a65-a063-4420c348b185,2020,The Manchester Metropolitan University,M40,10004180,,,,Kingsway Primary School,106334,Primary
2d3d91f1-8a2f-4235-8b5c-e6a58c911e26,2020,University of Chester,C55,10007848,,,,Kingsway Primary School,104997,Primary
3ce93511-8efa-49be-ad3d-f582f40329ab,2020,University Of Plymouth,P60,10007801,,,,Kingswear Community Primary School,141624,Primary
a302dff9-334d-4fce-a388-2462ffd27317,2020,University of Bedfordshire,B22,10007152,,,,Kingswood Primary Academy,139325,Primary
05ea40d1-242b-482c-940e-6c9f8fcb0d74,2020,Birmingham City University,B25,10007140,,,,Kingswood School,104128,Primary
97c477b3-ab19-44d0-91a2-4204aca3a52d,2020,University of Winchester,W76,10003614,,,,Kings Worthy Primary School,115922,Primary
aeb23b1b-b5fa-40ae-8810-1fd30538d768,2020,University of Gloucestershire,G50,10007145,,,,Kington Primary School,116701,Primary
73e0166d-9a53-4f71-8cae-82c9741ff829,2020,University of Worcester,W80,10007139,,,,Kington Primary School,116701,Primary
59b34caf-fc50-4802-b19e-602ebddaff8a,2020,Bath Spa University,B20,10000571,,,,King William Street Church of England Primary School,138479,Primary
3a09b067-1ba0-4f0f-9d35-06acc6423c00,2020,Leeds Beckett University,L27,10003861,,,,Kippax Ash Tree Primary School,143240,Primary
5076dc2b-50fe-480c-9c73-663944a6abe4,2020,York St John University,Y75,10007713,,,,Kirby Muxloe Primary School,140315,Primary
456d203a-d4d1-4fb1-bfab-7c9d893252ad,2020,Sheffield Hallam University,S21,10005790,,,,Kirk Balk Academy,140979,Physics
03dd365e-03d9-4d11-b023-d4cbc462ec9d,2020,Leeds Beckett University,L27,10003861,,,,Kirkburton CofE (VA) First School,107745,Primary
8e9d9023-7139-4518-87c2-c37b34fd8e75,2020,Leeds Trinity University,L24,10003863,,,,Kirkby Avenue Primary School,131341,Primary
52deded6-5862-4dff-a666-a13d6d3d5841,2020,Edge Hill University,E42,10007823,,,,Kirkby CofE Primary School,104448,Primary
967ef3c2-571e-4abf-8eb3-810cbd0c2976,2020,University of Durham,D86,10007143,,,,Kirkby Fleetham Church of England Primary School,144166,Primary
fdcba598-372a-4ff3-855b-cf682cd3c0fc,2020,Bradford College,B60,10000840,,,,Kirkby in Malhamdale United Voluntary Aided Primary School,121629,Primary
588914f1-8ef8-4937-8623-e5cc3dc7f19f,2020,Liverpool John Moores University,L51,10003957,,,,Kirkdale St Lawrence CofE VA Primary School,132176,Primary
f964454c-2553-4bd5-ace2-765e0fdc205a,2020,University of Hull,H72,10007149,,,,Kirk Ella St Andrew's Community Primary School,117881,Primary
710dee12-ccd7-4b05-9e41-22293a29ab2e,2020,Leeds Beckett University,L27,10003861,,,,Kirk Fenton Church of England Primary School,146007,Primary
561f66f7-1b79-493d-9b35-e79695129217,2020,University of Cumbria,C99,10007842,,,,Kirkham Grammar School,119835,Biology
a9889e0d-d44e-4ff3-b1bf-533306823e65,2020,University of Cumbria,C99,10007842,,,,Kirkham Pear Tree School,119887,Primary
d7e010e1-3cc4-49d3-ae5d-7ee802392417,2020,University of Derby,D39,10007851,,,,Kirk Langley CofE Primary School,112833,Primary
2ac68c41-5a3b-4839-9525-6781d85fd552,2020,University of Durham,D86,10007143,,,,Kirk Merrington Primary School,114074,Primary
8462a0b7-d0e5-4e5c-9be8-a0f2d0809cc1,2020,University of Cumbria,C99,10007842,,,,Kirkoswald CofE School,112253,Primary
e11cff99-ec71-4084-adb0-20ec5f7ebef5,2020,University of Hull,H72,10007149,,,,Kirk Sandall Junior School,141684,Primary
6778a15f-4b47-451b-b112-6dd6d794d8cf,2020,Leeds Beckett University,L27,10003861,,,,Kirk Smeaton Church of England Voluntary Controlled Primary School,121573,Primary
dcfe1351-c9c9-4cd8-8f98-a9b1c1b31d2e,2020,York St John University,Y75,10007713,,,,Kirk Smeaton Church of England Voluntary Controlled Primary School,121573,Primary
11c4da04-1ba6-4b44-972a-034010e9639a,2020,Leeds Beckett University,L27,10003861,,,,Kirkstall St Stephen's Church of England (VA) Primary School,108043,Primary
460a908d-1c11-47c6-bd06-71b5704309d2,2020,Leeds Trinity University,L24,10003863,,,,Kirkstall Valley Primary School,107887,Primary
1495fbf5-5ef1-4e41-8597-f111c4977e8c,2020,Lincoln Bishop University,B38,10007811,,,,Kirton Lindsey Primary School,117739,Primary
26560cba-3ee5-4b88-9ae0-2e8ccdd5ecff,2020,Newman University,N36,10007832,,,,Kitwell Primary School,103339,Primary
565f3c35-b2e1-4fdb-a374-066965ba82e3,2020,Leeds Trinity University,L24,10003863,,,,Kiveton Park Infant School,146470,Primary
ecfcc9dc-7dea-44b5-8028-da61875d1d76,2020,Lincoln Bishop University,B38,10007811,,,,Kiveton Park Infant School,146470,Primary
b1c001a5-ad92-45f2-9e63-481d7911091c,2020,Sheffield Hallam University,S21,10005790,,,,Kiveton Park Infant School,146470,Primary
0d34a839-2e20-4b9a-9b31-ffd2af4a3591,2020,Sheffield Hallam University,S21,10005790,,,,Kiveton Park Meadows Junior School,146582,Primary
41b6f6d6-d100-4d0f-8c0b-2add9ec87b73,2020,Nottingham Trent University,N91,10004797,,,,Kneesall CofE Primary School,122762,Primary
1d3d30b5-83ea-4495-9bcb-ab2555aaa1ee,2020,University of Greenwich,G70,10007146,,,,Knockhall Primary School,145014,Primary
6de08f87-6b7d-4043-a085-7f8f3b8091bf,2020,University of Northumbria at Newcastle,N77,10001282,,,,Knop Law Primary School,108450,Primary
e003f5df-1fe1-45ff-b1a0-ff21a8e9e4cd,2020,"University of the West of England, Bristol",B80,10007164,,,,Knowle Park Primary School,135203,Primary
9e7c3dab-6a09-45d4-a209-e7a86e261bd9,2020,Plymouth Marjon University,P63,10037449,,,,Knowle Primary School,145653,Primary
5566ceb5-a338-482c-a7a3-41ed518c3792,2020,Leeds Beckett University,L27,10003861,,,,Knowleswood Primary School,132183,Primary
c071785e-e995-411d-a4f7-8c5858f6d177,2020,Edge Hill University,E42,10007823,,,,Knowsley Village School,104423,Primary
5c22aab1-59c6-4f38-b069-e7268cabdda2,2020,University of Hertfordshire,H36,10007147,,,,Knutsford Primary Academy,146123,Primary
d4a0c568-1b6d-4a62-8c8d-d0e207edc52b,2020,Coventry University,C85,10001726,,,,Krishna Avanti Primary School,136930,Primary
d8bd167a-d507-414a-b0b4-51b83756a09a,2020,University of Hertfordshire,H36,10007147,,,,Krishna Avanti Primary School,138688,Primary
4396145b-508d-4a15-aeae-b4a1492e71a0,2020,University of Bedfordshire,B22,10007152,,,,Kymbrook Primary School,109590,Primary
00da2c34-0592-4227-b0e3-705bc3ec49ce,2020,Lincoln Bishop University,B38,10007811,,,,Lacey Gardens Junior Academy,146499,Primary
c4e95f28-260c-4d48-a093-223361cf9f23,2020,St Mary's University,S64,10007843,,,,Lache Primary School,131350,Primary
f3320fba-7efb-4631-8340-8ef611abb08f,2020,University of Hertfordshire,H36,10007147,,,,Ladbrooke Junior Mixed and Infant School,117370,Primary
c453af98-84ea-4244-9ab8-ac599786b37f,2020,Canterbury Christ Church University,C10,10001143,,,,Laddingford St Mary's Church of England Voluntary Controlled Primary School,118637,Primary
bf29c989-d007-42b0-97e3-5fed02f095dd,2020,St Mary's University,S64,10007843,,,,Lady Bankes Primary School,102388,Primary
5c64264a-b0f0-4d57-82a3-1e005a22a6af,2020,Nottingham Trent University,N91,10004797,,,,Lady Bay Primary School,122596,Primary
2a1e1d4a-b973-45ec-904c-b8cf1f6991c3,2020,Edge Hill University,E42,10007823,,,,Ladybridge Community Primary School,105169,Primary
c58a899c-0c7c-4256-bc3d-6ac24f044d6f,2020,The University Of Bolton,8N5,10006841,,,,Ladybridge High School,134646,Computing
2a6663b3-ab3a-4fd4-854e-ba38c2707669,2020,The Manchester Metropolitan University,M40,10004180,,,,Ladybridge Primary School,106054,Primary
f95212e1-04b0-4fae-9f3a-938cefd88a51,2020,The Manchester Metropolitan University,M40,10004180,,,,Ladybrook Primary School,106055,Primary
930f0827-a8b4-4dbe-88fb-ab2b0b23d11e,2020,University of Derby,D39,10007851,,,,Ladycross Infant School,112614,Primary
759af869-c4fd-4165-a631-65a71734a2b2,2020,Leeds Trinity University,L24,10003863,,,,Lady Elizabeth Hastings CofE Primary School,108100,Primary
b8f0baea-1b8a-47f3-85fe-bae64c6b2a3f,2020,University of Chester,C55,10007848,,,,Ladygrove Primary School,123438,Primary
bad3737f-0122-4abb-aa94-ef60ebe0d342,2020,Birmingham City University,B25,10007140,,,,Lady Katherine Leveson Church of England Primary School,148084,Primary
95654a27-48c5-4395-b61f-2ebf61749bc5,2020,Brunel University London,B84,10000961,,,,Lady Margaret Primary School,101903,Primary
f77d4349-c48f-4aec-ac1c-988668507f6c,2020,Roehampton University,R48,10007776,,,,Lady Margaret Primary School,101903,Primary
b90cb55b-5adb-4dee-97c4-b85139709b84,2020,St Mary's University,S64,10007843,,,,Lady Margaret Primary School,101903,Primary
f4e6defa-553f-40d8-86f4-7a47e288bdc7,2020,Liverpool Hope University,L46,10003956,,,,Ladymount Catholic Primary School,105084,Primary
a759c618-911d-4d8e-8045-845f1788f7a2,2020,University Of Plymouth,P60,10007801,,,,Lady Seaward's Church of England Primary School,137642,Primary
3b908cf9-d4e5-4f0a-8f68-6d30c8c03493,2020,Kingston University,K84,10003678,,,,La Fontaine Academy,140999,Primary
d24cc542-8f86-45cc-872f-d14720de3cd4,2020,Plymouth Marjon University,P63,10037449,,,,Laira Green Primary School,113278,Primary
cac16e02-742c-4f89-9bd8-c320fbd16168,2020,University Of Plymouth,P60,10007801,,,,Laira Green Primary School,113278,Primary
4cbe9c32-72d6-41bf-98bd-610354e57068,2020,Leeds Beckett University,L27,10003861,,,,Laisterdyke Leadership Academy,142681,English
fc376a03-c74e-40d0-be8e-c711c3679b46,2020,Kingston University,K84,10003678,,,,Lake Farm Park Academy,140391,Primary
9894560e-8123-4e45-8b79-c6bf9b7afd7f,2020,The University Of East Anglia,E14,10007789,,,,Lakenheath Community Primary School,124539,Primary
0eb534d4-e921-4f64-81e4-3e10b1f71692,2020,Coventry University,C85,10001726,,,,Lakeside Primary Academy,147553,Primary
0ef784ef-34a0-4e1b-9777-fd5fb74093f8,2020,University of Gloucestershire,G50,10007145,,,,Lakeside Primary School,115594,Primary
5fdb9dd8-ff69-4c22-8f09-8024d199a66c,2020,University of Worcester,W80,10007139,,,,Lakeside Primary School,115594,Primary
b7b51d3b-495a-41b4-a4cb-21577eb4e99a,2020,University of Sunderland,S84,10007159,,,,Lakes Primary School,145665,Primary
a30d1ea0-493e-4b86-a5b5-8eab2312443e,2020,St Mary's University,S64,10007843,,,,Laleham CofE VA Primary School,125229,Primary
aa956f6f-bf21-4e94-bee9-2dc69559007a,2020,Coventry University,C85,10001726,,,,Lancaster Academy,143857,Mathematics
7645078f-6305-4170-a461-60a91724a211,2020,University of Cumbria,C99,10007842,,,,Lancaster Christ Church Church of England Primary School,119532,Primary
1be9dad5-ed5e-4e75-9a6d-8f44db81c4ca,2020,University of Cumbria,C99,10007842,,,,Lancaster High School,147260,Modern languages
d6be7005-407c-4635-808a-ab22d8f38a0e,2020,University of Cumbria,C99,10007842,,,,Lancaster Road Primary School,119137,Primary
37e8c79b-9a56-4d4f-b22e-59b9f63560c9,2020,Edge Hill University,E42,10007823,,,,Lancaster Ryelands Primary School,119132,Primary
259dcac9-fde0-49d0-8bcf-86b33cde15bc,2020,University of Durham,D86,10007143,,,,Lanchester Endowed Parochial Primary School,131168,Primary
2129e92d-0412-4b45-9176-94aeae0c8e90,2020,University of Sussex,S90,10007806,Hove Park School and Sixth Form Centre,114607,school,Lancing College,126108,Modern languages
d0db951b-56ad-4b4b-a008-4df645de8b5f,2020,University of Wolverhampton,W75,10007166,,,,Landau Forte Academy Greenacres,139719,Primary
f2c90832-ffea-4da4-b859-68cba4a62da0,2020,University Of Plymouth,P60,10007801,,,,Landscove Church of England Primary School,142641,Primary
d863dd68-d884-4576-975d-9f8e82dea95b,2020,Leeds Trinity University,L24,10003863,,,,Lane End Primary School,138893,Primary
161a1dc2-e986-4253-a73d-0dd93a50aad9,2020,Staffordshire University,S72,10006299,,,,Lane Green First School,124174,Primary
0fbaeff0-cd06-428d-9af4-2ad525e81970,2020,Edge Hill University,E42,10007823,,,,Lanercost CofE Primary School,112254,Primary
31644af8-b6ec-484e-9480-e16fcc2cca23,2020,University of Winchester,W76,10003614,,,,Lanesend Primary School,141305,Primary
580dfbf2-a4a5-4da7-8235-3ab89b3052cd,2020,University of Wolverhampton,W75,10007166,,,,Lanesfield Primary School,104327,Primary
c343c16a-afab-4813-8e0c-ae51eac8f76f,2020,Canterbury Christ Church University,C10,10001143,,,,Langafel Church of England Voluntary Controlled Primary School,118711,Primary
4e099e97-d9f5-4beb-ba7b-f256ba899db9,2020,Coventry University,C85,10001726,,,,Langafel Church of England Voluntary Controlled Primary School,118711,Primary
37902df5-6382-451c-9c2a-bbe7d4996f21,2020,Lincoln Bishop University,B38,10007811,,,,Langham CofE (Controlled) Primary School,139858,Primary
c7120266-14cd-495e-81c2-3f8397f021f7,2020,Two Mile Ash ITT Partnership,T89,10059102,Two Mile Ash School,137061,school,Langland Community School,147112,Primary
f27d39e0-e30c-4c0b-899f-eb9d24848ddc,2020,North Tyneside SCITT,N73,10004714,,,,Langley First School,108591,Primary
90f2d47a-7625-4368-9ac0-79410f23413b,2020,University of Reading,R12,10007802,,,,Langley Grammar School,136521,Computing
472c2c49-a9b5-4ea2-88de-92208f4ba786,2020,The University of Brighton,B72,10000886,,,,Langley Green Primary,133967,Primary
96bcb3b3-28e4-4402-b205-0208bb211f3c,2020,Brunel University London,B84,10000961,,,,Langley Hall Primary Academy,136951,Primary
8e525284-159a-41b3-b665-1944285f1d58,2020,University of Reading,R12,10007802,,,,Langley Hall Primary Academy,136951,Primary
aca32753-b3a7-4b5b-a07d-dee7002afcb3,2020,University of Durham,D86,10007143,,,,Langley Park Primary School,114193,Primary
2f8ca924-f579-4cca-91b6-fc67cce47701,2020,University of Sunderland,S84,10007159,,,,Langley Park Primary School,148874,Primary
ceed2d76-c6c8-4d8a-8f94-384b6b8a012a,2020,The University of Brighton,B72,10000886,,,,Langley Park School for Boys,136586,Physical education
c27dcae0-5249-4f71-9892-d002645ef571,2020,"Goldsmiths, University of London",G56,10002718,,,,Langley Park School for Girls,137006,Modern languages
b5f091f6-b830-49f9-ae2e-e08830bb88dc,2020,Coventry University,C85,10001726,,,,Langley Primary School,104080,Primary
50ca705c-2f80-41c0-8b24-104d02f09178,2020,University of Chester,C55,10007848,,,,Langley Primary School,103978,Primary
aef0484b-5d3e-45de-a4a8-084879da638b,2020,The University Of East Anglia,E14,10007789,,,,Langley School,121224,English
4ec2444c-12ee-4e11-8c5b-a459c7a0eb4a,2020,The University of Brighton,B72,10000886,,,,Langney Primary Academy,146231,Primary
7d3fc439-cbe7-4367-9f9c-791f88a7df2e,2020,Sheffield Hallam University,S21,10005790,,,,Langold Dyscarr Community School,146963,Primary
2fd346f5-b021-4db2-9502-63a7ac6679b7,2020,University of Chichester,C58,10007137,,,,Langstone Infant School,144845,Primary
52991842-bc80-44c8-910c-a553d27f89ca,2020,Canterbury Christ Church University,C10,10001143,,,,Langton Green Primary School,118465,Primary
ccb96c51-0493-4fdf-8cb0-7f5073429c83,2020,Teach Kent & Sussex,2EZ,10058549,Claremont Primary School,118456,school,Langton Green Primary School,118465,Primary
ad42cf29-f924-4ead-a339-89c896a974ce,2020,University of Cumbria,C99,10007842,,,,Langtons Junior Academy,139406,Primary
113e8c40-b37c-47f9-8541-cc1a5d165312,2020,University of Cumbria,C99,10007842,,,,Langwathby CofE Primary School,112255,Primary
691eed25-1cd6-4326-b7f9-e104975a7811,2020,University College London,U80,10007784,,,,Lansbury Lawrence Primary School,133574,Primary
706adf1f-5657-40c2-a529-702454fe27ff,2020,Canterbury Christ Church University,C10,10001143,,,,Lansdowne Primary Academy,138048,Primary
f2033da1-2fe0-4ac2-8b46-c313517c5b2f,2020,Coventry University,C85,10001726,,,,Lansdowne Primary Academy,138048,Primary
96129081-78d6-4be4-8143-54bdae8250e1,2020,Canterbury Christ Church University,C10,10001143,,,,Lansdowne Primary School,141548,Primary
c7a48155-4d14-4fb7-981f-99ae5890ef9a,2020,Bradford College,B60,10000840,,,,Lapage Primary School and Nursery,143564,Primary
003b567f-e754-4039-a04a-8555d00ae07a,2020,Leeds Beckett University,L27,10003861,,,,Lapage Primary School and Nursery,143564,Primary
d0e99219-846c-4821-9a52-ba8abb5a655c,2020,University of Huddersfield,H60,10007148,,,,Lapage Primary School and Nursery,143564,Primary
eb217a08-8b3e-4f8a-b012-7ca132c51aa3,2020,Nottingham Trent University,N91,10004797,,,,Larkfields Junior School,122575,Primary
75a79606-b443-4675-93e2-b081513f60dc,2020,The Manchester Metropolitan University,M40,10004180,,,,Lark Hill Nursery School,106016,Primary
b4108dc0-1a46-417b-9059-5244ad50f1ce,2020,Edge Hill University,E42,10007823,,,,Latchford St James CofE Primary School,132247,Primary
bf228173-dee4-4bf2-94ab-826725721399,2020,St Mary's University,S64,10007843,,,,Latchmere School,138689,Primary
4f7cc495-27bf-42d7-9779-850e57ea8d67,2020,Edge Hill University,E42,10007823,Meols Cop High School,104956,school,Lathom High School : A Technology College,119774,History
1d9d3904-0462-4a0b-87d4-616d7974508f,2020,Edge Hill University,E42,10007823,,,,Lathom High School : A Technology College,119774,English
4be5a350-463a-4007-a7fe-6dc028ce6edb,2020,Middlesex University,M80,10004351,,,,Latymer All Saints CofE Primary School,102041,Primary
22200e78-0402-486f-a29b-a187a7d66272,2020,University Of Plymouth,P60,10007801,,,,Launceston College,139155,Geography
42ee98ba-5c8c-43af-a814-83464c00b8c1,2020,Edge Hill University,E42,10007823,,,,Launchpad Centre,132033,Mathematics
c5fbc287-755d-4d8a-ad29-d30d5bdd80be,2020,Middlesex University,M80,10004351,,,,Laurel Lane Primary School,139275,Primary
06773244-4b0e-44b7-a002-bdf292ad234b,2020,University of Chichester,C58,10007137,,,,Lavant CofE Primary School,125986,Primary
c98ed635-09e6-4b69-8181-4610367f1710,2020,Middlesex University,M80,10004351,,,,Lavender Primary School,143199,Primary
e48f56cf-ead7-431a-89d1-81593e0efcb8,2020,The University of Northampton,N38,10007138,,,,Lavendon School,110242,Primary
d3e43272-a8b8-471c-8200-0e2d284b0411,2020,Staffordshire University,S72,10006299,,,,Lawley Primary School and Nursery,123377,Primary
804db4df-792f-4737-8daa-77b8952ca14b,2020,University of Chester,C55,10007848,,,,Lawley Primary School and Nursery,123377,Primary
a14bf5d7-e8d6-4959-8227-e97da0fa7103,2020,University of Wolverhampton,W75,10007166,,,,Lawley Village Academy,141699,History
e1c7affc-a7bf-4665-a11f-48376854b043,2020,University of Wolverhampton,W75,10007166,,,,Lawley Village Academy,141699,Primary
2ed4f318-48b2-484b-9a6c-cd46f92a3903,2020,Leeds Trinity University,L24,10003863,,,,Lawn Primary School,147624,Primary
82048e58-f40b-43a1-852f-3e99cac8f789,2020,University of Derby,D39,10007851,,,,Lawn Primary School,147624,Primary
aeeb844d-253b-4dba-9aac-d3b222340f2b,2020,University of Greenwich,G70,10007146,,,,Lawn Primary School,118264,Primary
00b7d5a7-a00d-42ce-a61c-e5b049ef62c7,2020,University of Northumbria at Newcastle,N77,10001282,,,,Laxey Primary School,132450,Primary
98702d86-915b-4ba6-a3f0-2d7bfd3fd0c6,2020,Edge Hill University,E42,10007823,,,,Layton Primary School,119246,Primary
f09e020c-c42c-47b6-b282-ade7af730c8f,2020,University of Northumbria at Newcastle,N77,10001282,,,,Leadgate Primary School - Split Site,114039,Primary
a19bce90-f7d7-48fc-af50-81e847c83d6e,2020,University of Sunderland,S84,10007159,,,,Leadgate Primary School - Split Site,114039,Primary
ea847345-b9dc-4ccc-a7fe-e091c297eb4c,2020,University of Bedfordshire,B22,10007152,,,,Lealands High School,109686,Physical education
268a72f0-a720-4954-8579-d03cc78d5dc7,2020,Edge Hill University,E42,10007823,,,,Leamington Community Primary School,133333,Primary
d001d833-5971-4769-b536-537c5f3f6ec4,2020,Edge Hill University,E42,10007823,,,,Leasowe Primary School,105055,Primary
93d84aa4-43f3-417c-851b-3818c8e8bb5c,2020,Birmingham City University,B25,10007140,,,,Leasowes High School,143582,Biology
7240cf2c-3da0-4656-bb75-a36b3ad9268e,2020,York St John University,Y75,10007713,,,,Leavening Community Primary School,121453,Primary
a77d7535-4099-45d6-8ae3-9a3f78fecc35,2020,University of Gloucestershire,G50,10007145,,,,Leckhampton Church of England Primary School,115667,Primary
ee576844-f973-474d-85aa-cc4433e405e2,2020,University of Worcester,W80,10007139,,,,Ledbury Primary School,116702,Primary
f43119fc-f05b-45d6-8ec7-b73c94f41e7c,2020,Leeds Trinity University,L24,10003863,,,,Lee Brigg Infant and Nursery School,142359,Primary
b2243646-5f05-4683-b1f0-650cb1189a4b,2020,Canterbury Christ Church University,C10,10001143,,,,Lee Chapel Primary School,137108,Mathematics
2dbc79e7-485d-4fe5-90e4-cc360e6722f9,2020,Canterbury Christ Church University,C10,10001143,,,,Lee Chapel Primary School,137108,Primary
dbd776d1-d8dd-4c5e-860c-8e9cf3c51bf0,2020,The University of Northampton,N38,10007138,,,,Lee Chapel Primary School,137108,Primary
8f4aa705-5ab6-46d7-b540-ba19d2a5459f,2020,University of Cumbria,C99,10007842,,,,Lee Chapel Primary School,137108,Primary
db5d425c-946c-422a-8c69-166bd50117b2,2020,University of Gloucestershire,G50,10007145,,,,Leedstown Community Primary School,143874,Primary
8d560f9e-e452-4b08-92f6-bbef4229027f,2020,Coventry University,C85,10001726,,,,Leek First School,146590,Primary
166cb75b-f7e1-4524-ba6c-a755e6cde4e3,2020,York St John University,Y75,10007713,,,,Leeming RAF Community Primary School,121333,Primary
21c8ecf8-6f88-41d0-9011-511f52427a11,2020,University of Winchester,W76,10003614,,,,Lee-On-the-Solent Infant and Nursery School,116180,Primary
9c550770-b7c8-4fe9-a8e4-0431bcc59eea,2020,University of Winchester,W76,10003614,,,,Lee-on-the-Solent Junior School,116164,Primary
6de142de-539e-483b-8296-fdd7ff3f94af,2020,University of Greenwich,G70,10007146,,,,Leesons Primary School,141291,Primary
7130b55e-8d27-4483-8c10-2a2327cecdae,2020,Bradford College,B60,10000840,,,,Lees Primary School,142950,Primary
44341b59-ce80-479b-b662-3632e1d94d22,2020,Birmingham City University,B25,10007140,,,,Leicester Islamic Academy,120335,Primary
e95b9df6-ff7d-4207-8af8-99694282514d,2020,Canterbury Christ Church University,C10,10001143,,,,Leigh Academy Hartley,139615,Primary
3855ea4a-8e6a-426b-8f2c-b96146555860,2020,Canterbury Christ Church University,C10,10001143,,,,Leigh Academy High Halstow,137990,Primary
22e39385-04b3-4379-b7f0-c2bdb3462f8a,2020,University of Greenwich,G70,10007146,,,,Leigh Academy Hundred of Hoo,137119,Mathematics
488e5f09-5944-41ea-8d95-e192568377cc,2020,"University of the West of England, Bristol",B80,10007164,,,,Leigh Academy Hundred of Hoo,137119,Mathematics
afc08d62-daf7-4537-a44a-2e3f2dcc1178,2020,Canterbury Christ Church University,C10,10001143,,,,Leigh Academy Marden,148116,Primary
e54d455f-709f-494b-8f90-9139cd3cefe3,2020,Canterbury Christ Church University,C10,10001143,,,,Leigh Academy Milestone,137883,Primary
5779b1b5-fb23-4f3b-a5a4-52786ec883bb,2020,Canterbury Christ Church University,C10,10001143,,,,Leigh Academy Paddock Wood,147409,Primary
ee276dd7-77dc-4739-993a-978446c20958,2020,University of Greenwich,G70,10007146,,,,Leigh Academy Peninsula East,141553,Primary
aa70bd02-24c2-4eab-9cf8-5ab019b0f431,2020,The University of Brighton,B72,10000886,,,,Leigh Academy Tonbridge,136349,Physical education
60cb89f0-e17a-40cc-a267-999ec435aeec,2020,Canterbury Christ Church University,C10,10001143,,,,Leigh Academy Tree Tops,137882,Primary
10f80c9f-de95-470c-b0d0-0f4307ba3130,2020,The University of Brighton,B72,10000886,,,,Leigh Academy Wilmington,136205,Physical education
534eb192-9a06-4206-a054-0e40d519d20b,2020,Edge Hill University,E42,10007823,,,,Leigh CofE Primary School,144609,Primary
c061db49-2a59-4b65-bf1f-844f3ac9d881,2020,University College Birmingham,B35,10000712,,,,Leigh Primary School,140502,Primary
e0b2ddc9-4701-4c23-916c-cf78e7d043b1,2020,Edge Hill University,E42,10007823,,,,Leigh St Mary's CofE Primary School,106516,Primary
c24a7370-51c6-4782-97a9-e7a912bbbb1a,2020,Edge Hill University,E42,10007823,,,,Leigh St Peter's CofE Primary School,135841,Primary
00886531-c680-4f23-a3f8-29d32ca46c3a,2020,University of Wolverhampton,W75,10007166,,,,Leighswood School,131433,English
53571680-1c2b-4716-a181-d519e47baefb,2020,University of Wolverhampton,W75,10007166,,,,Leighswood School,131433,Primary
2f548adb-f7ac-473d-b0a0-1e26814e14c6,2020,University of Chester,C55,10007848,,,,Leighton Academy,139752,Primary
e9649fa4-8a2b-48fe-a9a7-999fa389fa22,2020,University of Reading,R12,10007802,,,,Leighton Park School,110110,Modern languages
157d8c3f-06f9-4bad-801f-b34b72a8c1c0,2020,University of Sunderland,S84,10007159,,,,Lemington Riverside Primary School,108456,Primary
18beda31-283e-487e-b00a-1e09e0e56910,2020,Sheffield Hallam University,S21,10005790,,,,Lenthall Infant and Nursery School,112696,Primary
55bd7259-0b7a-4eec-8e16-bade61f173b7,2020,University of Greenwich,G70,10007146,,,,Lessness Heath Primary School,141866,Primary
76fe8dd6-99ec-4dc9-bcaf-346cc632e5f4,2020,The Manchester Metropolitan University,M40,10004180,,,,Levenshulme High School,141196,History
bcd6f5b5-ba8c-41a6-99cc-74e14bc6c3bb,2020,University of Cumbria,C99,10007842,,,,Leven Valley CofE Primary School,112356,Primary
cb1ef979-10bb-4297-9ba0-5164c4d5ced8,2020,Edge Hill University,E42,10007823,,,,Lever Edge Primary Academy,136395,Primary
9b2c0b14-7571-47ef-b6fc-16e0525e13b6,2020,The Manchester Metropolitan University,M40,10004180,,,,Lever Edge Primary Academy,136395,Primary
0b96caa8-99d6-4728-a558-eeecc3ea9dc4,2020,University of Cumbria,C99,10007842,,,,Lever Edge Primary Academy,136395,Primary
ee30fa77-d1e7-47d8-8fce-81b311deccaa,2020,Edge Hill University,E42,10007823,,,,Lever House Primary School,119305,Primary
28c507a6-f4ab-46a0-a1fb-a685fce2a74d,2020,University Of Plymouth,P60,10007801,,,,Leweston School,113920,Primary
4858a682-b6c6-480d-92b8-ef54a9f4f0c1,2020,University of Wolverhampton,W75,10007166,,,,Leycroft Academy,148653,Primary
b5c4068b-b907-4e25-95de-d217884bfd24,2020,Edge Hill University,E42,10007823,,,,Leyland Methodist Infant School,119401,Primary
8b7a3496-236d-4354-b928-6569a16a255b,2020,Edge Hill University,E42,10007823,,,,Leyland St Andrew's Church of England Infant School,119369,Primary
87e0b7c7-bdb3-448b-91a0-3d53cecc0b72,2020,Roehampton University,R48,10007776,,,,Liberty Primary,102656,Primary
22457724-bd98-4617-9f22-30aeaec3ae75,2020,Birmingham City University,B25,10007140,,,,Lickey End First School,116661,Primary
028037ea-bd1c-49e5-af5b-57824cf51041,2020,University of Worcester,W80,10007139,,,,Lickey End First School,116661,Primary
19b642a6-9653-4d1d-aefb-94049f9bf801,2020,University Of Plymouth,P60,10007801,,,,Lift Barton Hill,138369,Primary
1170b0b4-b31b-401d-bb7b-f525187b50e1,2020,Oxford Brookes University,O66,10004930,,,,Lift Charles Warren,138440,Primary
f5d23c92-10c5-4cea-90c5-af850dddaf34,2020,Leeds Beckett University,L27,10003861,,,,Lift Feversham,138867,Primary
8b51a8ad-1a59-485e-8c62-7a3ddae1b5dd,2020,Leeds Trinity University,L24,10003863,,,,Lift Feversham,138867,Primary
4c4c6bf0-cff8-45dc-9a30-7c0302473467,2020,University of Huddersfield,H60,10007148,,,,Lift Feversham,138867,Primary
369afff1-115b-4bb2-8856-b49a15fd9f19,2020,Sheffield Hallam University,S21,10005790,,,,Lift Firth Park,139334,Biology
c04d42b4-8a5a-42d9-b511-2c122846cd12,2020,Sheffield Hallam University,S21,10005790,,,,Lift Firth Park,139334,Mathematics
cb72bbc1-2046-4e9f-ad58-1df0a5f93891,2020,Sheffield Hallam University,S21,10005790,,,,Lift Firth Park,139334,Physics
da9b7992-25d7-4313-b0e3-1194b4e9c01d,2020,Birmingham City University,B25,10007140,,,,Lift Greenwood,139048,Physical education
3b0806ea-9cf1-4f33-99d8-17fa985be8b7,2020,The University of Northampton,N38,10007138,,,,Lift Lea Forest,139003,Primary
e32c701b-82b0-4fea-b80f-d92f5531cab6,2020,The University of Brighton,B72,10000886,,,,Lift Maltings,135653,Physical education
4d740fe6-d213-4436-955e-df24911331ba,2020,Birmingham City University,B25,10007140,,,,Lift Montgomery,138864,Primary
446ef90d-082f-45c9-bc3a-bdac9f9551be,2020,University of Hull,H72,10007149,,,,Lift Newington,138677,Primary
6eb24550-6fc7-4091-b09d-4963bb203332,2020,University of Warwick,W20,10007163,,,,Lift Rawlett,138728,Physical education
2a09af8a-154f-4ca9-9c33-729c421c644d,2020,Coventry University,C85,10001726,Lift Anglesey,138982,school,Lift Sir Herbert Leon,138439,Chemistry
2be45924-506e-409b-9c32-67c31234f67c,2020,University of Greenwich,G70,10007146,,,,Lift St James the Great,138074,Primary
28f00a71-f29a-445f-9daa-a6ae3e584637,2020,Coventry University,C85,10001726,,,,Lift Tamworth,138435,English
6aae81af-d219-4302-b124-002773fb1045,2020,University of Warwick,W20,10007163,,,,Lift Tamworth,138435,Physical education
bc9d8842-776e-47d1-a46f-0effe58f8e1b,2020,University of Wolverhampton,W75,10007166,,,,Lift Tamworth,138435,Chemistry
7d04ec10-dbd5-433f-8431-cc2b7f1baee5,2020,University College London,U80,10007784,,,,Lift Trinity,138589,Primary
91cd0bbf-938a-47bf-98e0-54492d2ad95f,2020,University of Huddersfield,H60,10007148,,,,Lightcliffe Academy,137036,Drama
73162a67-ce2b-4a7c-ad82-98aa20db413b,2020,The Manchester Metropolitan University,M40,10004180,,,,Light Oaks Infant School,105894,Primary
6a6b20be-603d-4d35-af6d-577fde8ae3b6,2020,University of Gloucestershire,G50,10007145,,,,Lilian Baylis Technology School,100625,Primary
bf455c0e-eaad-4152-b3a9-f4c2a4f50dd0,2020,Staffordshire University,S72,10006299,,,,Lilleshall Primary School,123378,Primary
a77d5e44-85a8-46b9-9b3f-fa1d0a25a663,2020,University of Chester,C55,10007848,,,,Lilleshall Primary School,123378,Primary
10066b7b-e5a5-4463-a889-7cfa91740e52,2020,University College Birmingham,B35,10000712,,,,Lillian De Lissa Nursery School,103137,Primary
df70567e-2689-4ae6-bebd-3f3e9a1d3b26,2020,Leeds Beckett University,L27,10003861,,,,Lilycroft Primary School,143572,Primary
c68acf6b-b870-4b95-9d66-bd846e11f7b9,2020,Middlesex University,M80,10004351,,,,Lime Academy Larkswood,141734,Primary
7abd9c93-1c40-492c-bf84-7922db9ad416,2020,University of Greenwich,G70,10007146,,,,Lime Academy Larkswood,141734,Primary
7b234e3c-c848-4706-bb54-376d93aa6542,2020,University of Hertfordshire,H36,10007147,,,,Lime Walk Primary School,117333,Primary
fdc684ff-4535-4512-a6b1-658ae3f182a4,2020,University of Cumbria,C99,10007842,,,,Lindale CofE Primary School,112286,Primary
bcc7fff1-b2fc-4913-acda-9fab0392e51f,2020,Kingston University,K84,10003678,,,,Linden Bridge School,144233,Primary
9680118b-f508-4480-b68a-75e9a58d5d1a,2020,University of Wolverhampton,W75,10007166,,,,Lindens Primary School,104212,Primary
68573eb7-13de-496b-a10c-8c96d89d339f,2020,Leeds Trinity University,L24,10003863,,,,Lindley Church of England Infant School,141057,Primary
40be2d31-91d2-48d0-b2a6-2db469777d2a,2020,St Mary's University,S64,10007843,,,,Lindon Bennett School,102556,Primary
0c3f58c6-c6b3-401e-b345-889ebf94fc28,2020,Birmingham City University,B25,10007140,,,,Lindsworth School,103632,Primary
52f2f9ac-cd2a-490e-8991-1a6f1785fa79,2020,York St John University,Y75,10007713,,,,"Ling Bob Junior, Infant and Nursery School",107497,Primary
5bd8351a-068d-4e79-adbe-e4d80f2e1f8f,2020,University of Sunderland,S84,10007159,,,,Linthorpe Community Primary School,145775,Primary
94d8988c-bc23-4b11-90e4-45ffad44a14c,2020,The Manchester Metropolitan University,M40,10004180,,,,Linthwaite Ardron CofE (Voluntary Aided) Junior and Infant School,107740,Primary
88a04d3b-0a5c-48cf-9a58-9a17580a54c9,2020,University of Huddersfield,H60,10007148,,,,Linthwaite Ardron CofE (Voluntary Aided) Junior and Infant School,107740,Primary
37a95937-57dc-447b-9026-a848c521e41c,2020,York St John University,Y75,10007713,,,,Linton-on-Ouse Primary School,121337,Primary
a8e618f1-2ea0-4535-a898-2beb17181591,2020,St Mary's University,S64,10007843,,,,Lionel Primary School,102493,Primary
2b8b57b0-1259-4002-9042-556bfae5665e,2020,University Of Plymouth,P60,10007801,,,,Lipson Co-operative Academy,136668,English
188a877a-706e-4a75-9046-470ecd912893,2020,Liverpool John Moores University,L51,10003957,,,,Liscard Primary School,104994,Primary
f65a0662-6c95-4a9f-adce-efad87b7e4e3,2020,Plymouth Marjon University,P63,10037449,,,,Liskeard School and Community College,144291,Physical education
e1853668-461a-4d77-b16c-a90c326731f0,2020,University Of Plymouth,P60,10007801,,,,Liskeard School and Community College,144291,Drama
e148774d-eb3f-4a9d-bbb9-0e8def5f1e90,2020,Lincoln Bishop University,B38,10007811,,,,Lisle Marsden Church of England Primary Academy,137611,Primary
d55df11a-2602-4f76-9d88-8f5abb4893bc,2020,University of Winchester,W76,10003614,,,,Liss Junior School,115925,Primary
ab3ad8d8-c16b-4a6d-a615-767e0cfca579,2020,Edge Hill University,E42,10007823,,,,Lister Junior School,104554,Primary
81ed04e1-8fd6-46f7-9ae3-a2caaffd44de,2020,The University Of East Anglia,E14,10007789,Litcham School,146237,school,Litcham School,146237,Physical education
978aa8b6-83a7-4aca-a712-0ec8c517d75f,2020,The University Of East Anglia,E14,10007789,,,,Litcham School,146237,Biology
4e3fa59e-f293-4860-bda2-7f077c467a97,2020,The University Of East Anglia,E14,10007789,,,,Litcham School,146237,Primary
855190cb-70fe-450c-bc4f-9e8858ab0b7a,2020,Canterbury Christ Church University,C10,10001143,,,,Littlebourne Church of England Primary School,118657,Primary
2ca22f82-aaff-496f-b5f2-9020325bd484,2020,Edge Hill University,E42,10007823,,,,Little Digmoor Primary School,119297,Primary
fa46ff93-dab8-4b9e-a5ae-d7c0c05d3f72,2020,University of Derby,D39,10007851,,,,Little Eaton Primary School,112580,Primary
e402ac2f-dacb-46aa-91ce-df5e37f782fd,2020,University of Hertfordshire,H36,10007147,,,,Little Hadham Primary School,117126,Primary
f6e85d0b-ffc5-434f-96da-cf27a6816198,2020,University of Hertfordshire,H36,10007147,,,,Little Heath Primary School,117567,Primary
ef7f91d7-9884-4b45-8376-4329dc555be5,2020,University of Reading,R12,10007802,,,,Little Heath School,110063,Biology
a63664b1-77af-42bc-9a02-92e0179c6fe5,2020,Edge Hill University,E42,10007823,,,,Little Hoole Primary School,119156,Early years ITT
6b0fa245-5c5a-4b31-ba84-5205552577e6,2020,Edge Hill University,E42,10007823,,,,Little Hoole Primary School,119156,Primary
8630be2f-1c31-4d75-883f-0c12481122fd,2020,University of East London,E28,10007144,,,,Little Ilford School,102776,English
48b26f32-bea1-45fa-9cc4-68268cc8c8e4,2020,Edge Hill University,E42,10007823,,,,Little Leigh Primary School,146202,Primary
19b0eef6-6d55-41f2-8a18-10a6f500f2c9,2020,University of Chester,C55,10007848,,,,Little Leigh Primary School,111051,Primary
d31814d4-4389-455e-815e-83c6ee1bcdf5,2020,University of Chester,C55,10007848,,,,Little Leigh Primary School,146202,Primary
de1fe0b8-a7b8-4629-ba59-6b4aec1d5cb5,2020,The University Of Bolton,8N5,10006841,,,,Little Lever School,142296,Computing
d0a3219f-89b4-4308-a75a-d7cbcaa038b4,2020,"University of the West of England, Bristol",B80,10007164,,,,Little Mead Primary Academy,138900,Primary
4b1ec20a-9e74-4a72-ba95-7964959dbe65,2020,The University Of East Anglia,E14,10007789,,,,Little Melton Primary School,120827,Primary
36874ec7-056a-431c-bb98-d6f67f3f7cfa,2020,University of Winchester,W76,10003614,,,,Little Missenden Church of England School,110457,Primary
71f050d2-6c48-4859-9c16-372b32ef2530,2020,University of Nottingham,N84,10007154,,,,Littleover Community School,112956,Physics
981b94e9-b133-4a54-9056-ad2334be3457,2020,Middlesex University,M80,10004351,,,,Little Parndon Primary Academy,140019,Primary
53417e76-b91f-43c4-9004-47a1bdb00c9d,2020,University of East London,E28,10007144,,,,Little Parndon Primary Academy,140019,Primary
dc25507e-858f-4b72-9c7f-ddc524dae4b9,2020,The University Of East Anglia,E14,10007789,,,,Little Plumstead Church of England Primary School,121119,Primary
0c7fe6f3-0389-4ac5-b5ae-79d2a908f097,2020,Middlesex University,M80,10004351,,,,Little Reddings Primary School,137861,Primary
23289257-a759-4eb6-a907-f2dbf4ce0ec3,2020,The University of Northampton,N38,10007138,,,,Little Stanion Primary School,135283,Primary
bb19be8c-b7d7-408f-8a6b-bcf42db0e341,2020,Edge Hill University,E42,10007823,,,,Little Sutton C of E Primary School,145075,Primary
9a924949-f513-481b-90ea-289b409a6b90,2020,St Mary's University,S64,10007843,,,,Little Sutton C of E Primary School,145075,Primary
40ee2b0e-c97b-4f0c-980e-eada690c0fb7,2020,Staffordshire University,S72,10006299,,,,Littleton Green Community School,143898,Primary
9aa0c838-c5bf-4adb-9044-ba8683fc8037,2020,University of Huddersfield,H60,10007148,,,,Littletown Junior Infant and Nursery School,107670,Primary
a0136d2b-d6a8-4a0f-ba9d-8f9ef8d33430,2020,Liverpool Hope University,L46,10003956,Liverpool College,139686,school,Liverpool College,139686,Classics
147c30a4-872b-475b-813c-80d19e910bcc,2020,Liverpool John Moores University,L51,10003957,,,,Liverpool College,139686,Primary
d10de86f-1287-4ac7-bec8-40546636035b,2020,University of Cumbria,C99,10007842,,,,Livesey Saint Francis' Church of England School,119423,Primary
f29d0a24-964d-469b-b926-a95a9b5c5d29,2020,"University of the West of England, Bristol",B80,10007164,,,,Llandogo C.P. School,401482,Primary
f3130da3-f26e-444c-9abb-ad67e33f7547,2020,University of Chester,C55,10007848,,,,Llandysilio C.I.W. School,400543,Primary
fdda3d7c-ab15-488e-84b3-4e93cc169d6a,2020,"University of the West of England, Bristol",B80,10007164,,,,Llantrisant Primary,401174,Primary
4f3e618f-0f2c-4798-9716-14c0cca97f19,2020,University of Leicester,L34,10007796,,,,Loatlands Primary School,140059,Primary
11b9d7a0-e5fe-4e7b-a56a-60a4f061f208,2020,Edge Hill University,E42,10007823,,,,Locking Stumps Community Primary School,111204,Primary
1425fa1b-56a4-4fed-addc-ff1d123a32f6,2020,University of Hull,H72,10007149,,,,Lockington Church of England Voluntary Controlled Primary School,118001,Primary
76779e32-dad4-4459-94a3-c9cc15da9593,2020,University of Chichester,C58,10007137,,,,Locks Heath Junior School,115926,Primary
99f65904-4549-4320-ab7c-cbfa78765dfb,2020,University Of Plymouth,P60,10007801,,,,Loddiswell Primary School,113207,Primary
31522f3b-67fb-4fe3-a62c-311e0cb98ca0,2020,University of Reading,R12,10007802,,,,Loddon Primary School,131192,Primary
03e15d29-f2a3-48f9-97cf-6ad89368e954,2020,University of Hertfordshire,H36,10007147,,,,London Colney Primary & Nursery School,117146,Primary
693355d7-317d-458f-b49a-2a942aec5ef1,2020,University of East London,E28,10007144,,,,London Design and Engineering UTC,142903,Computing
752a969c-dba9-422f-9a70-4a04eb0c5622,2020,St Mary's University,S64,10007843,,,,Lonesome Primary School,102636,Primary
fee391fc-198d-4467-811a-766422becf52,2020,The University of Northampton,N38,10007138,,,,Long Buckby Infant School,121844,Primary
03bc1694-1f25-49a4-a4a6-811ad9c68774,2020,The University of Northampton,N38,10007138,,,,Long Buckby Junior School,121843,Primary
f87444ea-02b9-45d1-997a-9bbc8803c427,2020,University Of Plymouth,P60,10007801,,,,Longcause Community Special School,113650,Primary
41e5ee13-52bd-495c-868e-59f78f38a8ff,2020,University of Chester,C55,10007848,,,,Longden CofE Primary School,123546,Primary
63ebb38e-5633-4072-8d42-347edc8b5504,2020,Kingston University,K84,10003678,,,,Long Ditton St Mary's CofE (Aided) Junior School,125180,Primary
966797a3-25cb-47e0-93f0-9ed0207810c3,2020,Brunel University London,B84,10000961,,,,Longfield Primary School,102199,Primary
c2a72c4a-2797-4955-ac8b-11c5c0fc1a54,2020,Oxford Brookes University,O66,10004930,,,,Longford Park Primary School,141951,Primary
7f938c67-08f7-4113-b6c7-0147f671a170,2020,University of Wolverhampton,W75,10007166,,,,Longford Primary Academy,145685,Primary
4276f19c-141f-4759-ba46-226c6c878180,2020,The University of Brighton,B72,10000886,Hove Park School and Sixth Form Centre,114607,school,Longhill High School,114581,Chemistry
3d14c0cf-d3ce-4edd-aa04-2ca6fefd96a1,2020,The University of Brighton,B72,10000886,,,,Longhill High School,114581,Physical education
8206128e-25b8-491f-9a21-fe206fc9eed1,2020,University of Hull,H72,10007149,,,,Longhill Primary School,140245,Primary
53de3c0f-18b2-4ddf-9b07-c49d98fe3264,2020,York St John University,Y75,10007713,,,,Longhorsley St Helen's Church of England Aided First School,122283,Primary
a9f26ab4-cc19-4470-b590-12e869c748a2,2020,University of Greenwich,G70,10007146,,,,Longlands Primary School,101429,Primary
8521b1b1-e178-44cf-be9e-c1463d4ecfd3,2020,University of Reading,R12,10007802,,,,Long Lane Primary School,109853,Primary
193cfcde-ddf6-491d-92b4-31c82f02ee20,2020,Brunel University London,B84,10000961,,,,Longmeadow Primary School,135083,Primary
7ea357e8-7daf-47f9-9a5f-d1df58a62ed9,2020,Liverpool Hope University,L46,10003956,,,,Longmoor Community Primary School,133334,Primary
29ac95d9-74da-45f4-b07c-c7607af60967,2020,University of Winchester,W76,10003614,,,,Longparish Church of England Primary School,116364,Primary
62bc6ce1-9da8-439a-88e6-84b366334d54,2020,University of Northumbria at Newcastle,N77,10001282,,,,Longridge Towers School,122376,Primary
243fb6bf-faa9-4009-8e49-2170070775a1,2020,University of Greenwich,G70,10007146,,,,Long Ridings Primary School,114902,Primary
74df2c64-3138-4517-91e1-e89eb339821c,2020,Leeds Beckett University,L27,10003861,,,,Longroyde Primary School,107501,Primary
43fcd885-35ea-4972-bd36-c0784063937a,2020,University of Bedfordshire,B22,10007152,,,,Longsands Academy,136992,Physical education
4da8826c-f68b-46fc-8bc4-e054d797703b,2020,University of Cumbria,C99,10007842,,,,Longshaw Community Junior School,119119,Primary
b3e9aaba-a3d8-4e65-8a58-e937cd000ee2,2020,The Manchester Metropolitan University,M40,10004180,,,,Longsight Community Primary,139790,Primary
22ce8ad4-2894-4359-a321-fb6a2d19e4ab,2020,The University Of East Anglia,E14,10007789,,,,Long Stratton High School,144018,Biology
84d3665f-fcb9-4746-9470-d4ee62fed84f,2020,The University Of East Anglia,E14,10007789,,,,Long Stratton High School,144018,Geography
287ad8ea-285b-4ef5-844a-335d564e1277,2020,The University Of East Anglia,E14,10007789,,,,Long Stratton High School,144018,History
ec40206b-82f9-4c70-bb78-a68b55804529,2020,The University Of East Anglia,E14,10007789,,,,Long Stratton High School,144018,Mathematics
39538c08-d3a4-4b74-b37c-2fd37877b75f,2020,Sheffield Hallam University,S21,10005790,,,,Long Toft Primary School,133637,Primary
a33f4f15-6c4d-4a36-a6a1-cf74cd8f20e0,2020,Edge Hill University,E42,10007823,,,,Longton Primary School,119350,Primary
1e6e34b2-9d2b-4b34-976f-9a0c11f25a2e,2020,University of Cumbria,C99,10007842,,,,Longtown Primary School,143116,Primary
cabad877-c6d8-4130-81bf-e30d582cec1a,2020,"University of the West of England, Bristol",B80,10007164,,,,Longvernal Primary School,142942,Primary
773e9d1a-28b7-4847-a28f-ab52a547f81f,2020,"University of the West of England, Bristol",B80,10007164,,,,Longwell Green Primary School,109030,Primary
8879a673-18fb-4f7a-a5f9-86ea8f924178,2020,University of Wolverhampton,W75,10007166,,,,Longwill A Primary School for Deaf Children,103603,Primary
9a1272f1-861d-4e0c-abcd-58401911d3e0,2020,University of Derby,D39,10007851,,,,Longwood Primary School,124104,Primary
d10eae12-dff6-4d79-acb4-9023526713e5,2020,University of Derby,D39,10007851,,,,Lons Infant School,112710,Primary
589b74ae-809f-4216-95bd-4814581deacd,2020,Canterbury Christ Church University,C10,10001143,,,,Loose Primary School,146143,Primary
e3834ad7-757d-4d4b-8eff-85227932377c,2020,University of Sunderland,S84,10007159,,,,Lord Blyton Primary School,108700,Primary
9daf3f30-b841-49ae-8d28-612bd77f604b,2020,University of Bedfordshire,B22,10007152,,,,Lord Grey Academy,145736,Physical education
0f078afe-492d-430e-b9a7-a4f4bed98e62,2020,University of Worcester,W80,10007139,,,,Lord Scudamore Primary Academy,136761,Primary
012ce357-4bbc-4858-9f33-07c89297cb20,2020,The University Of Bolton,8N5,10006841,,,,Lord's School,105269,Mathematics
3f0ea280-3b5d-4d5a-915e-6ca63fd3cb96,2020,Canterbury Christ Church University,C10,10001143,,,,Lordswood School,140186,Primary
865ea857-28be-4b00-9112-96585657900e,2020,The Manchester Metropolitan University,M40,10004180,,,,Loreto High School Chorlton,105574,Music
d5b6e90f-0bf2-416a-872e-2acfad25137e,2020,University of Chester,C55,10007848,,,,Lostock Gralam CofE Primary School,111289,Primary
5294487d-8227-47c2-84b9-476ddc078e01,2020,Coventry University,C85,10001726,,,,Loughborough Grammar School,120332,Art and design
b1b56484-a41e-4d99-8ef6-2d3211408afa,2020,Coventry University,C85,10001726,,,,Loughborough Grammar School,120332,Biology
857a3b0a-1539-4f1b-9441-5ea4706aca78,2020,Coventry University,C85,10001726,,,,Loughborough Grammar School,120332,Computing
43d665ff-8a1e-4e92-9d45-a13ff8cf1d13,2020,Coventry University,C85,10001726,,,,Loughborough Grammar School,120332,Mathematics
49c8a526-dc4f-4864-8f45-922a1e0af3b3,2020,Sheffield Hallam University,S21,10005790,,,,Lound Junior School,139863,Primary
718c876c-5ba9-4d44-be62-d6a6b2c80b5a,2020,Edge Hill University,E42,10007823,,,,Lower Darwen Primary School,119120,Primary
3f8650b4-2747-466a-af22-b94f368b313e,2020,The Manchester Metropolitan University,M40,10004180,,,,Lower Darwen Primary School,119120,Primary
8e45a39a-35f0-480d-a602-5c7149f16376,2020,University of Wolverhampton,W75,10007166,,,,Lower Farm Primary School,104169,Primary
b3f887af-7223-410f-a5ea-f174327a12f0,2020,Leeds Beckett University,L27,10003861,,,,Lower Fields Primary Academy,146584,Primary
b35b6e4a-0a17-46bb-aefa-13dd705e4932,2020,Leeds Trinity University,L24,10003863,,,,Lower Fields Primary Academy,146584,Primary
5c880c76-2035-40f5-9d5b-746cf4ec2f61,2020,Canterbury Christ Church University,C10,10001143,,,,Lower Halstow Primary School,118341,Primary
9c9b9963-668d-4e12-a1b6-affbf7749c78,2020,Liverpool Hope University,L46,10003956,,,,Lower Heath CofE Primary School,146897,Primary
1d7d579f-e204-48da-af12-c09abd6ff996,2020,Sheffield Hallam University,S21,10005790,,,,Lower Meadow Primary School,142937,Primary
91cd3f2d-6809-4560-be94-482dd31492d9,2020,Edge Hill University,E42,10007823,,,,Lower Park School,111023,Primary
21f78d85-109f-4e06-87e1-29a34e9f8c7d,2020,The Manchester Metropolitan University,M40,10004180,,,,Lower Park School,111023,Primary
3b81b4e6-4b6d-43f6-88b0-a73ec729c32f,2020,Liverpool Hope University,L46,10003956,,,,Lower Peover CofE Primary School,111337,Primary
9a7c0071-d037-4287-be83-b6d47663f4ea,2020,Sheffield Hallam University,S21,10005790,,,,Lower Peover CofE Primary School,111337,Primary
e1ee21f7-fea3-4cfc-a0fa-7aa55431a6cb,2020,Leeds Trinity University,L24,10003863,,,,Lower Wortley Primary School,107972,Primary
e2ed611d-5c84-4850-9a1a-f3908b7915e6,2020,Sheffield Hallam University,S21,10005790,,,,Lowfield Community Primary School,106997,Primary
f756601c-2408-472b-beb6-0ca7a391ec73,2020,Birmingham City University,B25,10007140,,,,Low Hill Nursery School,104278,Primary
170693ea-0e38-4539-82dc-a6b8823a29a8,2020,University of Wolverhampton,W75,10007166,,,,Low Hill Nursery School,104278,Primary
1b99d0f8-cb25-423b-b709-45d97a03425e,2020,Roehampton University,R48,10007776,,,,Lowther Primary School,102892,Primary
3b40e966-f521-4293-840e-c6d49f0b3970,2020,St Mary's University,S64,10007843,,,,Lowther Primary School,102892,Primary
f8b6e3fb-be2a-4621-9de3-4b279a5657e8,2020,Edge Hill University,E42,10007823,,,,Lowton Church of England High School,137783,Religious education
bcff6cf0-abe9-4019-85a1-e437721bfa4f,2020,Birmingham City University,B25,10007140,,,,Loxdale Primary School,104315,Primary
b2eaece5-45d0-4f7e-b877-a5566bf6b29e,2020,University of Wolverhampton,W75,10007166,,,,Loxdale Primary School,104315,Primary
0ac5533b-8ec2-4cbf-90ba-536ce04c4475,2020,Birmingham City University,B25,10007140,,,,Lozells Junior and Infant School and Nursery,103227,Primary
bf858190-4d6b-4e6f-8676-ffe72f051cd6,2020,The University Of Birmingham,B32,10006840,,,,Lozells Junior and Infant School and Nursery,103227,Primary
848b63ae-6c90-4a11-8e0e-28b74bb64692,2020,University of Worcester,W80,10007139,,,,Lucton School,117045,Primary
b9cbb646-fdfc-44ec-9999-09a7e13bad70,2020,Leeds Trinity University,L24,10003863,,,,Luddendenfoot Academy,137699,Primary
4e396f26-6f65-4f60-91df-f15815321158,2020,Canterbury Christ Church University,C10,10001143,,,,Luddenham School,138034,Primary
24348636-105f-4a5d-86cf-b68c049cea0e,2020,Lincoln Bishop University,B38,10007811,,,,Luddington & Garthorpe Primary,117740,Primary
b5ba2ff4-76e6-49d4-8a39-02244aa6ee48,2020,York St John University,Y75,10007713,,,,Luddington & Garthorpe Primary,117740,Primary
85870000-559f-4842-a95c-10e4d9e655ca,2020,The Manchester Metropolitan University,M40,10004180,,,,Ludworth Primary School,106057,Primary
df217e6c-a6bf-4071-aedd-d7b546112ad5,2020,University of Worcester,W80,10007139,,,,Lugwardine Primary Academy,138035,Primary
7a659ca0-3653-4912-8ad5-4ab03d23114c,2020,Edge Hill University,E42,10007823,,,,Lunts Heath Primary School,111199,Primary
6ce94258-a4bc-47db-9938-129e2c08f7b5,2020,The University of Brighton,B72,10000886,,,,LVS Ascot,110159,Physical education
d567f07f-59b9-48ac-b24e-079e440afa02,2020,Canterbury Christ Church University,C10,10001143,,,,Lydden Primary School,118400,Primary
0bced696-ed16-4533-888d-063b1723c53c,2020,Sheffield Hallam University,S21,10005790,,,,Lydgate Infant School,106999,Primary
bafa60ab-f3de-4281-9af7-f1098921c900,2020,Sheffield Hallam University,S21,10005790,,,,Lydgate Junior School,106998,Primary
1755b792-b649-4f7f-aba4-24bb9ff98cf5,2020,Edge Hill University,E42,10007823,,,,Lydiate Primary School,104891,Primary
e06206da-bcd5-497d-a3b6-70aee8fbb7dc,2020,University of Chichester,C58,10007137,,,,Lyminster Primary School,125927,Primary
7d75a366-bc64-49e1-a1bb-d2633dad0b89,2020,Canterbury Christ Church University,C10,10001143,,,,Lympne Church of England Primary School,118680,Mathematics
83c656e6-47fd-42ec-a13b-7bef86e50169,2020,Canterbury Christ Church University,C10,10001143,,,,Lympne Church of England Primary School,118680,Primary
1f9cbd41-c23f-4348-acc4-3821be2ed087,2020,The University of Northampton,N38,10007138,,,,Lyncrest Primary School,121922,Primary
df7c10a2-7f9d-4fa9-8719-7d2d31ebe66d,2020,University of Chichester,C58,10007137,,,,Lyndhurst Infant School,125960,Primary
a53ec285-6f59-498c-9afc-3000a1c600ff,2020,Birmingham City University,B25,10007140,,,,Lyndon School,142075,Physical education
eec08437-61d6-444a-b523-a3f0badd15a7,2020,Newman University,N36,10007832,,,,Lyndon School,142075,Biology
3eba5e9a-aa6a-4b32-963f-10708e6c79a9,2020,St Mary's University,S64,10007843,,,,Lyne and Longcross CofE Aided Primary School,125137,Primary
d3606e4f-2b50-45b5-98f1-4eeb1a453b2d,2020,"University of the West of England, Bristol",B80,10007164,,,,Lyngford Park Primary School,148001,Primary
fec900a3-e9b2-4585-8159-f87a3e4cd116,2020,Coventry University,C85,10001726,,,,Lyng Hall School,142960,Art and design
565bdd2f-9846-4c26-8b7c-1cd51d833984,2020,University of Wolverhampton,W75,10007166,,,,Lyng Primary School,103968,Primary
18fa937d-275f-4fc5-9e9d-c3436b867191,2020,University of Durham,D86,10007143,,,,Lynnfield Primary School,111590,Primary
bf5af4c0-9be6-44da-bf8c-0d76dd24a5fd,2020,The University Of East Anglia,E14,10007789,,,,Lynn Grove Academy,137541,Biology
3170add5-cf59-419b-80e4-bc434651add0,2020,The University Of East Anglia,E14,10007789,,,,Lynn Grove Academy,137541,Chemistry
47d3ec78-a126-455d-a3fb-b1702d175ad3,2020,The University Of East Anglia,E14,10007789,,,,Lynn Grove Academy,137541,English
430e5493-dca8-4ff1-b95d-82b819b747ea,2020,The University Of East Anglia,E14,10007789,,,,Lynn Grove Academy,137541,History
bb529768-61f8-4a66-bcae-dfbceaef107d,2020,The University Of East Anglia,E14,10007789,,,,Lynn Grove Academy,137541,Mathematics
f255ff6c-c912-4807-ae21-81971d8f169d,2020,The University Of East Anglia,E14,10007789,,,,Lynn Grove Academy,137541,Modern languages
7b81cb8a-117a-4a9b-80f3-d76092d40219,2020,Roehampton University,R48,10007776,,,,Lyon Park Primary School,101506,Primary
f7ea4c95-e92c-4c72-9ab9-5af0a17f2a50,2020,University of Cumbria,C99,10007842,,,,Lytham Hall Park Primary School,119315,Primary
98ff6e82-182e-4016-935c-e2aba72e5591,2020,Liverpool Hope University,L46,10003956,,,,Mab Lane Junior Mixed and Infant School,131480,Primary
cbc7ec96-faf0-4cd6-bd47-d04e6d417eea,2020,Liverpool John Moores University,L51,10003957,,,,Mab Lane Junior Mixed and Infant School,131480,Primary
fd2f560f-7bf2-467b-8740-20f6430b4231,2020,Lincoln Bishop University,B38,10007811,,,,Mablethorpe Primary Academy,138445,Primary
1c662269-d0e2-4e7a-8825-ea9e88d730d7,2020,Lincoln Bishop University,B38,10007811,,,,Macaulay Primary Academy,138890,Primary
5211b657-b906-4940-a8a6-eb54fd71eb0b,2020,University of Wolverhampton,W75,10007166,,,,Madeley Academy,135149,History
1ac44b80-7894-43b1-b825-a6477d56483f,2020,Canterbury Christ Church University,C10,10001143,,,,Madginford Primary School,118488,Primary
3b73431c-be49-4ad5-b0ac-296fa9e5a9f2,2020,University of Worcester,W80,10007139,,,,Madley Primary School,116708,Primary
6a55d1ff-1946-4fed-a67c-65fd98b2d372,2020,Leeds Beckett University,L27,10003861,,,,Madni Academy,107794,Primary
5f5c28c1-468a-42f4-a740-a379ac46f3ed,2020,University of Worcester,W80,10007139,,,,Madresfield CofE Primary School,144259,Primary
90294873-d449-443b-9664-c6548b9ccd0e,2020,Lincoln Bishop University,B38,10007811,,,,Magdalen Academy,145532,Primary
e07493d3-895f-4165-8387-c15cfdfb1163,2020,The University Of East Anglia,E14,10007789,,,,Magdalen Gates Primary School,120932,Primary
4d21fa74-3672-40a3-b5a9-58394ac02c45,2020,Edge Hill University,E42,10007823,,,,Maghull High School,137520,Mathematics
8f5abbc1-42b0-4ea2-a7fd-fd61f7dee5d1,2020,"University of the West of England, Bristol",B80,10007164,,,,Magor V.A. Primary School,401499,Primary
108a2c2d-6bf7-4522-b5d1-6549877d06a4,2020,University of Chichester,C58,10007137,,,,Maidenbower Infant School and Nursery,125962,Primary
5683d988-1241-4f09-9961-368fc2b165ab,2020,Birmingham City University,B25,10007140,,,,Malcolm Arnold Academy,136201,English
6a494ad7-bda2-4078-a99c-3e3bbba81e07,2020,Coventry University,C85,10001726,,,,Malcolm Arnold Academy,136201,Computing
394dd148-f9d5-4efb-bf7f-68666f09759a,2020,Coventry University,C85,10001726,,,,Malcolm Arnold Academy,136201,Design and technology
eafeed89-107d-49f7-b37d-0c3626538cea,2020,Roehampton University,R48,10007776,,,,Malden Manor Primary and Nursery School,102581,Primary
173702eb-9734-492c-963b-a6fd23b7a177,2020,St Mary's University,S64,10007843,,,,Malden Parochial CofE Primary School,102587,Primary
ada300ba-9d0a-4342-ae70-4c93ea8d7e4d,2020,Sheffield Hallam University,S21,10005790,Silverdale School,139167,school,Malin Bridge Primary School,148868,Primary
0701f5f1-4ea5-46da-b52d-75419ff01c8c,2020,London South Bank University,L75,10004078,,,,Malmesbury Primary School,134160,Primary
cb166c55-11f8-4c58-9c89-58432a3b49a9,2020,Edge Hill University,E42,10007823,,,,Malpas Alport Endowed Primary School,111282,Primary
fa41aebb-15fa-429b-a3a8-c647bcd37e9c,2020,Leeds Trinity University,L24,10003863,,,,Maltby Lilly Hall Academy,141729,Primary
ff2d91ea-0f1e-480e-8b59-e3240e6164c4,2020,Leeds Trinity University,L24,10003863,,,,Maltby Manor Academy,141366,Primary
b2da433e-2cfa-44e7-8faa-94d43fd94d26,2020,Lincoln Bishop University,B38,10007811,,,,Maltby Redwood Academy,140583,Primary
6150a380-ac4b-4af9-a7b7-42633193e988,2020,Sheffield Hallam University,S21,10005790,,,,Maltby Redwood Academy,140583,Primary
eec038e7-a293-4af3-9077-f040df0822dc,2020,Coventry University,C85,10001726,,,,Malvern Primary School,104427,Primary
3db70587-54b5-4147-b939-95d87af2ed5f,2020,Edge Hill University,E42,10007823,,,,Malvern Primary School,104427,Primary
d327e9be-8082-4cdd-b1bd-65bdf20c35c4,2020,Liverpool Hope University,L46,10003956,,,,Malvern Primary School,104427,Primary
0d53162a-903c-4434-9039-c6a383c5ef74,2020,University of Worcester,W80,10007139,,,,Malvern Wyche CofE Primary School,116830,Primary
55676fb1-a2ef-4bb4-aed9-5c8572562172,2020,University Of Plymouth,P60,10007801,,,,Manadon Vale Primary School,143307,Primary
03cd4376-9954-4575-b0fe-47bb66d02e19,2020,St Mary's University,S64,10007843,,,,Manby Lodge Infant School,125075,Primary
886af693-5e72-452c-b660-5c29c35964a0,2020,The Manchester Metropolitan University,M40,10004180,,,,Manchester Communication Academy,136105,Modern languages
7e615f5d-777c-48b7-a1a1-ad69962c9526,2020,Edge Hill University,E42,10007823,,,,Manchester Communication Primary Academy,140482,Primary
30edd82d-a97d-4049-91ca-8098b432c2d0,2020,The Manchester Metropolitan University,M40,10004180,,,,Manchester Communication Primary Academy,140482,Primary
16fc6648-f2e9-453f-b43a-43b16d2cc033,2020,The Manchester Metropolitan University,M40,10004180,,,,Manchester Road Primary Academy,141445,Primary
ad2526df-8cf0-45d4-a319-d10c141e0009,2020,University of East London,E28,10007144,,,,Manford Primary School,102795,Primary
4fb296dd-3bc7-48b5-a127-05fdc64ac061,2020,University of Greenwich,G70,10007146,,,,Manford Primary School,102795,Primary
0d0710c0-af5c-494c-912e-992e049681e9,2020,University of Hertfordshire,H36,10007147,,,,Manland Primary School,117103,Primary
db9b1fe7-744d-4beb-bf73-e8e2d0d5f321,2020,The Manchester Metropolitan University,M40,10004180,,,,Manley Park Primary School,105472,Primary
a178b44c-7caf-4e2e-b591-a88f3681a306,2020,University of Sunderland,S84,10007159,,,,Manor Community Academy,141686,Mathematics
598c0e26-7275-4c91-91ae-ee55182ae145,2020,University of Sunderland,S84,10007159,,,,Manor Community Academy,141686,Physics
7810cd38-3ade-4a78-9a09-967f3464d592,2020,Two Mile Ash ITT Partnership,T89,10059102,,,,Manorfield Church of England Primary School,146618,Primary
1c2ed336-33aa-4f25-b561-a118fbfc15e3,2020,University of Wolverhampton,W75,10007166,,,,Manorfield Church of England Primary School,146618,Primary
6955f580-1f43-4b9f-a77a-780638f26856,2020,The University Of East Anglia,E14,10007789,,,,Manor Field Infant and Nursery School,143990,Primary
18cbfe00-dc16-42ab-99ec-39f17254385a,2020,St Mary's University,S64,10007843,,,,Manor Junior School,101192,Primary
a6c04402-64ff-46e7-a0aa-19c3c9932f8a,2020,University of Cumbria,C99,10007842,,,,Manor Junior School,101192,Primary
73210c84-d190-42a2-80cb-c3a79de3984e,2020,University of East London,E28,10007144,,,,Manor Junior School,101192,Primary
5a5a5553-00a7-4aef-b65b-9b39fa7fd6c8,2020,University Of Plymouth,P60,10007801,,,,Manor Park Church of England First School,113791,Primary
1633d653-b0d2-4132-a2e2-4eabc6ddf46e,2020,St Mary's University,S64,10007843,,,,Manor Park Primary Academy,145484,Primary
a75febcd-ca00-44e2-8c9b-8ebf8ef63618,2020,Coventry University,C85,10001726,,,,Manor Park Primary School,103691,Primary
f36cf2ef-24b2-454d-bbb4-4dae564cf9d0,2020,Birmingham City University,B25,10007140,,,,Manor Primary Academy,149166,Primary
38b46b2d-37a5-4185-9b22-a9cf230e9486,2020,Oxford Brookes University,O66,10004930,,,,Manor Primary School,147032,Primary
041d16b9-1428-4697-9a43-657aa94ba636,2020,University of Reading,R12,10007802,,,,Manor Primary School,109944,Primary
27118d79-a671-4f43-93ee-3e2d3835f892,2020,St Mary's University,S64,10007843,,,,Manor School,144053,Primary
41d204c0-8791-45f9-aad8-86abcc42aa2c,2020,Leeds Beckett University,L27,10003861,,,,Manor Wood Primary School,107913,Primary
cb32646c-5e4b-453b-9543-586431b55b4f,2020,Leeds Beckett University,L27,10003861,,,,Manor Wood Primary School,149547,Primary
29c96dd0-b5b0-4c13-ac48-1c9a74a13147,2020,Leeds Trinity University,L24,10003863,,,,Manston St James Primary Academy,138824,Primary
455ce612-1a83-4f74-ac39-66b39f6c3626,2020,Newman University,N36,10007832,,,,Mapledene Primary School,134094,Primary
59448fca-8eaa-40d0-a7ff-74db560daa51,2020,University of Hertfordshire,H36,10007147,,,,Maple Grove Primary School,135221,Primary
ad98eca3-6796-4fb6-a531-de3b45afc3c4,2020,University of Sussex,S90,10007806,,,,Maple Grove Primary School,135221,Primary
6f3b59b0-0910-42c6-8e4e-a6c17cf7e475,2020,University of Worcester,W80,10007139,,,,Mappleborough Green CofE Primary School,125640,Primary
db4dfd49-a960-47aa-9e6d-9b0ec39b4361,2020,University of Winchester,W76,10003614,,,,Marchwood Church of England Infant School,116299,Primary
3ae067a1-850c-4849-86e2-fa95741abcf5,2020,University of Winchester,W76,10003614,,,,Marchwood Junior School,116073,Primary
d1dbdc96-9dbc-4f95-bda4-1c59471d2ade,2020,St Mary's University,S64,10007843,,,,Marden Lodge Primary School and Nursery,139915,Primary
b1aeba32-45ae-46ad-b489-20daa79070b5,2020,"University of the West of England, Bristol",B80,10007164,,,,Marden Vale CofE Academy,141988,Primary
766e9e26-f20a-4e5f-a2d4-0ebadbbf67b8,2020,Bradford College,B60,10000840,,,,Margaret McMillan Primary School,143568,Primary
6d102cff-1373-49cd-9c2e-01a3ed9e8dbd,2020,Canterbury Christ Church University,C10,10001143,,,,"Margate, Holy Trinity and St John's Church of England Primary School",118694,Primary
1853e538-fedc-4341-83f7-f7f6082342a3,2020,Canterbury Christ Church University,C10,10001143,,,,Marian Vian Primary School,142299,Primary
63b742b6-2e63-4c1f-a2ac-03a4ba5ebb94,2020,Edge Hill University,E42,10007823,,,,Maricourt Catholic High School,104960,Computing
aeb31155-df69-49ff-8ec6-0bc702f4da13,2020,The University Of Bolton,8N5,10006841,,,,Maricourt Catholic High School,104960,Modern languages
a93b3813-2aba-4965-ad37-98d0cd137101,2020,Plymouth Marjon University,P63,10037449,,,,Marine Academy Plymouth,147967,Biology
0526e851-e317-4e80-b676-320689705d78,2020,Plymouth Marjon University,P63,10037449,,,,Marine Academy Plymouth,147967,Physical education
7d7b07c7-afe7-4bc8-89cf-7edc75693603,2020,University Of Plymouth,P60,10007801,,,,Marine Academy Primary,139604,Primary
0779efe0-b0da-4c64-8abe-756ea583eaba,2020,University of Cumbria,C99,10007842,,,,Marion Richardson Primary School,100911,Primary
98b6535c-fe90-41e8-b3d2-0f48236e58ba,2020,St Mary's University,S64,10007843,,,,Marish Primary School,138166,Primary
8c134696-2497-4e2c-91c5-1710be2c62a7,2020,Edge Hill University,E42,10007823,,,,Markland Hill Primary School,105159,Primary
5d14431b-4e3f-493d-bfb5-2f38f177f176,2020,University of Bedfordshire,B22,10007152,,,,Mark Rutherford School,139160,Physical education
22a74be8-7235-4122-a05e-ac7c50b5f31a,2020,Plymouth Marjon University,P63,10037449,,,,Marlborough Primary Academy,143891,Early years ITT
d44f20a1-672b-4521-a7d8-78815e18e929,2020,Plymouth Marjon University,P63,10037449,,,,Marlborough Primary Academy,143891,Primary
f39697e9-8416-4a97-9755-8e770952c28a,2020,Birmingham City University,B25,10007140,,,,Marlborough Primary School,146701,Primary
3c388787-0db8-416a-a751-9b2987692865,2020,St Mary's University,S64,10007843,,,,Marlborough Primary School,102494,Primary
49311769-6f45-4c4f-ab59-3d4a87b3d992,2020,The Manchester Metropolitan University,M40,10004180,,,,Marlborough Primary School,142561,Primary
c742ead0-7745-403f-b10c-fba64d380a32,2020,University of Sunderland,S84,10007159,,,,Marlborough Primary School,108822,Primary
d8a12925-fb37-483e-8bd2-76355d851217,2020,"University of the West of England, Bristol",B80,10007164,,,,Marlborough St Mary's CE Primary School,142335,Primary
8764f9c2-96eb-4191-8a4b-b7daefe8ccb9,2020,Sheffield Hallam University,S21,10005790,,,,Marlcliffe Community Primary School,107000,Primary
e30dcf6a-c5fd-4dc0-baa1-ffdb2f3ce339,2020,University of Winchester,W76,10003614,,,,Marnel Community Infant School,116023,Primary
86f8a50b-c55a-4be9-ae7e-b9fbde173aa0,2020,University of Northumbria at Newcastle,N77,10001282,,,,Marown Primary School,132461,Primary
c08862dd-7d66-4112-86a4-837739576610,2020,Plymouth Marjon University,P63,10037449,,,,Marpool Primary School,113096,Primary
f0c8da7d-9cdc-4d8b-94c4-24222b860a1c,2020,Leeds Beckett University,L27,10003861,,,,Marsden Community Primary School,119176,Primary
93dc8aa0-0b66-49ad-b597-199165d633a7,2020,University of Huddersfield,H60,10007148,,,,Marsden Infant and Nursery School,107644,Primary
f36ee80f-de6c-4dfb-98c6-520076253adb,2020,Coventry University,C85,10001726,,,,Marshalls Park Academy,144094,Mathematics
123fa773-fd67-437a-a94c-5428c6bea0d4,2020,The University Of East Anglia,E14,10007789,,,,Marsham Primary School,120831,Primary
14bc1c82-c5a2-4e77-8459-8a85eabfe330,2020,University of Wolverhampton,W75,10007166,,,,Marshbrook First School,145378,Primary
100c63c5-d841-495b-9f66-a958a34568c9,2020,Lincoln Bishop University,B38,10007811,,,,Marshchapel Infant School,120461,Primary
60acb01b-b6b3-4d61-a68e-847765c0027c,2020,Leeds Beckett University,L27,10003861,,,,Marshfield Primary,148268,Primary
49836755-55b0-43ed-be99-392800ac2e96,2020,Edge Hill University,E42,10007823,,,,Marsh Green Primary School,106403,Primary
a7847830-241b-4544-93b8-65e7fc9f6ae8,2020,University Of York,Y50,10007167,,,,Marshlands Primary School,117937,Chemistry
c05bd033-80b0-4bcb-96de-41f729198472,2020,York St John University,Y75,10007713,,,,Marshlands Primary School,117937,Primary
b89b012b-266d-47c5-a352-c5058d186ef4,2020,Birmingham City University,B25,10007140,,,,Marston Green Infant Academy,140733,Primary
ee58d100-9a39-414b-9e43-1205934b4115,2020,University of Bedfordshire,B22,10007152,,,,Marston Moreteyne VC School,147183,Primary
edccc9f1-48ca-4ce8-962d-58bd2b5e0de1,2020,Canterbury Christ Church University,C10,10001143,,,,Martello Primary,140433,Primary
c22aac03-88cf-44e8-8199-05aca66679d2,2020,The Manchester Metropolitan University,M40,10004180,,,,Martenscroft Nursery School & Children's Centre,105384,Primary
1a50403f-805b-4a52-8f37-c6bed973cb05,2020,The University Of East Anglia,E14,10007789,,,,Martham Academy and Nursery,136356,Primary
e3b2c98f-b437-4ac6-a649-70f623319092,2020,Leeds Trinity University,L24,10003863,,,,Martin Frobisher Infant School,108148,Primary
4b2ec0fe-54f4-4d51-8e51-dce5fb3e7d1b,2020,St Mary's University,S64,10007843,,,,Martin Primary School,135226,Primary
bfb35acf-54e1-4957-a712-c04b1850764c,2020,Lincoln Bishop University,B38,10007811,,,,Martinshaw Primary School,119925,Primary
ba9a8d36-5767-435e-8d0a-75437b694700,2020,Nottingham Trent University,N91,10004797,,,,Martinshaw Primary School,119925,Primary
e139101b-ec2e-4f0a-a3d0-2b556f3f78e0,2020,University of Hertfordshire,H36,10007147,,,,Martins Wood Primary School,149330,Primary
0745f9ab-461f-4806-b65b-3e0070d61807,2020,York St John University,Y75,10007713,,,,Martongate Primary School,117886,Primary
6a9dfcb6-75e5-47ee-b295-45055d5a8a55,2020,Edge Hill University,E42,10007823,,,,Marus Bridge Primary School,143498,Primary
db5f348d-7a40-41ba-a43e-d79f69775011,2020,Plymouth Marjon University,P63,10037449,,,,Mary Dean's CofE Primary School,113418,Early years ITT
8d1cf6ee-d51b-4ff7-8915-965a33b6eb3e,2020,Plymouth Marjon University,P63,10037449,,,,Mary Dean's CofE Primary School,113418,Primary
44c2feac-38f6-4e7d-bcb4-533e0d8f1bfc,2020,Plymouth Marjon University,P63,10037449,,,,Mary Dean's CofE Primary School and Nursery,150116,Primary
02f19474-85b5-4d63-b617-06cf227b9d20,2020,University of Bedfordshire,B22,10007152,,,,Mary Exton Primary School,117329,Primary
86449101-c929-41cd-b31c-9f296eef9746,2020,University of Hertfordshire,H36,10007147,,,,Mary Exton Primary School,117329,Primary
7337256d-170f-4d2c-8e7d-44da3bb26971,2020,Oxford Brookes University,O66,10004930,,,,Mary Hare School,110180,Primary
a3741036-5acc-4a1e-8f9c-dfce1bd8b9a2,2020,Canterbury Christ Church University,C10,10001143,,,,Maryland Primary School,102730,Primary
bdb89624-d31f-4ad1-a2a2-bb31d38f9b6d,2020,Sheffield Hallam University,S21,10005790,,,,Mary Swanwick Primary School,143578,Primary
5c71df38-d727-4e08-ab3c-980b8a2ac328,2020,Newman University,N36,10007832,,,,Maryvale Catholic Primary School,103426,Primary
e0656536-c629-4a7e-9d22-64cd07be9f68,2020,Nottingham Trent University,N91,10004797,,,,Matlock Bath Holy Trinity CofE Controlled Primary School,112841,Primary
e6a9de9f-550c-421c-8966-f877faa117e3,2020,Canterbury Christ Church University,C10,10001143,,,,Maundene School,145112,Primary
2df018ee-f362-4659-b67f-f91cd4e5f7d8,2020,Edge Hill University,E42,10007823,,,,Mawdesley St Peter's Church of England Primary School,119477,Primary
7b1acdbe-c16b-48fc-b501-be2735cc8f72,2020,Roehampton University,R48,10007776,,,,Maxilla Nursery School,100475,Primary
0af582a8-3830-4c5f-b491-36be220cf048,2020,Staffordshire University,S72,10006299,,,,May Bank Infants' School,124115,Primary
2b2beb3c-0a01-460a-a854-96c967697ae4,2020,Roehampton University,R48,10007776,,,,Maybury Primary School,146917,Primary
7ce58641-3f9b-4454-a3f7-1fb70b212a88,2020,University of Wolverhampton,W75,10007166,,,,Mayfield Preparatory School,104265,Primary
6eb422df-ed0e-4bc5-a009-1b175d5ce47a,2020,The University of Portsmouth,P80,10007155,,,,Mayfield School,116463,Geography
a277efa4-8b8e-4d3f-a62d-db2d06b81aae,2020,University Of Plymouth,P60,10007801,,,,Mayflower Academy,139710,Primary
60d2bb9b-d413-41f9-85ac-0b0bc4a5aab7,2020,University of Winchester,W76,10003614,,,,Mayhill Junior School,116075,Primary
bff5ee0e-8249-4a9d-b9a7-f23311c356b7,2020,"University of the West of England, Bristol",B80,10007164,,,,May Park Primary School,146964,Primary
3f0ca6b8-4de2-47bd-bbb1-5ab3cfca8159,2020,University of Greenwich,G70,10007146,,,,Mayplace Primary School,141114,Primary
ef48e6d4-2c9b-4cc4-8329-9a0756127464,2020,University of Greenwich,G70,10007146,,,,Maypole Primary School,118246,Primary
a59289a1-7841-4898-bfa6-39a1773755c6,2020,Roehampton University,R48,10007776,,,,Mayville Academy,142713,Primary
eb6a9dd7-9f3d-49c0-857d-c620cc4b44eb,2020,University of East London,E28,10007144,,,,Mayville Academy,142713,Primary
8c5dceac-a62c-4c37-8b4f-6731049a394d,2020,The University of Northampton,N38,10007138,,,,Meadowdale Primary School,138346,Primary
9eece0d7-60f6-4b34-894a-d6d6d372798d,2020,Edge Hill University,E42,10007823,,,,Meadowhead Community Infant School and Nursery,119122,Primary
bc420d14-e7f2-4058-9393-a421badd7609,2020,Sheffield Hallam University,S21,10005790,,,,Meadowhead School Academy Trust,138545,Design and technology
c37e857d-c2dc-419f-a706-8201351e7ed6,2020,University of Sussex,S90,10007806,,,,Meadowlane Primary School,401633,Primary
57169c8d-8107-448d-8fbb-0c79eb4752a6,2020,University of Reading,R12,10007802,,,,Meadow Park Academy,138372,Primary
ec21241e-a2c0-44d3-82d8-c801b73280ac,2020,St Mary's University,S64,10007843,,,,Meadow Primary School,145796,Primary
81cad54c-1702-4b81-8adb-670e06eb4cc1,2020,York St John University,Y75,10007713,,,,Meadowside Academy,144168,Primary
d54dad12-17b8-4212-94bd-d5336d4eafce,2020,Birmingham City University,B25,10007140,,,,Meadow View Farm School,136949,Primary
63f3553e-4197-4000-a9f9-fa99bea4fab7,2020,Leeds Beckett University,L27,10003861,,,,Meadow View Primary School,147920,Primary
e375d347-e277-4c9c-8be7-cc6497cfc153,2020,Sheffield Hallam University,S21,10005790,,,,Meadow View Primary School,147920,Primary
7c8faefb-ab90-4858-a92b-434b4859ced9,2020,The Manchester Metropolitan University,M40,10004180,,,,Meadow View Primary School,106846,Primary
6ff86321-3006-45b9-bdd7-6e29f33cd7cb,2020,Leeds Beckett University,L27,10003861,,,,Meanwood Church of England Primary School,108046,Primary
f4c9434d-45fd-4877-b267-e0e0a2e17c6a,2020,Plymouth Marjon University,P63,10037449,,,,Meavy Church of England Primary School,143192,Primary
920a4cb8-6b26-48f5-917a-0dc24ba48660,2020,Edge Hill University,E42,10007823,,,,Melbourne Infant School,112594,Primary
c43c1885-3322-4f0f-87e6-f412089592d3,2020,"Cambridge Training Schools Network, CTSN SCITT",1WO,10055220,Comberton Village College,136463,school,Melbourn Village College,137527,Biology
ff92eea0-2ba2-40af-ae21-4199c17e327f,2020,Leeds Beckett University,L27,10003861,,,,Melior Community Academy,139059,English
2e555b4a-a8d6-41fb-8f70-f619de87777b,2020,Edge Hill University,E42,10007823,,,,Melling Primary School,104889,Primary
b39dc935-b0ed-49bc-8e46-4c5179a5012a,2020,The Manchester Metropolitan University,M40,10004180,,,,Mellor Primary School,137542,Primary
abbf04f2-8d13-4e68-b5d4-964a7a14807b,2020,Edge Hill University,E42,10007823,,,,Mendell Primary School,105017,Primary
1def36b7-3e20-41d0-b806-6243b22928e0,2020,"University of the West of England, Bristol",B80,10007164,,,,Mendip Green Primary School,146066,Primary
6339f0e2-ed79-482d-ba07-f606964bf9af,2020,University of Hertfordshire,H36,10007147,,,,Menorah Foundation School,131359,Primary
f0d24c53-8be9-4c33-b680-a0354c31fe82,2020,Leeds Beckett University,L27,10003861,,,,Menston Primary School,107299,Primary
c0cf3043-c86b-4372-836f-9e53492dd0a8,2020,University of Chester,C55,10007848,,,,Meole Brace Church of England Primary and Nursery,135789,Primary
68b8b47f-e031-4a2d-8520-3ce30a4ca882,2020,Edge Hill University,E42,10007823,,,,Meols Cop High School,104956,English
ce8475fb-94e5-450c-b76e-f5af3a52b9c2,2020,University of Chichester,C58,10007137,,,,Meoncross School,116563,Physical education
21c0094f-730f-4db7-a3f4-06a5b59598a0,2020,University of Chichester,C58,10007137,,,,Meon Infant School,146135,Primary
0e891c8f-1754-4101-95a0-fe8121d16712,2020,Canterbury Christ Church University,C10,10001143,,,,Meopham Community Academy,136351,Primary
ed3d73f5-00a2-44a6-bfb7-0c4e875fa1bb,2020,The University of Brighton,B72,10000886,Millais School,126066,school,Meopham Community Academy,136351,Primary
bdf8ce4c-b4d5-49bd-ac04-397beac28b95,2020,"University of the West of England, Bristol",B80,10007164,,,,Merchants' Academy,135597,Computing
ac631fc3-a677-4287-b848-918788d52ed7,2020,Edge Hill University,E42,10007823,,,,Merchant Taylors' Girls' School,104974,Mathematics
63c623c7-ddde-4a3b-a5f5-848ff720a2a0,2020,Teach SouthEast,2EW,10057399,,,,Merchant Taylors' School,117616,Art and design
f41d7954-8064-44c8-a643-a0aa424ad1fb,2020,Edge Hill University,E42,10007823,,,,Merchant Taylors' Schools,104973,History
19042e2f-0783-4cc8-9d11-c1b4f2e55e3e,2020,University of Chichester,C58,10007137,,,,Merdon Junior School,115873,Primary
3810653a-5a08-44ff-9388-2f652b6e21bb,2020,University of Winchester,W76,10003614,,,,Merdon Junior School,115873,Primary
9d1ab857-b634-48b8-8cde-74934e081317,2020,Edge Hill University,E42,10007823,,,,Merefield School,104979,Primary
3375d243-233f-474a-ad9e-4e006c614e60,2020,University of Chester,C55,10007848,,,,Mereside Church of England Primary Academy,147106,Primary
5869858f-c4ac-42d6-837b-65a291cad0bb,2020,Edge Hill University,E42,10007823,,,,Mereside Primary Academy,143771,Primary
8064472c-c8bd-4ed0-8028-e6fbef1ef8e2,2020,University of Cumbria,C99,10007842,,,,Mereside Primary Academy,143771,Primary
a554f262-4942-4c15-8916-aa1903775a90,2020,Canterbury Christ Church University,C10,10001143,,,,Mereworth Community Primary School,118307,Primary
a7042b38-d4c1-480f-9dd3-c18d7f10bb0c,2020,Birmingham City University,B25,10007140,,,,Meriden Church of England Primary School,104087,Primary
4a69b636-0ad7-4b67-99f0-bb2b79ed094d,2020,University of Chester,C55,10007848,,,,Merllyn C.P. School,400316,Primary
7bf963c6-e306-40f8-8a84-1fdeedbf00f9,2020,Birmingham City University,B25,10007140,,,,Merritts Brook Primary E-ACT Academy,139014,Primary
f8558274-4788-4357-97ea-ea1737cf10b7,2020,University of Hertfordshire,H36,10007147,,,,Merryhills Primary School,101999,Primary
43f92e23-3dcb-4036-9960-a652aa07f2e5,2020,The Manchester Metropolitan University,M40,10004180,,,,Mersey Drive Community Primary School,105299,Primary
6e44c84a-eac3-45ee-9dd8-904f5600d40a,2020,Liverpool John Moores University,L51,10003957,,,,Mersey Park Primary School,105042,Primary
3009bfc7-9bf3-4af4-af4d-52f3fc92dee0,2020,University of Hull,H72,10007149,,,,Mersey Primary Academy,139921,Primary
39a64c65-6518-4336-8b73-d7b1d003013d,2020,The University of Brighton,B72,10000886,,,,Merstham Primary School,144697,Primary
6799db44-f624-4348-a37a-8c388d1f248a,2020,Birmingham City University,B25,10007140,,,,Merstone School,104133,Primary
34c32915-32d0-4bbb-85e6-0d15a200fd53,2020,Edge Hill University,E42,10007823,,,,Merton Bank Primary School,104784,Primary
4c7e3b50-22e5-4ba9-9975-63a8ed1f6226,2020,University of Winchester,W76,10003614,,,,Merton Junior School,116001,Primary
c8775e59-f9a6-4574-94e4-273ace58f475,2020,The Manchester Metropolitan University,M40,10004180,,,,Mesne Lea Primary School,105911,Primary
a1453d2c-2026-4393-be1d-fca3830c8f35,2020,Lincoln Bishop University,B38,10007811,,,,Messingham Primary School,117741,Primary
b698c8e2-ca61-48fe-b2d9-6d77c40724e6,2020,Leeds Beckett University,L27,10003861,,,,Methley Primary School,145733,Primary
7d8ed294-67b3-4b54-b3d5-8136e9290106,2020,Leeds Beckett University,L27,10003861,,,,Mexborough St John the Baptist CofE Primary School,143581,Primary
86ce0918-cfe8-410d-a2eb-9c125bb20861,2020,Sheffield Hallam University,S21,10005790,,,,Mexborough St John the Baptist CofE Primary School,143581,Primary
eabf9773-5039-4dfb-aae5-2e767b157f98,2020,University of Reading,R12,10007802,,,,Micklands Primary School,109926,Primary
9f4b66f0-6b00-4bfb-ab87-82ca23811db8,2020,Leeds Beckett University,L27,10003861,,,,Micklefield Church of England Voluntary Controlled Primary School,107992,Primary
50bcb529-077a-4f42-b1af-396276e1a448,2020,University of Northumbria at Newcastle,N77,10001282,,,,Mickley First School,146937,Primary
d7c15489-6734-4a64-832e-2680eb80685a,2020,Liverpool Hope University,L46,10003956,,,,Middlefield Community Primary School,104591,Primary
cf64eba1-4fd2-4548-84b1-59b11c88cab6,2020,University of Greenwich,G70,10007146,,,,Middle Park Primary School,130921,Primary
0be2523e-6060-4182-88eb-cd33c2d0f63e,2020,Leeds Beckett University,L27,10003861,,,,Middlestown Primary Academy,143810,Primary
be03491c-f8aa-4c4c-b4d3-8fd3a9843a26,2020,Leeds Trinity University,L24,10003863,,,,Middlestown Primary Academy,143810,Primary
53690321-f70c-4960-b112-20597ed569dc,2020,The University of Brighton,B72,10000886,,,,Middle Street Primary School,114369,Primary
47801027-0583-45e4-a216-d471607519a9,2020,Leeds Beckett University,L27,10003861,,,,Middleton Primary School,146297,Primary
3b04613a-f2c2-46ea-ada0-2f9d3f2ff340,2020,Leeds Trinity University,L24,10003863,,,,Middleton Primary School,146297,Primary
b550033a-54c0-48cf-855b-a39477168d7a,2020,Leeds Beckett University,L27,10003861,,,,Middleton St Mary's Church of England Voluntary Controlled Primary School,108002,Primary
a0a7effb-0fca-4967-9f5e-c0249cf2e438,2020,Staffordshire University,S72,10006299,,,,Middlewich Primary School,131727,Primary
66ffd587-f1e8-4044-8c5e-e85ac98c1d91,2020,The Manchester Metropolitan University,M40,10004180,,,,Midgley School,107517,Primary
f9b854ed-7825-4153-9bb5-5009aba54d70,2020,University of Chichester,C58,10007137,,,,Midhurst CofE Primary School,125988,Primary
e95f89eb-936f-44d1-ba4f-ce362fecc83b,2020,University of Chichester,C58,10007137,,,,Midhurst Rother College,135760,Physical education
34046fc4-55d0-4318-ba5e-52fdd26310e7,2020,University of Winchester,W76,10003614,,,,Milborne Port Primary School,123655,Primary
30f39a1a-6a63-4894-9a67-a2989b2df889,2020,"Norfolk, Essex and Suffolk Teacher Training (NESTT)",S14,10006399,Claydon High School,144214,school,Mildenhall College Academy,139867,Chemistry
d3fed1dc-baed-4ec4-86f4-22658b526a67,2020,The University Of East Anglia,E14,10007789,,,,Mildenhall College Academy,139867,History
74af723d-ebf2-4ec4-94a0-b8444a8cce5b,2020,The University Of East Anglia,E14,10007789,,,,Mildenhall College Academy,139867,Modern languages
a69999ee-df28-4260-b452-c384a21f7628,2020,The University of Brighton,B72,10000886,,,,Mile Oak Primary School,114430,Mathematics
a1e37a45-21af-4666-b1fd-8863a3463b3d,2020,The University of Brighton,B72,10000886,,,,Mile Oak Primary School,114430,Primary
106bd2bd-324f-41b0-a00c-4dc3f0763b71,2020,University Of Plymouth,P60,10007801,,,,Millbrook CofE Primary School,140334,Primary
8fd5b935-5834-437a-84db-c7a2c097fbef,2020,Edge Hill University,E42,10007823,,,,Millbrook Community Primary School,104432,Primary
ddc291e8-c397-4235-8d9f-81a352aae8ef,2020,Edge Hill University,E42,10007823,,,,Millbrook Primary School,106436,Primary
ce72f52f-3b77-4d65-ab90-fa22dd55a7dc,2020,The Manchester Metropolitan University,M40,10004180,,,,Millbrook Primary School,106195,Primary
e6b4be7b-ac44-4bd0-a005-0d3ca2294d1a,2020,"Goldsmiths, University of London",G56,10002718,,,,Millennium Primary School,143211,Primary
41b6fcc2-4273-4550-82ca-b02a895dc30c,2020,University of Hertfordshire,H36,10007147,,,,Millfield First and Nursery School,117309,Primary
3573b862-b099-4b0a-bd56-7ab5b92b819b,2020,Lincoln Bishop University,B38,10007811,,,,Millfield L.E.A.D. Academy,138999,Primary
35e13034-677a-423d-a9fa-e1bdd4d58fe9,2020,The University of Northampton,N38,10007138,,,,Millfield L.E.A.D. Academy,138999,Primary
4567a6c3-70fa-4cd7-9b58-8c5ac17bc176,2020,Birmingham City University,B25,10007140,,,,Millfield Primary School,104203,Primary
b6d2c2d7-c410-43ca-abaf-524bf5cbfda5,2020,Birmingham City University,B25,10007140,,,,Millfield Primary School,124081,Primary
fcd186f7-f734-441e-b37e-d5beccee0884,2020,University of Worcester,W80,10007139,,,,Millfield Primary School,104203,Primary
5980be2c-371e-4b92-9329-96e37647bacc,2020,Roehampton University,R48,10007776,,,,Millfields Community School,100231,Primary
012fe3d6-167b-4a12-ab71-9a542d8f3383,2020,University of Worcester,W80,10007139,,,,Millfields First School,116663,Primary
e6fe6bb4-d408-4793-a3c2-56333965cb44,2020,University Of Plymouth,P60,10007801,,,,Mill Ford School,113651,Primary
3c6177b2-c68d-4a0d-9636-6d3521210238,2020,York St John University,Y75,10007713,,,,Mill Hill Community Primary School,121330,Primary
d1c7140e-5b6d-4789-9588-8e7310f5f071,2020,"Goldsmiths, University of London",G56,10002718,,,,Mill Hill County High School,137386,Design and technology
9eacd9a5-4fb4-4717-8c3c-5355b906fea8,2020,University of Sunderland,S84,10007159,,,,Mill Hill Nursery School,108752,Primary
54e2808c-3649-4f25-9030-79348621c933,2020,Staffordshire University,S72,10006299,,,,Mill Hill Primary Academy,141405,Primary
c5d847ce-3c9d-43dd-afec-4f5f5c7bb1c8,2020,University of Chichester,C58,10007137,,,,Mill Hill Primary School,130325,Primary
a18cbb9c-fb18-4565-88c0-c87b0c34b95c,2020,York St John University,Y75,10007713,,,,Mill Hill Primary School,149551,Primary
54df486d-46ec-473c-8f83-c731c82fd6a8,2020,Oxford Brookes University,O66,10004930,,,,Mill Lane Community Primary School,123036,Primary
f31cc1af-39fe-4ee3-a4d1-87247915d3a2,2020,York St John University,Y75,10007713,,,,Mill Lane Primary School,107639,Primary
42106c0f-6054-4d8a-8ae8-e20ce82ce65e,2020,Birmingham City University,B25,10007140,,,,Mill Lodge Primary School,104057,Primary
56023ed2-3b20-466f-9f60-f469b7dd2e70,2020,Nottingham Trent University,N91,10004797,,,,Millside Spencer Academy,149105,Primary
57306ed9-9b5c-4400-9465-8360543b967a,2020,University of Chester,C55,10007848,,,,Mill View Primary School,141621,Primary
0fb34e9a-24b6-47f6-905d-ad8625e280aa,2020,University Of Plymouth,P60,10007801,,,,Mill Water School,113635,Primary
43152d17-94c0-4cc1-bd96-33ee1b301c2b,2020,The University of Northampton,N38,10007138,,,,Millway Primary School,122086,Primary
be457367-3be2-4590-abd9-9982ec636de9,2020,University Of Plymouth,P60,10007801,,,,Milton Abbot School,113258,Primary
46e5281d-d2e0-4090-8bc3-82ffe6240dfe,2020,Canterbury Christ Church University,C10,10001143,,,,Milton Hall Primary School and Nursery,115313,Primary
2e5f68fe-724a-43e5-8b4e-aba1b2d28868,2020,The University of Northampton,N38,10007138,,,,Milton Parochial Primary School,141725,Primary
a3e48e8b-7e82-4a62-98db-258c13579b1b,2020,University of Bedfordshire,B22,10007152,,,,Milton Parochial Primary School,141725,Primary
140aa5ef-0634-4ce9-ba12-1adb16200447,2020,Staffordshire University,S72,10006299,,,,Milton Primary Academy,144441,Primary
b2d67206-1941-4569-be3d-b9a7d72ba850,2020,Roehampton University,R48,10007776,,,,Minet Infant and Nursery School,102392,Primary
a2ce5639-434d-4a20-b5b7-0e7d703f36f2,2020,Canterbury Christ Church University,C10,10001143,,,,Minster Church of England Primary School,118696,Primary
d9cdc44c-e4cc-4e37-8c05-15733ceebfb4,2020,Canterbury Christ Church University,C10,10001143,,,,Minster in Sheppey Primary School,143606,Primary
dc379233-9e1e-4ea3-afe0-3a9923d17746,2020,Coventry University,C85,10001726,,,,Minworth Junior and Infant School,103345,Primary
0ceacecb-58be-49b8-854d-34a6e46b5d7b,2020,University of East London,E28,10007144,,,,Mission Grove Primary School,103077,Primary
9238cbbc-1fd5-4ef6-a82c-dc45d3a2e682,2020,Roehampton University,R48,10007776,,,,Mitchell Brook Primary School,101524,Primary
89cc2a33-b455-4d9d-a85a-00211487eb30,2020,Birmingham City University,B25,10007140,,,,Moat Farm Infant School,103949,Primary
9a18c92a-4f27-48fa-bbcb-20659885860d,2020,Newman University,N36,10007832,,,,Moat Farm Infant School,103949,Primary
3c953087-76da-4e9c-ae27-213da5414097,2020,University of Worcester,W80,10007139,,,,Moat Farm Infant School,103949,Primary
ccbf7d4b-33f3-4d66-8d6d-62f79bea9346,2020,University of Worcester,W80,10007139,,,,Moat Farm Junior School,103948,Primary
a892b434-9f69-4492-8db0-aae3a953b1ce,2020,University of Wolverhampton,W75,10007166,,,,Moat Hall Primary School,124191,Primary
068576c9-cd82-40b7-9b3a-697b0493e50c,2020,University Of Plymouth,P60,10007801,,,,Modbury Primary School,113335,Primary
87f7cf57-4ef9-4e10-a745-2cf9e05cf81f,2020,University of Bedfordshire,B22,10007152,,,,Moggerhanger Primary School,109473,Primary
83fe549a-4e98-4363-b4ea-11776c53e09b,2020,University of Derby,D39,10007851,,,,Moira Primary School,119906,Primary
8c50a951-2ee5-4382-8fde-489e86e21692,2020,Leeds Beckett University,L27,10003861,,,,Moldgreen Community Primary School,107691,Primary
45329c86-f5a7-48a4-bcef-3b10b7a17ea3,2020,The Manchester Metropolitan University,M40,10004180,,,,Moldgreen Community Primary School,107691,Primary
d7e3a161-b6b1-440c-8835-7f36bc47b9d0,2020,University of Huddersfield,H60,10007148,,,,Moldgreen Community Primary School,107691,Primary
7f5d345a-507e-4789-a3c3-6cc1cfb37fc3,2020,York St John University,Y75,10007713,,,,Monk Fryston Church of England Primary School,145778,Primary
fdeceb21-0661-45f6-8337-3dd98b061085,2020,University of Northumbria at Newcastle,N77,10001282,,,,Monkhouse Primary School,108576,Primary
302625e4-4e7d-4d10-9d60-a113e9dd5518,2020,Plymouth Marjon University,P63,10037449,,,,Monkleigh Primary School,113162,Primary
b2b58739-2c05-4f7b-b4de-6d48b46050bb,2020,University Of Plymouth,P60,10007801,,,,Monkleigh Primary School,113162,Primary
bc6b4294-362d-481e-a3ba-bf2f48c326a4,2020,Staffordshire University,S72,10006299,,,,Monks Coppenhall Academy,142714,Primary
e24195ce-f2fc-48f0-9d1c-ab1fc9093782,2020,The Manchester Metropolitan University,M40,10004180,,,,Monks Coppenhall Academy,142714,Primary
7ef426d4-289c-4e6e-a651-711f2794c6f6,2020,Liverpool Hope University,L46,10003956,,,,Monksdown Primary School,133331,Primary
341eebf8-8a99-46eb-86ef-31b7c523763a,2020,The University of Northampton,N38,10007138,,,,Monksmoor Park Church of England Primary School,146371,Primary
185938f3-ce6b-40db-882e-dc15e9fae1d6,2020,University of Sunderland,S84,10007159,,,,Monkton Infants' School,139314,Primary
13dceab9-94b1-45b7-bff1-ce6cbb96f3f1,2020,University of Sunderland,S84,10007159,,,,Monkwearmouth Academy,147532,Business studies
2d883b80-a47b-4647-9ebe-4c3add9ebeea,2020,University of Sunderland,S84,10007159,,,,Monkwearmouth Academy,147532,Mathematics
a43d0371-9866-447a-becb-c5168b4a6e99,2020,Leeds Trinity University,L24,10003863,,,,Monkwood Primary School,145017,Primary
287010be-99b0-4b4b-8e13-22521d562924,2020,Sheffield Hallam University,S21,10005790,,,,Monkwood Primary School,145017,Primary
a5a45ff9-1a81-494c-8d6c-b5d699d54d00,2020,University of Northumbria at Newcastle,N77,10001282,,,,Monkwood Primary School,106891,Primary
6711462b-f7a6-4741-ab67-ba16ec827bce,2020,"University of the West of England, Bristol",B80,10007164,,,,Monmouth Comprehensive School,401860,Mathematics
1c636783-7be1-4b9f-aa38-8b5d1f73ac82,2020,University of Greenwich,G70,10007146,,,,Montbelle Primary School,100149,Primary
b153ae4b-f05f-4588-b17a-8a33f79efb97,2020,Roehampton University,R48,10007776,,,,Monteagle Primary School,130340,Primary
0995ab5b-c59f-460d-a536-45fc1285b14c,2020,University of Greenwich,G70,10007146,,,,Monteagle Primary School,130340,Primary
c64dbf83-e54c-4924-9ee1-2cacd6bbb96d,2020,Sheffield Hallam University,S21,10005790,,,,Monteney Primary School,139544,Primary
4e8b31c6-4a4a-4824-bfc9-67a4d8fe7a24,2020,University of Chester,C55,10007848,,,,Montgomery C.I.W. School,400540,Primary
8a751113-b2a7-43b3-a140-4603761d8b09,2020,Plymouth Marjon University,P63,10037449,Blackpool Church of England Primary School,137665,school,Montpelier Primary School,142849,Primary
bdd4163a-7af2-49cf-9f1c-91eaa6e4d03d,2020,Plymouth Marjon University,P63,10037449,,,,Montpelier Primary School,142849,Primary
cfd29e3e-7803-47c6-8925-8d2d8de804b2,2020,University of Cumbria,C99,10007842,,,,Montreal CofE Primary School,132170,Primary
4e012490-5876-4cb8-810f-ae33237bc490,2020,The Manchester Metropolitan University,M40,10004180,,,,Moor Allerton Preparatory School,105585,Primary
d10b967d-dc43-4c9d-91fe-1eac44210761,2020,Leeds Beckett University,L27,10003861,,,,Moor End Academy,137500,Primary
00cc0cc6-de6f-417f-b652-19ddbe7c6077,2020,Leeds Beckett University,L27,10003861,,,,Moorfield School & Nursery,107450,Primary
c7638607-2af5-4b3e-8598-0237bd130515,2020,Leeds Trinity University,L24,10003863,,,,Moorfield School & Nursery,107450,Primary
9aff0aad-1120-4bb7-81a8-03601f54e936,2020,Birmingham City University,B25,10007140,,,,Moorgate Primary Academy,140995,Primary
afa69e16-e165-47bc-b8e5-a6e0fc4e917c,2020,Edge Hill University,E42,10007823,,,,Moorgate Primary School,105171,Primary
93c30857-16c5-436b-9e2e-2ab3fb45202c,2020,Newman University,N36,10007832,,,,Moor Green Primary Academy,139000,Primary
cc2e906f-1cef-4a25-a2e3-c34972566586,2020,University of Chichester,C58,10007137,,,,Moorings Way Infant School,144582,Primary
f0a8f57d-1b64-4253-bb2a-f0e758cdeeb2,2020,University of Winchester,W76,10003614,,,,Moorlands Primary School,116127,Primary
eafe0107-9e37-4873-8c2d-d8709b6dd260,2020,University of Cumbria,C99,10007842,,,,Moor Row Community Primary School,112161,Primary
03ec6107-7a51-4996-a2a6-f927b29b7aec,2020,Edge Hill University,E42,10007823,,,,Moorside Community Primary Academy School,139495,Primary
c59ab6f7-0761-4594-a3b8-2a872330e107,2020,Leeds Beckett University,L27,10003861,,,,Moorside Community Primary School,134659,Primary
8333ac68-ca1b-4e72-8f8e-c42925d403da,2020,Edge Hill University,E42,10007823,,,,Moorside High School,144199,English
c4174cd2-3d72-4e65-92b6-2d6753440155,2020,The Manchester Metropolitan University,M40,10004180,,,,Moorside Primary School,142499,Primary
6b7ee05f-4bc4-4c34-a728-31eb691415c8,2020,University of Cumbria,C99,10007842,,,,Moorside Primary School,119273,Primary
6ab1c1de-46f6-4f53-8545-1d2e2b3fa332,2020,Leeds Beckett University,L27,10003861,,,,Moorthorpe Primary School With Inclusion Resource,130863,Primary
23699dfe-ba40-4412-992b-3ca12e013570,2020,York St John University,Y75,10007713,,,,Moorthorpe Primary School With Inclusion Resource,130863,Primary
87ddc808-843a-4dd0-88c9-72d8a68fe7f6,2020,Roehampton University,R48,10007776,,,,Morden Primary School,102640,Primary
09476f1e-1bef-4f37-bfcc-ae51bd6491ae,2020,University of Worcester,W80,10007139,,,,Mordiford CofE Primary School,140464,Primary
f5140d27-99fe-48c2-94b5-cf426474c274,2020,University of Cumbria,C99,10007842,,,,Morecambe and Heysham Grosvenor Park Primary School,119351,Primary
8a647d5d-9337-4979-b998-032ad2df97fc,2020,University of Cumbria,C99,10007842,,,,Morecambe Bay Community Primary School,119135,Primary
28603d83-6559-4c85-bb5b-f5b0bc6da906,2020,"University of the West of England, Bristol",B80,10007164,,,,Moredon Primary School,140264,Primary
ed5fd7aa-28ad-4ca9-96e8-945303a3efeb,2020,"Goldsmiths, University of London",G56,10002718,,,,Moreland Primary School,100415,Primary
812ef2d3-82e0-4706-a67f-f625af37d858,2020,Canterbury Christ Church University,C10,10001143,,,,More Park Catholic Primary School,141472,Mathematics
a611b264-313d-4bee-ada4-7e0f7d316c48,2020,Canterbury Christ Church University,C10,10001143,,,,More Park Catholic Primary School,141472,Primary
8e4158c2-3440-4853-95a6-3d2cf90effad,2020,University of Cumbria,C99,10007842,,,,Moresby Primary School,112162,Primary
8fcbb63d-3f57-4980-b2c9-23ba4ddd968b,2020,Liverpool Hope University,L46,10003956,,,,Moreton Christ Church CofE Primary School,146530,Primary
c4d0a2fb-464d-45e6-beee-0f5d75b029cd,2020,University of Chester,C55,10007848,,,,Moreton Christ Church CofE Primary School,146530,Primary
fe7b59fe-e0f3-4403-b5ae-63af2d41686d,2020,University Of Plymouth,P60,10007801,,,,Moretonhampstead Primary School,141285,Primary
d08d9bff-86df-490b-8372-cce6b95eb97b,2020,University of Chester,C55,10007848,,,,Moreton Say CofE Primary School,123485,Primary
c69d1245-1e7d-41a5-8a38-1a2c070a952b,2020,Canterbury Christ Church University,C10,10001143,,,,Morgans Primary School & Nursery,117363,Primary
214658b7-3988-4785-80bd-32c021a971c8,2020,Plymouth Marjon University,P63,10037449,,,,Morice Town Primary Academy,143892,Early years ITT
ec49c0e2-b5f2-448c-b552-86f71852e35a,2020,Plymouth Marjon University,P63,10037449,,,,Morice Town Primary Academy,143892,Primary
6c155485-6bc3-4666-9567-af80893c93e6,2020,University of Cumbria,C99,10007842,,,,Morland Area CofE Primary School,112324,Primary
8d0851ec-6f8f-4320-a212-0a1d40099da0,2020,The University Of East Anglia,E14,10007789,,,,Morley Church of England Primary School,121120,Primary
839d068e-eea5-42e1-b001-0027e8c59335,2020,Leeds Beckett University,L27,10003861,,,,Morley Victoria Primary School,107866,Primary
0b7d4667-9439-4ab4-ba12-61c63ff11ff6,2020,University of Reading,R12,10007802,,,,Mortimer St Mary's C.E. Junior School,109977,Primary
f055b3ce-45d9-4aa9-888f-a62d843b3e89,2020,Lincoln Bishop University,B38,10007811,,,,Morven Park Primary and Nursery School,122717,Primary
8a866d34-a405-4b21-9165-be202a1efda5,2020,Sheffield Hallam University,S21,10005790,,,,Morven Park Primary and Nursery School,122717,Primary
b94bc2fb-311b-4cc9-8583-096fafd041c1,2020,Roehampton University,R48,10007776,,,,Mosaic Jewish Primary School,139687,Primary
336b7073-2cae-4dd1-b07e-415aac012b20,2020,Lincoln Bishop University,B38,10007811,,,,Mosborough Primary School,107039,Primary
b3079ec9-56d5-451e-a029-d44a590d8a64,2020,Sutton Park SCITT,25D,10035849,,,,Moseley Park,138098,Art and design
d2d28017-9d43-4438-8461-e9ced9449118,2020,University of Wolverhampton,W75,10007166,,,,Moseley Park,138098,History
2ecaac99-34e0-4c92-90c1-152f9d2ea2ea,2020,The Manchester Metropolitan University,M40,10004180,,,,Moston Lane Community Primary School,105428,Primary
89866e76-b690-4877-bf98-366f69d680b0,2020,The University of Brighton,B72,10000886,,,,Moulsecoomb Primary School,147680,Primary
eb7de941-f754-4137-8798-00d5ffbcf3ac,2020,University of Sussex,S90,10007806,,,,Moulsecoomb Primary School,147680,Primary
dab62bdf-bacb-43a6-be2b-584acf86f373,2020,Bradford College,B60,10000840,,,,Mount Carmel Catholic Primary School,101919,Primary
56de16ac-b392-4ec2-9411-f1f9bf6fb7f0,2020,St Mary's University,S64,10007843,,,,Mount Carmel Catholic Primary School,101919,Primary
9b41ddc1-daef-43d9-92fe-be885a299d28,2020,University of Northumbria at Newcastle,N77,10001282,,,,Mountfield Primary School,143269,Primary
aa309aa3-34f7-4540-a549-1a6ae090560e,2020,Leeds Trinity University,L24,10003863,,,,Mount Pellon Primary Academy,139270,Primary
d9288939-a907-454f-90ed-55e08b5b7898,2020,University of Huddersfield,H60,10007148,,,,Mount Pellon Primary Academy,139270,Primary
d4862a75-42d0-4e7b-9e61-cf0442d229a5,2020,University of Hull,H72,10007149,,,,Mount Pleasant Church of England Voluntary Controlled Junior School,117982,Primary
b8c1f966-7f5f-4702-991e-68506f03d43d,2020,University of Hertfordshire,H36,10007147,,,,Mount Pleasant Lane Primary School,145969,Primary
10f4df3f-a409-42b5-a6ec-54a1db8f3236,2020,Birmingham City University,B25,10007140,,,,Mount Pleasant Primary School,103780,Primary
c2fa0a6c-dbc6-4463-baff-133ae663695e,2020,Bradford College,B60,10000840,,,,Mount Pleasant Primary School,130925,Primary
4e143018-17cc-4bed-9741-609371d5f285,2020,University of Huddersfield,H60,10007148,,,,Mount Pleasant Primary School,130925,Primary
5ae391d9-7333-4def-9c3b-ba02f328444a,2020,University of Wolverhampton,W75,10007166,,,,Mount Pleasant Primary School,103780,Primary
33684224-eded-46bc-be45-5ae118a2cfff,2020,University of Worcester,W80,10007139,,,,Mount Pleasant Primary School,103780,Primary
9d754f64-16ef-4212-a8ec-b6beccb95d47,2020,Edge Hill University,E42,10007823,,,,Mount Primary School,104993,Primary
50c188b7-2513-4722-8718-47e78ac27200,2020,Liverpool John Moores University,L51,10003957,,,,Mount Primary School,104993,Primary
618f1a1c-d589-4e18-9cd7-4976f86c6e2b,2020,Middlesex University,M80,10004351,,,,Mount Stewart Infant School,101501,Primary
7e445f55-daa2-4a85-8a0c-e8b7bcc58f2f,2020,Edge Hill University,E42,10007823,,,,Mount St Joseph,105263,Mathematics
0e466edf-47cd-489f-99d3-87764485f0a9,2020,Edge Hill University,E42,10007823,,,,Mount St Joseph,105263,Religious education
3d2fa937-b870-4caa-ad69-31c0e553779d,2020,The Manchester Metropolitan University,M40,10004180,,,,Mount St Joseph,105263,Biology
bd9108e0-4337-49f3-88ed-b0570d04cfeb,2020,The Manchester Metropolitan University,M40,10004180,,,,Mount St Joseph,105263,English
49658df8-c24e-466c-8e83-f9543770d1f7,2020,Plymouth Marjon University,P63,10037449,,,,Mount Street Primary School,146097,Primary
6c9592c5-2df0-468a-9368-68282a392f49,2020,Plymouth Marjon University,P63,10037449,,,,Mount Wise Community Primary School,145656,Primary
71389fdc-ae85-4566-a27c-e78757879656,2020,University of Northumbria at Newcastle,N77,10001282,,,,Mowbray Primary School,122243,Primary
1c936859-f330-4a0d-ab83-c8b4c272dd60,2020,University of Worcester,W80,10007139,,,,Much Birch CofE Primary School,116833,Primary
98e88dae-3be2-439f-9655-3dbabe731629,2020,University of Chester,C55,10007848,,,,Much Wenlock Primary School,123407,Primary
e6aef6b5-706c-489a-9b53-8eb04e998836,2020,The University Of East Anglia,E14,10007789,,,,Mulbarton Primary School,120990,Primary
e4de8800-ed25-426b-acf7-7e5572d2d6eb,2020,The University Of East Anglia,E14,10007789,,,,Mundesley Infant School,120835,Primary
1418c082-f671-4cac-ba2c-5169ab5a834d,2020,The University Of East Anglia,E14,10007789,,,,Mundesley Junior School,121000,Primary
e9ff10c6-46b8-4834-9de7-b70e62abe435,2020,The University Of East Anglia,E14,10007789,,,,Mundford Church of England Primary Academy,141584,Primary
a8bd4eaa-8d79-4969-aab4-ee61e19441e7,2020,University of Chester,C55,10007848,,,,Murdishaw West Community Primary School,111174,Primary
3d161a91-9fcc-4dfc-9469-59d2122fb166,2020,Sheffield Hallam University,S21,10005790,,,,Murray Park Community School,112991,Mathematics
d5230adb-4706-4f9a-951c-71a4dc4f94f8,2020,University of Nottingham,N84,10007154,,,,Murray Park Community School,112991,Mathematics
354849d9-5b75-4354-9bf7-dc829f52e121,2020,Plymouth Marjon University,P63,10037449,,,,Musbury Primary School,143182,Primary
9d7c4feb-f18b-4651-a823-4eda9bef1427,2020,University Of Plymouth,P60,10007801,,,,Musbury Primary School,143182,Primary
51b6eceb-270a-4e0e-ac66-3b3efa0dedd5,2020,Roehampton University,R48,10007776,,,,Myers Grove School,107132,Primary
91a43a6b-5276-4a1e-875e-82a05723ddb1,2020,Leeds Beckett University,L27,10003861,,,,Myrtle Park Primary,107437,Primary
9de57c7e-12ff-4b48-92ff-39d84094199a,2020,Leeds Trinity University,L24,10003863,,,,Myrtle Park Primary,107437,Primary
0a3897cf-c9a4-4baf-a92c-68aec4819f4f,2020,University of Hull,H72,10007149,,,,Nafferton Primary School,117858,Primary
74e156d1-a801-49d8-b723-e44215f75675,2020,"University of the West of England, Bristol",B80,10007164,,,,Nailsea School,138466,English
e9951204-11fb-47eb-a6c0-181dad482660,2020,The University Of East Anglia,E14,10007789,,,,Narborough Church of England Primary Academy,142466,Mathematics
c955435a-52fa-4941-b836-8b6cbd3daf5e,2020,The University Of East Anglia,E14,10007789,,,,Narborough Church of England Primary Academy,142466,Primary
789de1b4-3745-4886-b843-710ba20142db,2020,University of Northumbria at Newcastle,N77,10001282,,,,NCEA Warkworth Church of England Primary School,147930,Primary
f6c99a06-29c6-48b9-b08e-c776d366c415,2020,University of Hull,H72,10007149,,,,Neasden Primary School,140247,Primary
0010cdea-a225-43f8-8ac9-40b357fc29cc,2020,The University Of East Anglia,E14,10007789,,,,Neatishead Church of England Primary School,121090,Primary
aa781964-3cb7-469d-b662-da17652e5afe,2020,The University Of East Anglia,E14,10007789,,,,Necton VA Primary School,134043,Mathematics
4a4108c6-b98d-4463-8583-549ee998f064,2020,The University Of East Anglia,E14,10007789,,,,Necton VA Primary School,134043,Primary
7913b943-abcc-47e8-bbac-bb963c4fcec0,2020,Birmingham City University,B25,10007140,,,,Nelson Primary School,103237,Primary
1343346c-dd02-4ee1-8315-d1d35b5c4d1e,2020,St Mary's University,S64,10007843,,,,Nelson Primary School,145122,Primary
3fbb6e75-7d53-4719-8086-2ea9b2ef811d,2020,University of Cumbria,C99,10007842,,,,Nenthead Primary School,112116,Primary
942b9a58-4e0c-4831-a535-7a13f80b0f1f,2020,Liverpool Hope University,L46,10003956,,,,Nercwys CIW Voluntary Aided Primary School,400377,Primary
0ab0d708-db8a-4ca1-b955-3514e95b69f6,2020,Edge Hill University,E42,10007823,,,,Neston High School,138318,English
c1d7153d-2ac7-4d7b-8097-e38fe6cb576f,2020,University of Chester,C55,10007848,,,,Neston Primary School,110987,Primary
b47986fb-6215-4f9d-b0f9-88b3e1c5d3a1,2020,Roehampton University,R48,10007776,,,,Nether Green Infant School,107029,Primary
4e863bd9-25af-470d-b0c0-b4a3941a393c,2020,York St John University,Y75,10007713,,,,Netherhall Learning Campus Junior School,107620,Primary
f88efce0-dc14-41c5-82bf-7bef957eabc9,2020,Bradford College,B60,10000840,Bottisham Village College,136677,school,Netherhall School,112382,Other subjects
31c8ca74-5b0c-45be-825e-971d15b1037d,2020,Leeds Trinity University,L24,10003863,,,,Netherhall St James CofE (VC) Infant and Nursery School,107700,Primary
4b32741c-16ea-458d-8880-328308892d83,2020,University of Huddersfield,H60,10007148,,,,Netherhall St James CofE (VC) Infant and Nursery School,107700,Primary
96c3e68d-19f1-4002-bca1-eb8a9cb6e40b,2020,University of Cumbria,C99,10007842,,,,Nether Kellet Community Primary School,119141,Primary
c164360b-9582-4811-80e4-c4ebf23277a3,2020,University of Wolverhampton,W75,10007166,,,,Nether Stowe School,146493,Geography
8f6963e5-d6db-4946-bbbb-4cac290e1ef7,2020,York St John University,Y75,10007713,,,,Netherthong Primary School,107660,Primary
fc976c67-b67f-4434-8b7c-f652e71b5f1c,2020,Newman University,N36,10007832,,,,Netherton CofE Primary School,144418,Primary
6353f2cd-5cde-4ed8-b993-39bf2a02c19f,2020,University of Huddersfield,H60,10007148,,,,Netherton Infant and Nursery School,146861,Primary
224c8cd1-11bb-402c-a366-f750486b2845,2020,Edge Hill University,E42,10007823,,,,Netherton Moss Primary School,104856,Primary
61ee45bd-d9e4-4020-81e7-08d9d4c8b594,2020,Liverpool Hope University,L46,10003956,,,,Netherton Moss Primary School,104856,Primary
ac149105-ce9a-42c2-aa14-4cb2b7fd8715,2020,Liverpool John Moores University,L51,10003957,,,,Netherton Moss Primary School,104856,Primary
e973b182-79db-43ab-8782-ff96b9a2b1fb,2020,University of Winchester,W76,10003614,,,,Netley Marsh Church of England Infant School,116302,Primary
41bf6e06-9869-4b6b-a446-c048fb5ed3f9,2020,University of Winchester,W76,10003614,,,,Nettlestone Primary School,118161,Primary
f7063da1-877e-4213-acd5-eda33585ce3e,2020,The Manchester Metropolitan University,M40,10004180,,,,Newall Green Primary School,142437,Mathematics
03adf226-5395-4e8d-87ed-990ba24ab514,2020,The Manchester Metropolitan University,M40,10004180,,,,Newall Green Primary School,142437,Primary
a3ee464a-ae8b-4b39-b06d-6bb867666eb6,2020,The University of Northampton,N38,10007138,,,,Newark Hill Academy,140377,Primary
6d05aabe-0ef0-4bc7-b3de-26a0df5ddb87,2020,York St John University,Y75,10007713,,,,Newbald Primary School,117859,Primary
c50471b2-1526-4c37-bee2-9c40380b4706,2020,Leeds Beckett University,L27,10003861,,,,New Bewerley Community School,121791,Primary
9f456a8d-15ce-41b7-8fb3-bae56b8eaad9,2020,Leeds Trinity University,L24,10003863,,,,New Bewerley Community School,121791,Primary
09d459b6-8b16-450d-a113-05971546dd42,2020,Birmingham City University,B25,10007140,,,,Newbold Church of England Primary School,120149,Primary
87b5e3a5-3143-48a4-b385-0f94f4dc2394,2020,University of Sunderland,S84,10007159,,,,Newbottle Primary Academy,140584,Primary
846dec39-b6b7-475f-83b1-a5213fdbc938,2020,Two Mile Ash ITT Partnership,T89,10059102,,,,New Bradwell Primary School,144424,Primary
9ee13b05-0614-4964-810e-64d7444d0c27,2020,Bath Spa University,B20,10000571,,,,Newbridge Primary School,131019,Early years ITT
34f6b970-7b57-41f3-ad60-267fd7838e2b,2020,Edge Hill University,E42,10007823,,,,New Brighton Primary School,104992,Primary
735e5d6d-9d18-450e-9b3d-1466f61b5ea9,2020,University of Hull,H72,10007149,Childhaven Community Nursery School,121267,school,Newby and Scalby Academy,145633,Primary
cea957e8-e79c-4e12-9b85-57bc22f4c27f,2020,University of Chester,C55,10007848,,,,Newcastle CofE Primary School,123488,Primary
4d2bb431-3890-4adb-b160-30e6c7a454f8,2020,University of Northumbria at Newcastle,N77,10001282,,,,Newcastle School for Boys,108544,Primary
8cb5793a-fc13-4353-89e2-5e345d3958bc,2020,University of Reading,R12,10007802,,,,New Christ Church Church of England Primary School,145660,Primary
96833de5-fb72-4559-b155-2f05c11528a5,2020,Edge Hill University,E42,10007823,,,,Newchurch Community Primary School,111189,Primary
27a39c66-6e92-45f6-82ae-46d9816574b4,2020,University of Leicester,L34,10007796,,,,New College Leicester,131945,Chemistry
eff307ed-716d-472b-aa5f-5c72740f3372,2020,Leeds Beckett University,L27,10003861,,,,New Earswick Primary School,144651,Primary
edcae9aa-a564-4839-92b0-636ccd4efffe,2020,Sheffield Hallam University,S21,10005790,"Archbishop Holgate's School, A Church of England Academy",136617,school,New Earswick Primary School,144651,Primary
1533af34-0f76-40da-bf65-891a896de4bd,2020,Roehampton University,R48,10007776,,,,New End Primary School,100019,Primary
2cc64645-8b77-49a6-81d7-281fe3622b9a,2020,University of Northumbria at Newcastle,N77,10001282,,,,New Hartley First School,122224,Primary
ef638c06-e834-46d0-8ca5-5bb228dc1e83,2020,University of Sunderland,S84,10007159,,,,New Hartley First School,122224,Primary
0f3a5252-d8e1-4d83-bf91-4e3b55a0e512,2020,Leeds Beckett University,L27,10003861,,,,Newhey Community Primary School,105789,Primary
8cafea76-4d1e-4d2c-b434-4e01b87bfce8,2020,Canterbury Christ Church University,C10,10001143,,,,New Horizons Children's Academy,140215,Primary
b55941aa-dcb9-4308-81b4-2c6a2344d6a8,2020,University of Sussex,S90,10007806,,,,Newick Church of England Primary School,114528,Primary
a121a8c9-f460-41d5-8820-717b6cdd114a,2020,Canterbury Christ Church University,C10,10001143,,,,Newington Church of England Primary School,118649,Primary
79860cb0-2dbe-42c6-9195-eb2690caddbb,2020,Bradford College,B60,10000840,,,,Newington Community Primary School,135214,Primary
37998a5c-bcd4-45e1-be77-b7fa3ce77d42,2020,University of Wolverhampton,W75,10007166,,,,New Invention Junior School,104192,Primary
7e99cb79-cf9f-427a-af55-e60a8fc23d86,2020,Edge Hill University,E42,10007823,,,,Newlaithes Infant School,112226,Mathematics
69d3ad49-35d6-44ef-96c0-0cc4be7698ed,2020,Leeds Beckett University,L27,10003861,,,,Newlaithes Infant School,112226,Primary
d9483bbc-ec50-4f51-8f83-079a3efa5a00,2020,University of Cumbria,C99,10007842,,,,Newlaithes Infant School,112226,Primary
d6fd967b-6e7c-4f92-adcb-256a6551413b,2020,University of Cumbria,C99,10007842,,,,Newlaithes Junior School,112224,Primary
b3442fff-fa5d-4447-a37a-ba2b67b13383,2020,University of Hull,H72,10007149,,,,Newland School for Girls,144307,English
3fab3660-cccc-4c8f-808e-bb8602f0f14e,2020,Lincoln Bishop University,B38,10007811,,,,Newlands Junior School,122453,Primary
48def612-f81b-4509-a654-16957f0ec21e,2020,Canterbury Christ Church University,C10,10001143,,,,Newlands Primary School,138436,Primary
11c77350-2342-4904-a02d-b3d90a5caa72,2020,Leeds Beckett University,L27,10003861,,,,Newlands Primary School,133318,Primary
eb6ac4f5-8d81-40ae-a579-98dbb500f167,2020,University of Winchester,W76,10003614,,,,Newlands Primary School,116080,Primary
b9ae9b4f-1dc3-4f66-a719-71889cbcacfd,2020,University of Winchester,W76,10003614,,,,Newlands Primary School,133704,Primary
0d2f30ef-b781-450b-b951-56017def52d3,2020,University of Hull,H72,10007149,,,,Newland St John's Church of England Academy,141719,Primary
48645528-e965-4e95-a9f4-c3368f27c7a1,2020,"Cambridge Training Schools Network, CTSN SCITT",1WO,10055220,Bottisham Village College,136677,school,Newmarket Academy,140669,Mathematics
8de5ae06-fc52-4058-ac60-2f43e4f31cc5,2020,Leeds Beckett University,L27,10003861,,,,New Mill Infant School,147517,Primary
b2f63d5d-c544-41df-98a5-8fe4af40c412,2020,University of Huddersfield,H60,10007148,,,,New Mill Infant School,147517,Primary
e933ffa4-3eef-473e-908e-37e5e8c47c57,2020,Leeds Beckett University,L27,10003861,,,,New Mill Junior School,147799,Primary
7c3d8045-aac1-48b1-b637-409f04783b38,2020,Liverpool Hope University,L46,10003956,,,,New Park Primary School,145359,Primary
1d63ae8f-eb8b-495c-9cba-d027a05935e3,2020,University of Sunderland,S84,10007159,,,,New Penshaw Academy,139391,Primary
e54d52c4-c71b-4588-a8fe-8db5068226cd,2020,University of Chichester,C58,10007137,,,,Newport Church of England Aided Primary School,118200,Primary
d4f9fd7e-7920-4f07-a294-c996ad78de25,2020,University of Hull,H72,10007149,,,,Newport Primary School,117860,Primary
ef3a2995-ed76-45dd-984c-baf2fbaa2fcb,2020,York St John University,Y75,10007713,,,,Newport Primary School,117860,Primary
1e26dbd3-48b2-4257-9e68-c9f79b0f201d,2020,University of Northumbria at Newcastle,N77,10001282,,,,Newsham Primary School,122261,Primary
eeee7e83-a069-461e-96c5-3421a0e782e1,2020,University of Huddersfield,H60,10007148,,,,Newsome Academy,147888,Chemistry
2ef65f4d-1824-4aab-9149-a17391073b1a,2020,Leeds Beckett University,L27,10003861,,,,Newsome Junior Academy,150570,Primary
ac670209-f02a-4729-8054-94692707bfcf,2020,Leeds Beckett University,L27,10003861,,,,Newsome Junior School,107630,Primary
550fea6b-6dc3-4dc5-b66e-77e42c249c52,2020,Roehampton University,R48,10007776,,,,"Newton Farm Nursery, Infant and Junior School",102181,Primary
52327f46-fe26-4bfd-b441-ef7f9981fa75,2020,Leeds Beckett University,L27,10003861,,,,Newton Hill Community School,108164,Primary
4a5ed5aa-af42-4baa-a835-e08f9ea6aa61,2020,Edge Hill University,E42,10007823,,,,Newton-le-Willows Primary School,104775,Primary
3e4cdbe7-7276-429c-a5f5-aa1b9a2a21bf,2020,University of Chester,C55,10007848,,,,Newton Primary School,110976,Primary
d3cf80ce-6c7e-4673-bd4a-0c8a868afd18,2020,Coventry University,C85,10001726,,,,Newton Road School,146208,Primary
5f3c2033-3706-4544-a56a-7832542ae170,2020,St Mary's University,S64,10007843,,,,Newtons Primary School,102319,Primary
b8bde96d-cf1f-4be6-b1ae-bc284d31c476,2020,University of Chichester,C58,10007137,,,,Newtown Church of England Voluntary Controlled Primary School,116336,Primary
6d330130-03c8-41be-b74e-f620359671c4,2020,Edge Hill University,E42,10007823,,,,Newtown CofE Primary School,123490,Primary
729aca39-eeaa-45e5-9d58-ecce31518897,2020,University College Birmingham,B35,10000712,,,,Newtown Nursery School,103141,Primary
62496328-bbb1-412f-b828-415dcf0ba694,2020,University of Reading,R12,10007802,,,,New Town Primary School,142682,Primary
ebe25ac5-86e6-4004-87f4-fd7e3e296f2c,2020,The Manchester Metropolitan University,M40,10004180,,,,Newtown Primary School (High Peak Federation),112599,Primary
1046a4c7-e728-42ab-8147-2c13e4231af7,2020,Sheffield Hallam University,S21,10005790,,,,New Whittington Community Primary School,144012,Primary
7ae06e8c-d96e-4a9c-8480-507f6efba163,2020,University of Northumbria at Newcastle,N77,10001282,,,,New York Primary School,108607,Primary
4d80f74e-d4ca-4171-89ab-c55c8088ec38,2020,University of Northumbria at Newcastle,N77,10001282,,,,New York Primary School,120467,Primary
5918d204-cf34-41d5-9510-68024b75685b,2020,Edge Hill University,E42,10007823,,,,Nicol Mere School,106430,Primary
fa2cfbd5-30c9-4137-914d-5dfbceb8b7f0,2020,University of Cumbria,C99,10007842,,,,Nightingale Primary School,100254,Primary
492641de-e9e2-4fe0-b06a-168256b1c462,2020,University of Chichester,C58,10007137,,,,Nine Acres Primary School,118164,Primary
b725043a-e24c-439c-b531-e0048e6969e9,2020,Leeds Trinity University,L24,10003863,,,,Ninelands Primary School,107873,Primary
89eba4f4-2f36-4f43-b06a-0267f7c039f7,2020,The University of Brighton,B72,10000886,,,,Nine Mile Ride Primary School,145281,Mathematics
3a63651c-6c30-425b-a82e-3b8507bfcdaf,2020,University of Reading,R12,10007802,,,,Nine Mile Ride Primary School,145281,Primary
3b8e80bb-1c36-46b5-9428-bcfd10df0240,2020,Birmingham City University,B25,10007140,,,,"Ninestiles, an Academy",136406,Physical education
de21496c-1bb6-4f4c-9db7-8c5f67247154,2020,The University Of Birmingham,B32,10006840,,,,"Ninestiles, an Academy",136406,Mathematics
bfc336d7-7457-45e2-8480-20b6cf34eebb,2020,University of Wolverhampton,W75,10007166,,,,Nishkam Primary School Birmingham,137492,Primary
d452164e-7dce-475a-9366-533bd54d6cfb,2020,Edge Hill University,E42,10007823,,,,Nishkam Primary School Wolverhampton,139274,Primary
54344502-f463-4644-a603-99dd98347c61,2020,University of Wolverhampton,W75,10007166,,,,Nishkam Primary School Wolverhampton,139274,Primary
6ec4953b-07a7-4c1f-8ffb-e8791e46a3bb,2020,Roehampton University,R48,10007776,,,,Nishkam School West London,139720,Primary
fc336443-b2d5-48fe-ab50-d8d2be5a5503,2020,Lincoln Bishop University,B38,10007811,,,,Nocton Community Primary School,120383,Primary
b1b0458a-5652-407a-939d-99602e9ab653,2020,University of Nottingham,N84,10007154,,,,Noel-Baker Academy,143853,Physics
6b179569-5b02-42b3-bf58-abade495f55c,2020,Birmingham City University,B25,10007140,,,,Nonsuch Primary School,142358,Primary
42a17c90-b03a-4fd4-ad51-cc326e22e3b6,2020,Kingston University,K84,10003678,,,,Nonsuch Primary School,102985,Primary
ec281a5e-dcb2-4084-9230-781c0340cc5e,2020,London South Bank University,L75,10004078,,,,Noor Ul Islam Primary School,133517,Primary
74632ee8-53bc-4919-83e2-712d49494adb,2020,Lincoln Bishop University,B38,10007811,,,,Norbridge Academy,137362,Primary
4e4f1a88-61c6-4456-ab15-a51ce69a0c8e,2020,Sheffield Hallam University,S21,10005790,,,,Norbridge Academy,137362,Primary
3dc382ee-7a15-4a9a-b9bf-db1890da0775,2020,Coventry University,C85,10001726,,,,Norlington School and 6th Form,143385,Music
c54ef981-9a2f-4b15-8833-d599981e25c4,2020,Lincoln Bishop University,B38,10007811,,,,Normanby Primary School,120468,Primary
f5c17912-4bc7-4956-9fa9-31a8e6def701,2020,Leeds Beckett University,L27,10003861,,,,Norman Pannell Primary School,104600,Primary
e3a78c01-f3ff-49f7-802b-808ffc187613,2020,University of Cumbria,C99,10007842,,,,Norman Street Primary School,112219,Primary
0e3fbbe3-1ba4-4532-b919-571a1b4c88d7,2020,Leeds Trinity University,L24,10003863,,,,Normanton Common Primary Academy,141799,Primary
752d409a-0fce-4b78-9067-c4d249565e3b,2020,Leeds Trinity University,L24,10003863,,,,Normanton Junior Academy,141878,Primary
0cb85b2b-6fdc-4d2d-a7f8-2f019fea1853,2020,University of Huddersfield,H60,10007148,,,,Norristhorpe Junior and Infant School,107685,Primary
615f7d46-f230-4f8b-af8f-1a45f24aba19,2020,University of Hertfordshire,H36,10007147,,,,Northaw Church of England Primary School,117569,Primary
c2216968-3e9b-46be-b564-034775a33da2,2020,Canterbury Christ Church University,C10,10001143,,,,North Borough Junior School,118301,Primary
f6c69e46-5f54-4430-8061-1528983f3f66,2020,Oxford Brookes University,O66,10004930,,,,Northbourne Church of England Primary School,144688,Primary
0b98e320-f818-419f-849a-cf508aa45d54,2020,Canterbury Christ Church University,C10,10001143,,,,Northbourne Park School,118941,Primary
137c4d67-78d8-4b2f-9d11-df9bf2a95d37,2020,"University of the West of England, Bristol",B80,10007164,,,,North Bradley CofE Primary School,126344,Primary
4c02bdba-3730-4254-87a4-729008018600,2020,Coventry University,C85,10001726,,,,North Bridge House Senior School,100074,Art and design
7fa7a4e3-528d-4635-abf9-eadf8ee6e9cd,2020,Coventry University,C85,10001726,,,,Northbury Primary School,101196,Primary
5f50be91-3218-4420-b30a-be4adee6f2eb,2020,Edge Hill University,E42,10007823,,,,Northcote Primary School,104564,Primary
b629b2ec-c913-461d-ae7c-dc73b76c6cb4,2020,The University Of East Anglia,E14,10007789,,,,North Denes Primary School and Nursery,120973,Primary
492638bd-3606-4925-9ff7-209a6372c501,2020,Canterbury Christ Church University,C10,10001143,,,,Northdown Primary School,138434,Primary
69ada81b-30ca-4ac9-9e46-c58dba94b6bd,2020,University of Sussex,S90,10007806,,,,North Downs Primary School,124949,Primary
f514e1c7-0b63-40b8-a7f9-f75bd049f7df,2020,University of Sunderland,S84,10007159,,,,North East Futures UTC,145900,Biology
aebe9704-9d32-4b91-96f0-56bd34ad08d2,2020,University of Sunderland,S84,10007159,,,,North East Futures UTC,145900,Chemistry
863c35e3-a0cc-486d-b769-87ad50f61963,2020,University of Winchester,W76,10003614,,,,North Farnborough Infant School,116145,Primary
d3b3cf81-ba30-416b-bdd7-603ef730c381,2020,University of Hull,H72,10007149,,,,North Ferriby Church of England Voluntary Controlled Primary School,117985,Primary
a96fbbb8-1ce7-4d39-816d-7766fa325917,2020,Sheffield Hallam University,S21,10005790,,,,Northfield Junior School,112685,Primary
775c1396-9be5-4473-9447-06912dd360aa,2020,Coventry University,C85,10001726,,,,Northfield Manor Primary Academy,142203,Primary
587c6e2f-0e2d-4d86-9686-e1328ffe46f7,2020,The University Of East Anglia,E14,10007789,,,,Northfield St Nicholas Primary Academy,142016,Primary
e5ca8934-5729-427a-9f3c-da41689d236a,2020,Coventry University,C85,10001726,,,,Northfleet Technology College,118928,Modern languages
3bcd9978-c2ee-4084-bd06-437d62cffb81,2020,University of Hull,H72,10007149,,,,North Frodingham Primary School,117861,Primary
79a18433-4fbe-4de0-884c-66b3226c8633,2020,The University Of East Anglia,E14,10007789,Kesgrave High School,136969,school,Northgate High School,124840,Physical education
4bcdecde-6766-4425-998c-d838bd347d46,2020,The University Of East Anglia,E14,10007789,,,,Northgate High School,124840,English
28b24c89-c4f7-4c41-be7b-eeef85a3bb2d,2020,The University Of East Anglia,E14,10007789,,,,Northgate High School,124840,Physical education
266b716f-c5f3-4ace-9fd2-aa85de97e304,2020,The University Of East Anglia,E14,10007789,,,,Northgate High School,141268,Biology
8c937a32-3497-445c-93c8-8735593554d0,2020,The University Of East Anglia,E14,10007789,,,,Northgate High School,141268,Physical education
b2d42c84-9f47-4d10-9704-cfe019d2bdab,2020,St Mary's University,S64,10007843,,,,Northgate Primary School,138539,Primary
0a62f83d-f59c-4752-94b2-13d2af8e9b8e,2020,The University of Brighton,B72,10000886,,,,North Heath Community Primary School,125949,Primary
f6a50dd2-a832-4450-95be-c6a4cdc65adf,2020,University of Worcester,W80,10007139,,,,Northleigh CofE Primary School,147284,Primary
9fc2d397-7c08-4d0d-a9f7-d6b68f09f998,2020,Bradford College,B60,10000840,,,,North London Grammar School,134764,Other subjects
d5c048e1-6bae-49d3-9907-5bbfc8ad19d1,2020,The Manchester Metropolitan University,M40,10004180,,,,Northmoor Academy,142412,Primary
7806061d-318d-4d3d-9f4b-dc2445b9a92a,2020,University of Chichester,C58,10007137,,,,North Mundham Primary School,125847,Primary
edda7b87-0f06-4b25-9370-db003ff753ae,2020,University of Gloucestershire,G50,10007145,,,,North Nibley CofE Primary School,115695,Primary
7fbef1f8-a28e-4496-a51b-eefc6bffb265,2020,University of Chester,C55,10007848,,,,Northop Hall C.P. School,400333,Primary
6a72ccd8-760b-4f24-8da9-406c03e0e37e,2020,Leeds Trinity University,L24,10003863,,,,North Rigton Church of England Primary School,142851,Primary
eb81ff10-7737-4faf-9e00-7da6feafada9,2020,University of Sunderland,S84,10007159,,,,North Shore Academy,136146,Mathematics
bd40630b-fecd-401a-bf60-9c0bc601c25c,2020,University Of Plymouth,P60,10007801,,,,North Tawton Community Primary School and Nursery,145333,Primary
7fd795b3-e0b9-4ae1-a9f8-6e472b103df8,2020,University of Greenwich,G70,10007146,,,,Northumberland Heath Primary School,137380,Primary
b7fe9e7e-e629-47f3-b37c-ebc727ecbab6,2020,Edge Hill University,E42,10007823,,,,North Walkden Primary School,105922,Primary
dd9ac4e3-ab7a-413b-9475-e94c009d9115,2020,University of Wolverhampton,W75,10007166,,,,North Walsall Primary Academy,144499,Primary
ca3546df-3101-4c55-b88f-95a0b4016005,2020,The University Of East Anglia,E14,10007789,,,,North Walsham High School,121154,Geography
5f8fb5a4-697f-4b0a-99da-79a306ed950c,2020,The University Of East Anglia,E14,10007789,,,,North Walsham High School,121154,Modern languages
302ef3fe-72b7-4d36-819b-4aa6f92d26c6,2020,University of Winchester,W76,10003614,,,,North Waltham Primary School,115932,Primary
32b69e55-fb59-4afb-87ad-5b965d97d828,2020,Liverpool Hope University,L46,10003956,,,,Northway Primary and Nursery School,104565,Primary
4e03d682-b8c0-44ea-86d9-0212f180dfe8,2020,Liverpool John Moores University,L51,10003957,,,,Northway Primary School,104879,Primary
0a9b45c8-aa25-4214-bc7e-43a2a24f8c44,2020,Edge Hill University,E42,10007823,,,,Northwood Community Primary School (With Designated Special Provision),135807,Primary
0c4e9e26-1514-4681-9f3d-59dfbb1652ad,2020,Staffordshire University,S72,10006299,,,,Northwood Park Primary School,141648,Primary
34fa15ad-5353-4e86-9e3e-1bc5b5c8f8cf,2020,University of Wolverhampton,W75,10007166,,,,Northwood Park Primary School,141648,Primary
02bf1cbe-261e-40d1-8b68-73d9c130fc31,2020,Leeds Beckett University,L27,10003861,,,,North Wootton Academy,144020,Primary
80a0fbf9-b7e2-4376-b0cb-9fe1e946abb1,2020,Birmingham City University,B25,10007140,,,,Norton Canes High School,124395,Physical education
dafe0a58-1163-42f8-9b13-efad015aaae7,2020,University of Wolverhampton,W75,10007166,,,,Norton Canes Primary Academy,140489,Primary
dc71f800-dae2-4fd8-a6a9-14ee1be0cff0,2020,University of Gloucestershire,G50,10007145,,,,Norton Church of England Primary School,115642,Primary
2309cbcc-c874-4229-a866-87e10d5732c8,2020,York St John University,Y75,10007713,,,,Norton Community Primary School,121456,Primary
4ec17977-24af-4ec9-a857-81ee636fddea,2020,Bath Spa University,B20,10000571,,,,Norton Hill Academy,136335,Geography
4e70db68-5a00-444e-8d31-166f7889188f,2020,Bath Spa University,B20,10000571,,,,Norton Hill Academy,136335,Physical education
f3106cca-9ab1-4126-9987-6f209e6f524f,2020,University of Worcester,W80,10007139,,,,Norton Juxta Kempsey CofE Primary School,144586,Primary
da46e1c5-ab9d-406e-b846-1bf3493765b6,2020,Staffordshire University,S72,10006299,,,,Norton-Le-Moors Primary Academy,140859,Primary
abb59849-4c60-436b-9afe-cd729c1ab14e,2020,University of Sunderland,S84,10007159,,,,Norton Primary Academy,140519,Primary
33870933-91a1-4764-aa95-65795907b043,2020,University of Hertfordshire,H36,10007147,,,,Norton St Nicholas CofE (VA) Primary School,117442,Primary
90533f31-61e8-4f90-8e92-9bb5be27a552,2020,Lincoln Bishop University,B38,10007811,,,,Norwell CofE Primary School,122766,Primary
a6c47090-f6c0-45b1-9871-293cb028ffae,2020,The University Of East Anglia,E14,10007789,,,,Norwich School,121242,Chemistry
887b03d8-b370-44d2-a176-53331c0a6f72,2020,The University Of East Anglia,E14,10007789,,,,Norwich School,121242,English
444373fb-4e91-45a7-aa8d-5a6285ad6bba,2020,The University Of East Anglia,E14,10007789,,,,Norwich School,121242,Mathematics
9f7dd0bd-7163-4c03-972a-c048dc620174,2020,The University Of East Anglia,E14,10007789,,,,Norwich School,121242,Modern languages
76d41873-815f-4854-8feb-c7b925c94df5,2020,Roehampton University,R48,10007776,,,,Norwood Green Infant and Nursery School,102496,Primary
44be15bd-7756-4697-bfaf-b9d2aceb1a3f,2020,St Mary's University,S64,10007843,,,,Norwood Green Junior School,139869,Primary
6116af94-9a93-489c-86a7-e7b7de164d64,2020,Edge Hill University,E42,10007823,,,,Norwood Primary School,104865,Primary
4b9ef0d8-5472-4347-a462-e06f01a741d6,2020,Mid Essex Initial Teacher Training,M82,10058864,,,,Notley High School and Braintree Sixth Form,137013,History
21c15ecd-ca83-4e2b-bb69-189f5f97e388,2020,The University Of East Anglia,E14,10007789,,,,"Notre Dame High School, Norwich",137913,Chemistry
7761d41e-7be0-4006-b077-283eca1ca647,2020,The University Of East Anglia,E14,10007789,,,,"Notre Dame High School, Norwich",137913,English
b34a5806-1e7d-4a3d-bfb7-4269dee2fa75,2020,The University Of East Anglia,E14,10007789,,,,"Notre Dame High School, Norwich",137913,Geography
76873e36-e54e-463b-b113-67eb4e5cf912,2020,The University Of East Anglia,E14,10007789,,,,"Notre Dame High School, Norwich",137913,History
feb9b3f9-1bb6-4525-9927-f319181fbe1c,2020,The University Of East Anglia,E14,10007789,,,,"Notre Dame High School, Norwich",137913,Mathematics
5b700ce0-e6f8-42d8-a21d-d918c270ba4f,2020,The University Of East Anglia,E14,10007789,,,,"Notre Dame High School, Norwich",137913,Modern languages
2ff46eee-d50e-4f9c-ba70-16f64a4437c5,2020,The University Of East Anglia,E14,10007789,,,,"Notre Dame High School, Norwich",137913,Physical education
74f08349-db65-4f5c-9b04-eca3819e3914,2020,The University Of East Anglia,E14,10007789,,,,"Notre Dame High School, Norwich",137913,Physics
edcbb237-d00e-428d-9d88-39fe707a48f5,2020,The University Of East Anglia,E14,10007789,,,,Notre Dame Preparatory School (Norwich) Limited,121239,Primary
f8c6c122-fb6d-4458-a36a-c171ccdfc1a7,2020,Plymouth Marjon University,P63,10037449,,,,Notre Dame RC School,140737,Physical education
b1ed8e63-fc52-4544-a735-549d871bbbef,2020,University of Nottingham,N84,10007154,,,,Nottingham Academy,135881,English
df851860-e002-4db9-818f-582e00bb5a69,2020,"University of the West of England, Bristol",B80,10007164,,,,Nova Primary School,108914,Primary
7356cc20-7fb1-4915-a9ca-30354b3be348,2020,York St John University,Y75,10007713,,,,Nun Monkton Primary Foundation School,121721,Primary
45994db5-dfe2-41b0-bbb6-5f60ed655949,2020,Leeds Beckett University,L27,10003861,,,,Nunthorpe Primary Academy,140919,Primary
22293474-ec73-47e9-b876-0bf92a2e50af,2020,University of Sunderland,S84,10007159,,,,Nunthorpe Primary Academy,140919,Primary
d3226641-620f-4001-b532-fce3c230f1f2,2020,Edge Hill University,E42,10007823,,,,Nutgrove Methodist Primary School,146120,Primary
16f028f9-e03f-4506-a463-7dff414acdad,2020,Birmingham City University,B25,10007140,,,,Oak Cottage Primary School,104056,Primary
3bd3db29-78ae-4f7e-bfbf-fda21f4a6d2b,2020,University of Sunderland,S84,10007159,,,,Oakdene Primary School,131409,Primary
2416dc70-4ab0-44b2-a310-bd0c2f6efb58,2020,Liverpool Hope University,L46,10003956,,,,Oakfield Community Primary School,133322,Primary
ae2e4530-9ddf-4658-a5a2-ddb22973f52e,2020,Edge Hill University,E42,10007823,,,,Oakfield High School and College,131530,English
f35acaa4-1b28-43a8-a509-af1ad2ed0db6,2020,Edge Hill University,E42,10007823,,,,Oakfield High School and College,131530,Mathematics
f0f3d24b-bb7b-4fb2-93cc-23e8b375c256,2020,Edge Hill University,E42,10007823,,,,Oakfield High School and College,131530,Religious education
ebf2ad52-7810-4cd5-91ec-0abc981de284,2020,Liverpool Hope University,L46,10003956,,,,Oakfield High School and College,131530,Biology
ae4864b7-1666-45c8-b6eb-b7e135313490,2020,University of Northumbria at Newcastle,N77,10001282,,,,Oakfield Infant School - Part of Oakfield Schools Federation,108332,Primary
b134528b-93c1-40b8-ac9c-a1d7bc93d486,2020,University of Sunderland,S84,10007159,,,,Oakfield Infant School - Part of Oakfield Schools Federation,108332,Primary
c2ab47d9-0654-4e34-bad2-b7ddb3ba8513,2020,Lincoln Bishop University,B38,10007811,,,,Oakfield Primary School,134867,Primary
37c9cd99-d41b-4d7b-ad42-263e54171452,2020,University of Sussex,S90,10007806,,,,"Oakfields Primary School, Horsham",125836,Primary
6169e0c3-ea71-402b-895b-7ce39895d329,2020,Two Mile Ash ITT Partnership,T89,10059102,,,,Oakgrove School,136454,Primary
1dcec4a6-f8a1-4010-a0a6-b6de07f00927,2020,University of Wolverhampton,W75,10007166,,,,Oakham Primary School,103950,Primary
9e260eff-b4dc-4ec0-95a4-f65bbfc5fd84,2020,Kingston University,K84,10003678,,,,Oakhyrst Grange School,125372,Primary
89a19714-c549-4310-8119-83bb04059a19,2020,Roehampton University,R48,10007776,,,,Oakington Manor Primary School,142718,Primary
83c23e74-77ee-49e7-9caa-63fbcd76fa18,2020,St Mary's University,S64,10007843,,,,Oakington Manor Primary School,142718,Primary
641f5f8d-70b6-462a-8871-5ca2cba8b37d,2020,University of Reading,R12,10007802,,,,Oaklands Junior School,145282,Primary
1ea01624-bab2-4e13-8221-31bab4144de6,2020,Roehampton University,R48,10007776,,,,Oaklands Primary Academy,142234,Primary
2c1e60c2-efc4-4f5e-a0f4-88697261485f,2020,University of Hertfordshire,H36,10007147,,,,Oaklands Primary School,117261,Primary
13a067fe-1f6c-493a-af2a-6e5947755879,2020,Canterbury Christ Church University,C10,10001143,,,,Oaklands School,148117,Primary
6705add9-eb0f-4e3a-9f10-a7d1d08f95cf,2020,St Mary's University,S64,10007843,,,,Oaklands School,102555,Primary
61d0506f-9476-4a57-8daa-b65f75255505,2020,University of Greenwich,G70,10007146,,,,Oaklands School,148117,Primary
8d722767-3fc4-4e12-8d51-7b5ccb8cda61,2020,University of Derby,D39,10007851,,,,Oakley Vale Primary School,140120,Primary
5ea10dee-777d-4808-93ce-e6192d508049,2020,University of Chester,C55,10007848,,,,Oakmeadow Church of England Primary and Nursery School,135787,Primary
0014dd73-3172-4f3e-8172-eea82b9e46d9,2020,University of Worcester,W80,10007139,,,,Oakmeadow Church of England Primary and Nursery School,147830,Primary
679f9224-ca8c-4b20-aa9c-43ee12665d66,2020,West Midlands Consortium,W53,10006894,,,,Oakmeadow Church of England Primary and Nursery School,147830,Primary
d43c5adc-a5b0-411e-9a14-5126b78c5a06,2020,University of Wolverhampton,W75,10007166,,,,Oak Meadow Primary School,104341,Primary
58c786c6-d890-42c9-9e73-7eb9f085b7f8,2020,University of Wolverhampton,W75,10007166,,,,Oak Meadow Primary School,149553,Primary
d16c418d-30fe-4fc8-bdf8-1a841dbf2ae0,2020,University of Winchester,W76,10003614,,,,Oakridge Infant School,115859,Primary
cac50144-f715-49e3-983c-2857f63c8375,2020,Liverpool John Moores University,L51,10003957,,,,Oakridge Primary School,124130,Primary
e6ff125f-7540-47e2-abd8-72ff3680f9da,2020,Staffordshire University,S72,10006299,,,,Oakridge Primary School,124130,Primary
3590d875-053d-4378-b60c-ccd760df670f,2020,The University of Brighton,B72,10000886,,,,Oak Tree Primary School,125930,Primary
6b2bbc5a-e331-484c-9854-79d57d27c200,2020,University of Hertfordshire,H36,10007147,,,,Oak View Primary and Nursery School,135223,Primary
7adc1a69-38c3-4863-b754-08c1a1ad4460,2020,Sheffield Hallam University,S21,10005790,,,,Oakwood Infant and Nursery School,112767,Primary
991381b6-8be7-42df-95f8-a3aa2e73fc1b,2020,Nottingham Trent University,N91,10004797,,,,Oakwood Junior School,146938,Primary
bec1d282-b1e0-4b82-96ca-cc4f85ad7315,2020,University of Derby,D39,10007851,,,,Oakwood Junior School,146938,Primary
8e5e9698-b448-447b-b86b-9c847a111fe0,2020,University of Gloucestershire,G50,10007145,,,,Oakwood Primary School,135857,Primary
046aef8c-f23f-4df5-8920-8635fe430c58,2020,Bradford College,B60,10000840,,,,Oakwood School,131033,Mathematics
7bc16493-ba8e-4fb8-98ab-96050e065053,2020,The University of Brighton,B72,10000886,,,,Oakwood School,125273,Physical education
697283fc-b178-40ee-9e29-ae15aee0552c,2020,University of Sussex,S90,10007806,,,,Oakwood School,125273,English
6f6e3bb4-17a0-40b6-b5ab-96e9d15f1e63,2020,University of Wolverhampton,W75,10007166,,,,Oakwood School,104275,Primary
37098c11-7d24-412d-b543-8f82b634d84f,2020,Brunel University London,B84,10000961,,,,Oak Wood School,102449,English
27e1ba1f-20e8-413f-9434-c9b141a9b215,2020,The Manchester Metropolitan University,M40,10004180,,,,Oasis Academy Aspinal,140052,Primary
4e3ce2e5-5f78-442b-ada7-ebc878824286,2020,"University of the West of England, Bristol",B80,10007164,,,,Oasis Academy Bank Leaze,138409,Primary
5a5dd365-04d4-4f47-b110-9e4ed0ab6409,2020,Birmingham City University,B25,10007140,,,,Oasis Academy Blakenhale Infants,139120,Primary
8965b383-6be7-4b1a-a5a7-0a9559806b49,2020,Birmingham City University,B25,10007140,,,,Oasis Academy Blakenhale Junior,139129,Primary
f7bb29e0-ac38-4971-96ae-22dd1c6ceae6,2020,Birmingham City University,B25,10007140,,,,Oasis Academy Boulton,139242,Primary
93f41e97-c31c-481f-813b-8dba95bd3159,2020,Coventry University,C85,10001726,,,,Oasis Academy Boulton,139242,Primary
ef90a231-c7d8-4b92-b7d6-81ebbb24c79f,2020,Sheffield Hallam University,S21,10005790,,,,Oasis Academy Don Valley,140394,Primary
2ed5eddb-1cad-4da7-9e9f-93be0c37e505,2020,The Manchester Metropolitan University,M40,10004180,,,,Oasis Academy Don Valley,140394,Other subjects
ca637915-0556-4e1b-891c-58f7cbb39dfb,2020,Sheffield Hallam University,S21,10005790,,,,Oasis Academy Fir Vale,140218,Primary
06669ce8-c1b0-41e3-8c1a-5c480b649943,2020,Birmingham City University,B25,10007140,,,,Oasis Academy Foundry,140161,Primary
0556fe69-7480-423a-b6c6-658a39574015,2020,The University of Brighton,B72,10000886,,,,Oasis Academy Lord's Hill,135628,Physical education
bb72628f-5757-473d-bcd5-97671c40114d,2020,"University of the West of England, Bristol",B80,10007164,,,,Oasis Academy Marksbury Road,140268,Primary
d7da6b16-cf91-46ce-947e-013fb477cd3a,2020,Sheffield Hallam University,S21,10005790,,,,Oasis Academy MediaCityUK,135661,Geography
9b8cc4fa-aa40-42fd-8c00-7d718e88256b,2020,The Manchester Metropolitan University,M40,10004180,,,,Oasis Academy MediaCityUK,135661,Biology
0225a636-f644-402d-a0be-fbf0695f90f9,2020,"University of the West of England, Bristol",B80,10007164,,,,Oasis Academy New Oak,138710,Primary
654bf54b-3744-4fa8-9489-6d9167419520,2020,The Manchester Metropolitan University,M40,10004180,,,,Oasis Academy Oldham,136027,Physics
2759702a-231e-4a72-9714-9f4937408557,2020,Roehampton University,R48,10007776,,,,Oasis Academy Putney,140222,Primary
ecdb4865-afe5-4283-b75d-bbfa6b231c94,2020,Birmingham City University,B25,10007140,,,,Oasis Academy Short Heath,139125,Primary
bc7aa55c-af47-4f94-9798-5d377e69fd87,2020,Coventry University,C85,10001726,,,,Oasis Academy Silvertown,141082,English
2f9ee9fb-0073-42cb-a9af-bd75cd11282c,2020,Canterbury Christ Church University,C10,10001143,,,,Oasis Academy Skinner Street,140040,Primary
1e9e5b98-1901-4cff-900b-04925a21a48d,2020,Haybridge SCITT,2B3,10034167,,,,Oasis Academy Warndon,140041,Primary
d09c7649-3cb8-4c31-a060-17ea82b40d04,2020,University of Worcester,W80,10007139,,,,Oasis Academy Warndon,140041,Primary
81e2dda4-5ea8-4fc5-8b56-ed915a3e02a8,2020,The Manchester Metropolitan University,M40,10004180,,,,Oasis Academy Watermead,140219,Primary
1ad7ac19-8a44-4b1b-97d3-b059151c3c5d,2020,Birmingham City University,B25,10007140,,,,Oasis Academy Wintringham,135209,Primary
f7db9832-9215-4017-8c5a-6f88ff795222,2020,Birmingham City University,B25,10007140,,,,Oasis Academy Woodview,139128,Primary
e758767a-48ab-4de4-a044-3e4cf6d5aadb,2020,The University Of East Anglia,E14,10007789,,,,Occold Primary School,146173,Primary
83fe5a45-a534-4a9d-a07a-1ddcbc79ca69,2020,University of Cumbria,C99,10007842,,,,Odessa Infant School,102735,Primary
a09c577f-b586-44ab-ae24-88195307a2f2,2020,University of Greenwich,G70,10007146,,,,Odessa Infant School,102735,Primary
2051cefa-5547-4147-8b54-5a7226409425,2020,Staffordshire University,S72,10006299,,,,Offley Primary Academy,144056,Primary
f3541cc5-d26e-49a8-9bcd-f1669c3ab683,2020,Haybridge SCITT,2B3,10034167,,,,Offmore Primary School,135052,Primary
3c315e59-0022-4c30-89ff-87038d399091,2020,University of Worcester,W80,10007139,,,,Offmore Primary School,135052,Primary
193904e7-f9bf-4b6a-9c62-6ed5f58f4351,2020,"University of the West of England, Bristol",B80,10007164,,,,Ogmore Vale Primary,402056,Primary
d55222c8-dbb6-40f6-8173-3f89262c6223,2020,University Of Exeter,E84,10007792,,,,Okehampton College,145337,History
84d52d3a-1446-40d4-a6bd-e068769a2350,2020,University Of Plymouth,P60,10007801,,,,Okehampton College,145337,English
ae09b84d-c3a9-4683-92f4-e4e8227caa28,2020,Nottingham Trent University,N91,10004797,,,,Old Basford School,138740,Primary
c06f3624-60e8-4b16-bcf0-a28777253a02,2020,University of Winchester,W76,10003614,,,,Old Basing Infant School,116039,Primary
0854a613-8b4a-43f7-99dd-910963df04de,2020,University of Greenwich,G70,10007146,,,,Old Bexley Church of England School,142228,Primary
fd6c9477-799a-42fb-9491-a78ab78eab22,2020,Coventry University,C85,10001726,,,,Old Buckenham Hall School,124873,Primary
eb80b7bf-bec7-4b31-881a-d8cbbdb0da7f,2020,The University Of East Anglia,E14,10007789,,,,Old Buckenham High School,146144,Biology
cbac635b-0821-4666-a8eb-bab7bdf5afbf,2020,Coventry University,C85,10001726,,,,Old Buckenham Primary School and Nursery,143135,Primary
9d11ee36-4538-49dc-b7cd-9dbf6c4e5d54,2020,The University Of East Anglia,E14,10007789,,,,Old Buckenham Primary School and Nursery,143135,Primary
bf398bc8-bf68-4905-b02b-be906b7af51a,2020,University of Worcester,W80,10007139,,,,Oldbury Park Primary School,147550,Primary
650d06d0-f7e6-4c41-b291-a54ff8ca0ce1,2020,University of Wolverhampton,W75,10007166,,,,Old Church Church of England C Primary School,104224,Primary
9f531869-8ed4-4ed7-955b-fbcf0f7713ae,2020,Nottingham Trent University,N91,10004797,,,,Old Dalby Church of England Primary School,140095,Primary
97a40087-64f8-44c7-aef3-068afec09346,2020,The Manchester Metropolitan University,M40,10004180,,,,Oldfield Brow Primary School,106284,Primary
5b30e0f1-64f7-47ef-b7d6-2a99f5e29fce,2020,Bath Spa University,B20,10000571,,,,Oldfield Park Junior School,143558,Primary
a29d3b7a-8cbb-433d-97e2-f81200527f9d,2020,Bradford College,B60,10000840,,,,Oldfield Primary School,147150,Primary
3b9b86c4-b5a6-4da5-b24b-a20998623a31,2020,University of Chester,C55,10007848,,,,Oldfield Primary School,111230,Primary
194367d6-a6d7-44fb-ad66-8bcb349e1717,2020,Sheffield Hallam University,S21,10005790,,,,Old Hall Junior School,147118,Primary
3c120b11-aafa-4e6a-b4b6-b7ae108548fb,2020,London Metropolitan University,L68,10004048,,,,Oldhill Community School,100244,Primary
f46de598-4ae4-475c-aa5e-29ac8b44549f,2020,Coventry University,C85,10001726,,,,Old Hill Primary School,103952,Primary
bcc06907-5c78-4b63-b9c5-696812e0384d,2020,Newman University,N36,10007832,,,,Old Hill Primary School,103952,Primary
4248414e-a7f1-4780-ac9b-9a1e10c76ebc,2020,University of Cumbria,C99,10007842,,,,Old Hutton CofE School,112263,Primary
4cd95680-92b5-4b3f-84d6-d2c89e79a6af,2020,Bath Spa University,B20,10000571,,,,Oldmixon Primary School,144927,Early years ITT
413da286-f86d-4703-9b56-854fbc171fb2,2020,The Manchester Metropolitan University,M40,10004180,,,,Old Moat Primary School,142360,Mathematics
b4bb159c-2a68-43e2-a634-01cb44508b1f,2020,The Manchester Metropolitan University,M40,10004180,,,,Old Moat Primary School,142360,Primary
541d133c-9014-469f-8a44-4ff7ee8a5c63,2020,Plymouth Marjon University,P63,10037449,,,,Old Priory Junior Academy,137876,Primary
dae46667-f02b-4e0b-ab48-8e12f51005a6,2020,Leeds Trinity University,L24,10003863,,,,Old Town Primary School,107524,Primary
b62a478b-c740-4a5b-b9da-f6304f83b30b,2020,University of Worcester,W80,10007139,,,,Olive Hill Primary Academy,144301,Primary
1f9db0f1-54d6-4125-95cd-5d16f92fca7f,2020,Middlesex University,M80,10004351,,,,Oliver Goldsmith Primary School,100821,Primary
6e46a869-c46f-421e-8908-2f5dfb687446,2020,University of Winchester,W76,10003614,,,,Oliver's Battery Primary and Nursery School,116046,Primary
1e74b1f4-ec48-478f-b8e4-1d12e0c30812,2020,Two Mile Ash ITT Partnership,T89,10059102,,,,Olney Infant Academy,136792,Primary
71f51f0e-3019-473a-b1c4-d7e67e2271d7,2020,Two Mile Ash ITT Partnership,T89,10059102,,,,Olney Middle School,143263,Primary
3f2a2166-1e3d-45da-9b28-3ab44b625bae,2020,Birmingham City University,B25,10007140,,,,Olton Primary School,104076,Primary
8f2163b0-a887-4b8a-a7f1-57f81b65aaeb,2020,Newman University,N36,10007832,,,,Olton Primary School,104076,Primary
181257cf-87eb-44da-880d-850263cd2446,2020,"University of the West of England, Bristol",B80,10007164,,,,Olveston Church of England Primary School,109170,Primary
9fb6cee7-3e13-4dc9-a6cd-923a5ca4d1b9,2020,University of Worcester,W80,10007139,,,,Ombersley Endowed First School,116905,Primary
f5319738-50da-4c48-b8bf-1418f13d8f71,2020,Coventry University,C85,10001726,,,,Orchard Mead Academy,144629,Music
ada629da-1cf6-459b-ab90-230154d3e715,2020,The University of Brighton,B72,10000886,,,,Orchard Park High School,142040,Physical education
088ed5db-c30d-4d32-927b-dc4e677cbb5f,2020,Leeds Beckett University,L27,10003861,,,,Orchard Primary Academy,142003,Primary
cde4b9c8-8fff-47dc-a243-b7c69a7cd6d2,2020,University of Huddersfield,H60,10007148,,,,Orchard Primary Academy,142003,Primary
14e64e23-16a3-4b3b-8bc0-6f43eee7967b,2020,University of Worcester,W80,10007139,,,,Orchard Primary School,144457,Primary
45f5be07-29a0-48c4-9bee-05d0167b68ab,2020,University of Greenwich,G70,10007146,,,,Orchards Academy,136304,Biology
3f93a418-6b41-450a-8e48-5f54498d6c72,2020,"University of the West of England, Bristol",B80,10007164,,,,Orchard School Bristol,138448,Mathematics
3c77ca1b-a9e4-4c8a-8014-eaf113c38d0f,2020,University Of Plymouth,P60,10007801,,,,Orchard Vale Community School,137644,Primary
a28f1105-9a8e-4791-9055-b35f34aea8da,2020,University of Reading,R12,10007802,,,,Orchard Vale Community School,137644,Primary
bd5a146b-58fe-4e42-af65-421b39c6ab8a,2020,Leeds Trinity University,L24,10003863,,,,Ordsall Primary School,134028,Primary
2f9f50c9-44d7-49b1-91f7-bf8384b93820,2020,Lincoln Bishop University,B38,10007811,,,,Ordsall Primary School,134028,Primary
fc13a124-7c61-4eed-95cc-57ec3fba9e4b,2020,Plymouth Marjon University,P63,10037449,,,,Oreston Community Academy,136380,Primary
b577ca2f-0dbc-4fd5-b862-28871d70d66e,2020,University of Sussex,S90,10007806,,,,Ore Village Primary Academy,139683,Primary
37fdf623-7787-45ee-be27-ed0de8876062,2020,Kingston University,K84,10003678,,,,Oriel Academy West London,140158,Primary
812a0eee-af10-404d-bfcb-4b6b5071acf4,2020,University of Greenwich,G70,10007146,,,,Orion Eden Park,144465,Mathematics
221ea074-90b6-45c3-ae17-bead27055a47,2020,St Mary's University,S64,10007843,,,,Orion Scotts Park,140752,Primary
1f54f6cf-bb12-4501-b2dd-67ba677cdae9,2020,Roehampton University,R48,10007776,,,,Orleans Primary School,102895,Primary
9295a127-e66d-4bdf-9bb1-373b95854e38,2020,University of Worcester,W80,10007139,,,,Orleton CofE Primary School,116836,Primary
18055f3e-b901-4096-83f3-e68d44be3604,2020,Edge Hill University,E42,10007823,,,,Ormiston Chadwick Academy,140864,English
cdadf8c0-d3b7-47b4-869a-029d11792907,2020,The University Of East Anglia,E14,10007789,,,,Ormiston Denes Academy,139403,Chemistry
e5d7f113-9ea7-478d-9c16-098d7f386a57,2020,The University Of East Anglia,E14,10007789,,,,Ormiston Denes Academy,139403,English
f44c204c-3138-45c8-a8aa-9eebe8988775,2020,The University Of East Anglia,E14,10007789,,,,Ormiston Denes Academy,139403,Modern languages
dfbd74f2-7d25-46b2-9383-bed21291e5fe,2020,The University Of East Anglia,E14,10007789,,,,Ormiston Herman Academy,140016,Primary
cbd0220a-2a97-4bb4-9a57-1072c58ef2db,2020,University of Wolverhampton,W75,10007166,,,,Ormiston NEW Academy,145134,Art and design
6b543206-bf4c-47c0-8afd-ae758b9fa995,2020,Birmingham City University,B25,10007140,,,,Ormiston Sandwell Community Academy,135979,Biology
91ca5c5d-8447-470a-b007-41e0fa6d27da,2020,Birmingham City University,B25,10007140,,,,Ormiston Sandwell Community Academy,135979,Mathematics
b3a74cc6-53af-4d7c-8efc-c7046b7e2655,2020,University of Wolverhampton,W75,10007166,,,,Ormiston Sandwell Community Academy,135979,Primary
fe845007-4a05-42c0-82a3-004084bb21dd,2020,University of Wolverhampton,W75,10007166,,,,Ormiston Shelfield Community Academy,135769,Computing
cb5c2109-81c8-49ec-a199-17165e9495d6,2020,University of Wolverhampton,W75,10007166,,,,Ormiston Shelfield Community Academy,135769,English
80a9e74a-0a05-487b-8d14-7aec5be85aa9,2020,University of Wolverhampton,W75,10007166,,,,Ormiston Shelfield Community Academy,135769,Mathematics
a78c5049-d577-48a1-ab6f-4d21a205104a,2020,University of Wolverhampton,W75,10007166,,,,Ormiston Shelfield Community Academy,135769,Primary
7f4aad7b-13e1-4309-b334-dc6c56fc3829,2020,University of Bedfordshire,B22,10007152,,,,Ormiston Sudbury Academy,138506,Physical education
78eb0885-ce24-46d5-9e63-1adcf919d13d,2020,Birmingham City University,B25,10007140,,,,Ormiston SWB Academy,145008,English
85ee92e3-8ef2-4451-87fe-91b8ccb753c7,2020,University of Wolverhampton,W75,10007166,,,,Ormiston SWB Academy,145008,Primary
e2c75d60-5d59-4c7e-87a9-2eb1a5c93824,2020,The University Of East Anglia,E14,10007789,,,,Ormiston Venture Academy,136187,Biology
3badfafc-2b15-4a45-ab8b-ff1d9820dbfa,2020,The University Of East Anglia,E14,10007789,,,,Ormiston Venture Academy,136187,Geography
75701cba-2fb6-4842-874f-e0fac6949405,2020,The University Of East Anglia,E14,10007789,,,,Ormiston Venture Academy,136187,Mathematics
ed27dd9e-69b9-4c83-ac32-484177737077,2020,The University Of East Anglia,E14,10007789,,,,Ormiston Victory Academy,136186,Geography
01de280a-b6f3-4a6e-b127-7ee8e6cbe1b8,2020,The University Of East Anglia,E14,10007789,,,,Ormiston Victory Academy,136186,History
fd0f0233-00ed-4053-8a33-3306faf4a3db,2020,The University Of East Anglia,E14,10007789,,,,Ormiston Victory Academy,136186,Modern languages
0ef87610-d972-4391-b5ef-156680e42e2b,2020,Edge Hill University,E42,10007823,,,,Ormskirk Asmall Primary School,119314,Primary
fe1ffe0b-c05d-46d2-b629-406c70e57234,2020,Edge Hill University,E42,10007823,,,,Ormskirk Church of England Primary School,119372,Primary
151b321d-ba6a-44a7-a2ed-bd82c3a57946,2020,Edge Hill University,E42,10007823,,,,Ormskirk Lathom Park Church of England Primary School,119371,Early years ITT
85c3de62-04fb-4afc-8c7e-d9c809ee0057,2020,Edge Hill University,E42,10007823,,,,Ormskirk Lathom Park Church of England Primary School,119371,Primary
0e041701-5e7d-405f-ad71-b5dc28159316,2020,Edge Hill University,E42,10007823,,,,Ormskirk School,132834,English
9903c08a-4ae7-406c-868f-45225c05020d,2020,Edge Hill University,E42,10007823,,,,Ormskirk St Anne's Catholic Primary School,119682,Primary
1aefad6e-776c-4b4f-b1dc-1e49e2e2b188,2020,Edge Hill University,E42,10007823,,,,Ormskirk West End School,119282,Primary
8150692d-e959-47ea-aad8-7b4be348e488,2020,Edge Hill University,E42,10007823,,,,Orrell Holgate Academy,143389,Primary
297a2602-7e8a-4603-9f3d-013ed4c72d63,2020,University of Cumbria,C99,10007842,,,,Orton CofE School,112419,Primary
678d3e09-c764-40ad-981d-e5a3233d4cc9,2020,Coventry University,C85,10001726,,,,Ortu Hassenbrook Academy,143424,Design and technology
74c1e302-1a07-46b0-9980-d9f8e5d445b8,2020,York St John University,Y75,10007713,,,,Osbaldwick Primary Academy,146028,Primary
19f8ed5a-df0a-4dd7-a956-279124e56070,2020,University of Wolverhampton,W75,10007166,,,,Osborne Nursery School,103145,Primary
c487a0ea-d21a-4691-aedb-48707094d654,2020,Lincoln Bishop University,B38,10007811,,,,Osgodby Primary School,120471,Primary
58c465a8-22c5-4865-9c85-09e93cd31ec1,2020,Canterbury Christ Church University,C10,10001143,,,,Ospringe Church of England Primary School,118646,Primary
4d7a050a-a96b-44c9-8783-932ac217f003,2020,University of Huddersfield,H60,10007148,Shelley First School,143793,school,Ossett Academy and Sixth Form College,136462,Design and technology
fde60875-ef74-4255-97a2-31be28ecf32b,2020,Leeds Trinity University,L24,10003863,,,,Ossett South Parade Primary,134376,Primary
051f09c6-5935-4c8b-8f37-6045e251d716,2020,The Manchester Metropolitan University,M40,10004180,,,,Oswald Road Primary School,131030,Primary
aa88ff58-10f3-4b46-86b5-45674673909d,2020,Edge Hill University,E42,10007823,,,,Oswaldtwistle St Andrew's Church of England Primary School,119413,Primary
d3309f44-2d6b-4b75-ba03-a4bb30bb2da3,2020,University of Cumbria,C99,10007842,,,,Oswaldtwistle St Andrew's Church of England Primary School,119413,Primary
90221bd3-3946-4e30-a9fc-85ca61ac3fb3,2020,University of Cumbria,C99,10007842,,,,Oswaldtwistle St Paul's Church of England Primary School,119451,Primary
a80ff554-6093-4c9d-a714-1b0610995ac6,2020,Leeds Trinity University,L24,10003863,,,,Otley All Saints CofE Primary School,133555,Primary
dd5b0155-94f2-4115-a2a0-8ab93f65ae79,2020,University of Winchester,W76,10003614,,,,Otterbourne Church of England Primary School,116304,Primary
a0b1fbd1-5c43-4ae8-8ed2-e899b06c5f4f,2020,University of Cumbria,C99,10007842,,,,Oughterside Primary School,112138,Primary
540e7ee0-9543-4cdd-a7e4-6ad36faf3b60,2020,Sheffield Hallam University,S21,10005790,,,,Oughtibridge Primary School,145832,Primary
524fd41c-3088-41ea-909a-ccb93107b87b,2020,The University Of Manchester,M20,10007798,,,,Oulder Hill Leadership Academy,148847,Biology
c8b8c9fb-f2c9-4c40-b724-bedc1b2361ce,2020,Lincoln Bishop University,B38,10007811,,,,Oundle Church of England Primary School,146170,Primary
c6ad6b4f-dab5-4a57-8bb9-23693b9d317d,2020,Edge Hill University,E42,10007823,,,,"Our Lady and All Saints Roman Catholic Primary School, Parbold",119694,Primary
99a77ef6-5346-4e3f-a9c9-8ed4f2f31944,2020,University of Northumbria at Newcastle,N77,10001282,,,,Our Lady and St Anne's Catholic Primary School,148273,Primary
6b8d678a-ad85-4848-a8bb-5220439c0cb6,2020,Leeds Trinity University,L24,10003863,,,,"Our Lady and St Brendan's Catholic Primary School, A Voluntary Academy",148256,Primary
e9f31970-eeb5-4263-8133-e73e5d202c02,2020,University of Wolverhampton,W75,10007166,,,,Our Lady and St Chad Catholic Academy,141802,Chemistry
42f3cd43-4b7d-42a9-9c88-889dd2fb365a,2020,University of Wolverhampton,W75,10007166,,,,Our Lady and St Chad Catholic Academy,141802,Primary
7121ba6c-5411-4c0b-9f3d-8434a5ae8c7e,2020,Liverpool Hope University,L46,10003956,,,,Our Lady and St Edward's Catholic Primary School,105086,Primary
a18225c0-33a0-49ac-bfef-744b4d3c34ae,2020,St Mary's University,S64,10007843,,,,Our Lady and St Joseph Catholic Primary School,100264,Primary
37a352b0-b0df-4d75-93c9-4bca12a82961,2020,Newman University,N36,10007832,,,,Our Lady and St Kenelm RC School,103850,Primary
58dc46e6-2b08-4c44-9c6f-3afed76bf778,2020,Liverpool Hope University,L46,10003956,,,,Our Lady and St Swithin's Catholic Primary School,104632,Primary
e67200b1-9568-4dcd-9b06-79d6a3e5bf94,2020,Newman University,N36,10007832,,,,Our Lady and St Teresa's Catholic Primary School,149308,Primary
ca9d9572-804f-43e7-8061-4091279784d4,2020,Staffordshire University,S72,10006299,,,,Our Lady and St Werburgh's Catholic Primary School,145687,Primary
0e5ca288-27af-4917-a122-433037f8e003,2020,Edge Hill University,E42,10007823,,,,Our Lady Immaculate Catholic Primary School,104638,Primary
a6fe5028-43ab-4196-bae9-0c01ff6fe28e,2020,Liverpool Hope University,L46,10003956,,,,Our Lady Immaculate Catholic Primary School,104638,Primary
dda1aaad-6d6d-4d96-ad9e-cd3be3c3b8a5,2020,Roehampton University,R48,10007776,,,,Our Lady Immaculate Catholic Primary School,102595,Primary
fd16f344-6245-4e4b-941f-9d6071f80aab,2020,St Mary's University,S64,10007843,,,,Our Lady Immaculate Catholic Primary School,102595,Primary
31eb8320-cddf-42cb-ad7d-70ae9047bb9b,2020,Liverpool Hope University,L46,10003956,,,,Our Lady Mother of the Saviour Catholic Primary School,111378,Primary
827d11aa-b627-4a38-8466-e48b749ef0a8,2020,Birmingham City University,B25,10007140,,,,Our Lady of Compassion Catholic Primary School,148089,Business studies
c42f7b32-1b1b-454a-8a48-f140d6fc5e41,2020,Birmingham City University,B25,10007140,,,,Our Lady of Compassion Catholic Primary School,148089,History
7c8c02ef-cee9-4051-afd6-545090e9b4bc,2020,Birmingham City University,B25,10007140,,,,Our Lady of Compassion Catholic Primary School,148089,Primary
e05f7f23-25b0-464e-94e8-8ab9c644e4b8,2020,Edge Hill University,E42,10007823,,,,Our Lady of Compassion Catholic Primary School,104930,Primary
598c706e-b2d5-4ea2-941d-f78803276ae3,2020,Newman University,N36,10007832,,,,Our Lady of Compassion Catholic Primary School,148089,Primary
58114e42-8a67-441d-9fc6-dc6a420fe778,2020,St Mary's University,S64,10007843,,,,Our Lady of Grace Catholic Junior School,146116,Primary
f285821a-1034-47d7-bcf2-d4f6918d3a42,2020,Middlesex University,M80,10004351,,,,Our Lady of Grace RC Infant and Nursery School,146721,Primary
216d0062-8966-4357-9957-9da6cf0677ca,2020,St Mary's University,S64,10007843,,,,Our Lady of Grace RC Infant and Nursery School,146721,Primary
dde2b069-1756-4f3a-97fa-d268adb41e9e,2020,University of Greenwich,G70,10007146,,,,"Our Lady of Hartley Catholic Primary School, Hartley, Longfield",141532,Primary
7c5acb5e-90d8-4076-8581-e51ce2c6c388,2020,University of Huddersfield,H60,10007148,,,,Our Lady of Lourdes Catholic Primary Academy,148484,Primary
c5a6c2f5-cb5b-4e03-8f8d-af928a70dfa9,2020,Liverpool Hope University,L46,10003956,,,,Our Lady of Lourdes Catholic Primary School,104916,Primary
7a3b5674-f9c3-4a28-a81f-cc2beb7f4e45,2020,University of Cumbria,C99,10007842,,,,"Our Lady of Lourdes Catholic Primary School, Carnforth",119618,Primary
659b6d8c-48d1-42ef-8d19-6a2efc8f171b,2020,The Manchester Metropolitan University,M40,10004180,,,,"Our Lady of Lourdes Roman Catholic Primary School, Bury",105337,Primary
e9aa14b8-e2a9-4494-8163-fae96999fcaa,2020,University of Winchester,W76,10003614,,,,"Our Lady of Mount Carmel Catholic Primary School, Wincanton",123858,Primary
0742253b-ce4c-41a8-9983-ba2e5d571f55,2020,Middlesex University,M80,10004351,,,,Our Lady of Muswell Catholic Primary School,102142,Primary
bde49a57-a100-4559-a65d-4aa897257e41,2020,Liverpool Hope University,L46,10003956,,,,Our Lady of Pity Catholic Primary  and Nursery School,140458,Primary
9d174fe7-7a29-4edd-bf91-13019ddf271e,2020,Birmingham City University,B25,10007140,,,,Our Lady of the Assumption Catholic Primary School,103712,English
5c2a374f-8496-48e9-b904-07cf5a0a2de2,2020,Birmingham City University,B25,10007140,,,,Our Lady of the Assumption Catholic Primary School,103712,Primary
4328d5dc-872c-44c0-82f8-8f5cb730137b,2020,Edge Hill University,E42,10007823,,,,Our Lady of the Assumption Catholic Primary School,119596,Primary
e1f9f390-c6c8-4315-929c-517f0eff8966,2020,Liverpool Hope University,L46,10003956,,,,Our Lady of the Assumption Catholic Primary School,133337,Primary
1b95d7f5-0529-4a90-bd7d-eb99a0ca2612,2020,University of Northumbria at Newcastle,N77,10001282,,,,Our Lady of the Rosary Catholic Primary School,147108,Primary
13ce0cbb-2d00-4fce-a00a-fb2a2c46b4fc,2020,Canterbury Christ Church University,C10,10001143,,,,"Our Lady of the Rosary Catholic Primary School, Bristol",109251,Primary
238688dc-514b-4f83-b5fc-57545a748ba3,2020,St Mary's University,S64,10007843,,,,Our Lady of the Rosary Primary School,149288,Primary
a96b9f6b-0260-48de-81de-8477812c4423,2020,St Mary's University,S64,10007843,,,,Our Lady of Victories Catholic Primary School,101037,Primary
29d418f3-b585-43f3-807e-3bca2c74cdf5,2020,Edge Hill University,E42,10007823,,,,Our Lady of Walsingham Primary School,132198,Primary
37972efc-b45c-4ae6-ad6d-7c11d82945bb,2020,Liverpool Hope University,L46,10003956,,,,Our Lady of Walsingham Primary School,132198,Primary
3054b466-489f-4b5f-a2f5-67cad13dad9e,2020,St Mary's University,S64,10007843,,,,"Our Lady Queen of Heaven Catholic Primary School, Crawley",126044,Primary
a08b63ec-ed21-497d-9724-bfd576340861,2020,The University of Brighton,B72,10000886,,,,"Our Lady Queen of Heaven Catholic Primary School, Crawley",126044,Primary
c81899de-951b-443d-b6ea-12542b425762,2020,Edge Hill University,E42,10007823,,,,Our Lady Queen of Peace Catholic High School,119782,Mathematics
2ce2c402-c908-4e35-a0da-eb186fed32dc,2020,Edge Hill University,E42,10007823,,,,Our Lady Queen of Peace Catholic High School,119782,Religious education
c5fb1448-9469-4e13-9fc1-1f1aedaeade2,2020,University of Worcester,W80,10007139,,,,Our Lady Queen of Peace Catholic Primary,116921,Primary
87736a11-cffa-48b5-b1eb-5d98c746d5f0,2020,Edge Hill University,E42,10007823,,,,Our Lady Queen of Peace Catholic Primary School,104935,Primary
af6d1e7f-1b48-4045-97fb-eae0651e9f24,2020,Liverpool Hope University,L46,10003956,,,,Our Lady's Bishop Eton Catholic Primary School,104642,Primary
3b7be541-2222-4402-8c2e-0c4d7e76cd87,2020,Staffordshire University,S72,10006299,,,,Our Lady's Catholic Academy,140287,Primary
3e635ea9-7f50-4f73-b074-ca6d31fa6f51,2020,Edge Hill University,E42,10007823,,,,Our Lady's Catholic Primary School,104459,Mathematics
c96f7f01-531a-48b5-a045-63bb1e68efd0,2020,Edge Hill University,E42,10007823,,,,Our Lady's Catholic Primary School,104459,Primary
d4fc3c03-1492-4c44-96a8-312f49187569,2020,Liverpool Hope University,L46,10003956,,,,Our Lady's Catholic Primary School,104459,Primary
f646e9ef-2b49-4042-b00b-e7359af20b32,2020,The Manchester Metropolitan University,M40,10004180,,,,Our Lady's Catholic Primary School,111305,Primary
fe5ab1fe-b882-46ab-96e3-1e6f8d2658fd,2020,The University of Northampton,N38,10007138,,,,Our Lady's Catholic Primary School,148082,Primary
c43e577f-2b4c-4ae4-802e-25bcd819f574,2020,University of Chester,C55,10007848,,,,Our Lady's Catholic Primary School,111305,Primary
84ea2cac-6565-406f-af35-0e637bfedfad,2020,University Of Plymouth,P60,10007801,,,,"Our Lady's Catholic Primary School, Barnstaple",140739,Primary
3972416c-ff26-4ec4-93a6-f28771e28541,2020,Leeds Trinity University,L24,10003863,,,,Our Lady's RC Primary School,116883,Primary
fcf617ee-f537-457d-a163-895e46216afe,2020,University of Worcester,W80,10007139,,,,Our Lady's RC Primary School,116883,Primary
54baeca2-d693-49f9-99e3-857589d00047,2020,Liverpool Hope University,L46,10003956,,,,Our Lady Star of the Sea Catholic Primary School,104929,Primary
a32fadd8-ed52-4533-b3ae-eb2834d34fd3,2020,University of Sunderland,S84,10007159,,,,Ouston Primary School,144658,Primary
a2aa9ac7-87ac-4522-8149-3131e0f857e0,2020,Sheffield Hallam University,S21,10005790,,,,Outwood Academy Carlton,139210,Geography
178274ad-a388-411a-9d5d-cf7acc0b306a,2020,Sheffield Hallam University,S21,10005790,,,,Outwood Academy Carlton,139210,Modern languages
a0afc9c8-ca42-490f-b6a5-0ebd8232f423,2020,Sheffield Hallam University,S21,10005790,Outwood Grange Academy,135961,school,Outwood Academy City,140415,Biology
d84d1de8-79b7-42d8-aa7f-465b5739b1e2,2020,Sheffield Hallam University,S21,10005790,,,,Outwood Academy City,140415,Mathematics
9bd68798-4736-4ad6-94bd-b77704b58585,2020,Sheffield Hallam University,S21,10005790,,,,Outwood Academy Danum,143938,Mathematics
16699dcb-0ad1-4c02-9b4d-ff050756260b,2020,Edge Hill University,E42,10007823,,,,Outwood Academy Haydock,148522,Religious education
8883300b-426a-4a15-99ab-1c123816187d,2020,Sheffield Hallam University,S21,10005790,,,,Outwood Academy Hemsworth,145938,Mathematics
f83bbe33-9f2f-48ed-bbed-a521e88b862f,2020,Sheffield Hallam University,S21,10005790,,,,Outwood Academy Shafton,139211,Mathematics
562bd733-ec70-4e5d-8893-b71953ef92a5,2020,Sheffield Hallam University,S21,10005790,,,,Outwood Grange Academy,135961,Mathematics
81a395ce-06c4-4954-9e0d-27571717c344,2020,Lincoln Bishop University,B38,10007811,,,,Outwood Junior Academy Brumby,146267,Primary
be6dd879-adb1-412f-afea-411687579895,2020,York St John University,Y75,10007713,,,,Outwood Primary Academy Greystone,145411,Primary
66d11735-ef20-49b7-bad7-79bdd7e94dd0,2020,Leeds Beckett University,L27,10003861,,,,Outwood Primary Academy Lofthouse Gate,140085,Primary
69e239ec-fd53-4f4b-b593-7f82b4606aad,2020,The Manchester Metropolitan University,M40,10004180,,,,Outwood Primary School,106094,Primary
94e08de0-e577-4944-90d5-377bc66e3a38,2020,Liverpool John Moores University,L51,10003957,,,,Overchurch Infant School,105043,Primary
83143a2a-040d-46c6-ac6c-969c916d3c11,2020,Edge Hill University,E42,10007823,,,,Overchurch Junior School,105056,Primary
c2638e19-fdc0-45eb-9d58-904cbe504092,2020,University of Chester,C55,10007848,,,,Overchurch Junior School,150120,Primary
3f8cd46b-d416-4322-ab8d-28936f1ea77e,2020,University of Cumbria,C99,10007842,,,,Over Kellet Wilson's Endowed Church of England Primary School,119614,Primary
9cc9aa52-51cc-4bde-bd90-33ca6c89410d,2020,Edge Hill University,E42,10007823,,,,Over St John's CofE Primary School,111263,Primary
eaaff441-6703-4232-9219-64d5bd550267,2020,University of Huddersfield,H60,10007148,,,,Overthorpe CofE Academy,138979,Primary
34a0ebd3-7c09-4355-aaf6-426d00c11f9d,2020,University of Cumbria,C99,10007842,,,,Overton St Helen's Church of England Primary School,119539,Primary
13c8b90c-1cd1-4997-9f52-b61147f76773,2020,University of Northumbria at Newcastle,N77,10001282,,,,Ovingham Church of England First School,146931,Primary
49c308ea-a8c2-4e0f-9bae-c7858ab8a557,2020,University of Winchester,W76,10003614,,,,Owslebury Primary School,115934,Primary
fe8f1996-7401-4a71-a3ce-37f7d0f023c1,2020,University of Sunderland,S84,10007159,,,,Oxbridge Lane Primary School,111644,Primary
e3bca995-02b1-45e5-b1a3-2ca42874ffad,2020,York St John University,Y75,10007713,,,,Oxbridge Lane Primary School,111644,Primary
dc73e9ae-e189-4a13-903a-8ba598240f50,2020,University of Reading,R12,10007802,,,,Oxford Road Community School,109786,Primary
652ff821-2293-4cd3-9409-4a9512f79001,2020,University of Hertfordshire,H36,10007147,,,,Oxhey Wood Primary School,144906,Primary
99d6f14c-f1b5-4901-80f7-3a305d41b411,2020,The University of Brighton,B72,10000886,,,,Oxted School,142315,Physical education
e4f19bdb-b498-416c-9431-40cfa12d9fcd,2020,Liverpool Hope University,L46,10003956,,,,Oxton St Saviour's CofE Aided Primary School,105066,Primary
81bb5abb-9115-4bf9-8238-f7b4bdf291b3,2020,Leeds Beckett University,L27,10003861,,,,Paddock Junior Infant and Nursery School,107615,Primary
79175d1d-0a1b-48a5-bc53-5898701d5797,2020,University of Huddersfield,H60,10007148,,,,Paddock Junior Infant and Nursery School,107615,Primary
d974ab54-09b4-4dc2-894d-6466a65ef4d8,2020,Plymouth Marjon University,P63,10037449,,,,Paignton Academy,138863,Biology
dd6aa53f-7c36-43a0-92ef-30ff41207e53,2020,Plymouth Marjon University,P63,10037449,,,,Paignton Academy,138863,Drama
76a8faa7-e9be-417a-887d-5f473606e45e,2020,Plymouth Marjon University,P63,10037449,,,,Paignton Academy,138863,History
33d36688-aad8-462e-821b-093725f6d5fe,2020,Plymouth Marjon University,P63,10037449,,,,Paignton Academy,138863,Physical education
1e46d4ee-e9e9-4b0d-b477-c8797d8f7d74,2020,University Of Exeter,E84,10007792,,,,Paignton Academy,138863,History
9285b2ac-b9cc-4d65-bf3a-d6b56f163cd2,2020,York St John University,Y75,10007713,,,,Paisley Primary School,144305,Primary
e48741de-af9b-4f68-9087-1474eb87fa26,2020,Canterbury Christ Church University,C10,10001143,,,,Palace Wood Primary School,135106,Primary
6530632a-706e-484a-90f2-f17cc5e9b1fb,2020,University of Chichester,C58,10007137,,,,Palatine Primary School,126159,Primary
6522be8e-17a8-4f8f-a6e8-62bf6eed870d,2020,University of Wolverhampton,W75,10007166,,,,Palfrey Infant School,104161,Primary
6bc6dc92-0b50-43e1-91c4-d3bbb0ae621c,2020,University of Wolverhampton,W75,10007166,,,,Palfrey Junior School,104160,Primary
7d978bad-dd3b-44e3-8f47-470f3807b0e3,2020,York St John University,Y75,10007713,Pallister Park Primary School,144136,school,Pallister Park Primary School,144136,Primary
31a3c815-1365-4a7b-8e47-bfba96a133c9,2020,Canterbury Christ Church University,C10,10001143,,,,Palmarsh Primary School,118490,Primary
31ae7a7d-a5b8-4c0f-8e1c-2b0cb2fa19c4,2020,Canterbury Christ Church University,C10,10001143,,,,Palm Bay Primary School,148992,Mathematics
65f1b460-ed38-4f4b-87da-d7e36a1d8303,2020,Canterbury Christ Church University,C10,10001143,,,,Palm Bay Primary School,148992,Primary
f44ac21b-094c-4907-99f4-81ea8fe1cc0d,2020,University of Wolverhampton,W75,10007166,,,,Palmers Cross Primary School,142684,Primary
4e9a072b-0015-41a3-8795-a8ae6ec81271,2020,University of Reading,R12,10007802,,,,Pangbourne Primary School,109940,Primary
616508dd-811f-40d4-bbb3-1f70ebce673d,2020,St Mary's University,S64,10007843,,,,Parayhouse School,135175,Primary
53ef5f15-ef63-4e56-ae4f-66294a98c642,2020,Edge Hill University,E42,10007823,,,,Parbold Douglas Church of England Academy,137127,Primary
dcb2b754-cdfe-44e3-9913-1c1c5373f377,2020,Edge Hill University,E42,10007823,,,,"Parish Church of England Primary School, St Helens",145458,Primary
5cb66d49-b768-4694-bbfd-3a97695c5683,2020,Edge Hill University,E42,10007823,,,,Park Brow Community Primary School,104429,Primary
db9a891f-ffb6-4d28-bd22-d9d30b4eb8ec,2020,University of Northumbria at Newcastle,N77,10001282,,,,Park End Primary School,111632,Primary
237d8aa8-8d12-4e37-8940-f04a05a3f94e,2020,York St John University,Y75,10007713,,,,Park End Primary School,111632,Primary
08b46d49-0bd5-4125-a9f7-b0eaacbc7afa,2020,The University Of East Anglia,E14,10007789,,,,Parker's Church of England Primary Academy,148151,Mathematics
e0ca3a24-f25b-41d7-80a9-7e033c9d651a,2020,Newman University,N36,10007832,,,,Parkfield Community School,139162,Primary
955001f4-ebc2-453d-843d-a1bc2c5b84d9,2020,University of Worcester,W80,10007139,,,,Parkfield Community School,139162,Primary
49138c07-2278-48f5-8443-78a3375e58d0,2020,Birmingham City University,B25,10007140,,,,Parkfield Primary School,144253,Primary
65ab22b0-a8e3-4b47-bbf8-233831362c32,2020,University of Wolverhampton,W75,10007166,,,,Park Hall Junior Academy,137797,Primary
fabac7ee-c41b-4c57-8f07-da2ba5e992d4,2020,University of Northumbria at Newcastle,N77,10001282,,,,Parkhead Community Primary School,131466,Primary
fcf404d9-868e-4f81-bcb4-055ce54c1183,2020,Roehampton University,R48,10007776,,,,Park Hill Infant School,101779,Primary
4ef90a8e-b41b-4f52-a92b-eca56e2490f1,2020,Middlesex University,M80,10004351,,,,Parkhill Infants' School,133938,Primary
59408feb-fac6-4462-bc4d-07b45ef1a5e3,2020,University of Gloucestershire,G50,10007145,,,,Park Junior School,115539,Primary
72896bfa-3dbe-4d7a-b9eb-02e3da95afe8,2020,Edge Hill University,E42,10007823,,,,Parkland Infant School,144659,Primary
b3ce66bb-e9c8-42f5-98e1-ecea874c651e,2020,University of Chichester,C58,10007137,,,,Parkland Infant School,144659,Primary
307eb072-9fcb-48d4-9e59-61ad236e0f01,2020,University of Sussex,S90,10007806,,,,Parkland Junior School,144660,Primary
3185a745-ce2f-4c53-b123-5271498efcac,2020,University of Chester,C55,10007848,,,,Parklands Community Primary and Nursery School,144541,Primary
91d90159-e9d2-47b6-9fa3-f9072ed95d38,2020,Edge Hill University,E42,10007823,,,,Parklands High School,138647,Religious education
cdba12de-0baa-44be-8670-2a863f5e7b7d,2020,Leeds Beckett University,L27,10003861,,,,Parklands Primary School,107943,Primary
fe6eac25-23f3-43f5-8ac4-5b08d60646fb,2020,The University of Northampton,N38,10007138,,,,Parklands Primary School,146283,Primary
89273e9a-548c-4288-9e25-5112822beff3,2020,Birmingham City University,B25,10007140,,,,Park Lane Primary School,140004,Primary
c5611fb0-0156-4f11-adc2-4b9b0fb95a5b,2020,University of Reading,R12,10007802,,,,Park Lane Primary School,109790,Primary
aa8ba852-3a32-4691-ad2e-065f6de4c004,2020,University of Hertfordshire,H36,10007147,,,,Parklea Primary School,109556,Primary
f93cc500-6ce5-4f49-8f53-f40e43858e9b,2020,The University of Brighton,B72,10000886,,,,Park Mead Primary School,114408,Primary
7ef3a0cf-a0ab-4d5d-abdd-932d36d83835,2020,University of Cumbria,C99,10007842,,,,Park Primary School,102736,Primary
7b552de4-2abb-4fdc-be55-9f7593c082eb,2020,York St John University,Y75,10007713,,,,Park Primary School,106728,Primary
5d9b2dfc-3d17-4c35-b35a-7c3a48763d67,2020,"University of the West of England, Bristol",B80,10007164,,,,Park Primary School Bargoed,402039,Primary
d084cdf2-8511-4749-bb09-e4d5cd6bae07,2020,Leeds Beckett University,L27,10003861,,,,Park Road Junior Infant and Nursery School,107640,Primary
09c7d991-194d-401f-bcab-8d10db37dc2f,2020,Middlesex University,M80,10004351,,,,Parkside Community Primary School,117562,Primary
2ca6ec33-6f99-49c4-b49a-80200e001cfe,2020,University of Sussex,S90,10007806,,,,Parkside Community Primary School,114482,Primary
be6b449a-7d9f-440e-b2a5-7dbdcce297dc,2020,Staffordshire University,S72,10006299,,,,Parkside Primary School,143355,Primary
63134161-696f-4e1a-a39b-0a4a23b00f07,2020,University of Hull,H72,10007149,,,,Parkside Primary School,117935,Primary
ed278d4c-b1ee-4cce-96b9-1d25da25df68,2020,The University of Northampton,N38,10007138,,,,Parks Primary School,120088,Primary
335a8855-c8b0-4d61-8f3c-da9f931b15ae,2020,Leeds Trinity University,L24,10003863,,,,Park Spring Primary School,107964,Primary
78392972-e00c-455d-8a5a-b24108d3029d,2020,University of Hertfordshire,H36,10007147,,,,Park Street Church of England Voluntary Aided Primary School,117452,Primary
a891cc1e-b088-4b71-a56c-79c935fc9725,2020,University of Sunderland,S84,10007159,,,,Park View School,136971,Chemistry
eb325633-c007-4127-b7da-5cf6bcd17a5d,2020,Roehampton University,R48,10007776,,,,Park Walk Primary School,100486,Primary
06e31f0a-9ab8-4108-bb7d-fe0ed6e4f284,2020,"University of the West of England, Bristol",B80,10007164,,,,Parkwall Primary School,109020,Primary
00ffd824-bc46-4514-b9bb-395a2a393a69,2020,University of Greenwich,G70,10007146,,,,Parkway Primary School,101437,Primary
414c7cac-c58e-4fa7-a5d9-23ee46663b06,2020,"University of the West of England, Bristol",B80,10007164,,,,Parson Street Primary School,138904,Primary
4f6069b1-2d07-4d1e-aaff-c6c1762cb3c8,2020,The University of Brighton,B72,10000886,,,,Pashley Down Infant School,114461,Primary
d4043c9a-5a21-45c2-837b-bc300ef82249,2020,University of Hull,H72,10007149,,,,Paull Primary School,117862,Primary
a37999c7-f3b3-40dc-8c2c-a398078fc4f9,2020,The University of Brighton,B72,10000886,,,,Peacehaven Heights Academy,148961,Primary
06e16f41-c136-46da-bdb0-8c2d58ab0653,2020,Canterbury Christ Church University,C10,10001143,,,,Peareswood Primary School,137417,Mathematics
e2c291aa-2631-4b9c-8531-46d0d971dffd,2020,Birmingham City University,B25,10007140,,,,Pearl Hyde Community Primary School,147121,Primary
590f75fb-6541-4384-944f-9ca2e22b826a,2020,University of Derby,D39,10007851,,,,Pear Tree Community Junior School,144466,Primary
86ff84ca-fda6-4e71-b65b-ad6cb4d7b3f4,2020,University of Derby,D39,10007851,,,,Pear Tree Infant School,112728,Primary
3e7f083b-0d98-4787-a281-e00e0127739e,2020,University of Hertfordshire,H36,10007147,,,,Pear Tree Mead Academy,141304,Primary
27f1c080-c21e-4756-a452-1b59fc477eac,2020,University of Chester,C55,10007848,,,,Pear Tree Primary School,140740,Primary
4679b002-06a5-4170-a807-5159c9d454c4,2020,University of Hertfordshire,H36,10007147,,,,Peartree Spring Primary School,117206,Primary
d0452fa6-d44f-4efe-acf8-d9f3686abfb9,2020,"University of the West of England, Bristol",B80,10007164,,,,Peasedown St John Primary School,147173,Primary
e77b3bc5-0d47-4d0e-9c64-3575ec62d436,2020,Staffordshire University,S72,10006299,,,,Pebble Brook Primary School,111219,Primary
d1660167-2c96-4f0e-ba34-279425fe2f09,2020,University of Worcester,W80,10007139,,,,Pebworth First School,116715,Primary
ea167714-7568-4401-8cdd-d0f95c7bc7b6,2020,University of Worcester,W80,10007139,,,,Pedmore CE Primary School,148938,Primary
14201593-1f6e-4a4b-b463-4e16b973acd4,2020,University of Chester,C55,10007848,,,,Peel Hall Primary School,105468,Primary
8fff5024-e4f5-4255-9783-fa8d9ed8ed86,2020,Bradford College,B60,10000840,,,,Peel Park Primary School and Nursery,101494,Primary
130bcb82-b15e-4222-ba47-909a10157140,2020,University of Wolverhampton,W75,10007166,,,,Pegasus Academy,137390,Chemistry
6e23f7e2-5fae-40af-bc33-0802bcd182a9,2020,University of Wolverhampton,W75,10007166,,,,Pegasus Academy,137390,English
f507ef31-4664-40c8-aaa6-57d1689c547e,2020,University of Wolverhampton,W75,10007166,,,,Pegasus Academy,137390,History
f357cb91-0e08-4e90-a55f-58558d88c50b,2020,Oxford Brookes University,O66,10004930,,,,Pegasus School,139985,Primary
361cbf06-c67d-4f5f-905d-ad625e1698f7,2020,Roehampton University,R48,10007776,,,,Pelham Primary School,102642,Primary
10d4ca7a-7557-40b3-9b84-b2dfccb4388e,2020,Birmingham City University,B25,10007140,,,,Pelsall Village School,104214,English
9ee5b71b-e60f-481f-8173-0004979d3217,2020,Birmingham City University,B25,10007140,,,,Pelsall Village School,104214,Primary
91275d23-1660-4e5f-9bdb-c893afe4dead,2020,University of Worcester,W80,10007139,,,,Pembridge CofE Primary School,116906,Primary
7961c4b0-92c8-4d95-b253-93e795a25142,2020,The Manchester Metropolitan University,M40,10004180,,,,Pendle Vale College,134989,Biology
dcc5ecde-a394-4f0a-84e4-37e97434c510,2020,The Manchester Metropolitan University,M40,10004180,,,,Pendle Vale College,134989,Mathematics
9bfa0333-c8f4-415b-8f5e-caef2bd2f274,2020,University of Worcester,W80,10007139,,,,Pendock CofE Primary School,116838,Primary
b7cc3e87-cce7-42b8-94ce-0ce4383b1859,2020,Sheffield Hallam University,S21,10005790,,,,Penistone Grammar School,106653,Mathematics
f4efe770-f915-420b-b70f-fd11e8e190ba,2020,Sheffield Hallam University,S21,10005790,,,,Penistone Grammar School,106653,Other subjects
5f3aa09b-7ca9-49ca-8700-bdebf2df9c32,2020,Sheffield Hallam University,S21,10005790,,,,Penistone St John's Voluntary Aided Primary School,136941,Primary
f1e42744-d4ee-43c2-92a1-4694ec0a732b,2020,University of Cumbria,C99,10007842,,,,Pennine Way Primary School,131177,Primary
1a99cf57-c512-46a6-beb5-8a1d07cb428b,2020,University of Cumbria,C99,10007842,,,,Pennington CofE School,112284,Primary
332c6142-adf5-4397-b8d3-eadaee84b671,2020,Canterbury Christ Church University,C10,10001143,,,,Pennoweth Primary School,144060,Primary
503a6ab1-fa10-4288-b0e6-bdcebbac7dfa,2020,Plymouth Marjon University,P63,10037449,,,,Pennoweth Primary School,144060,Primary
1a735113-7d62-40ac-a67f-f5627e63f947,2020,Birmingham City University,B25,10007140,,,,Penns Primary School,103356,Primary
53bb7548-f8ac-4319-a9ad-6d65ae0d4a8c,2020,University of Reading,R12,10007802,,,,Penn Wood Primary and Nursery School,130372,Primary
b46709d1-c4f0-4f24-96bc-359d9d24b4a9,2020,Plymouth Marjon University,P63,10037449,,,,Pennycross Primary School,113297,Primary
ab8d8647-3ebe-43da-8954-5271c3d782c1,2020,University Of Plymouth,P60,10007801,,,,Pennycross Primary School,113297,Primary
a3053004-0ef9-4bd2-b478-70f5efc7e270,2020,University of Sunderland,S84,10007159,,,,Pennywell Early Years Centre,108753,Primary
bde84bc6-c5e5-4455-92a6-c467a87bf530,2020,University Of Plymouth,P60,10007801,,,,Penponds School,140741,Primary
aa48c25b-ad0f-423b-aef1-fce0b6d5fe94,2020,Plymouth Marjon University,P63,10037449,,,,Penrice Academy,136573,Physical education
0c019ce0-359a-4bc7-9975-db13e533f692,2020,University Of Plymouth,P60,10007801,,,,Penrice Academy,136573,Music
2fc7bd59-2a90-49aa-9287-edca566ac76d,2020,Edge Hill University,E42,10007823,,,,Pensby High School,105101,Mathematics
b334bff2-1e5f-4049-b668-2943f55a6538,2020,Liverpool Hope University,L46,10003956,,,,Pensby High School,105101,Geography
1d4303ab-b268-4779-a800-b417bdf5bbd9,2020,Edge Hill University,E42,10007823,,,,Penwortham Girls' High School,119765,Mathematics
3296dce3-c5a7-4b09-b468-17d1e99717a3,2020,Edge Hill University,E42,10007823,,,,Penwortham Girls' High School,119765,Religious education
35c9adaf-17e0-4679-9877-7885e738398e,2020,University of Cumbria,C99,10007842,,,,Penwortham Primary School,119157,Primary
2a165c46-c446-4b8d-b39c-0f1a4a6276bc,2020,Edge Hill University,E42,10007823,,,,"Penwortham, St Teresa's Catholic Primary School",119699,Primary
213ec83c-87a5-4bc0-be8e-85ccca6122fa,2020,"University of the West of England, Bristol",B80,10007164,,,,Penygawsi Primary School,401243,Primary
dbc84430-3487-4bf2-a84f-abe98e9c36dc,2020,University of Worcester,W80,10007139,,,,Perdiswell Primary School,116755,Primary
7b494849-3700-47e1-8ec4-a1a3afad0fb3,2020,University of Wolverhampton,W75,10007166,,,,Perryfields Academy,148267,English
2595355a-6b55-48b5-a6c4-e0981497489e,2020,Staffordshire University,S72,10006299,,,,Perryfields Primary School,103953,Primary
648f9a9c-37f4-4128-a310-bf72c69cff32,2020,University of Wolverhampton,W75,10007166,,,,Perryfields Primary School,103953,English
a0dc3d18-8dab-479f-ae17-2bd8c4f1e049,2020,Haybridge SCITT,2B3,10034167,,,,Perry Wood Primary and Nursery School,139001,Primary
75041dae-603a-4b39-8e31-f0063e29514f,2020,University of Wolverhampton,W75,10007166,,,,Perton First School,124177,Primary
a5a3b9c3-0a09-4781-a35a-df3e4b22b04d,2020,University of Wolverhampton,W75,10007166,,,,Perton Middle School,124437,Primary
1ecd95af-436f-4118-8c77-95d1dfc56278,2020,Staffordshire University,S72,10006299,,,,Perton Primary Academy,143353,Primary
8ad52f25-21cf-4173-8c9c-ca26f559875e,2020,University of Worcester,W80,10007139,,,,Peterbrook Primary School,104075,Primary
3d4ac6b6-5d99-46ad-aff9-3f20a645bb51,2020,The University of Brighton,B72,10000886,,,,Peter Gladwin Primary School,114443,Primary
6a433352-22e1-4ec6-94dd-9b148dcac269,2020,University of Sussex,S90,10007806,,,,Peter Gladwin Primary School,114443,Primary
fa8d75ef-e62c-4501-b7eb-ed22bb331cac,2020,The University Of East Anglia,E14,10007789,,,,Peterhouse CofE Primary Academy,141691,Primary
100a8cc8-ec0e-4c3e-becb-60722ab2897f,2020,University of Chichester,C58,10007137,,,,Petersfield Infant School,115936,Primary
a346dca2-72f0-4fd1-a3f0-8554eea70560,2020,University of Chichester,C58,10007137,,,,Petersgate Infant School,116065,Primary
9ed0f0af-e8ae-4cbd-9218-403de4adf270,2020,University of Worcester,W80,10007139,,,,Peters Hill Primary School,103791,Primary
916deea2-c573-4fd6-a9b9-75087404530c,2020,Canterbury Christ Church University,C10,10001143,,,,Petham Primary School,139810,Primary
8cbc7a77-8ac1-427f-80ca-a07a753567ff,2020,University of Cumbria,C99,10007842,,,,Petteril Bank School,112220,Primary
7b76a1b5-04c7-461b-b1a8-8b43ecaecca5,2020,University of Chichester,C58,10007137,,,,Petworth Cof E Primary School,125990,Primary
646ef14e-78fe-4d05-8505-b92ace9a17a1,2020,Liverpool Hope University,L46,10003956,,,,Pewithall School,111141,Primary
f65eb05f-a9d8-4e60-a15f-4885cfef03e2,2020,Birmingham City University,B25,10007140,,,,Pheasey Park Farm Primary School and Early Years Centre,147480,Biology
69be9d6d-7b8d-4732-aed6-fa6ab7154242,2020,Birmingham City University,B25,10007140,,,,Pheasey Park Farm Primary School and Early Years Centre,147480,Primary
98587ccf-3011-4f6e-80d8-3eb515b59f37,2020,Bradford College,B60,10000840,,,,Philips High School,105360,Drama
a907f8ca-60eb-4f95-94a8-e55ed1ec3937,2020,Sheffield Hallam University,S21,10005790,,,,Phillimore Community Primary School,143798,Primary
6647b9ec-87d4-473f-a0b7-1c608a987d17,2020,Canterbury Christ Church University,C10,10001143,,,,Phoenix Community Primary School,133961,Primary
c008a852-76f5-4ada-aba1-e531e26c2ca5,2020,Sheffield Hallam University,S21,10005790,,,,Phoenix Park Academy,141101,Mathematics
ffb9b74b-20cb-45ec-9f68-db7445cd8ba7,2020,Liverpool Hope University,L46,10003956,,,,Phoenix Primary School,133702,Primary
2a1ebfd3-e804-4be4-badc-470292c5c278,2020,The University Of East Anglia,E14,10007789,,,,Phoenix St Peter Academy,141983,Mathematics
e20543ef-f103-48cb-af56-5a73f21c7761,2020,The University Of East Anglia,E14,10007789,,,,Phoenix St Peter Academy,141983,Primary
e215a009-1ab2-406d-8760-9bb7bb831840,2020,Nottingham Trent University,N91,10004797,,,,Pierrepont Gamston Primary School,132194,Primary
f42086de-3201-4f21-a830-a4cb2e98e60b,2020,Canterbury Christ Church University,C10,10001143,,,,Pikemere School,145036,Primary
edad588c-2aec-4516-a77e-38478a77ae6d,2020,University Of Plymouth,P60,10007801,,,,Pilgrim Primary Academy,144188,Primary
f25c18a6-d7be-4bbd-a35d-21ac8d0319e3,2020,The University of Northampton,N38,10007138,,,,Pineham Barns Primary School,144758,Primary
ba72175d-cff0-455a-a5d4-a35aba00ee4d,2020,Edge Hill University,E42,10007823,,,,Pinfold Primary School,119209,Primary
c84fc76b-27da-4cfa-8f1f-70c6836421d2,2020,Brunel University London,B84,10000961,,,,Pinner High School,142864,Mathematics
3d2db0db-c377-4c45-940e-85b1d1d3dc24,2020,Roehampton University,R48,10007776,,,,Pinner Park Primary School,102207,Primary
779f1f88-94c3-4306-967c-5b64c4255ccc,2020,University of Sussex,S90,10007806,,,,Pinner Park Primary School,102207,Primary
5f022d01-f22c-41c0-996c-940cd23de714,2020,St Mary's University,S64,10007843,,,,Pirbright Village Primary School,146023,Primary
ea60d56d-0499-4b6f-9128-842d16607b04,2020,University of Bedfordshire,B22,10007152,,,,Pirton Hill Primary School,109574,Primary
d64108fb-c418-48e2-a700-621052d2e011,2020,University of Worcester,W80,10007139,,,,Pitmaston Primary School,116769,Primary
0b33309d-276d-4eb5-9f98-92ec7f4c426a,2020,University of Hertfordshire,H36,10007147,,,,Pixmore Junior School,117259,Primary
be8cf03c-95a7-40ba-bca6-c1b8e67f8dae,2020,University of Sunderland,S84,10007159,,,,Plains Farm Academy,139389,Primary
c7d41ef9-1131-4830-baa1-b236e7e89c37,2020,University Of Plymouth,P60,10007801,,,,Plaistow Hill Primary and Nursery School,145655,Primary
16326864-1a30-407c-9fcb-40f64a770e87,2020,Plymouth Marjon University,P63,10037449,,,,Plaistow Primary School,132812,Primary
59e28f5b-5aa5-4aa3-a19d-eae467e230ab,2020,Birmingham City University,B25,10007140,,,,Plantsbrook School,137053,Physical education
73a99b04-6ac6-4367-9ba5-36b02b7c959e,2020,University of Wolverhampton,W75,10007166,,,,Plantsbrook School,137053,Primary
ee347f34-717e-4991-8c99-0592ac284317,2020,Canterbury Christ Church University,C10,10001143,,,,Platt Church of England Voluntary Aided Primary School,118728,Primary
7a639c3d-dbee-49b7-b05d-28e096d3ba1b,2020,Lincoln Bishop University,B38,10007811,,,,Plover Primary School,147576,Primary
ce7b4c32-7e81-417e-b5fd-7d466ed28a5a,2020,The University of Brighton,B72,10000886,,,,Plume School,137790,Physical education
39a7010e-d899-405e-9e20-f3c2f9428709,2020,University of Cumbria,C99,10007842,,,,Plumpton School,112120,Primary
ec41b328-4a08-4bef-93d9-c990c71b6153,2020,University of Greenwich,G70,10007146,,,,Plumstead Manor School,100183,Mathematics
235d5071-1e82-4627-a0f2-79431308fb6e,2020,Plymouth Marjon University,P63,10037449,,,,Plympton Academy,136556,Physical education
f0c22a3b-a3a5-40da-aea0-c330772c7e4a,2020,Plymouth Marjon University,P63,10037449,,,,Plympton St Mary's CofE Infant School,147277,Early years ITT
f2a82f6b-428a-4174-b9f9-c6d2647af218,2020,Plymouth Marjon University,P63,10037449,,,,Plympton St Mary's CofE Infant School,147277,Primary
7280f815-f591-46f9-bae0-e14163d7a0c4,2020,Plymouth Marjon University,P63,10037449,,,,Plymstock School,136568,Physical education
9aab4b5e-a7ae-41a7-9c4d-69f6bbc047e0,2020,York St John University,Y75,10007713,,,,Pocklington Church of England Voluntary Controlled Infant School,117987,Primary
3e275343-be88-4917-9902-5549101168f1,2020,York St John University,Y75,10007713,,,,Pocklington School,118132,Primary
45d8c6fa-4496-425b-8aab-07de854987be,2020,University of Winchester,W76,10003614,,,,Pokesdown Community Primary School,139453,Primary
8c89c74f-88a1-459d-b66b-18c8d0cb105e,2020,The University of Brighton,B72,10000886,,,,Polegate Primary School,114435,Primary
39075a83-6139-4dbc-8522-3761303fe0c4,2020,Plymouth Marjon University,P63,10037449,,,,Poltair School,147442,Physical education
b0d7a9e9-6f3c-4d6b-8916-a81601860ef2,2020,University Of Plymouth,P60,10007801,,,,Pondhu Primary School,148106,Primary
d4722688-f24a-471d-a75a-836bc9a96a6d,2020,University of Hertfordshire,H36,10007147,,,,Ponsbourne St Mary's Church of England Primary School,117396,Primary
7b5d96e9-83eb-4393-b6e6-05725ff9cb0b,2020,University of Northumbria at Newcastle,N77,10001282,,,,Ponteland Community Primary School,143469,Primary
42915bcf-7fa2-4920-8fb1-a6605844652f,2020,University of Chester,C55,10007848,,,,Pontesbury CofE Primary School,123493,Primary
2e4d59ce-9d22-42f9-b69c-eed3cdd046f3,2020,University of Wolverhampton,W75,10007166,,,,Pool Hayes Academy,142594,Primary
c6a62eef-5075-49ba-add1-2bd7bfe2e688,2020,Birmingham City University,B25,10007140,,,,Pool Hayes Primary School,104191,Primary
34cbc79b-9646-41ec-a7ef-0a8c401834b0,2020,Edge Hill University,E42,10007823,,,,Pool House Community Primary School,119332,Primary
1d469e00-159a-4e45-a2e3-3df16b84ead4,2020,Leeds Beckett University,L27,10003861,,,,Pool-in-Wharfedale Church of England Voluntary Controlled Primary School,108000,Primary
77327e85-845a-42bf-baad-1649a0f7f613,2020,Roehampton University,R48,10007776,,,,Poplar Primary School,102644,Primary
890eaf42-3ce7-4c55-86bc-8732a1c66d9f,2020,Leeds Trinity University,L24,10003863,,,,Poplars Farm Primary School,107247,Primary
2c38273f-b3e6-4a58-ae00-d2d6dbbbdb14,2020,York St John University,Y75,10007713,,,,Poppleton Road Primary School,121281,Primary
db5ecd91-7fe0-4aa4-a01f-c007ff22cd6d,2020,University of Chichester,C58,10007137,,,,Portfield Primary Academy,138402,Primary
1adab6de-3640-4ee2-9c6f-a8a7826424c7,2020,University Of Plymouth,P60,10007801,,,,Porthleven School,143996,Primary
d45057b3-8872-4078-9628-87565081c192,2020,University of Sussex,S90,10007806,,,,Portslade Aldridge Community Academy,137063,Chemistry
a7e0538e-275f-4401-a235-d32cc59b8a63,2020,University of Winchester,W76,10003614,,,,Portswood Primary School,138626,Primary
4227e140-388a-47bf-9af1-7b9debf1665e,2020,University of Derby,D39,10007851,,,,Portway Infant School,112740,Primary
9036cc23-8b5f-4258-b02f-4b43f3c9984b,2020,University of Winchester,W76,10003614,,,,Portway Infant School,115857,Primary
da2b92ca-a914-43a9-9462-f8bb33347c9b,2020,University of Derby,D39,10007851,,,,Portway Junior School,146879,Primary
ad2b7522-966e-4a71-a128-a1fc84db51a9,2020,University of Winchester,W76,10003614,,,,Portway Junior School,115853,Primary
acce874f-36ab-4c80-ac49-4ec2d0c1ad95,2020,University of Reading,R12,10007802,,,,Potley Hill Primary School,116059,Primary
adb41648-4e04-4dc7-ba1e-950ae1de2311,2020,University of Bedfordshire,B22,10007152,,,,Potton Primary School,109475,Primary
879f5609-046f-42ce-b503-04485d2891d5,2020,Liverpool John Moores University,L51,10003957,,,,Poulton Lancelyn Primary School,143503,Primary
fef54de5-e559-46d3-a41f-4831d2230635,2020,University of Chester,C55,10007848,,,,Poulton Lancelyn Primary School,143503,Primary
fbad8d57-26dd-4c8f-91ae-5f23bfa766c8,2020,The University of Brighton,B72,10000886,,,,Pound Hill Infant Academy,142290,Mathematics
feb0c1fb-3084-4df5-ac4f-4d3f4b78cf0c,2020,The University of Brighton,B72,10000886,,,,Pound Hill Infant Academy,142290,Primary
d84b85e8-3475-4598-b648-5bf8e77b75fe,2020,University of Sussex,S90,10007806,,,,"Pound Hill Junior School, Crawley",125905,Primary
f61d3927-47d4-4a30-a766-8ffe27519050,2020,University of Greenwich,G70,10007146,,,,Poverest Primary School,101641,Primary
8f4e1ba0-0b0f-432e-a32e-83736fcd99c3,2020,University of Gloucestershire,G50,10007145,,,,Powell's Church of England Primary School,115681,Primary
6b9e23e0-bbd6-4513-a5f3-5ea8254bc5ff,2020,University of Cumbria,C99,10007842,,,,Preesall Fleetwood's Charity Church of England Primary School,119558,Primary
db9e36e0-bacf-4550-a5c0-85ef6d445bb9,2020,Liverpool John Moores University,L51,10003957,,,,Prenton Primary School,103598,Primary
01169e44-7de8-4e3b-8c4d-0e50f01c0808,2020,University of Bedfordshire,B22,10007152,,,,Presdales School,137985,Physical education
5d99502c-0c77-47ca-ad44-b8c3114858ae,2020,University of Winchester,W76,10003614,,,,Preston Candover Church of England Primary School,116308,Primary
abde4790-fef6-4e56-8be1-226f3dbce7d9,2020,University Of Exeter,E84,10007792,,,,Preston CofE Primary School,140305,Primary
fcb81c1b-2837-4ed1-ae9c-da1ec528e123,2020,Edge Hill University,E42,10007823,,,,Preston Greenlands Community Primary School,119233,Primary
6a5fa75a-d8ae-4419-bb4e-6ca4c22af1f3,2020,Brunel University London,B84,10000961,,,,Preston Park Primary School,101510,Primary
f10b3cfe-d988-410f-ba16-8c3af6d08586,2020,Middlesex University,M80,10004351,,,,Preston Park Primary School,101510,Primary
8ab2d1da-8eb1-4129-9721-ae757dbd4775,2020,Canterbury Christ Church University,C10,10001143,,,,Preston Primary School,118401,Primary
cf8eba26-83dd-404a-ac9a-d17229d05342,2020,University of Durham,D86,10007143,,,,Preston Primary School,111535,Primary
c82dcb94-1075-41bf-9758-d36c73f93b89,2020,Oxford Brookes University,O66,10004930,,,,Prestwood Junior School,110304,Primary
b1c00fcf-a74b-4eb9-87e1-3a84e9f27038,2020,Middlesex University,M80,10004351,,,,Priestmead Primary School and Nursery,146750,Primary
8503e9ad-6e2a-4c34-9f03-53bf67e581b2,2020,Leeds Beckett University,L27,10003861,,,,Primley Wood Primary School,139688,Primary
403bcd79-8fcf-4854-8f9c-8758276eb88d,2020,The Manchester Metropolitan University,M40,10004180,,,,Primrose Hill Primary School and Children's Centre,129466,Primary
34d25615-8240-4271-a7b9-d57a88db72db,2020,Bath Spa University,B20,10000571,,,,Princecroft Primary School,126259,Early years ITT
c16eb36c-60f0-4e1c-ad4b-c9274b52a9a3,2020,"University of the West of England, Bristol",B80,10007164,,,,Princecroft Primary School,126259,Primary
46f8d127-b008-4ee5-b920-b66593994e80,2020,University of Wolverhampton,W75,10007166,,,,Princefield First School,145379,Primary
c8af98e4-03ad-42c0-b5e0-6d271ad5692f,2020,St Mary's University,S64,10007843,,,,Prince of Wales Primary School,102002,Primary
df7482b0-b0c9-43d6-887c-78b30c085289,2020,University of Hertfordshire,H36,10007147,,,,Prince of Wales Primary School,102002,Primary
0c98457f-5186-46b3-9662-e8c052fc2d11,2020,Plymouth Marjon University,P63,10037449,,,,Prince Rock Primary School,143476,Early years ITT
bf89d4d2-279c-4b34-8918-1b51d539712d,2020,Plymouth Marjon University,P63,10037449,,,,Prince Rock Primary School,143476,Primary
9c0abda2-d642-466f-a838-47ab901042f6,2020,University Of Plymouth,P60,10007801,,,,Prince Rock Primary School,143476,Primary
85969a2f-535e-46bb-88e8-bddfb75afa67,2020,Coventry University,C85,10001726,,,,Princes Risborough School,146377,Business studies
5d6a7173-4898-43a7-a1e0-f51e1b708c62,2020,Coventry University,C85,10001726,,,,Princes Risborough School,146377,General sciences
5a6882ae-a1f7-4881-a55e-05a26e24503d,2020,Liverpool Hope University,L46,10003956,,,,Princes School,104750,Primary
2dc46a2b-d36c-407f-9294-e0fa7dac9c89,2020,University of Warwick,W20,10007163,,,,Princethorpe College,125787,English
a79b7ef4-5c4b-4e9c-8553-2a37ac16690e,2020,Plymouth Marjon University,P63,10037449,,,,Princetown Community Primary School,147494,Primary
8eef1be0-03a8-48f6-b965-9d61da993496,2020,The University of Northampton,N38,10007138,,,,Priors Hall - A Learning Community,146712,Primary
09d9145d-0f65-4170-a909-969f33e3e364,2020,Birmingham City University,B25,10007140,,,,Priorslee Academy,136439,Primary
128b14cc-39f5-4921-b5a4-5a892941967f,2020,University of Wolverhampton,W75,10007166,,,,Priorslee Academy,136439,Primary
f351073e-a46c-45bf-91d4-11fbc54c7a95,2020,University of Worcester,W80,10007139,,,,Priorslee Academy,136439,Primary
3cca1d4d-b430-4f28-b0ea-9b2da1e2c393,2020,West Midlands Consortium,W53,10006894,,,,Priorslee Academy,136439,Primary
1d3f87e1-ae6f-4490-b8a0-2042bba172a2,2020,Staffordshire University,S72,10006299,,,,Priory CofE Academy,150003,Primary
56323769-a5b1-476a-9784-a4e9dcae199a,2020,Bradford College,B60,10000840,,,,Priory Common School,110380,Primary
69982035-3da2-4eee-b363-6f899ce3544d,2020,Plymouth Marjon University,P63,10037449,Priory Community School,137300,school,Priory Community School,137300,History
c91d3898-61c2-404a-b014-f5c6da661c7a,2020,University Of Oxford,O33,10007774,,,,Priory Community School,137300,Physics
da47a122-5fc2-47bb-817d-962176334b7d,2020,Canterbury Christ Church University,C10,10001143,,,,Priory Fields School,143073,Primary
bcc324d8-1cfe-4e68-8b05-025abf3ecbe6,2020,Birmingham City University,B25,10007140,,,,Priory Primary School,145305,Primary
e6566258-c2ce-4662-a3a5-e63e51d85c7b,2020,University of Bedfordshire,B22,10007152,,,,Priory Primary School,109436,Primary
5eb072e3-3a03-4557-8dd7-c330b653da2b,2020,University Of Plymouth,P60,10007801,,,,"Priory Roman Catholic Primary School, Torquay",140743,Primary
fc5e0ac6-81b9-4dce-80a2-de395b2672d1,2020,Birmingham City University,B25,10007140,,,,Priory School,103566,Primary
91d708bc-13e0-4c10-b087-8267c27db513,2020,St Mary's University,S64,10007843,,,,Priory School,110089,Primary
5e5e307b-9bdd-401d-b6cd-afb6d20dc7d3,2020,The University of Brighton,B72,10000886,,,,Priory School,114598,Physical education
ac3f47d2-4d7f-4816-905f-be14c74e304b,2020,The University of Brighton,B72,10000886,,,,Priory School,141175,Physical education
ee3cef38-c7fd-4ea9-9dd7-9d58a20b3a91,2020,Edge Hill University,E42,10007823,,,,Progress Arc  Billinge School,104839,Mathematics
b12f3f66-b987-49d9-aca0-c6eafbe8cc45,2020,University of Northumbria at Newcastle,N77,10001282,,,,Prudhoe Castle First School,146924,Primary
dafe420e-4e3b-4f37-9813-bbaa8fdc0d25,2020,University of Sunderland,S84,10007159,,,,Prudhoe West Academy,144180,Primary
cc12ef41-0413-421c-b3b0-caebf0c5caa4,2020,"University of the West of England, Bristol",B80,10007164,,,,Pucklechurch CofE VC Primary School,109171,Primary
fbc4c1c5-86c3-4b3a-a030-0a1b820e7c24,2020,Leeds Beckett University,L27,10003861,,,,Pudsey Waterloo Primary,145525,Primary
25f8b6bc-2a86-4328-b9ed-6390732fe0d3,2020,The University Of East Anglia,E14,10007789,,,,Pulham Church of England Primary School,121051,Primary
3100e939-7c31-45d2-9e7c-ad6ae71a9546,2020,Canterbury Christ Church University,C10,10001143,,,,Punnetts Town Community Primary and Nursery School,114414,Primary
2963e8da-4a33-460a-aba2-d056bcd9226b,2020,University of Chichester,C58,10007137,,,,Purbrook Infant School,115937,Primary
fd6a7a92-1917-4075-ab84-f91e77bae791,2020,University of Chichester,C58,10007137,,,,Purbrook Park School,116506,Physical education
22a0f464-19c4-4b25-b2c1-514ff2697e2c,2020,University of Reading,R12,10007802,,,,Purley CofE Primary School,109971,Primary
cf107a84-9c27-4767-a760-880ede319838,2020,University of Hertfordshire,H36,10007147,,,,Purwell Primary School,117224,Primary
f8826b55-a2a5-4ed0-b315-7a7129daf50b,2020,University of Bedfordshire,B22,10007152,,,,Putnoe Primary School,139519,Primary
a9d63871-480c-4dc7-97de-e0511615b9a2,2020,University of Hertfordshire,H36,10007147,,,,Putteridge Primary School,109564,Primary
c30e9c72-6aeb-407d-8e73-4dbc3112b64b,2020,Sheffield Hallam University,S21,10005790,,,,Pye Bank CofE Primary School,146841,Primary
216ca536-2a55-4c5a-97b7-b021fdc5508f,2020,Staffordshire University,S72,10006299,,,,Pye Green Academy,141493,Primary
a2bbfffa-e75e-4ef7-90b5-91cc39bd461c,2020,University of Wolverhampton,W75,10007166,,,,Pye Green Academy,141493,Geography
f4c6a4f3-0a75-483b-ab66-7dcafb42561f,2020,University of Wolverhampton,W75,10007166,,,,Pye Green Academy,141493,Primary
1ed45829-b7e8-41df-8225-9470471ab079,2020,University of Wolverhampton,W75,10007166,,,,Q3 Academy Great Barr,135449,Primary
08c8ca94-36e4-4d11-8d02-944b2a45373a,2020,Birmingham City University,B25,10007140,,,,Q3 Academy Langley,141698,Physical education
da95d534-49b0-4957-9273-9f9036a25762,2020,Coventry University,C85,10001726,,,,Quainton Hall School,102249,Primary
a942adb0-54a8-4953-9df2-cfb22a8f9665,2020,University of Worcester,W80,10007139,,,,Quarry Bank Primary School,103830,Primary
50e726db-190d-46bf-b7cc-8a1613e86f48,2020,University of Nottingham,N84,10007154,,,,Quarrydale Academy,137857,Geography
49e69f59-12c6-4662-85b3-5511eb433780,2020,University of Greenwich,G70,10007146,,,,Quarry Hill Academy,139576,Primary
7c06936d-f96c-4657-ae93-d3fc822750ad,2020,Leeds Trinity University,L24,10003863,,,,Quarry Mount Primary School,107889,Primary
620b7767-61e6-4757-a3b2-5f6a7698e437,2020,York St John University,Y75,10007713,,,,Quay Academy,140551,Primary
5c525cfe-d8f3-47e5-8cfc-2af50dc3743d,2020,Lincoln Bishop University,B38,10007811,,,,Queen Eleanor Primary School,122645,Primary
0efa5940-3ae1-4366-b4cb-b756664ebccc,2020,Coventry University,C85,10001726,,,,Queen Elizabeth's Grammar School,136972,Physics
25c1c6ee-6dfd-475c-9fc6-508aef34577a,2020,The Manchester Metropolitan University,M40,10004180,,,,Queen Elizabeth's Grammar School,141165,Music
21d4a12b-4377-4b98-b184-2709f4041d70,2020,University of Southampton,S27,10007158,,,,Queen Elizabeth's School,141526,History
463b044a-7028-4f30-bb96-a92b3e9d95f6,2020,Oxford Brookes University,O66,10004930,,,,Queen Emma's Primary School,142362,Primary
8b242591-8aa9-443d-b25e-cff1cdd20eda,2020,Coventry University,C85,10001726,,,,Queen Katharine Academy,145051,Music
7eee0891-5adf-47e0-be9a-02c578e47aed,2020,Birmingham City University,B25,10007140,,,,Queen Mary's Grammar School,136773,Physical education
e61282ec-87da-433e-b15b-66394bdd5897,2020,University of Wolverhampton,W75,10007166,,,,Queen Mary's Grammar School,136773,Primary
464e0380-2cb7-41fc-a686-44655e7f135c,2020,University of Winchester,W76,10003614,,,,Queensgate Foundation Primary,136008,Primary
4b393372-57de-4b40-b87c-52fd0929f4d1,2020,Oxford Brookes University,O66,10004930,,,,Queen's Gate School,100511,Primary
6977e947-7498-4b0b-9b8d-6c8ab450ad9f,2020,The University Of East Anglia,E14,10007789,,,,Queen's Hill Primary School,135148,Modern languages
87e84e26-0281-42b2-8253-8439e065416f,2020,The University Of East Anglia,E14,10007789,,,,Queen's Hill Primary School,135148,Primary
e369ed28-7207-4d90-8e5f-cabe444cfdde,2020,University of Nottingham,N84,10007154,,,,Queensmead Primary Academy,138553,Primary
798dd2da-f2c2-44a6-a6cb-26c934a3f29f,2020,University of Bedfordshire,B22,10007152,,,,Queen's Park Academy,136660,Primary
5288b982-0cd7-4e7f-af89-dee60878139d,2020,The University of Brighton,B72,10000886,,,,Queens' School,136877,Physical education
e4275f7d-d613-48ef-8e55-8158699c8b55,2020,The University Of East Anglia,E14,10007789,,,,Queensway Infant Academy and Nursery,145307,Primary
62f81095-6a17-4278-b3b4-d0c5e587d3f4,2020,University of Wolverhampton,W75,10007166,,,,Queen Victoria Primary School,103826,Primary
89c9bd95-08fc-4596-9a6e-4dee024327cf,2020,University of Wolverhampton,W75,10007166,,,,Queen Victoria Primary School,149544,Primary
0794e61c-ece8-43ca-8d66-780dea89259b,2020,Brunel University London,B84,10000961,,,,Rabbsfarm Primary School,102408,Primary
fecce905-9cb4-425d-bb45-d3cc74e8c282,2020,The University of Northampton,N38,10007138,,,,Race Leys Infant School,125616,Primary
c61c103b-1f53-403a-a155-29f925764b51,2020,Edge Hill University,E42,10007823,,,,Rack House Primary School,105448,Mathematics
d37bf61c-e4a6-4b98-aefd-86b04fecb2de,2020,The Manchester Metropolitan University,M40,10004180,,,,Rack House Primary School,105448,Mathematics
316986b5-5152-4a02-8982-a5f67c7edc3c,2020,The Manchester Metropolitan University,M40,10004180,,,,Rack House Primary School,105448,Primary
345b1331-ff3f-4fb2-9a72-1901117af4cf,2020,Bradford College,B60,10000840,,,,Radipole Primary School,113717,Primary
bc0337b2-13f1-4b89-a80a-c4a125898a4d,2020,"University of the West of England, Bristol",B80,10007164,,,,Radnor Primary School,401580,Primary
adbd24f1-937f-4a84-b8fb-2a58206534bc,2020,University of Reading,R12,10007802,,,,Radstock Primary School,109927,Primary
7889f7bc-4f19-4c0e-861d-7ebb2358c0a8,2020,University of Hertfordshire,H36,10007147,,,,Raglan Infant School,102004,Primary
71c53b45-f677-4207-981a-bd01090ae807,2020,Sheffield Hallam University,S21,10005790,,,,Rainbow Forge Primary Academy,143997,Primary
387ff1de-c1f6-4a7a-a024-474ee1c03510,2020,Edge Hill University,E42,10007823,,,,Rainford Brook Lodge Community Primary School,104780,Primary
ccca1f8b-552c-40c3-b6c4-798851a37ce3,2020,Edge Hill University,E42,10007823,,,,Rainford CofE Primary School,148365,Primary
32619f9f-363f-4ae2-9fd5-4efa674b1ecd,2020,Edge Hill University,E42,10007823,,,,Rainford High School,144327,English
26ab5fb3-bfca-43ca-a81e-043f0ea258b7,2020,University of Greenwich,G70,10007146,,,,Rainham Village Primary School,102324,Primary
7b458093-663a-4ede-aecb-bc70a84a65c0,2020,University of Chichester,C58,10007137,,,,Rake CofE Primary School,125989,Primary
8b1fa1c0-7abd-45ac-8b70-7e95f1f8114b,2020,"Cambridge Training Schools Network, CTSN SCITT",1WO,10055220,Comberton Village College,136463,school,Ramsey Spinning Infant School,143775,Primary
d83c0ae0-7c03-4620-87dd-42e5d4d13202,2020,University of Greenwich,G70,10007146,,,,Rangefield Primary School,100699,Primary
6becb450-f365-4235-be01-d411eeef2858,2020,Edge Hill University,E42,10007823,,,,Range High School,137612,English
dc4c7c21-40eb-4494-933c-8314a5dc27e7,2020,University of Reading,R12,10007802,,,,Ranikhet Academy,142072,Primary
9b6339fc-5e2d-4453-acf8-bf08a6213146,2020,University of Chichester,C58,10007137,,,,Ranvilles Infant School,116028,Primary
48db6d55-78d0-488a-8a18-917ef71d342d,2020,University of Winchester,W76,10003614,,,,Ranvilles Infant School,116028,Primary
87d38ca6-2f8c-4312-882e-e0c34a6422e4,2020,Edge Hill University,E42,10007823,,,,Ranworth Square Primary School,104571,Primary
dd797449-4db9-47a7-b3ee-cd632453f673,2020,Roehampton University,R48,10007776,,,,Raphael Independent School,102358,Primary
ef643427-9f55-4cf3-9f30-839016010f53,2020,The University of Brighton,B72,10000886,,,,Ratton School,138474,Physical education
61860535-0b76-4b04-8e7b-a4cfccff0b21,2020,University of Cumbria,C99,10007842,,,,Raughton Head CofE School & Nursery,112257,Primary
d0c4a29e-c7f9-4c7a-acca-77edefe2d8f0,2020,The University of Northampton,N38,10007138,,,,Raunds Park Infant School,146865,Primary
a92417ec-3307-41f5-af78-b520e92f5db3,2020,Sheffield Hallam University,S21,10005790,,,,Ravenfield Primary Academy,141731,Primary
26253117-5609-47e8-ab1e-caaaa9db7090,2020,The Manchester Metropolitan University,M40,10004180,,,,Ravensbury Community School,105449,Mathematics
3e82e099-67c2-4f77-b017-aaf5f3cf7438,2020,University of Winchester,W76,10003614,,,,Ravenscote Community Junior School,125061,Primary
728965eb-7f71-4f9b-a518-8622f5d6c4c2,2020,Edge Hill University,E42,10007823,,,,Ravenscroft Community Primary School,104444,Primary
4cd4a9f7-d07e-4ca2-bde5-9d9f3bde80b8,2020,University of Derby,D39,10007851,,,,Ravensdale Infant and Nursery School,112759,Primary
a6e599c8-56ec-4e08-9a51-8da389b416d7,2020,University of Derby,D39,10007851,,,,Ravensdale Junior School,147399,Primary
aa9a5faa-c799-4434-9c9f-44e09f7a4030,2020,Coventry University,C85,10001726,,,,Ravensdale Primary School,103682,Primary
0b9d0d47-fca9-407c-9a03-2b1284aa7365,2020,Lincoln Bishop University,B38,10007811,,,,Ravenshead CofE Primary School,131814,Primary
fa75ec1b-3953-4e8c-a1ae-29135fde5887,2020,Nottingham Trent University,N91,10004797,,,,Ravenshead CofE Primary School,131814,Primary
afd4e4f6-d0a3-4974-a2b3-c6d87269e191,2020,Leeds Beckett University,L27,10003861,,,,Ravensthorpe Church of England Voluntary Controlled Junior School,107699,Primary
bc64823b-8cba-4826-a05a-ce77a1513ab7,2020,Roehampton University,R48,10007776,,,,Ravenstone Primary School,147327,Primary
44e1e3e1-7a93-4802-b24c-e10cbd3ee880,2020,York St John University,Y75,10007713,,,,Rawcliffe Bridge Primary School,117893,Primary
76fc1eb5-d134-4f8c-b4e9-e377bd5e0d3a,2020,Sheffield Hallam University,S21,10005790,,,,Rawmarsh Ashwood Primary School,140799,Primary
cfbcba07-3581-4111-84c0-d0bdbbb260e8,2020,Sheffield Hallam University,S21,10005790,,,,Rawmarsh Community School,140553,Chemistry
42fe6e8b-ad53-46f4-a250-f74e35fbe8f1,2020,Sheffield Hallam University,S21,10005790,,,,Rawmarsh Rosehill Junior School,106875,Primary
b710f60a-9819-4eff-847f-8c0591cdc92e,2020,Sheffield Hallam University,S21,10005790,,,,Rawmarsh Thorogate Junior and Infant School,106910,Primary
715d7fe7-5c02-49cf-9a8c-3e5c5871e107,2020,Leeds Beckett University,L27,10003861,,,,Raynville Academy,146927,Primary
ca35b641-b9e2-47fc-8954-b470fb7dc407,2020,Leeds Beckett University,L27,10003861,,,,Read School,121748,Primary
107b14a3-1084-4304-96c1-086ed641d529,2020,The University Of East Anglia,E14,10007789,,,,Recreation Road Infant School,134964,Primary
7d542371-aace-4694-b01e-1552b8bd94aa,2020,The University of Northampton,N38,10007138,,,,Rectory Farm Primary School,143542,Primary
4c52b5c0-4a65-46cb-b2db-db2f5508e75d,2020,Canterbury Christ Church University,C10,10001143,,,,Reculver Church of England Primary School,141216,Primary
ce407a17-7af4-40f7-9eda-bc0dc02ac45b,2020,Coventry University,C85,10001726,,,,Reculver Church of England Primary School,141216,Primary
c9cbcca5-1915-4358-ac6e-fb54194b0afa,2020,University of Chichester,C58,10007137,,,,Redbridge Community School,116453,Physical education
ce358d4c-ccdc-4ebe-854d-e81a7a37eb98,2020,University of Greenwich,G70,10007146,,,,Redbridge Primary School,127046,Primary
9830fa97-390f-4671-930f-274eda7df2ba,2020,University of Northumbria at Newcastle,N77,10001282,,,,Redby Academy,137463,Primary
1adc0dd4-fe45-4e70-990b-8db47d98b182,2020,University of Sunderland,S84,10007159,,,,Redby Academy,137463,Primary
cc910738-0c1a-4d5e-8a4c-ca188af8d351,2020,University of Reading,R12,10007802,,,,Reddam House Berkshire,110137,Primary
bab9fa36-5d38-47a4-ab66-3eb139714885,2020,The Manchester Metropolitan University,M40,10004180,,,,Reddish Vale High School,145133,Mathematics
2a626f8a-57e6-491c-b714-5d9565da846f,2020,The Manchester Metropolitan University,M40,10004180,,,,Reddish Vale High School,145133,Modern languages
a5298c36-5de5-4dbf-bc01-bd3b267c2386,2020,University of Northumbria at Newcastle,N77,10001282,,,,Redesdale Primary School,108599,Primary
8c935b1b-017d-4bf8-883e-8fcd246d7c01,2020,"University of the West of England, Bristol",B80,10007164,,,,Redfield Edge Primary School,109011,Primary
0630b88e-cf2b-437d-a0d9-ace1df62edc6,2020,Edge Hill University,E42,10007823,,,,Redgate Community Primary School,104885,Primary
fb170ddb-109a-465a-83a3-45317dc128b2,2020,St Mary's University,S64,10007843,,,,Red Gates School,101855,Primary
99056a23-9a07-402d-b9f4-7ff00795c352,2020,University of Sunderland,S84,10007159,,,,Red Hall Primary School,114183,Primary
252bf205-9aa2-4387-b1ca-4a38bdc0c91f,2020,Coventry University,C85,10001726,,,,Red Hill Field Primary School,139344,Primary
c0407c49-cd48-49d8-a8e2-2527ab410d31,2020,University of Chester,C55,10007848,,,,Redhill Primary School,124073,Primary
c5e38bea-fea3-40b4-ae38-33246a0408c3,2020,University of Greenwich,G70,10007146,,,,Red Hill Primary School,143110,Primary
d70fa9e9-1420-4125-835a-019d2126bf01,2020,Sheffield Hallam University,S21,10005790,,,,Redlands Primary and Nursery School,122603,Primary
93d01367-5f4a-4704-a04a-8140a36b2238,2020,University of Chichester,C58,10007137,,,,Redlands Primary School,115892,Primary
c6b14f91-8ff5-4598-a544-e05f03565e67,2020,Coventry University,C85,10001726,,,,Redmile Church of England Primary School,140910,Primary
a9a66132-1e37-4772-924e-e60243c476e8,2020,Plymouth Marjon University,P63,10037449,,,,Red Moor School,148038,Physical education
234a886c-b682-473d-8b9d-b8a7ad99841e,2020,Newman University,N36,10007832,,,,Rednal Hill Infant School,103249,Primary
f465f0fc-37b5-4609-ac9b-ac3892fe7ed8,2020,Edge Hill University,E42,10007823,,,,Redwood,135202,Mathematics
8833cb94-1843-4af3-80a3-7051456c4edf,2020,University of Derby,D39,10007851,,,,Redwood Primary School,112770,Primary
dd166719-d319-4d8b-99ac-6b0bab54e72d,2020,York St John University,Y75,10007713,,,,Reedness Primary School,117939,Primary
69aac987-d561-412e-86c7-717083ffcb52,2020,Birmingham City University,B25,10007140,,,,Reedswood E-ACT Academy,138452,Primary
036e7aa8-1f95-4803-aa1a-039ae9d27a49,2020,Bradford College,B60,10000840,,,,Reedswood E-ACT Academy,138452,Primary
f6debc05-72e7-4087-9740-72974a744af2,2020,Newman University,N36,10007832,,,,Reedswood E-ACT Academy,138452,Primary
12808fd3-4746-470e-8d69-32b91eff3192,2020,University of Wolverhampton,W75,10007166,,,,Reedswood E-ACT Academy,138452,Primary
fea4854a-34a0-4346-b731-7ac42382b201,2020,The University Of East Anglia,E14,10007789,,,,Reepham High School and College,138829,Biology
6f3957be-4d62-4ff9-af79-7a857ae026d2,2020,The University Of East Anglia,E14,10007789,,,,Reepham High School and College,138829,Chemistry
ec6f7f80-d999-4b03-b701-635dacafa9ea,2020,The University Of East Anglia,E14,10007789,,,,Reepham High School and College,138829,English
d0dbe584-3c28-4f00-a756-54d3754402cf,2020,The University Of East Anglia,E14,10007789,,,,Reepham High School and College,138829,History
4348c76b-9d42-4d92-873b-14d631697711,2020,The University Of East Anglia,E14,10007789,,,,Reepham High School and College,138829,Physical education
069d5252-bcdd-46c6-920c-a29bb5d693d0,2020,The University Of East Anglia,E14,10007789,,,,Reepham Primary School,143053,Primary
4f98ae2d-26e2-43ee-b831-c7deb0cf1792,2020,Birmingham City University,B25,10007140,,,,Regents Park Community Primary School,103193,Primary
c32c7c2d-d6a2-43dd-a267-ea7de4418ebd,2020,Leeds Beckett University,L27,10003861,,,,Reid Street Primary School,136836,Primary
56a2a702-9392-4bd7-8ac4-c7f605e3cb87,2020,University of Sunderland,S84,10007159,,,,Reid Street Primary School,136836,Primary
31bbd701-e97a-4f46-99b6-d18800502fca,2020,Sheffield Hallam University,S21,10005790,,,,Reignhead Primary School,107077,Primary
38a0ebd0-f669-4f72-af76-ebe657fa05e9,2020,Leeds Beckett University,L27,10003861,,,,Reinwood Community Junior School,107621,Primary
3109ca5f-2ea0-4731-9c57-a7ed45daecbb,2020,University of Huddersfield,H60,10007148,,,,Reinwood Infant and Nursery School,107622,Primary
5fd3d0e8-429a-4941-abd6-d6a5604190fe,2020,Birmingham City University,B25,10007140,,,,Rendell Primary School,138908,Primary
838ce824-35c1-4d69-b5e0-a33e190dccf7,2020,Nottingham Trent University,N91,10004797,,,,Rendell Primary School,138908,Primary
49fe504c-9c1b-4f1d-8db1-a9b2d52ff3a6,2020,Sheffield Hallam University,S21,10005790,,,,Renishaw Primary School,112545,Primary
3f9f9dd3-445d-4ab0-8420-9f23535d5c6e,2020,The University Of East Anglia,E14,10007789,,,,Reydon Primary School,141702,Primary
13549c9b-25c3-42fd-abe1-a3e98f16b714,2020,Middlesex University,M80,10004351,,,,Rhodes Avenue Primary School,102128,Primary
1883cd9a-9a5f-449c-9a1e-e9ea9972a2c4,2020,University of Chester,C55,10007848,,,,Rhosddu Primary School,400417,Primary
e061d283-183e-4402-85ec-fa2b5ed9f8e4,2020,Edge Hill University,E42,10007823,,,,Ribble Drive Community Primary School,105300,Primary
3a41fd20-4320-42f3-893d-fb988b41900e,2020,Edge Hill University,E42,10007823,,,,Ribblesdale School,119716,Mathematics
4c13d2db-3dfd-43f7-8522-a28396d93994,2020,Edge Hill University,E42,10007823,,,,Ribblesdale School,119716,Religious education
3cbad96f-8b59-43dc-962e-43847589bf06,2020,University of Sunderland,S84,10007159,,,,Ribbon School,138633,Primary
bf386c58-7934-4ed4-899b-755084e929cf,2020,University of Cumbria,C99,10007842,,,,Ribby with Wrea Endowed CofE Primary School,119559,Primary
d63fcca8-9b03-45d9-88ac-3b7ac67e2c82,2020,York St John University,Y75,10007713,,,,Riccall Community Primary School,121457,Primary
82e81537-ea27-447e-80e5-968241592f3c,2020,Liverpool Hope University,L46,10003956,,,,Rice Lane Primary School and Nursery,141937,Primary
3b7e2a9b-d181-4281-9845-48661ca12cfd,2020,Edge Hill University,E42,10007823,,,,Richard Durning's Endowed Primary School,119409,Primary
f26c612c-5b62-48be-827f-c1379d61772f,2020,University of Northumbria at Newcastle,N77,10001282,,,,Richardson Dees Primary School,108596,Primary
679b3192-4829-45b6-b7c8-fe48db329318,2020,The Manchester Metropolitan University,M40,10004180,,,,Richmond Academy,139651,Primary
b633db8c-55b4-44ad-9f29-c4284f1ac539,2020,Leeds Beckett University,L27,10003861,,,,Richmond House School,108103,Primary
f35d9bb7-8424-4982-8484-3e7608f01265,2020,Leeds Beckett University,L27,10003861,,,,Richmond Methodist Primary School,121544,Primary
fa813f3d-1e34-4467-8a4b-d5e641c8419a,2020,University of Durham,D86,10007143,,,,Rickleton Primary School,108818,Primary
0528be83-fe27-47f9-b4cc-175dcb10acc5,2020,Two Mile Ash ITT Partnership,T89,10059102,,,,Rickley Park Primary School,138933,Primary
a8375922-9f5c-44c7-900e-37dc9855d152,2020,The University of Brighton,B72,10000886,,,,Rickmansworth School,136606,Physical education
a51a3ff7-2fd6-408a-850d-a1af07665731,2020,University of Derby,D39,10007851,,,,Riddings Junior School,148787,Primary
97fab24f-3b8c-40be-a61d-9755a9604720,2020,Bradford College,B60,10000840,,,,Riddlesden St Mary's CofE Primary School,107340,Primary
e3332020-2752-4afe-8ad0-58d43403e424,2020,Birmingham City University,B25,10007140,,,,Ridgeway Primary Academy,149128,Primary
6f7b9dfa-a33c-46cb-ae06-bd701ae797a7,2020,The University of Northampton,N38,10007138,,,,Ridgeway Primary Academy,138347,Primary
f5e12127-27b3-426a-b7ff-7eae327398b3,2020,Sheffield Hallam University,S21,10005790,,,,Ridgeway Primary School,112546,Primary
bbda4a30-e726-4d15-a6b5-65ab0da6e5bd,2020,Sheffield Hallam University,S21,10005790,,,,Ridgewood School,137603,Design and technology
d7816d1e-af9d-4065-8873-7491b08b2e6e,2020,University of Sunderland,S84,10007159,,,,Rift House Primary School,111640,Primary
77131b8e-9e7f-453a-a948-8e9f801de805,2020,University of Hull,H72,10007149,,,,Rillington Primary School,147762,Primary
ce377fa4-3492-4b91-9cc1-d86a1be9cca1,2020,Edge Hill University,E42,10007823,,,,Ringway Primary School,131931,Mathematics
1d683aac-d370-4eca-92f2-2e2b86fde89b,2020,The Manchester Metropolitan University,M40,10004180,,,,Ringway Primary School,131931,Primary
3c4ddb7f-ac68-4951-a81b-2f80761eef70,2020,University of Sunderland,S84,10007159,,,,Ringway Primary School,122247,Primary
52011681-2571-48b5-9ed4-a953439185d3,2020,Edge Hill University,E42,10007823,,,,Ripponden Junior and Infant School,107514,Primary
416f723b-f5fa-4f12-a9b3-91c61b1ec62a,2020,Leeds Trinity University,L24,10003863,,,,Risby Church of England Voluntary Controlled Primary School,124712,Primary
779b99d5-149b-4e32-8a8a-df513bbd543c,2020,University of Hull,H72,10007149,,,,Riston Church of England Primary Academy,146174,Primary
f1f50c3b-b363-43f1-982b-6bf196790c4b,2020,Sheffield Hallam University,S21,10005790,,,,Rivelin Primary School,107081,Primary
ffe9274f-8730-4bbf-966b-aa5f744422c9,2020,University of Chichester,C58,10007137,,,,River Beach Primary School,140089,Primary
83d8c160-e04a-48b3-a663-5b8a1c93c785,2020,St Mary's University,S64,10007843,,,,Riverbridge Primary School,143371,Primary
abbe986f-3144-4985-8f03-38e50dab92a6,2020,University of Reading,R12,10007802,,,,Rivermead Primary School,149521,Primary
92faca6a-50e4-4823-860f-59cf160f0692,2020,Canterbury Christ Church University,C10,10001143,,,,River Primary School,118393,Primary
5fd3b407-c6d4-4556-ad43-d45236a48441,2020,Roehampton University,R48,10007776,,,,Riversdale Primary School,101018,Primary
0f5fac57-f71f-486e-be96-34b93e01e902,2020,University of Sunderland,S84,10007159,,,,Riverside Primary Academy,138285,Primary
0fc66740-fd55-4c80-853c-624502652103,2020,Birmingham City University,B25,10007140,,,,Riverside Primary School,128077,Primary
d90129c4-6dc6-4def-bdc8-9e512b00074a,2020,Liverpool Hope University,L46,10003956,,,,Riverside Primary School,104996,Primary
e44dce92-2c83-4f37-8118-78316b7e11ba,2020,University of Worcester,W80,10007139,,,,Riverside Primary School,128077,Primary
d28dc698-49b2-422f-a84e-46198f3bfa9f,2020,Coventry University,C85,10001726,,,,Riverside School,135232,Primary
6bea32ed-4516-490b-8c92-910b9bf26144,2020,St Mary's University,S64,10007843,,,,Riverview CofE Primary and Nursery School VA,131072,Primary
09737755-46ae-4952-b4c0-72d08e7e2e19,2020,The Manchester Metropolitan University,M40,10004180,,,,River View Community Primary School,136076,Primary
0a911230-70d5-4b6c-ad15-0a5aa2636c10,2020,Edge Hill University,E42,10007823,,,,River View Primary and Nursery School,135281,Primary
40c80c84-6f0f-46a9-b7d0-9873f0bfc18d,2020,The Manchester Metropolitan University,M40,10004180,,,,Rivington and Blackrod High School,143773,English
42abc171-741f-4cbc-8527-b4f1228f725b,2020,Edge Hill University,E42,10007823,,,,Rivington Foundation Primary School,119509,Primary
1b1fbbfa-b2d5-4adf-a56f-36ef373e4aa9,2020,Edge Hill University,E42,10007823,,,,Rivington Primary School,104761,Primary
e1fd27b2-c9da-49d5-a3b7-231f4661b7c3,2020,Edge Hill University,E42,10007823,,,,R L Hughes Primary School,106424,Mathematics
3bf73f74-9920-48ed-872f-28602ae2eafd,2020,Edge Hill University,E42,10007823,,,,R L Hughes Primary School,106424,Primary
2ad4f4b5-483f-4599-a076-e1f8a3f56ec5,2020,The University of Northampton,N38,10007138,,,,Roade Primary School,121854,Primary
750e184a-0306-462c-9045-e4d31585960c,2020,Roehampton University,R48,10007776,,,,Robert Blair School and Children's Centre,100422,Primary
526a108d-a47e-4ea6-8fbc-c864d42699be,2020,Coventry University,C85,10001726,,,,Robert Clack School,101245,Art and design
91a98487-fb2a-43c2-91a0-42f86afb8fc9,2020,Coventry University,C85,10001726,,,,Robert Clack School,101245,English
1a960641-d47b-46ee-adec-5d16489f57dd,2020,University of Cumbria,C99,10007842,,,,Robert Ferguson Primary School,112242,Primary
d67f51bb-5464-477b-b0fc-21182db735bd,2020,University of Greenwich,G70,10007146,,,,Robert Owen Nursery School,100102,Primary
0828c219-2bc7-4393-a661-05d5b0dc1f06,2020,The University of Brighton,B72,10000886,,,,Robertsbridge Community College,114588,Physical education
7fb35a73-4861-48cd-8b06-997914895f2a,2020,Nottingham Trent University,N91,10004797,,,,Robert Shaw Primary and Nursery School,144461,Primary
e478e4da-7a9f-4c51-8a97-88ddae289790,2020,University of Hertfordshire,H36,10007147,,,,Robertswood School,110360,Primary
74ad4058-2da6-4001-aa2d-03dd72aaf2ab,2020,Leeds Trinity University,L24,10003863,,,,Roberttown Church of England Voluntary Controlled Junior and Infant School,107721,Primary
19ea16d8-dad1-46d6-ae1d-562eb56da62f,2020,Roehampton University,R48,10007776,,,,Robin Hood Infants' School,102981,Primary
a8f49ba2-12e5-4dae-9214-acbe0e618328,2020,St Mary's University,S64,10007843,,,,Robin Hood Infants' School,102981,Primary
555b62b5-506f-4747-a8c1-ce15a39debb7,2020,Leeds Trinity University,L24,10003863,,,,Robin Hood Primary School,107831,Primary
50e97840-a0fc-4fab-a282-9f1cbf9b343f,2020,York St John University,Y75,10007713,,,,Robin Hood Primary School,107831,Primary
45f1e4fb-68e0-437e-9687-cdd83929a43d,2020,Edge Hill University,E42,10007823,,,,Roby Park Primary School,104420,Primary
422fc6cf-ed90-4da7-9a3e-793784142c98,2020,Liverpool John Moores University,L51,10003957,,,,Roby Park Primary School,104420,Primary
7ac11364-a5de-4515-9fb4-5b76576b20a7,2020,Edge Hill University,E42,10007823,,,,Rockcliffe CofE School,112258,Mathematics
5625ef5c-f932-4d05-872c-97d9b4a18fe7,2020,University of Cumbria,C99,10007842,,,,Rockcliffe CofE School,112258,Primary
440e63ee-4487-4440-bce8-f80898c3d728,2020,University of Northumbria at Newcastle,N77,10001282,,,,Rockcliffe First School,108583,Primary
721a6bc6-612e-4f7a-8cb6-8db2feadd561,2020,University of Cumbria,C99,10007842,,,,Rockliffe Manor Primary School,143593,Primary
9476b965-b90a-4e6e-b2fc-89695f571209,2020,Roehampton University,R48,10007776,,,,Rockmount Primary School,101783,Primary
77a699c9-b760-4e2d-875b-cb201b6da5c0,2020,St Mary's University,S64,10007843,,,,Rockmount Primary School,101783,Primary
895533f7-482b-4ea3-818b-04e58d5d88ee,2020,University College London,U80,10007784,,,,Roding Valley High School,145597,Business studies
808cac19-0260-4268-a5e4-d68a2a04e42c,2020,Brunel University London,B84,10000961,,,,Roebuck Academy,144419,Primary
bf83223f-811c-4ba8-a0e2-b7f65522f1bf,2020,University of Derby,D39,10007851,,,,Roe Farm Primary School,131401,Primary
bf54d441-7894-4b14-b4df-1f8eba05daef,2020,The Manchester Metropolitan University,M40,10004180,,,,Rolls Crescent Primary School,144913,Primary
07d85b5d-e75d-483c-b4ff-41ce7da9bc20,2020,York St John University,Y75,10007713,,,,Romanby Primary School,121312,Primary
720f616e-010f-4fac-8312-28bc925c1246,2020,The University Of East Anglia,E14,10007789,,,,Roman Hill Primary School,145559,Primary
abdac453-1d9b-468e-be27-f07d71e51562,2020,Middlesex University,M80,10004351,,,,Roman Road Primary School,102740,Primary
c80aecc6-8d83-4d99-9087-12237e0bce6d,2020,University of Winchester,W76,10003614,,,,Roman Way Primary School,116038,Primary
c138c6cd-03a8-4e06-b257-bb54665cb48c,2020,University of Winchester,W76,10003614,,,,Romsey Abbey Church of England Primary School,116368,Primary
b76bd4a3-0683-4028-9ecb-002cdd65ca51,2020,Leeds Trinity University,L24,10003863,,,,Rooks Nest Academy,137438,Primary
44db60f3-69ca-4003-af65-8405ac7fda99,2020,University of Huddersfield,H60,10007148,,,,Rooks Nest Academy,137438,Primary
d4748b1f-5e45-4e9d-a1fe-116602cf9754,2020,Canterbury Christ Church University,C10,10001143,,,,Roseacre Junior School,118849,Mathematics
0c3b58de-c625-44e3-8428-c7891cd9930c,2020,Canterbury Christ Church University,C10,10001143,,,,Roseacre Junior School,118849,Primary
61d08d09-16c9-4ed0-894a-eddaa8afe896,2020,Leeds Trinity University,L24,10003863,,,,Rosebank Primary School,107891,Primary
44555c33-24bd-4004-8955-656e7d56cba4,2020,University of Northumbria at Newcastle,N77,10001282,,,,Roseberry Primary and Nursery School,114208,Primary
6752ceb2-3398-45c8-93e2-c5edc507e599,2020,University of Durham,D86,10007143,,,,Roseberry Primary School,135126,Primary
4e498f30-412f-4b05-b35d-e5dc4f53272f,2020,Bradford College,B60,10000840,,,,Rosecroft Primary School,120780,Primary
4d48f141-c4af-45db-80e8-e9e53e12e358,2020,Brunel University London,B84,10000961,,,,Rosedale Primary School,141561,Primary
cc769907-210e-4315-aa26-6a69b50cfdea,2020,Lincoln Bishop University,B38,10007811,,,,Rosedale Primary School,144348,Primary
459751f7-e30f-46f5-aafe-9c4b7907ab7e,2020,Sheffield Hallam University,S21,10005790,,,,Rosedale Primary School,144348,Primary
8e1e9bac-fe22-4027-b78a-b57025f09c82,2020,University of Chichester,C58,10007137,,,,Rose Green Infant School,125928,Primary
8f911771-c329-4b42-9a99-93b6209e252f,2020,Edge Hill University,E42,10007823,,,,Rosegrove Infant School,119258,Primary
3a6b0caf-5a59-4ae2-8e52-f6225b6663e1,2020,University of Derby,D39,10007851,,,,Rosehill Infant and Nursery School,112733,Primary
3f97c58b-25cf-4997-9f7f-d813c199ea7b,2020,Oxford Brookes University,O66,10004930,,,,Rose Hill Primary School,146278,Primary
97ef1db5-d8c4-4a84-9957-56c6016f153a,2020,The Manchester Metropolitan University,M40,10004180,,,,Rose Hill Primary School,106076,Primary
7fae02dc-82c0-4a66-a794-0d8f65ba0348,2020,University Of Plymouth,P60,10007801,,,,Roselands Primary School,142364,Primary
19b05a55-d97d-4b75-ac8f-e5f3f3f02a53,2020,Kingston University,K84,10003678,,,,Rosetta Primary School,145087,Primary
65130bf7-e910-4118-bda6-3fa02c5480bf,2020,Middlesex University,M80,10004351,,,,Rosetta Primary School,145087,Primary
19b693d2-a6b6-4d91-a106-b08ed2cac734,2020,University of Cumbria,C99,10007842,,,,Rosetta Primary School,145087,Primary
8353122b-b6ca-49b2-888d-a9cac3ac00d2,2020,University of Northumbria at Newcastle,N77,10001282,,,,Rose Wood Academy,140504,Primary
c59e41f4-fa86-426d-8aa7-03bef8c54bc2,2020,University of Derby,D39,10007851,,,,Rosliston CofE Primary School,112851,Primary
688e0ca8-5797-48f8-8617-f224f108c52b,2020,Edge Hill University,E42,10007823,,,,Rossall School,119818,Primary
e1ae3b78-cb30-4405-8c45-2e0ac7c47f0c,2020,Sheffield Hallam University,S21,10005790,,,,Rossington All Saints Academy,136675,Chemistry
582c20bf-7cde-4887-85a6-3f255716f6d3,2020,Lincoln Bishop University,B38,10007811,,,,Rossington St Michael's CofE Primary School,144345,Primary
bbce000c-a11d-45da-8bb5-e5db45ad3d68,2020,Birmingham City University,B25,10007140,,,,Rosslyn School,103573,Biology
fd997fb6-569c-4d8b-a641-8f49c786893a,2020,Birmingham City University,B25,10007140,,,,Rosslyn School,103573,Primary
b4313dc8-4e76-4fc4-ae83-9ac26685926f,2020,University of Sunderland,S84,10007159,,,,Rossmere Academy,149030,Primary
fb57229e-1a2d-4d32-8828-eb4e234d3a33,2020,University of Sunderland,S84,10007159,,,,Rossmere Primary School,111641,Primary
fd7bbbd9-146e-4007-9990-4abadbc3d9da,2020,Edge Hill University,E42,10007823,,,,Rossmore School,111112,Primary
1bc9e9d8-a7b8-4cb3-8085-4a4ab98aee4b,2020,Liverpool John Moores University,L51,10003957,,,,Rossmore School,111112,Primary
402ec8fe-2341-4042-8c6c-7069e3533cee,2020,University of Northumbria at Newcastle,N77,10001282,,,,Rothbury First School,122221,Primary
24219da9-b48e-4b90-ab53-3118b65befe2,2020,York St John University,Y75,10007713,,,,Rothbury First School,122221,Primary
de934158-ec82-4a99-a11e-88f9e92cb8be,2020,Leeds Beckett University,L27,10003861,,,,Rothley Church of England Primary School,139874,Primary
e3bbc2de-3880-4285-bf39-40f21e2573ba,2020,The University of Northampton,N38,10007138,,,,Rothwell Junior School,140073,Primary
9448f87b-93a8-4d08-904d-2ce7fcb2a5d9,2020,Leeds Beckett University,L27,10003861,,,,Rothwell Primary School,107982,Primary
bfcf0d93-234d-4ae5-b336-50a9fc3124ef,2020,Leeds Trinity University,L24,10003863,,,,Roughwood Primary School,144195,Primary
773ddc9c-64bd-4288-a78a-782b8fa05a73,2020,Sheffield Hallam University,S21,10005790,,,,Roughwood Primary School,144195,Primary
d8953de3-745f-4a92-863b-c4f00721d6cb,2020,Plymouth Marjon University,P63,10037449,,,,Roundhill Primary School,146263,Primary
84f214a1-8ae5-45ed-b67b-e03a4017bcbf,2020,Nottingham Trent University,N91,10004797,,,,Round Hill Primary School,122707,Primary
94eb89d2-c9f7-472b-8c44-999cbceffeee,2020,Birmingham City University,B25,10007140,,,,Rounds Green Primary School,144635,Primary
81cd170c-45a1-4e00-9cac-6a6c880f96b1,2020,The Manchester Metropolitan University,M40,10004180,,,,Rowan Tree Primary School,131295,Mathematics
a36d044b-c968-4bbb-a75e-34b744bade69,2020,University of Sunderland,S84,10007159,,,,Rowlands Gill Community Primary School,131081,Primary
bdc7f1ff-41d0-4185-bbfb-7815be986a20,2020,University of Worcester,W80,10007139,,,,Rowley Hall Primary School,103955,Primary
5c17e5dc-bbb4-4ca5-8a36-e02213bf8857,2020,University of Winchester,W76,10003614,,,,Rownhams St John's Church of England Primary School,116311,Primary
fd74e56f-5e07-457d-bb6b-2a7c512185f6,2020,University of Hertfordshire,H36,10007147,,,,Roxeth Primary School,102185,Primary
f51a7ef8-9dcf-4cc0-b856-d3f9266f9857,2020,University of Sussex,S90,10007806,The Ashcombe School,143901,school,Royal Alexandra and Albert School,125279,Geography
39a61bc9-1cfb-489c-8932-efe264e2238f,2020,University of Sussex,S90,10007806,The Ashcombe School,143901,school,Royal Alexandra and Albert School,125279,History
7c5b6899-a3e6-4d8f-96fb-0d40bb98d248,2020,University of Worcester,W80,10007139,,,,Royal Grammar School Worcester,117038,Primary
b3e2ae1f-4161-4af6-bc93-2ddf142ec853,2020,University of Hertfordshire,H36,10007147,,,,Royal Wharf Primary School,143668,Primary
766b0151-9755-40d6-bc65-80c0d197b91c,2020,Leeds Trinity University,L24,10003863,,,,Royd Nursery and Infant School,107057,Primary
8709bfad-6443-4580-8962-063ef4625ed0,2020,Sheffield Hallam University,S21,10005790,,,,Royd Nursery and Infant School,107057,Primary
2dafd1bc-8a8f-40e5-afd6-614dddf00850,2020,York St John University,Y75,10007713,,,,Royd Nursery and Infant School,107057,Primary
e6672e27-cebb-493f-8194-5eeb9b8beb27,2020,Middlesex University,M80,10004351,,,,Roydon Primary Academy,139399,Primary
555545f1-b1db-4718-a835-727a95163aa8,2020,Leeds Beckett University,L27,10003861,,,,"Royds Hall, A Share Academy",146327,Primary
74abe42b-92bf-49ba-8e26-23100cf603c1,2020,The Manchester Metropolitan University,M40,10004180,,,,Royton Hall Primary School,135341,Primary
83aa4911-7ec3-4eb4-9888-405542f951e1,2020,University of Gloucestershire,G50,10007145,,,,Ruardean Church of England Primary School,115647,Primary
94eced29-3956-446c-a81e-0dd132bf1b19,2020,University of Winchester,W76,10003614,,,,Rucstall Primary School,116040,Primary
89e4c53a-412d-48ca-8f8c-e20c9f67a9a7,2020,University of Chichester,C58,10007137,,,,Rudgwick Primary School,125849,Primary
531626dd-bae8-4320-b87e-661e4a342bbd,2020,Liverpool John Moores University,L51,10003957,,,,Rudston Primary School,137888,Primary
5832e644-3547-45b0-88ee-59b146d2d83b,2020,The University of Brighton,B72,10000886,,,,Rudyard Kipling Primary School & Nursery,114486,Primary
6285b046-3ef7-414b-80de-e87c8890b5cc,2020,Edge Hill University,E42,10007823,,,,Rufford CofE School,119483,Primary
083f7fe0-34ee-43c7-bf45-c4d69ee40114,2020,Nottingham Trent University,N91,10004797,,,,Rufford Primary and Nursery School,136232,Primary
7ae7347a-d040-4bcc-964d-871ce478ed1c,2020,Birmingham City University,B25,10007140,,,,Rugby High School,136595,Physical education
0fa2b3af-86be-43ad-bca8-3d0470415dd4,2020,St Mary's University,S64,10007843,,,,Ruislip Gardens Primary School,102416,Primary
353a00f8-af45-4aa8-8192-c4b3aa16d72f,2020,University of Chichester,C58,10007137,,,,Rumboldswhyke CofE Primary School,148184,Primary
f50e6da1-cc99-4ba9-91ce-1620d8ec2a1f,2020,Edge Hill University,E42,10007823,,,,Runnymede St Edward's Catholic Primary School,148177,Primary
dca1f643-08b5-473b-8de0-522367953eae,2020,Liverpool Hope University,L46,10003956,,,,Runnymede St Edward's Catholic Primary School,148177,Primary
b234446f-07e1-4135-87f3-ef0a97df3b97,2020,University of Wolverhampton,W75,10007166,,,,Rushall Primary School,104196,Primary
b16029ec-55ff-4fa3-8dc2-92b92f9bb3c6,2020,Oxford Brookes University,O66,10004930,,,,Rush Common School,137920,Primary
013aa8dc-df80-41d2-ae2b-c4fc690c4b93,2020,The University of Northampton,N38,10007138,,,,Rushden Primary Academy,141032,Primary
391deb57-9874-4f07-beb6-a2fbcdb1d9f8,2020,University of Worcester,W80,10007139,,,,Rushwick CofE Primary School,149476,Primary
811fdd23-7c71-4a99-9289-42c433b572fc,2020,St Mary's University,S64,10007843,,,,Rushy Meadow Primary Academy,144544,Primary
dd66a00b-0a7c-4bf0-a1f0-e2cd9a4b904f,2020,Leeds Trinity University,L24,10003863,,,,Russell Hall Primary School,107433,Primary
61935ba1-cabe-486b-b4df-a4427f9f83b8,2020,Newman University,N36,10007832,,,,Russells Hall Primary School,103813,Primary
f00088ea-6da0-4e93-94c0-38dfdc8df9ae,2020,University of Worcester,W80,10007139,,,,Russells Hall Primary School,103813,Primary
562d36d0-3091-4d6e-9b8b-5d8eb687a53c,2020,Roehampton University,R48,10007776,,,,Rutherford House School,139775,Primary
5d2984e4-dc53-4083-99c3-058b202969a9,2020,Birmingham City University,B25,10007140,,,,Ryders Green Primary School,103979,Primary
cc6c5679-436a-479f-af7e-c99602482cb3,2020,The University of Brighton,B72,10000886,,,,Rye College,146825,Mathematics
eadf1314-6bea-45fc-97f7-833513b9eb55,2020,University of Derby,D39,10007851,,,,Ryecroft CofE Middle School,145375,Primary
e158095b-7801-42d2-9841-cb649943f0e6,2020,Leeds Beckett University,L27,10003861,,,,Ryecroft Primary Academy,138675,Primary
5dacc73d-62f0-4fe7-bbfb-13c8ebb72fb3,2020,University of Greenwich,G70,10007146,,,,Rye Oak Primary School,134903,Primary
fa22011c-468d-4b74-9d80-7a80b8490b75,2020,Lincoln Bishop University,B38,10007811,,,,Ryhall CofE Academy,141234,Primary
99341ec6-26cf-4d40-b8c5-bf58c271a69f,2020,Leeds Trinity University,L24,10003863,,,,"Ryhill Junior, Infant and Nursery School",130972,Primary
37feea8d-b0dc-45ea-a0ba-dc15264c85b4,2020,University of Derby,D39,10007851,,,,Rykneld Primary School,145218,Primary
f064fc8f-d96c-49d3-b214-92a66c2c407a,2020,University of Northumbria at Newcastle,N77,10001282,,,,Ryton Community Infant School,108352,Primary
24b172e7-a402-4461-8096-fb310a995b4e,2020,University of Sunderland,S84,10007159,,,,Ryton Community Infant School,108352,Primary
3b32c599-d485-4481-9252-71e5f56ac70d,2020,University of Northumbria at Newcastle,N77,10001282,,,,Ryton Junior School,108355,Primary
a030fd16-2d77-49ca-9823-9290760cf2af,2020,University of Sunderland,S84,10007159,,,,Ryton Junior School,108355,Primary
130ecf18-6e10-4a12-9d8f-c5bfbed9fdb7,2020,St Mary's University,S64,10007843,,,,Ryvers School,138192,Primary
afc08dd7-b594-4b2d-b38b-36a5d17d7043,2020,University of Sussex,S90,10007806,St Paul's Catholic College,126101,school,Sackville School,126089,Mathematics
dab1cea1-ab11-461c-b5d1-04415b1219b5,2020,University of Sussex,S90,10007806,,,,Sackville School,126089,Physics
78ffdcd8-9556-41e1-9c7e-86a4ec8f6e83,2020,Leeds Trinity University,L24,10003863,,,,Sacred Heart Catholic Primary School,138941,Primary
c3495e87-bfb5-48e9-94ab-02555851d2ac,2020,Liverpool Hope University,L46,10003956,,,,Sacred Heart Catholic Primary School,105074,Primary
6c52274a-747e-4085-9cd7-1b0be9c4cd87,2020,Roehampton University,R48,10007776,,,,Sacred Heart Catholic Primary School,102668,Primary
ebeb5fac-de76-4ad9-a8d0-c9f76555aa40,2020,St Mary's University,S64,10007843,,,,Sacred Heart Catholic Primary School,102426,Primary
2f6174a8-26c9-4d45-9430-2503b195eb73,2020,St Mary's University,S64,10007843,,,,Sacred Heart Catholic Primary School,102668,Primary
fff3f0b5-a8af-4adc-ba26-3e7ccc4cd2fe,2020,Edge Hill University,E42,10007823,,,,Sacred Heart Catholic Primary School and Nursery,104641,Primary
f09c988d-b24d-49e8-933a-305732355ca0,2020,Liverpool Hope University,L46,10003956,,,,Sacred Heart Catholic Primary School and Nursery,104641,Primary
ef161271-3f94-4d28-a1db-3ed483fef177,2020,Liverpool John Moores University,L51,10003957,,,,Sacred Heart Catholic Primary School and Nursery,104641,Primary
ae4e000c-7914-4264-a25b-2d09927d8936,2020,Leeds Trinity University,L24,10003863,,,,"Sacred Heart Catholic Primary School, a Voluntary Academy",147484,Primary
c0a5b399-1f52-4e7a-9364-25bea1b46e3f,2020,Roehampton University,R48,10007776,,,,"Sacred Heart Catholic Primary School, Battersea",131520,Primary
732841c6-30f6-4b82-a2d2-ec9f32846308,2020,University of Northumbria at Newcastle,N77,10001282,,,,"Sacred Heart Catholic Primary School, Byermoor",140638,Primary
a0f4fdd6-ee39-485f-bde7-b6226ae88380,2020,Edge Hill University,E42,10007823,,,,Sacred Heart Catholic Primary School Leigh,106502,Primary
37f7fc5c-92ea-4051-9416-14a9f75ec633,2020,Liverpool Hope University,L46,10003956,,,,Sacred Heart Catholic Primary School Leigh,106502,Primary
a21ec9b8-c4c9-4317-9c9a-7c68dcdda9ee,2020,University of Chester,C55,10007848,,,,Sacred Heart Catholic Primary School Leigh,106502,Primary
beddb847-a9c0-4a32-916c-94d0c5be5189,2020,Roehampton University,R48,10007776,,,,"Sacred Heart Catholic Primary School, Roehampton",101050,Primary
9e4a3375-834c-41f6-9c28-b0fe5cd5fc6b,2020,Leeds Beckett University,L27,10003861,,,,Sacred Heart Catholic Voluntary Academy,141479,Primary
f65c8c76-9768-49c7-8263-4e6cf71d669d,2020,Lincoln Bishop University,B38,10007811,,,,Sacred Heart Catholic Voluntary Academy,138081,Primary
207860db-bb07-4cea-b203-7e40ffbd4ef7,2020,Edge Hill University,E42,10007823,,,,Sacred Heart Primary School,109640,Primary
3fd3b382-da8b-4ada-9ddb-6fe7a31cb685,2020,Newman University,N36,10007832,,,,Sacred Heart Primary School,135029,Primary
2b6ba6e3-14f2-4172-a9f1-0fd0511602c3,2020,University of Durham,D86,10007143,,,,Sacred Heart Primary School,145624,Primary
6e2da968-5354-4797-929a-2cc24864515c,2020,University of Hertfordshire,H36,10007147,,,,Sacred Heart Primary School,109640,Primary
f3e0fb18-734a-4cb3-9f50-fd56df5c28c6,2020,University of Cumbria,C99,10007842,Sacred Heart R.C. Primary School,105243,school,Sacred Heart R.C. Primary School,105243,Primary
e21b8650-6134-440e-867a-2c6bade0c4e7,2020,The Manchester Metropolitan University,M40,10004180,,,,Sacred Heart RC Primary School,134479,Primary
ca96c8b4-f98c-4b91-abf3-8c5761ba8ca1,2020,Edge Hill University,E42,10007823,,,,"Sacred Heart Roman Catholic Primary School, a Voluntary Academy",149126,Primary
30edbf09-7d3f-4aaf-8dbe-55546ea2c188,2020,The Manchester Metropolitan University,M40,10004180,,,,Sacred Heart Roman Catholic Primary School Rochdale,105828,Mathematics
4cf03175-336b-4f3a-959c-37abb397c6ce,2020,The Manchester Metropolitan University,M40,10004180,,,,Sacred Heart Roman Catholic Primary School Rochdale,105828,Primary
26936885-6451-4dd8-9568-7c74eba6dfa4,2020,Mid Essex Initial Teacher Training,M82,10058864,,,,Saffron Walden County High School,136776,History
450cae27-520a-407d-a7d6-227037f33b31,2020,University of Hertfordshire,H36,10007147,,,,Saint Albert the Great Catholic Primary School,117471,Primary
3b54051b-a527-4e79-a75b-75ed13fc01f6,2020,St Mary's University,S64,10007843,,,,Saint Francis of Assisi Catholic Primary School,100494,Primary
2642d4dc-87f6-4499-bf25-e030a52797b9,2020,University of Southampton,S27,10007158,,,,Saint George Catholic Voluntary Aided College Southampton,116507,Geography
6c0cda51-a1d8-4594-b55b-c8e1eb859e7b,2020,The University of Brighton,B72,10000886,,,,Saint Joan of Arc Catholic School,137914,Physical education
dce3177e-9b6f-4294-b43b-f0e7132b9ecb,2020,University of Durham,D86,10007143,,,,"Saint Joseph's Catholic Primary School, A Catholic Voluntary Academy",141457,Primary
a3a58b2e-6bdb-4c36-a4d3-12069bdca844,2020,York St John University,Y75,10007713,,,,"Saint Joseph's Catholic Primary School, A Catholic Voluntary Academy",141457,Primary
bd1bc23c-deda-4a44-a0f9-305ba3fdc39e,2020,University of Winchester,W76,10003614,,,,Saint Lawrence Church of England Primary School,116267,Primary
f552e15d-7321-492d-9ada-df658ba3e4da,2020,Brunel University London,B84,10000961,,,,Saint Mary Magdalene Church of England All Through School,100171,Biology
51de0076-10c5-4117-ab3d-46a618fca049,2020,Middlesex University,M80,10004351,,,,Saint Mary Magdalene Church of England All Through School,100171,Primary
22efb3bf-db07-4ea8-857d-c6d2d801c3a1,2020,Staffordshire University,S72,10006299,,,,Saint Mary's Catholic Primary School,141826,Primary
51117b1f-c855-4f69-8c30-d3c1fd6d3348,2020,Lincoln Bishop University,B38,10007811,,,,Saint Mary's Catholic Voluntary Academy,139009,Primary
7f721d9e-1403-40d1-a9f2-d4f4b70d1f44,2020,Lincoln Bishop University,B38,10007811,,,,Saint Mary's RC Primary Academy Boston,146241,Primary
88de3117-4ab0-4233-9cf0-1b039f6470a5,2020,University of Durham,D86,10007143,,,,Saint Paulinus Catholic Voluntary Aided Primary School,111681,Primary
8093d22f-6324-48ea-b94b-5124cd36c352,2020,The Manchester Metropolitan University,M40,10004180,,,,Saint Paul's Catholic High School,139456,Modern languages
5b06a415-924f-4874-82de-a958771fe53f,2020,Edge Hill University,E42,10007823,,,,Saints Peter and Paul Catholic Primary School,104479,Primary
3006ded9-f626-4f96-93bc-03d6c7548854,2020,University of Gloucestershire,G50,10007145,,,,Salcombe Church of England Primary School,137662,Primary
9dd91011-26de-47bd-9066-0e6bd24ccee2,2020,Middlesex University,M80,10004351,,,,Salcombe Preparatory School,102063,Primary
faa2f9db-8cf1-46ea-9880-e6542eeeacdc,2020,The University Of Bolton,8N5,10006841,,,,Sale High School,106375,Computing
0f1553b1-0938-4aeb-8918-61cd4799136e,2020,Coventry University,C85,10001726,,,,"Salesian School, Chertsey",143367,Geography
2fc519f8-9838-4846-a66c-6a0e7de294a2,2020,Kingston University,K84,10003678,,,,Salisbury Primary School,102742,Primary
c98c1869-c678-4820-88dd-a1a5c73b003b,2020,University of Cumbria,C99,10007842,,,,Salisbury Primary School,102742,Primary
9ee9dd3d-670f-400d-b35c-778d43a625cc,2020,Plymouth Marjon University,P63,10037449,,,,Salisbury Road Primary School,143615,Early years ITT
b5c5d42e-9fbb-40ab-b78b-bc20def799c2,2020,Plymouth Marjon University,P63,10037449,,,,Salisbury Road Primary School,143615,Primary
03beceea-3bef-47dd-9007-15426b000e39,2020,Leeds Trinity University,L24,10003863,,,,Saltaire Primary School,107270,Primary
8564a239-bb46-4e75-8fd8-dbe9e8b1fada,2020,Plymouth Marjon University,P63,10037449,,,,Saltash Community School,136575,Physical education
58d492ee-e142-4982-9b8a-a3d2fb776b13,2020,Birmingham City University,B25,10007140,,,,Saltley Academy,141668,Art and design
218cb266-e2db-4923-9ae8-cf2510fa9e79,2020,Birmingham City University,B25,10007140,,,,Saltley Academy,141668,Biology
7a7469f3-f5af-4cb5-98b1-a41afa3174e3,2020,The University Of Birmingham,B32,10006840,,,,Saltley Academy,141668,Religious education
c972dd75-dbcf-443a-836c-2c5739963740,2020,Canterbury Christ Church University,C10,10001143,,,,Saltwood CofE Primary School,118744,Primary
461fb766-d7a9-4a71-a1f3-f0765c98736a,2020,Bath Spa University,B20,10000571,,,,Sambourne Church of England Voluntary Controlled Primary School,126374,Early years ITT
7f279f2e-aec2-43ea-b8ba-b6d7f61dd109,2020,University of Hertfordshire,H36,10007147,,,,Samuel Lucas Junior Mixed and Infant School,117337,Primary
53e3900a-d2cd-41b2-960e-7cd531348f53,2020,Leeds Beckett University,L27,10003861,,,,Sandal Primary School,107287,Primary
e8ec2384-6c40-464f-853e-678ad49f51fb,2020,Leeds Trinity University,L24,10003863,,,,Sandal Primary School,107287,Primary
b0dafaf3-0b0f-4c7d-890d-0950b9c5a9bb,2020,University of Wolverhampton,W75,10007166,,,,Sandbank Nursery School,104134,Primary
931909ce-e7ec-4a67-a147-4f7381dd990e,2020,Kingston University,K84,10003678,,,,Sandcross Primary School,144938,Primary
8b02675d-749f-493c-9787-81c73da9987c,2020,University of Cumbria,C99,10007842,,,,Sandgate School,112465,Primary
56c7267f-be55-48e7-b5db-57b713e1add7,2020,Sheffield Hallam University,S21,10005790,,,,Sandhill Primary School,141917,Primary
c18eb2cc-2724-49bb-bb77-a7e674eb5b99,2020,University of Sunderland,S84,10007159,,,,Sandhill View Academy,141986,Mathematics
50efe737-93d1-4771-b0ed-3e0965995b43,2020,University of Sunderland,S84,10007159,,,,Sandhill View Academy,141986,Physics
fb6af502-5082-4be4-b563-6ee70ae18736,2020,York St John University,Y75,10007713,,,,Sand Hutton Church of England Voluntary Controlled Primary School,121513,Primary
ff050e50-44de-4d35-a9f1-9544545b4487,2020,The Manchester Metropolitan University,M40,10004180,,,,Sandilands Primary School,105469,Mathematics
c90f44e6-df2c-4409-8af8-8065e04fb2c0,2020,The Manchester Metropolitan University,M40,10004180,,,,Sandilands Primary School,105469,Primary
b34e3133-445a-40e7-88cf-cd63a549f1c9,2020,University of Chester,C55,10007848,,,,Sandiway Primary School,146131,Primary
b1c4f880-5037-4b3d-9e4e-930b326e44e3,2020,Canterbury Christ Church University,C10,10001143,,,,Sandown School,147056,Mathematics
222f500e-0b0a-4ec2-84c0-2304aeb25a81,2020,Canterbury Christ Church University,C10,10001143,,,,Sandown School,147056,Primary
4ff0042e-8730-4077-b005-0a08295b242f,2020,University of Hertfordshire,H36,10007147,,,,Sandridge School,117148,Primary
96134fde-95d3-442e-b148-e41ed8b8aa34,2020,The University Of East Anglia,E14,10007789,,,,Sandringham and West Newton Church of England Primary Academy,146062,Primary
aa2f3d2b-d706-4342-b920-3312d645bd47,2020,University of Bedfordshire,B22,10007152,,,,Sandringham School,136609,Physical education
804f4651-1672-4c71-b9ef-4b2b2f79411c,2020,University of Cumbria,C99,10007842,,,,Sandside Lodge School,112466,Primary
89b4f0af-08ab-47e9-8dba-1c5127d88eda,2020,Canterbury Christ Church University,C10,10001143,,,,Sandwich Technology School,136317,Art and design
f2b0fd65-84e3-4cfe-9ebf-29c022352fa8,2020,Canterbury Christ Church University,C10,10001143,,,,Sandwich Technology School,136317,Mathematics
ed8444e5-2b98-4bad-a866-e956b2f056cd,2020,Canterbury Christ Church University,C10,10001143,,,,Sandwich Technology School,136317,Primary
5e3a3b9a-ad35-4c05-9967-7160925fbc56,2020,Leeds Trinity University,L24,10003863,,,,Sandy Lane Primary School,107219,Primary
46a58537-f8e3-4742-9262-3ccbb430f79e,2020,Edge Hill University,E42,10007823,,,,Sandymoor Ormiston Academy,147683,History
b727c4d2-7a9d-478b-96d3-0a31f8095a0e,2020,University of Bedfordshire,B22,10007152,,,,Sandy Secondary School,109669,Physical education
f5884a13-197f-4e32-99fc-32fda42018b3,2020,Edge Hill University,E42,10007823,,,,Sankey Valley St James Church of England Primary School,133676,Primary
84346f2c-8e61-4f0f-8c68-6a3a32b27cc3,2020,Middlesex University,M80,10004351,,,,Saracens Broadfields,140236,Primary
6f575adf-358f-47e7-8524-5698b5b6625a,2020,University of Winchester,W76,10003614,,,,Sarisbury Church of England Junior School,116313,Primary
ece8bd90-69e1-4a51-b25e-b9d864e89e35,2020,University of Derby,D39,10007851,,,,Sawley Infant and Nursery School,141542,Primary
58587624-97c3-4bd4-b307-3f04f3e3eeff,2020,University of Bedfordshire,B22,10007152,,,,Sawtry Village Academy,136974,Physical education
1d80461a-2882-4a5a-aac3-304000020f77,2020,Lincoln Bishop University,B38,10007811,,,,Saxilby Church of England Primary School,120583,Primary
4e7c954a-54a3-49ea-9701-51c67729b1ff,2020,The University Of East Anglia,E14,10007789,,,,Saxlingham Nethergate CofE VC Primary School,121054,Primary
e51e3921-70c1-47cf-ad64-9bc460d1d3d2,2020,University of Wolverhampton,W75,10007166,,,,Saxon Hill Academy,142094,Primary
1156e030-0737-40d2-bacf-9fdd63339c43,2020,St Mary's University,S64,10007843,,,,Saxon Primary School,140250,Primary
2bcc77b6-bc71-4f9e-9cae-73f05b352745,2020,Canterbury Christ Church University,C10,10001143,,,,Saxon Way Primary School,139928,Primary
81557452-5099-4de2-b8e1-a59082e9d378,2020,University of Winchester,W76,10003614,,,,Scantabout Primary School,116042,Primary
5753549e-9687-46b7-8adb-77de23947ed3,2020,Leeds Trinity University,L24,10003863,,,,Scapegoat Hill Junior and Infant School,107645,Primary
1a5a314b-4777-4bfa-8d57-19a4658e83fc,2020,Coventry University,C85,10001726,,,,Scarborough College,121730,English
665d6fd1-4567-454f-afd0-6bda824db7a6,2020,Coventry University,C85,10001726,,,,Scarborough College,121730,Primary
a50cd1fb-14f1-46f5-a007-74d9007681d9,2020,Sheffield Hallam University,S21,10005790,,,,Scarcliffe Primary School,112615,Primary
a9001ca6-a58a-4940-a4d2-e19d36cf7433,2020,Lincoln Bishop University,B38,10007811,,,,Scawby Academy,138086,Primary
8d8b6e0a-d14d-4d1e-9522-d7f4882fc23d,2020,Lincoln Bishop University,B38,10007811,,,,Scawsby Saltersgate Infant School,106703,Primary
08e37d4b-2abe-4854-b33d-d2a04bc41af1,2020,York St John University,Y75,10007713,,,,Scawsby Saltersgate Infant School,106703,Primary
8176ef29-ae73-4853-96b5-dedb567f5688,2020,Sheffield Hallam University,S21,10005790,,,,Scawthorpe Sunnyfields Primary School,106747,Primary
00e5a448-8ca7-40af-a3d7-bcd2689803bc,2020,University of Chester,C55,10007848,,,,Scholar Green Primary School,111039,Primary
02029e4d-f0a4-4573-9563-6bd28a103f4b,2020,Leeds Beckett University,L27,10003861,,,,Scholes (Elmet) Primary School,107813,Primary
4de0eae4-40c1-4191-9593-ce138b8beffe,2020,Leeds Beckett University,L27,10003861,,,,Scholes (Holmfirth) J & I School,107661,Primary
731eec74-44c6-42af-8561-36cc84640048,2020,Leeds Beckett University,L27,10003861,,,,Scholes Village Primary School,107674,Primary
ca1e5143-7fb6-46ff-a872-e88be5bcb7ae,2020,Leeds Trinity University,L24,10003863,,,,Scholes Village Primary School,107674,Primary
6fd5bba5-d3e5-4cb5-b280-5ba1fec3c9d1,2020,University of Derby,D39,10007851,,,,Scientia Academy,139602,Primary
173be94f-c340-4308-b40f-49670779846b,2020,University of East London,E28,10007144,,,,Scissett Middle School,107765,Primary
d2bc5680-5a7b-4dc4-b341-f75c96b56bd5,2020,University of Cumbria,C99,10007842,,,,Scotby CofE Primary School,112403,Primary
0e2e42ab-448b-4f98-89d1-696103d9ff7f,2020,Nottingham Trent University,N91,10004797,,,,Scotholme Primary and Nursery School,143796,Primary
502785ea-5303-4374-ac12-cda9f1c72cf6,2020,Lincoln Bishop University,B38,10007811,,,,Scotter Primary School,120473,Primary
3259baf7-6fae-4aa0-a134-76f20b2f65c6,2020,University of Bedfordshire,B22,10007152,,,,Scott Primary School,109512,Primary
9bd9c5ef-3c19-43d4-b8a5-2a90b9dc919d,2020,Lincoln Bishop University,B38,10007811,,,,Scunthorpe CofE Primary School,118016,Primary
da53ed24-0812-4661-94dc-bc88903acc51,2020,University of Sunderland,S84,10007159,,,,Seaburn Dene Primary School,108786,Primary
de45b958-2a96-4d5b-8641-ae140ea09a35,2020,The University of Brighton,B72,10000886,,,,Seaford Head School,138473,Physical education
b375f855-c069-4c33-bd16-17584b9668c3,2020,University of Sunderland,S84,10007159,,,,Seaham Trinity Primary School,134657,Primary
2c832983-d370-40ad-a607-e89c54446d98,2020,The University of Brighton,B72,10000886,,,,Seahaven Academy,140679,Physical education
a7aaaeb7-2567-4f5f-9ea3-88efa576f1d8,2020,University of Chichester,C58,10007137,,,,Seal Primary Academy,138071,Primary
e6922c35-cd34-4191-8500-bc53a8e7b3ec,2020,The University of Brighton,B72,10000886,,,,Seaside Primary School,143387,Mathematics
6570be7e-80a4-472b-9982-fa0467c5ea57,2020,The University of Brighton,B72,10000886,,,,Seaside Primary School,143387,Primary
9bb7a9c1-547c-4459-8938-fc5b17396c9d,2020,University of Northumbria at Newcastle,N77,10001282,,,,Seaton Sluice First School,122234,Primary
57c0e253-856e-4520-aa9c-3c7e5910e6af,2020,University of Cumbria,C99,10007842,,,,Sedbergh Primary School,112233,Primary
f2f231ad-8def-4ed8-ba2b-d1654c1aa4b2,2020,Nottingham Trent University,N91,10004797,,,,Seely Primary School,139430,Primary
88cd097b-94e2-4d18-b723-5bcebfd9c791,2020,University of Northumbria at Newcastle,N77,10001282,,,,Seghill First School,122225,Primary
e90aff2b-b23f-4086-a0c2-53bdb17ec84d,2020,Canterbury Christ Church University,C10,10001143,Sandgate Primary School,118505,school,Sellindge Primary School,118387,Primary
20a26faf-d0a6-427f-8afb-ed00d6c5c10d,2020,University College Birmingham,B35,10000712,,,,Selly Oak Nursery School,137796,Primary
033286df-5db3-413f-a129-af6e640631ed,2020,St Mary's University,S64,10007843,,,,Selsdon Primary and Nursery School,101815,Primary
4a1bb7fa-ebcb-4240-867c-6768a0e649d0,2020,Canterbury Christ Church University,C10,10001143,,,,Selsted Church of England Primary School,118683,Primary
c12604ce-03b0-4b27-9e3f-29cedc362394,2020,Bath Spa University,B20,10000571,,,,Selwood Academy,137741,Chemistry
5e799df0-c71f-42df-9894-3e80adb59267,2020,Leeds Trinity University,L24,10003863,,,,Seven Hills Primary School,107824,Primary
4f5c9b6a-1d19-4bbc-a8f1-e2396d873164,2020,"Goldsmiths, University of London",G56,10002718,,,,Seven Kings School,102856,Design and technology
ea3e6286-e6cf-4fed-8389-9362c99fbe81,2020,"University of the West of England, Bristol",B80,10007164,,,,Severn Beach Primary School,141174,Primary
f87b0f69-9db8-4ae8-82dd-95519e2ebad7,2020,The University Of East Anglia,E14,10007789,,,,Sewell Park Academy,142058,Biology
b2bf315e-6437-46b9-843c-d0f8ed75305d,2020,The University Of East Anglia,E14,10007789,,,,Sewell Park Academy,142058,Mathematics
07596ba4-51ea-4dd6-b9c4-41b45f4f273f,2020,University of East London,E28,10007144,,,,Shaftesbury Primary School,145627,Primary
a5b7c2b5-2f5f-4711-b6e6-5c65418f111d,2020,University of Winchester,W76,10003614,,,,Shakespeare Junior School,116072,Primary
4277b432-6a1d-442d-a61b-82a05a88bb06,2020,Plymouth Marjon University,P63,10037449,,,,Shakespeare Primary School,145658,Primary
073d738e-41e5-408a-9577-421bdd8b176e,2020,Coventry University,C85,10001726,,,,Shalbourne CofE Primary School,126354,Primary
ae6ec621-edc6-4ccb-a89b-300399ac69b8,2020,University of Chichester,C58,10007137,,,,Shalfleet Church of England Primary School,118188,Primary
0e69ce24-82b3-4490-973d-56d3795161ab,2020,The University of Brighton,B72,10000886,,,,Shalford Infant School,146022,Primary
75597027-f906-4d23-884d-1f502c0eef9e,2020,University of Winchester,W76,10003614,,,,Shalford Infant School,124992,Primary
f1c3f0f0-ca7b-4a57-92f7-086197070c61,2020,University of Cumbria,C99,10007842,,,,Shankhill CofE Primary School,112259,Primary
b2c7c2da-8170-4b89-8414-34e77950e290,2020,Edge Hill University,E42,10007823,,,,Shap Endowed CofE Primary School,112328,Primary
eca69d9e-9ac3-4ef1-b7ba-e2ad76888c0c,2020,University of Cumbria,C99,10007842,,,,Shap Endowed CofE Primary School,112328,Primary
4fbb97fb-68f4-4c74-a6ed-047fc6075b92,2020,Sheffield Hallam University,S21,10005790,,,,Sharley Park Community Primary School,135498,Primary
3eb90897-a856-4e40-aeb6-73f7bce653fe,2020,Leeds Beckett University,L27,10003861,,,,Sharow Church of England Primary School,121588,Primary
fabd735b-734b-4b74-b746-568386b5e238,2020,Leeds Trinity University,L24,10003863,,,,Sharp Lane Primary School,107984,Primary
b3d0cca4-02e2-4bf2-9e42-c0f737c62b6c,2020,Edge Hill University,E42,10007823,,,,Sharples Primary School,105162,Primary
62667d01-ff57-4e85-a480-f15d45af986b,2020,Sheffield Hallam University,S21,10005790,,,,"Sharrow Nursery, Infant and Junior School",134302,Primary
2d6210e3-0820-46fd-ab39-91d5d6e0aef6,2020,Liverpool John Moores University,L51,10003957,,,,Shavington Primary School,142441,Primary
632610f7-a31a-4b30-9164-01545f0d4a42,2020,University of Chester,C55,10007848,,,,Shavington Primary School,142441,Primary
a69714ee-a99d-4a2d-8f2b-9f3c595975e4,2020,Plymouth Marjon University,P63,10037449,,,,Shebbear Community School,113166,Primary
6f9a0412-bef6-4d24-9de3-dd60d3e24571,2020,St Mary's University,S64,10007843,,,,Sheen Mount Primary School,102897,Primary
becd5e90-6f9a-4072-9825-6d569b75bf3e,2020,Edge Hill University,E42,10007823,,,,Sheep Dip Lane Academy,147620,Primary
36c25fa9-8770-46d5-9ddc-48bf2312529a,2020,University of Gloucestershire,G50,10007145,,,,Sheepscombe Primary School,115534,Primary
66a55875-50c6-406e-b438-1166ccda511a,2020,Sheffield Hallam University,S21,10005790,,,,Sheffield Hallam University,133871,Primary
a00ee84f-845e-41e0-94f1-c2359d41eaff,2020,Sheffield Hallam University,S21,10005790,,,,Sheffield Park Academy,131895,Mathematics
d5a733be-b1de-4e92-a80e-4c5866ecc566,2020,Canterbury Christ Church University,C10,10001143,,,,Sheldwich Primary School,137397,Primary
502af744-0076-4a53-96f3-ae1890ab8ee5,2020,Bradford College,B60,10000840,,,,Shelley First School,143793,Primary
188be2eb-f827-4875-90c8-c9546dd3ae52,2020,University of Derby,D39,10007851,,,,Shelton Infant School,112745,Primary
8c78f1c3-434b-40a3-8af0-de0e2f91c5e6,2020,University of Derby,D39,10007851,,,,Shelton Junior School,112983,Primary
6d08e600-88bd-4ea5-9bbe-e8b92618733f,2020,The University of Brighton,B72,10000886,,,,Shenfield High School,137877,Physical education
0e7bd235-1851-4edb-9552-86d2caf7ab5b,2020,University of Hertfordshire,H36,10007147,,,,Shenley Primary School,117150,Primary
6c532c31-47aa-48ef-85a5-ddc76b07017e,2020,The University of Northampton,N38,10007138,,,,Shepherdswell Academy,138715,Primary
f5e65ccb-a70c-48b4-806d-06b61138aa38,2020,University of Huddersfield,H60,10007148,,,,Shepley First School,107663,Primary
e2c3b279-fe10-4410-8617-20c5141828af,2020,Bath Spa University,B20,10000571,,,,Sherborne Abbey Church of England Primary School,144414,Early years ITT
6e80db49-5575-4679-8b05-da69be554a00,2020,Birmingham City University,B25,10007140,,,,Sherbourne Fields School,103760,Primary
98d0a788-4869-4152-903f-2ba4e19b6eb2,2020,University of Wolverhampton,W75,10007166,,,,Sherbrook Primary School,124514,Primary
e5897833-3122-4b67-a518-bc4392614002,2020,Edge Hill University,E42,10007823,,,,Sherdley Primary School,104769,Primary
1514a4ed-cb9f-4b62-98bf-946ca3ea3f4e,2020,Coventry University,C85,10001726,,,,Sherfield School,134769,Business studies
3da9483a-04b7-4b29-8b5f-0b7be42f194a,2020,Plymouth Marjon University,P63,10037449,,,,Sherford Vale School & Nursery,145907,Primary
88663bc4-8524-44d5-a796-10ffc206ee85,2020,University of Chester,C55,10007848,,,,Sheriffhales Primary School and Preschool,123396,Primary
a05c2819-f37d-49fc-985f-749a44d28e7b,2020,The University Of East Anglia,E14,10007789,,,,Sheringham Community Primary School,120851,Mathematics
64560dd8-d8b7-414b-9bd9-667fd36039eb,2020,The University Of East Anglia,E14,10007789,,,,Sheringham Community Primary School,120851,Primary
cae2b3fd-f67f-447d-ad36-ca3075a74900,2020,The University Of East Anglia,E14,10007789,,,,Sheringham High School,137621,Mathematics
70b0a43a-c076-4a72-9968-4fe061edd48c,2020,Plymouth Marjon University,P63,10037449,,,,Sheringham Primary School,141296,Primary
1257c98c-43c6-4aa0-b4d7-35d9a99a503d,2020,Lincoln Bishop University,B38,10007811,,,,Sherwood Junior School,122501,Primary
6723fd8a-04c8-474b-b6c4-df302d52d4b4,2020,Edge Hill University,E42,10007823,,,,Shevington High School,106529,Mathematics
610dd514-778e-4b7d-b884-ec917673c702,2020,The University Of Bolton,8N5,10006841,,,,Shevington High School,106529,Computing
eefa2822-9551-4a1f-8e52-91f3f4c1850b,2020,Edge Hill University,E42,10007823,,,,Shevington Vale Primary School,106429,Primary
89db8648-8916-4c6b-9f15-1632cff9f150,2020,"University of the West of England, Bristol",B80,10007164,,,,Shield Road Primary School,109014,Primary
48b20b35-c6c9-4e2e-b470-c145e07ffe96,2020,University of Sunderland,S84,10007159,,,,Shield Row Primary School,141997,Primary
51f062c5-c3df-43a2-9653-35d744f48fcd,2020,University of Wolverhampton,W75,10007166,,,,Shifnal Primary School,123424,Primary
a1190b5a-a770-495e-9efe-47e44da15ebe,2020,York St John University,Y75,10007713,,,,Shilbottle Primary School,122238,Primary
4e05442d-eac2-400e-a57f-f7b634862ee1,2020,The University of Brighton,B72,10000886,,,,Shinewater Primary School,144662,Primary
9a57c0e7-fc91-413c-92a2-6584113e1911,2020,University of Chichester,C58,10007137,,,,Shinewater Primary School,144662,Primary
0f98ba80-5794-45f2-a157-d216fe5ddfc1,2020,University of Sunderland,S84,10007159,,,,Shiney Row Primary School,108826,Primary
48a28803-810a-4764-abc2-274687dcfb74,2020,University Of Plymouth,P60,10007801,,,,Shiphay Learning Academy,136659,Primary
4e5d81b0-77b5-4788-9498-0c67cf5dac53,2020,University of Winchester,W76,10003614,,,,Shipton Bellinger Primary School,115947,Primary
c3055b61-b036-41d3-8bda-0af13279dda1,2020,"University of the West of England, Bristol",B80,10007164,,,,Shirehampton Primary School,132196,Primary
29038891-93ae-456f-8896-fbc7c81601c1,2020,Birmingham City University,B25,10007140,,,,Shireland Collegiate Academy,135170,Physical education
5697893e-6b14-46fc-b310-5b6c60057a63,2020,Birmingham City University,B25,10007140,,,,Shireland Technology Primary,147191,Primary
219cd896-ea97-4477-bd5c-716d84a970b8,2020,University of Northumbria at Newcastle,N77,10001282,,,,Shiremoor Primary School,108579,Primary
f2aa5179-cd45-45c9-9af8-05dff8509b86,2020,University of Wolverhampton,W75,10007166,,,,Shire Oak Academy,136620,Primary
4b6df8f5-d768-4294-b8f0-81e0b3844274,2020,Nottingham Trent University,N91,10004797,,,,Shirland Primary School,112620,Primary
396b9260-6970-4169-af2b-fc62a933474f,2020,University of Winchester,W76,10003614,,,,Shirley Infant School,138903,Primary
600df357-4728-4981-b58b-2a7925410f7c,2020,University of Winchester,W76,10003614,,,,Shirley Junior School,138910,Primary
d30f380e-6ce1-4b71-a94a-6aabdfc61fa5,2020,Leeds Trinity University,L24,10003863,,,,Shirley Manor Primary School,140639,Primary
f8237db5-f4fd-4984-bd94-1017fbbe2a47,2020,University of Winchester,W76,10003614,,,,Shirley Warren Primary & Nursery School,116262,Primary
548cfd74-62e0-486f-875f-3afd20f87472,2020,Plymouth Marjon University,P63,10037449,,,,Shirwell Community Primary School,113167,Primary
8872ba36-6354-4375-90b7-6ae17c5339b5,2020,University of Wolverhampton,W75,10007166,,,,Shobnall Primary & Nursery School,145794,Primary
08e06c36-267a-4a8b-961e-b1bbd5f0880d,2020,St Mary's University,S64,10007843,,,,Shocklach Oviatt CofE Primary School,111283,Primary
5f0c8eb4-588f-45de-b5ca-282149d6304d,2020,University of Chester,C55,10007848,,,,Shocklach Oviatt CofE Primary School,111283,Primary
c196a1db-0f78-431f-b611-4b2d9b7ae0a0,2020,University of Winchester,W76,10003614,,,,Sholing Infant School,145457,Primary
94445a63-fc3a-4bf5-8c8d-ac3999fe1366,2020,University of Chichester,C58,10007137,,,,Shoreham Academy,135962,Physical education
691377a4-ae79-42e3-bde6-67fba7ae11f6,2020,Edge Hill University,E42,10007823,,,,Shoreside Primary School,146313,Primary
fbf31087-a289-4d6b-ae2e-8391918ae7b9,2020,Liverpool John Moores University,L51,10003957,,,,Shoreside Primary School,146313,Primary
83d946c2-ce3b-45b6-9e11-c2507934a63f,2020,University of Chester,C55,10007848,,,,Short Wood Primary School,104939,Primary
5d854e36-86b3-4429-8747-1fcaa608e7dc,2020,University of Northumbria at Newcastle,N77,10001282,,,,Shotley Bridge Primary School,114038,Primary
61867bc5-bc6a-4f26-971c-fa703d78dba8,2020,University of Worcester,W80,10007139,,,,Shottery St Andrew's CofE Primary School,125646,Primary
5fffffde-2a9d-4ce1-b199-6dc171549b55,2020,University of Durham,D86,10007143,,,,Shotton Hall Primary School,135838,Primary
ee78bf74-dd07-41e6-b578-6a88ec061f19,2020,University of Chester,C55,10007848,,,,Shrewsbury Cathedral Catholic Primary School and Nursery,123554,Primary
e29a0706-3e93-49c8-8285-3e6ec35c4128,2020,Oxford Brookes University,O66,10004930,,,,Shrivenham Church of England School,140293,Primary
66d91318-77b0-4c3f-93e1-fca402fe48af,2020,Birmingham City University,B25,10007140,,,,Shustoke CofE Primary School,125684,Primary
982056ff-ee26-42f8-bc94-83cf0f8cbf48,2020,Edge Hill University,E42,10007823,,,,Shuttleworth College,134994,English
77119ebf-2c04-4922-a486-ec6f06c6b11a,2020,Edge Hill University,E42,10007823,,,,Shuttleworth College,134994,Mathematics
7c5ea1a5-4100-406a-a439-408b5c61a96f,2020,University Of Plymouth,P60,10007801,,,,Sidbury Church of England Primary School,137649,Primary
497fbd04-332b-40cf-b275-7e3006d013ed,2020,University of Huddersfield,H60,10007148,Trinity Academy Halifax,136094,school,Siddal Primary School,138657,Primary
da375405-6ec3-4501-a89c-0856cb4333de,2020,University of Chichester,C58,10007137,,,,Sidlesham Primary School,125853,Primary
cb19aeb3-0d16-4949-b8bc-f93b22c554d2,2020,University of Hull,H72,10007149,,,,Sidmouth Primary School,145431,Primary
fb5e5c9c-3a8b-4321-b6e5-2da2e2cd5bff,2020,University of Hull,H72,10007149,,,,Sigglesthorne Church of England Primary Academy,143823,Primary
724a0a3c-9ecf-44fe-81c2-71e2c204cb33,2020,Sheffield Hallam University,S21,10005790,Penistone Grammar School,106653,school,Silkstone Common Junior and Infant School,106589,Primary
7c4f6d02-2203-4982-8bd0-71fbae699fed,2020,Sheffield Hallam University,S21,10005790,,,,Silkstone Common Junior and Infant School,106589,Primary
9fda8f33-03e1-41e9-b1b8-edfa7975a698,2020,Leeds Beckett University,L27,10003861,,,,Silsden Primary School,107273,Primary
1807a387-6510-4146-bdba-1a4bd59e9a15,2020,Canterbury Christ Church University,C10,10001143,,,,Silverdale Primary Academy,141713,Primary
cc95da67-06ed-4fe4-b8f1-8dc7e9f1f4c2,2020,The University of Brighton,B72,10000886,,,,Silverdale Primary Academy,141713,Mathematics
89b4b045-f4f3-468c-ae9b-79873fb9544a,2020,The University of Brighton,B72,10000886,,,,Silverdale Primary Academy,141713,Primary
2255e61d-1369-45c0-94fd-e03e5de9a561,2020,University of Sunderland,S84,10007159,,,,Silverdale School,133432,Chemistry
ce450eb7-fd2c-4b87-b082-7a272db87a0c,2020,University of Sunderland,S84,10007159,,,,Silverdale School,133432,Mathematics
b7fb5438-e5c5-415a-9ebe-027b0bedc676,2020,University of Sunderland,S84,10007159,,,,Silverdale School,139167,Primary
a7c4bee2-ff32-487e-b0b5-888db2ffe706,2020,Leeds Trinity University,L24,10003863,,,,Silver Springs Primary Academy,137951,Primary
e41b3caa-10d3-44ef-9e8b-025236e75128,2020,Canterbury Christ Church University,C10,10001143,,,,Simon Langton Girls' Grammar School,118840,Art and design
761e3c35-57c4-43b0-a497-89a820517ad2,2020,Canterbury Christ Church University,C10,10001143,,,,Simon Langton Grammar School for Boys,118884,Mathematics
c9c77c1e-c78f-43c5-8e01-8a830fed4ebb,2020,Roehampton University,R48,10007776,,,,Sinai Jewish Primary School,101549,Primary
6bb901d4-6606-4ec6-8c62-4a65fe89ab51,2020,Roehampton University,R48,10007776,,,,Singlegate Primary School,102647,Primary
681c7dd7-2eb6-4404-a1d0-cfee4b7a9be1,2020,University of Chichester,C58,10007137,,,,Singleton CofE Primary School,125993,Primary
2b05e511-3446-45d6-b82f-1ccce3d02bef,2020,University College London,U80,10007784,,,,Sir George Monoux College,130458,Other subjects
746d39ff-cdaa-4d74-b376-48ec02169714,2020,Canterbury Christ Church University,C10,10001143,,,,Sir Henry Fermor Church of England Primary School,142611,Primary
4682b8c9-23e6-464d-b079-0909e8cf6a95,2020,University of Sussex,S90,10007806,,,,Sir Henry Fermor Church of England Primary School,142611,Primary
705c987e-5b51-4313-937a-582ffbc7a360,2020,University of Bedfordshire,B22,10007152,,,,Sir John Lawes School,137270,Physical education
3405f0de-ef89-4722-aa58-7d73f38c8f14,2020,The University Of East Anglia,E14,10007789,,,,Sir John Leman High School,137055,Chemistry
71f6f2c0-31c9-4bd3-875c-52190ea7b572,2020,The University Of East Anglia,E14,10007789,,,,Sir John Leman High School,137055,Mathematics
8d674f9a-0675-4cf9-88e6-7ccd86a2effe,2020,University of Chester,C55,10007848,,,,Sir John Talbot's School,141176,Computing
c8273c4f-6f8a-4377-b1ba-709929910f34,2020,The Manchester Metropolitan University,M40,10004180,,,,Sir John Thursby Community College,134996,Design and technology
7b9a999f-b64a-4228-9be4-8646a7e3bdfe,2020,Canterbury Christ Church University,C10,10001143,,,,Sir Joseph Williamson's Mathematical School,136662,History
18a0406d-5949-4020-9b17-9154f7ed9eed,2020,The University of Brighton,B72,10000886,,,,Sir Joseph Williamson's Mathematical School,136662,Physical education
8e4e741b-5032-4f99-ab90-97cead70d376,2020,Plymouth Marjon University,P63,10037449,,,,Sir Robert Geffery's Voluntary Aided Church of England Primary School,137257,Early years ITT
af1cc2c8-5e65-447a-a5d8-e86e100c5a86,2020,Sheffield Hallam University,S21,10005790,,,,Sir Robert Pattinson Academy,137135,Mathematics
452ca18a-a166-42a5-9055-f94c1bd74ed8,2020,Sheffield Hallam University,S21,10005790,,,,Sir Thomas Wharton Academy,144364,Mathematics
657e148a-c86d-49db-9de2-47ff4778efae,2020,London South Bank University,L75,10004078,,,,Sir William Burrough Primary School,137682,Primary
a58c4e5c-f089-4e50-ad7e-e2fe9f2fff5b,2020,University of Cumbria,C99,10007842,,,,Sir William Burrough Primary School,137682,Primary
7b480414-3392-4765-992d-f7a000071108,2020,Canterbury Christ Church University,C10,10001143,,,,Sissinghurst Voluntary Aided Church of England Primary School,118717,Primary
e543dcef-1a1d-4b94-b546-f2d33e3f63e7,2020,Sheffield Hallam University,S21,10005790,,,,Sitwell Junior School,141060,Primary
8f64a973-c477-4a1c-8df9-b66e1163735b,2020,University of Huddersfield,H60,10007148,,,,Skelmanthorpe Academy,143230,Primary
1fdf02e0-776e-4d49-aae6-79be24a40dcd,2020,University of Cumbria,C99,10007842,,,,Skelton School,112121,Primary
905c9e82-c76a-41e1-bf6a-30db776052fc,2020,University of Hull,H72,10007149,,,,Skidby Church of England Voluntary Controlled Primary School,117992,Primary
36c41af4-a305-43f0-846d-ecf9ac248959,2020,The University of Brighton,B72,10000886,,,,Skinners' Kent Academy,135888,Physical education
c37df2b5-1437-4377-adb2-a66bbf2e4bf1,2020,The University of Brighton,B72,10000886,,,,Skinners' Temple Grove,139052,Mathematics
106d7d71-33ff-419d-95bc-d3280883b2c1,2020,Birmingham City University,B25,10007140,,,,Slade Primary School,138590,Primary
2b0e5a49-a731-465a-9f55-181cbc9a8578,2020,Canterbury Christ Church University,C10,10001143,,,,Slade Primary School and Attached Unit for Children with Hearing Impairment,118285,Primary
6fe0e112-ec07-4378-8076-b0c2332def57,2020,University of Cumbria,C99,10007842,,,,Slaidburn Brennands Endowed Primary School,119474,Primary
1dde70e3-916e-4a2a-8704-edecb3f90882,2020,University of Huddersfield,H60,10007148,,,,Slaithwaite Church of England Voluntary Controlled Junior and Infant School,107711,Primary
ca47af50-3146-45fb-80e5-8e016ace6ad3,2020,York St John University,Y75,10007713,,,,Sledmere Church of England Voluntary Controlled Primary School,118028,Primary
47435adc-72a1-42c9-8fcc-08ec45ee41a6,2020,York St John University,Y75,10007713,,,,Slingsby Community Primary School,121322,Primary
d8d86e40-ccb1-429a-b7e3-7230e32d3ed1,2020,University of Greenwich,G70,10007146,,,,Slough and Eton Church of England Business and Enterprise College,137287,Early years ITT
87b24d38-33ff-4f37-8d71-5be53b336ae9,2020,University of Wolverhampton,W75,10007166,,,,Smallbrook School,134000,Primary
b57a4751-2ffb-4c6b-b97e-5070746d8632,2020,Staffordshire University,S72,10006299,,,,Smallwood CofE Primary School,140894,Primary
480a9328-6279-4ecc-a589-70ec79ab8f66,2020,Leeds Trinity University,L24,10003863,,,,"Smawthorne Henry Moore Primary School, Castleford",133621,Primary
4e36ca91-445a-444b-87f1-c36a02d5eda7,2020,Birmingham City University,B25,10007140,,,,Smestow Academy,149635,Primary
76b60b05-a712-4738-808e-40d428d1bb92,2020,University of Wolverhampton,W75,10007166,,,,Smestow Academy,149635,Mathematics
36af5035-aa7a-4267-98a3-b869fa7e2651,2020,Birmingham City University,B25,10007140,,,,Smith's Wood Academy,143895,Biology
fbb0b5ab-c449-4595-8049-83949ab3244f,2020,Birmingham City University,B25,10007140,,,,Smith's Wood Primary Academy,140923,Primary
8393a787-5c44-4be5-b75c-29ba9212ef8b,2020,Canterbury Christ Church University,C10,10001143,,,,Snodland CofE Primary School,118846,Primary
64995fb3-d45c-4615-91ec-46dc30f63112,2020,University of Cambridge,C05,10007788,,,,Soham Village College,136610,English
4767cd4c-b5ff-48b7-856c-04ad243255fe,2020,The University Of Bolton,8N5,10006841,,,,Sol Christian Academy,139831,Computing
dcc0e857-ad40-4346-b7e4-74fd9a0ce298,2020,The University Of Bolton,8N5,10006841,,,,Sol Christian Academy,139831,Mathematics
dc8d9cd9-67c9-4e8d-b697-ee309ef3245e,2020,University of Cumbria,C99,10007842,,,,Solebay Primary - A Paradigm Academy,138276,Primary
5563a79e-dfe7-445c-8fd1-ea9ea3df4b66,2020,University of Derby,D39,10007851,,,,Somerby Primary School,140754,Primary
f91fe60f-5a20-42d9-b19a-2c175650f01b,2020,Sheffield Hallam University,S21,10005790,,,,Somercotes Infant and Nursery School,142812,Primary
632d90a2-5cd6-49d5-a938-248a98819f85,2020,University of Winchester,W76,10003614,Bransgore Church of England Primary School,137693,school,Somerford Primary School,113736,Primary
4f77443c-6165-4bbf-bf07-4f7ed6bc9576,2020,University of Hertfordshire,H36,10007147,,,,Someries Infant School and Early Childhood Education Centre,109583,Primary
b7c9cdac-4b00-4c3d-8ab0-aef5e0d6f190,2020,Sheffield Hallam University,S21,10005790,,,,Somerlea Park Junior School,144949,Primary
048601e2-4c40-4c46-841c-640fa8bc933e,2020,University of Worcester,W80,10007139,,,,Somers Park Primary School,137292,Primary
2fe2716b-8cf0-45de-b61d-bfc51f683827,2020,Birmingham City University,B25,10007140,,,,Somerville Primary (NC) School,103256,Primary
a0d4e62b-be23-4ac1-a873-ad3c92d3dca9,2020,University of Wolverhampton,W75,10007166,,,,Somerville Primary (NC) School,103256,Primary
393283d6-f336-4296-b9e0-6505f7a7b37d,2020,University of Chester,C55,10007848,,,,Somerville Primary School,105000,Primary
1d05996e-7875-4794-82a5-7b20d63e2540,2020,Bradford College,B60,10000840,,,,Sonning Common Primary School,123038,Primary
4a6c631f-82e1-4fd1-91bd-55381c5c4d62,2020,University of Reading,R12,10007802,,,,Sonning Common Primary School,123038,Primary
d07014cd-f3e4-45ee-b937-c9b80cdd0aa9,2020,University of Chester,C55,10007848,,,,Sound and District Primary School,111074,Primary
52938f96-94a1-4494-b56e-17f70a1d6045,2020,University of Wolverhampton,W75,10007166,,,,Southall School,123631,Primary
72ffe2ba-4279-446e-8f2c-d0ff7291f536,2020,Coventry University,C85,10001726,,,,Southam College,143905,Computing
3619ad17-deb6-4a59-91b1-d04dc256c2c6,2020,Coventry University,C85,10001726,,,,Southam College,143905,Mathematics
bc575ebf-b69e-4c10-80a6-b212ef6287c5,2020,Canterbury Christ Church University,C10,10001143,,,,South Avenue Primary School,140521,Primary
a15d2c14-6557-4703-886f-cace500ec603,2020,University of Northumbria at Newcastle,N77,10001282,,,,South Bank Community Primary School,134705,Primary
539f7ce0-64b0-451e-b304-0616b2a7dbc2,2020,University of Chichester,C58,10007137,,,,South Bersted CofE Primary School,125973,Primary
71e6ca9f-8b9c-4c62-a5c2-b64d5186507f,2020,Teach Kent & Sussex,2EZ,10058549,Claremont Primary School,118456,school,Southborough CofE Primary School,118712,Primary
0f280cfb-090f-4745-bb75-2dafad3b715f,2020,University of Chichester,C58,10007137,,,,Southbourne Junior School,125878,Primary
57cf1d39-b328-4d53-9876-bee3096fa580,2020,Middlesex University,M80,10004351,,,,Southbury Primary School,102014,Primary
d84e4434-992c-4c71-905b-53858ba571ed,2020,University of Reading,R12,10007802,,,,Southcote Primary School,109795,Primary
d8d17236-934c-4dc4-9aa5-44188e5e86c0,2020,University of Derby,D39,10007851,,,,South Darley CofE Primary School,112842,Primary
82493407-4d38-4ad9-a036-c917315a4a3e,2020,University of Bedfordshire,B22,10007152,,,,South End Junior School,121891,Primary
d9195c37-a884-4555-b6e3-64debb23865f,2020,University of East London,E28,10007144,,,,Southern Road Primary School,102755,Primary
84c82388-7f18-4b20-95eb-674946f2a414,2020,St Mary's University,S64,10007843,,,,Southfield Park Primary School,133721,Primary
51722908-c47d-4c6b-9e4d-7373d0f612c9,2020,Lincoln Bishop University,B38,10007811,,,,Southfield Primary,144410,Primary
e14a2088-28e0-457a-9455-b3283810be21,2020,Sheffield Hallam University,S21,10005790,,,,Southfield Primary,144410,Primary
6dfc36b9-09e3-424d-89d7-914f29628465,2020,Roehampton University,R48,10007776,,,,Southfield Primary School,101890,Primary
e5775f35-af7a-4d27-9e0d-e9d214ec9b72,2020,Birmingham City University,B25,10007140,,,,Southfields Primary School,131442,Primary
1c470693-5888-4cd5-b603-9e4088ece47c,2020,Nottingham Trent University,N91,10004797,,,,Southglade Primary and Nursery School,131005,Primary
eecf79a7-c0fd-4e87-b64e-0a2cf2b88796,2020,Middlesex University,M80,10004351,,,,South Grove Primary School,132253,Primary
4088b15f-ae67-445e-b1e5-5110e9d9ffb7,2020,Leeds Beckett University,L27,10003861,,,,South Hiendley Primary School,145798,Primary
6d9e2a38-d530-49a1-9f16-b8ef3dde5bcf,2020,Sheffield Hallam University,S21,10005790,,,,South Hiendley Primary School,145798,Primary
15032ff8-1eda-4f2b-baf3-fdfb36491056,2020,University of Sunderland,S84,10007159,,,,South Hylton Primary Academy,144447,Primary
a6cea794-c101-4eaf-8a79-456a3216a1cf,2020,University of Reading,R12,10007802,,,,South Lake Primary School,133383,Primary
e34b93f9-3bd2-4e51-ad4e-a5d72586da19,2020,The University Of East Anglia,E14,10007789,,,,South Lee School,124876,Primary
6ace00de-19f6-49c8-a4a5-85827fae25e5,2020,University of Greenwich,G70,10007146,,,,South Norwood Primary,146543,Primary
eddddcd4-bac8-4c00-9f12-b92b94e3b7b2,2020,The University of Brighton,B72,10000886,,,,Southover CofE Primary School,114510,Primary
0c430f36-fb6d-4798-9e7c-46c6f68c2431,2020,University of East London,E28,10007144,,,,South Park Primary School,131930,Primary
270f8e4d-fd0a-49d6-b786-5769f8ed81c8,2020,Edge Hill University,E42,10007823,,,,South Shore Academy,140021,Computing
96b1fd6a-d75b-408b-9b83-be113ac9e74e,2020,Edge Hill University,E42,10007823,,,,South Shore Academy,140021,Mathematics
595428e2-5810-4878-a7ed-71c83f90bfc7,2020,Edge Hill University,E42,10007823,,,,South Shore Academy,140021,Religious education
8e4977ab-19ac-4317-9b0a-a1b0cbd160fe,2020,University of Durham,D86,10007143,,,,South Stanley Infant and Nursery School,143584,Primary
a7723ef8-9d41-4e35-a032-336c623cfb33,2020,University of Sunderland,S84,10007159,,,,South Stanley Infant and Nursery School,143584,Primary
15694598-f19d-4b8b-a078-711a9064d578,2020,University of Durham,D86,10007143,,,,South Stanley Junior School,145040,Primary
a92fc686-6569-4bb1-b5c9-6a449dbde8e8,2020,Oxford Brookes University,O66,10004930,,,,South Stoke Primary School,123039,Primary
ab66bc8b-eee8-4e48-b838-78e7b88dd90b,2020,University Of Exeter,E84,10007792,,,,South Tawton Primary School,145335,Primary
00612666-bb52-47e7-ad98-cff58945f957,2020,University of Winchester,W76,10003614,,,,South View Junior School,115860,Primary
3a2fb93e-6f3e-48cc-8935-1a9ec5aefead,2020,University of Cumbria,C99,10007842,,,,South Walney Junior School,112211,Primary
3de7b509-0cdf-49e9-b8fa-969aa8a21a0c,2020,Nottingham Trent University,N91,10004797,,,,Southwark Primary School,137480,Primary
e90bd9ff-3a01-419c-994c-74ace5281777,2020,The University of Brighton,B72,10000886,,,,Southway Junior School,125941,Primary
c264d75f-c5c9-41eb-b500-8e0eaa9e4779,2020,University of Chichester,C58,10007137,,,,Southway Primary School,138413,Primary
2e108051-0459-4813-9c57-a564ffb523e0,2020,University of Sunderland,S84,10007159,,,,Southwick Community Primary School,108769,Primary
a36e9bff-2289-4bd8-b950-6d21a8778f35,2020,Lincoln Bishop University,B38,10007811,,,,South Witham Academy,143518,Primary
88625af8-f45a-4568-b103-dfa61f6fadd1,2020,University of Winchester,W76,10003614,,,,South Wonston Primary School,116034,Primary
d6c10dff-8830-49e9-a1bc-3164f26d758d,2020,University of Winchester,W76,10003614,,,,Southwood Infant School,116246,Primary
0d114e4a-91be-4488-80b2-82ea4295e71c,2020,Roehampton University,R48,10007776,,,,Southwood Primary School,131845,Primary
3c584862-1aa5-4375-95a5-b281a765e96e,2020,The University Of East Anglia,E14,10007789,,,,South Wootton Junior School,121197,Primary
7b8ddae8-07d6-4b5c-a6d7-2b8b13f325bc,2020,The University Of East Anglia,E14,10007789,,,,Sparhawk Infant School & Nursery,120999,Primary
905320e0-5c9e-42dd-8767-4e55f6755f96,2020,Sheffield Hallam University,S21,10005790,,,,Sparken Hill Academy,141541,Primary
1758241a-0b97-460f-a718-ef41505d2b6f,2020,University Of Plymouth,P60,10007801,,,,Sparkwell All Saints Primary School,139795,Primary
95e9cc9d-c5c3-48d6-8111-4a4bcbeec76a,2020,St Mary's University,S64,10007843,,,,Sparrow Farm Primary School,148150,Primary
7dc1bffa-af40-43c7-b6c5-a4b82ea36db5,2020,Coventry University,C85,10001726,,,,"Spa School, Bermondsey",146190,Primary
7c5a9fd9-f97c-48c3-9dff-6891cc77d9df,2020,Sheffield Hallam University,S21,10005790,,,,Speedwell Infant School,112629,Primary
a195fe3d-b4ae-4cd2-ab8a-c2f8b1ba5cd6,2020,Oxford Brookes University,O66,10004930,,,,Speenhamland School,143999,Primary
e4d2b057-2357-47f6-a0a9-772ddc5c1789,2020,Teach Kent & Sussex,2EZ,10058549,Claremont Primary School,118456,school,Speldhurst Church of England Voluntary Aided Primary School,118607,Primary
c1244657-40b5-4176-bc79-1022f949d1ab,2020,University of Hertfordshire,H36,10007147,,,,Spellbrook CofE Primary School,117405,Primary
16a72511-f61e-4d03-add9-61e00288c3e4,2020,The Manchester Metropolitan University,M40,10004180,,,,Spindle Point Primary School,105196,Primary
85354c19-fc98-48c8-8a4a-8c54cd6c2978,2020,Sheffield Hallam University,S21,10005790,,,,Spire Junior School,112661,Primary
ba14e516-1cf8-41ee-ae7f-0e80b78b850d,2020,Sheffield Hallam University,S21,10005790,,,,Spire Nursery and Infant School,112660,Primary
b8a96d6b-1f9b-4ac3-88cd-5892e1e97172,2020,Birmingham City University,B25,10007140,,,,Spon Gate Primary School,131241,Primary
98c7683c-670f-4de4-970a-80f73a487f9d,2020,The Manchester Metropolitan University,M40,10004180,,,,Spotland Primary School,105776,Primary
c52ad1a3-6c60-4312-a3ce-b2f0107098d6,2020,University of Huddersfield,H60,10007148,,,,Spotland Primary School,105776,Primary
cc31dcf5-0ba5-4e77-afa2-cfee935ad442,2020,University of Gloucestershire,G50,10007145,,,,Springbank Primary Academy,137194,Primary
e74630ef-dbb2-44d3-a711-01fa9125f4d9,2020,Leeds Beckett University,L27,10003861,,,,Spring Bank Primary School,107890,Primary
53dffdc3-4492-47c6-95df-fe5872dd2471,2020,University of Hull,H72,10007149,,,,Spring Cottage Primary School,140587,Primary
594e11bb-613c-49d2-9f0a-78bfe4d5dd12,2020,Staffordshire University,S72,10006299,,,,Springcroft Primary School,124163,Primary
878fae66-35af-49e5-88cb-566493aae01e,2020,Edge Hill University,E42,10007823,,,,Springfield Academy,138088,Primary
c11b777c-71ab-4400-86bd-11f1b391b57d,2020,Nottingham Trent University,N91,10004797,,,,Springfield Academy,144396,Primary
4b31e02f-73db-4f82-8718-a7e6baaac045,2020,York St John University,Y75,10007713,,,,Springfield Academy,138088,Primary
05535b59-ee35-4522-81bf-5c068074b0ea,2020,University of Chichester,C58,10007137,,,,Springfield Infant School and Nursery,125967,Primary
5ffcaaec-f45c-417f-87dd-f390f748be66,2020,University of Derby,D39,10007851,,,,Springfield Junior School,143953,Primary
d5f357bb-f283-441f-9898-fb2a2fafa17d,2020,Canterbury Christ Church University,C10,10001143,,,,Springfield Primary School,134065,Primary
b72f3c0e-62f5-48e1-89fc-d127b4a471f8,2020,The University of Portsmouth,P80,10007155,,,,Springfield School,144192,Computing
fcd93680-2bd0-411a-8509-f0b529da9cd6,2020,University of Chichester,C58,10007137,,,,Springfield School,144192,Physical education
305e53fa-67b0-43da-97bb-b3498c77fa47,2020,Bradford College,B60,10000840,,,,Spring Grove Junior Infant and Nursery School,107617,Primary
71f1a8fb-fe02-42b5-be80-17920a399e6a,2020,Leeds Beckett University,L27,10003861,,,,Spring Grove Junior Infant and Nursery School,107617,Primary
97df7d30-0434-423c-bc97-1db9be853d8c,2020,University of Huddersfield,H60,10007148,,,,Spring Grove Junior Infant and Nursery School,107617,Primary
5e12072b-f25d-40d4-91e9-e32d93262e47,2020,Sutton Park SCITT,25D,10035849,,,,Spring Hill High School,134982,Art and design
5277f2e6-695e-41eb-9660-18a14a69c200,2020,The University of Northampton,N38,10007138,,,,Spring Lane Primary School,138493,Primary
d44a523c-0360-4651-8955-83e321ac63e3,2020,University of Durham,D86,10007143,,,,Springmoor Grange School,114091,Primary
36391fa0-bb68-4c4e-a565-c3b8e6971889,2020,University of Huddersfield,H60,10007148,,,,Springside,135200,Primary
35dd56c8-7584-4891-babd-c8a4d4b9a95c,2020,University of Wolverhampton,W75,10007166,,,,Spring Vale Primary School,104330,Primary
4fe957e9-139d-4104-bdd6-48a20de53f5f,2020,Roehampton University,R48,10007776,,,,Springwell School,146822,Primary
58fdbde8-69ec-49b8-bb14-60bd64f59eee,2020,The University Of East Anglia,E14,10007789,,,,Springwood High School,136515,Chemistry
13887608-c471-4f28-9a86-7089bf1ae9a4,2020,The University Of East Anglia,E14,10007789,,,,Springwood High School,136515,Modern languages
75ccad15-e09d-4b64-92e4-457bb3cc0790,2020,The University Of East Anglia,E14,10007789,,,,Sprowston Community Academy,144359,Biology
1e31a388-227b-4dae-9fb0-05647ffa8c5b,2020,The University Of East Anglia,E14,10007789,,,,Sprowston Community Academy,144359,English
58cf53a5-d505-4890-a919-4eada0c3d765,2020,The University Of East Anglia,E14,10007789,,,,Sprowston Community Academy,144359,History
307c5f4c-bef0-4487-8e3a-3e383d628617,2020,The University Of East Anglia,E14,10007789,,,,Sprowston Community Academy,144359,Mathematics
a95e2b3d-2c74-42bb-87df-bb398ee4d35c,2020,The University Of East Anglia,E14,10007789,,,,Sprowston Community Academy,144359,Modern languages
faed8c37-12fd-4acd-bcb4-8ab490ef43e7,2020,The University Of East Anglia,E14,10007789,,,,Sprowston Community Academy,144359,Physical education
f8350c79-0eed-4343-a55c-5822c4d4738d,2020,The University Of East Anglia,E14,10007789,,,,Sprowston Junior School,120852,Primary
eeff8833-34da-46a7-9b8b-d9429ae81c91,2020,Edge Hill University,E42,10007823,,,,Ss Aidan and Oswald's Roman Catholic Primary School,105721,Primary
cc28fb65-f759-4271-b890-df1314c191ff,2020,The Manchester Metropolitan University,M40,10004180,,,,Ss Aidan and Oswald's Roman Catholic Primary School,105721,Mathematics
2e56f9bf-804d-4b10-b907-23f71093ff08,2020,The Manchester Metropolitan University,M40,10004180,,,,Ss Aidan and Oswald's Roman Catholic Primary School,105721,Primary
d471aa1e-3b78-40b1-b7c7-d003a3afec29,2020,Newman University,N36,10007832,,,,SS John and Monica Catholic Primary School,103478,Primary
c860c692-31a2-473e-a333-ef3ce032e9c0,2020,Edge Hill University,E42,10007823,,,,SS Osmund and Andrew's R.C. Primary School,134237,Primary
0610e321-127a-4fa8-9152-02adb0bc4644,2020,The Manchester Metropolitan University,M40,10004180,,,,SS Osmund and Andrew's R.C. Primary School,134237,Primary
7e4599bd-749d-4e2e-8155-2f62ccdcc6de,2020,Middlesex University,M80,10004351,,,,SS Peter and Paul's Catholic Primary School,147340,Primary
e9df2225-957a-4435-9bac-e957bd9919a8,2020,The Manchester Metropolitan University,M40,10004180,,,,"Ss Simon & Jude CofE Primary School, Bolton",138957,Primary
ac04ef2f-fe45-4fca-8871-03349ec2c539,2020,Middlesex University,M80,10004351,,,,Stag Lane Primary School,102209,Primary
458a1ba4-882f-4b78-801b-104da48434ea,2020,Coventry University,C85,10001726,,,,St Agnes CofE Primary School,105700,Primary
c9c4b33d-9283-4a1e-863b-023e2ec36b1d,2020,Edge Hill University,E42,10007823,,,,St Aidan's Catholic Primary School,104463,Primary
40f318b6-52e9-48f0-b752-43d4ab864c40,2020,Leeds Beckett University,L27,10003861,,,,St Aidan's Church of England Academy,143228,Primary
a0845a27-6f8b-449f-9680-0c7d8b9860c0,2020,University of Huddersfield,H60,10007148,,,,St Aidan's Church of England Academy,143228,Primary
73e4f1d0-dcc7-421f-b29c-a5f74cd7944c,2020,University of Sunderland,S84,10007159,,,,St Aidan's Church of England Primary School,132145,Primary
56c04b72-4075-4465-b629-6451dde9eb92,2020,Edge Hill University,E42,10007823,,,,St Aidan's CofE Primary School Billinge,104798,Primary
51e2a16e-0802-4be4-a26d-8f2a09ffb6b5,2020,Edge Hill University,E42,10007823,,,,St Aidan's Primary School - A Church of England Academy,141350,Primary
3dbbcc2c-4dbd-4a54-ba11-1bef53e41156,2020,Sheffield Hallam University,S21,10005790,,,,Stainforth Kirton Lane Primary School,106718,Primary
9b6ac2c5-0274-4f78-8e06-5c0902a36ff9,2020,The University Of East Anglia,E14,10007789,,,,St Alban's Catholic High School,137849,History
d33352d9-0de1-4c5b-8330-5cab9389d404,2020,Birmingham City University,B25,10007140,,,,St Alban's Catholic Primary School,103466,Primary
e9b494a3-ba04-460d-9ea4-1492d93f0b36,2020,Liverpool Hope University,L46,10003956,,,,St Alban's Catholic Primary School,111307,Primary
03e28074-3a95-4b39-aee6-8a5f67da2e22,2020,Roehampton University,R48,10007776,,,,St Alban's Catholic Primary School,143366,Primary
78af31fa-1fbe-46b9-be44-824ad0288e93,2020,The Manchester Metropolitan University,M40,10004180,,,,"St Alban's Catholic Primary School, A Voluntary Academy",141811,Primary
b78c8528-5469-491e-8cf3-59cb10ec7b56,2020,University of Northumbria at Newcastle,N77,10001282,,,,"St Alban's Catholic Primary School, Pelaw",148410,Primary
80ae04c4-b4af-43e8-9271-82c6ff45498f,2020,Nottingham Trent University,N91,10004797,,,,St Alban's Catholic Voluntary Academy,146253,Primary
3cc37043-1607-45a0-ad9c-1621d4defd0e,2020,University of Cumbria,C99,10007842,,,,St Alban's Roman Catholic Primary School Blackburn,119706,Primary
10e2c1f5-5eb8-4f7f-8472-2b82f962f720,2020,University of Greenwich,G70,10007146,Heronsgate Primary School,100158,school,St Alfege with St Peter's Church of England Primary School,100174,Primary
ff1e9cfc-c40e-487b-baad-53c8cd62f02d,2020,Lincoln Bishop University,B38,10007811,,,,Stalham Academy,140819,Primary
bad171e8-5d67-49f3-818c-2d83813e2c9f,2020,The University Of East Anglia,E14,10007789,,,,Stalham Academy,140819,Primary
bbb68d72-2596-4fd2-9654-385fc6e827ce,2020,The University Of East Anglia,E14,10007789,,,,Stalham High School,141395,Mathematics
06e77ad4-6e69-4553-808b-b3c38205b045,2020,Edge Hill University,E42,10007823,,,,Stalmine Primary School,119147,Primary
6cc40772-6871-42a2-8baa-59cb5c879fc7,2020,University of Cumbria,C99,10007842,,,,Stalmine Primary School,119147,Primary
31d5b35a-00f4-4fa2-89d6-19e42119b92d,2020,Edge Hill University,E42,10007823,,,,St Aloysius Catholic Primary School,131332,Primary
d25b014f-e313-44fa-b930-bbf44d31b36e,2020,Liverpool Hope University,L46,10003956,,,,St Aloysius Catholic Primary School,131332,Primary
67a8bd46-3261-4acd-88f8-3717b434e2e6,2020,Oxford Brookes University,O66,10004930,,,,St Aloysius' Catholic Primary School,123218,Primary
995bb23a-01f7-4351-b98b-d6600edaec5d,2020,Birmingham City University,B25,10007140,,,,St Alphege Church of England Infant and Nursery School,104090,Primary
cd8f7f0a-1adf-4acc-9c59-1af047862e2c,2020,University of Worcester,W80,10007139,,,,St Alphege Church of England Infant and Nursery School,104090,Primary
978d6519-ea82-4001-b96a-0e4fd705e358,2020,Canterbury Christ Church University,C10,10001143,,,,St Alphege Church of England Infant School,118659,Primary
b8bda730-27f7-4503-9181-fdc2c0884ed6,2020,University College Birmingham,B35,10000712,,,,St Alphege Church of England Junior School,104092,Primary
a91a02a8-a5fa-452e-b5b5-e3e4ccfef2fd,2020,The Manchester Metropolitan University,M40,10004180,,,,Stalyhill Infant School,106222,Primary
352508d7-eb1d-4eb0-bd17-a4c3eee840bd,2020,Newman University,N36,10007832,,,,St Ambrose Catholic Primary,141413,Primary
e168cac4-451b-4a99-a9de-a7a214d197a8,2020,University of Chester,C55,10007848,,,,St Ambrose Catholic Primary,141413,Primary
97875448-645a-4305-b2e1-4d098f4d3f0f,2020,University of Worcester,W80,10007139,,,,St Ambrose Catholic Primary,141413,Primary
80bc3040-ae8b-4d83-8127-29a46f7c25ba,2020,The University of Brighton,B72,10000886,,,,Stanborough School,137847,Physical education
63e0590c-4778-47b5-9ba9-26b652570d7e,2020,University of Hertfordshire,H36,10007147,,,,Stanburn Primary School,102214,Primary
79372ee4-4eb3-4d54-90b9-ee864d53dbb7,2020,Edge Hill University,E42,10007823,,,,Standish Community High School,143812,Mathematics
81886acf-5f61-4b79-89ce-e12af770e274,2020,Edge Hill University,E42,10007823,,,,Standish Lower Ground St Anne's CofE Primary School,106468,Primary
6032d19a-220b-400b-b0cc-9c3f274fcf45,2020,Edge Hill University,E42,10007823,,,,Standish St Wilfrid's Church of England Primary Academy,139883,Primary
3c7a7d9b-2775-4202-acae-75b58ad01e4d,2020,London South Bank University,L75,10004078,,,,St Andrew's (Barnsbury) CofE Primary School,100448,Primary
7db51944-9408-4293-8c36-e6a5cdffe166,2020,Middlesex University,M80,10004351,,,,St Andrew's (Barnsbury) CofE Primary School,100448,Primary
e055d66f-196e-423a-8b42-f8be5aff7c45,2020,Birmingham City University,B25,10007140,,,,St Andrew's Benn CofE (Voluntary Aided) Primary School,130877,Primary
41a2c07e-c728-4852-a22e-f4f0c8f015c6,2020,The University of Northampton,N38,10007138,,,,St Andrew's Ceva Primary School,122017,Primary
1e57f1f5-5934-4e38-9ac8-01185ba3f226,2020,The University of Brighton,B72,10000886,,,,St Andrew's Church of England Infants School,149965,Primary
18e0e6ad-af3c-4bc6-ad64-824426068784,2020,Plymouth Marjon University,P63,10037449,,,,St Andrew's Church of England Primary School,113479,Primary
d4dd5871-a50c-48be-8e56-a1e1d8306b87,2020,University of Wolverhampton,W75,10007166,,,,St Andrew's Church of England Primary School,132806,Primary
fdffa11f-3aa2-4b9c-a9bc-24100a2e2a0f,2020,Oxford Brookes University,O66,10004930,,,,"St Andrew's Church of England Primary School, Chinnor",123126,Primary
7f11f1bc-7df1-4879-8771-b5a8a298e09b,2020,Liverpool Hope University,L46,10003956,,,,"St Andrews Church of England Primary School, Maghull",145453,Primary
d4a7986c-4c2a-4018-86ba-fe18834cc12a,2020,Coventry University,C85,10001726,,,,"St Andrew's Church of England Primary School, North Kilworth",143254,Primary
241c1476-e061-433f-ad2c-335c2aa39ec9,2020,Oxford Brookes University,O66,10004930,,,,"St Andrew's Church of England Primary School, Oxford",123140,Primary
bb1a2f49-07b3-44ed-a87d-4d7f1ccc9595,2020,Leeds Trinity University,L24,10003863,,,,St Andrew's Church of England (VA) Infant School,107548,Primary
372e3997-82bf-41bd-8a2d-e6bb7a50bbfd,2020,York St John University,Y75,10007713,,,,St Andrew's Church of England Voluntary Aided Primary School,118051,Primary
8c18b578-7511-4307-92cb-7c57bfdbadbf,2020,University of Hertfordshire,H36,10007147,,,,"St Andrew's Church of England Voluntary Aided Primary School, Hitchin",117467,Primary
efb5a1f0-96f0-4dc8-99e3-f32898a529a9,2020,Bath Spa University,B20,10000571,,,,St Andrew's Church School,145516,Early years ITT
f90b61a0-5afe-4f66-bc5c-cc1e18e7333c,2020,University Of Plymouth,P60,10007801,,,,St Andrew's Church School,140062,Primary
39e19f09-34af-4340-9b09-733f989891fd,2020,The University of Brighton,B72,10000886,,,,St Andrew's CofE (Aided) Primary School,114556,Primary
687ca48d-d52d-442f-a4ae-c7fde42fe28b,2020,University of Worcester,W80,10007139,,,,St Andrew's CofE First School,116865,Primary
f79681d6-aafb-4192-bd68-314176443372,2020,University Of Plymouth,P60,10007801,,,,St Andrew's CofE Primary Academy,141527,Primary
1506e5f2-94b2-4524-b127-45d4aa61e017,2020,Brunel University London,B84,10000961,,,,St Andrew's C of E Primary School,102438,Primary
07621ac5-ccf9-4b59-a97b-dc0c58013b1b,2020,The University of Brighton,B72,10000886,,,,St Andrew's CofE Primary School,126047,Mathematics
2c1298f7-13c7-45c2-9ee1-afd8cafa23e7,2020,The University of Brighton,B72,10000886,,,,St Andrew's CofE Primary School,126047,Primary
984599a9-b0eb-46c3-b0cc-7ece33f47981,2020,University of Hertfordshire,H36,10007147,,,,St Andrew's CofE Primary School,102029,Primary
213fb3a5-52e1-451a-8e28-c411ba372e9c,2020,The University Of East Anglia,E14,10007789,,,,"St Andrew's CofE VA Primary School, Lopham",121149,Primary
0b0e8258-6236-4cda-98e7-a16f660a4ad0,2020,Edge Hill University,E42,10007823,,,,St Andrew's Methodist Primary School,105938,Primary
28b73716-0836-498c-9c45-0539bc48cdc5,2020,The University of Brighton,B72,10000886,,,,St Andrew's Prep,114652,Primary
30deb049-bc0e-45c2-9412-1d23735aba5c,2020,Liverpool Hope University,L46,10003956,,,,St Andrew the Apostle Catholic Primary School,104470,Primary
394fbfae-fc20-471a-a56a-13883a34bf8e,2020,The University of Brighton,B72,10000886,,,,Stanford Infant School,114377,Mathematics
4faf317e-45ff-43c0-8a54-ca161c47112f,2020,The University of Brighton,B72,10000886,,,,Stanford Infant School,114377,Primary
f0180f3e-502b-40b6-aacc-765431907f90,2020,Lincoln Bishop University,B38,10007811,,,,Stanford Junior and Infant School,118015,Primary
88a4c92b-c8e5-4e92-956d-c26601c9aded,2020,University of Sussex,S90,10007806,,,,Stanford Junior School,114376,Primary
b458b770-30ef-439d-9c0e-8c99fe2f35aa,2020,"Goldsmiths, University of London",G56,10002718,,,,Stanhope Primary School,101907,Modern languages
43e5f892-8085-43d0-acaf-d152919f5722,2020,Roehampton University,R48,10007776,,,,Stanhope Primary School,101907,Primary
3cd24a01-46cc-41d5-ac24-30304c5f0e70,2020,St Mary's University,S64,10007843,,,,Stanhope Primary School,101907,Primary
46ceb8c5-4e89-4fa6-b935-30070f580e67,2020,University of Winchester,W76,10003614,,,,Stanley Green Infant Academy,140527,Primary
38b28aa3-a19e-41f5-9792-68e843726aa8,2020,Roehampton University,R48,10007776,,,,Stanley Park Infants School,145385,Primary
848fde40-7b8b-441a-8506-b126e2547e2a,2020,St Mary's University,S64,10007843,,,,Stanley Primary School,102898,Primary
6bb4dab7-a225-4463-a82d-2f8782a198f6,2020,University of Winchester,W76,10003614,,,,Stanmore Primary School,115962,Primary
89f61c37-daf6-46b9-9a7c-c01f74b4f1d2,2020,University of Greenwich,G70,10007146,,,,St Anne Line Catholic Infant School,115160,Primary
f8cc299c-099d-48f6-b394-ffdf8d5b9c81,2020,Middlesex University,M80,10004351,,,,St Anne's and Guardian Angels Catholic Primary School,100950,Primary
374bdd89-5c2c-4945-aad1-daf2d13d9ba7,2020,Birmingham City University,B25,10007140,,,,St Anne's Catholic Academy,141747,Primary
e312be6f-7081-4637-8e2d-dbf507b45438,2020,Edge Hill University,E42,10007823,,,,St Anne's Catholic Primary School,105088,Primary
5a802abf-8cb0-4b0c-bd9d-60b469feea23,2020,Edge Hill University,E42,10007823,,,,St Anne's Catholic Primary School,142208,Primary
244fb023-c0c4-412a-8b4c-18e8b70322e8,2020,Liverpool Hope University,L46,10003956,,,,St Anne's Catholic Primary School,104477,Primary
b10f4acb-882a-43d2-86db-8b3cb3396999,2020,Liverpool John Moores University,L51,10003957,,,,St Anne's Catholic Primary School,104681,Primary
980fa101-d95c-44cb-a66b-197ce3f6a6cf,2020,University of Chester,C55,10007848,,,,St Anne's Catholic Primary School,111347,Primary
b1c2f590-9630-46bf-a4cc-40967ed0be32,2020,Birmingham City University,B25,10007140,,,,"St Anne's Catholic Primary School, Streetly",104241,Primary
9106a603-f4e2-4d6c-a962-eba5a7eb3577,2020,Liverpool Hope University,L46,10003956,,,,"St Anne's Church of England Primary School, Grantham",120522,Primary
23402d76-595c-41c4-ae37-41855ee81ee8,2020,University of Worcester,W80,10007139,,,,St Anne's CofE VC Primary School,135036,Primary
66618242-3dbf-4b37-bb16-04053cb5091b,2020,Bath Spa University,B20,10000571,,,,St Anne's Infant School,108956,Early years ITT
e4686e26-313a-452a-b967-9ed677af3018,2020,Edge Hill University,E42,10007823,,,,St Annes on Sea St Thomas' Church of England Primary School,119552,Primary
0c2e263d-8ab3-4c65-952c-4349dffaaaaf,2020,University of Huddersfield,H60,10007148,,,,St Anne's RC Primary School Crumpsall Manchester,105521,Primary
af001f91-806b-4578-9ff2-fa8fcd549859,2020,University of Sunderland,S84,10007159,,,,St Anne's Roman Catholic Voluntary Aided Primary School,108843,Primary
32db5f34-0ce7-4bc0-bb5a-9a4a9e737d96,2020,Edge Hill University,E42,10007823,,,,St Anne's (Stanley) Junior Mixed and Infant School,104622,Primary
fe1787ac-9a4c-4be7-9dee-fa306a175985,2020,University of Northumbria at Newcastle,N77,10001282,,,,Stannington First School,122228,Primary
b22ecf3c-9a22-4e1a-bc81-f31c5e392e3e,2020,Sheffield Hallam University,S21,10005790,,,,St Ann's Primary School,147938,Primary
de9f5fcb-29e9-4efa-b1cc-b6f045f39e77,2020,Liverpool Hope University,L46,10003956,,,,St Anthony of Padua Catholic Primary School,104676,Primary
e8bcf2ee-c46c-4a54-a63d-c3c97995044f,2020,University of Wolverhampton,W75,10007166,,,,St Anthony's Catholic Primary Academy,147367,Primary
e7211ebf-b356-4e37-bac2-20a403f17975,2020,Newman University,N36,10007832,,,,St Anthony's Catholic Primary School,148090,Primary
20c332db-1090-4e9c-969e-4f98aba785ab,2020,University of Hertfordshire,H36,10007147,,,,St Anthony's Catholic Primary School,117495,Primary
3a86c684-3c29-45c1-b4d7-b9afc17a3d3e,2020,University of Sussex,S90,10007806,,,,St Anthony's Catholic Primary School,117495,Primary
e1e06c50-c342-4dac-9f2b-2e727bc7883c,2020,University of Chichester,C58,10007137,,,,St Anthony's School,126155,Primary
f59d22d2-1f4d-4550-aa80-2589df578ca0,2020,St Mary's University,S64,10007843,,,,St Anthony's School for Boys,100070,Primary
9b676506-8f01-40cb-ba9f-748a37de083e,2020,University of Hull,H72,10007149,,,,St Anthony's Voluntary Catholic Academy,144102,Primary
4a691575-2f53-4762-9121-7f880d33c6de,2020,Birmingham City University,B25,10007140,,,,Stanton Bridge Primary School,143177,Primary
59a1b56e-62ef-484c-bf39-0c57f8191e5d,2020,University of Chester,C55,10007848,,,,Stanton Road Primary School,143504,Primary
8ad83e51-3a2a-455d-af48-9e41ede2703e,2020,University of East London,E28,10007144,,,,St Antony's Catholic Primary School,148025,Primary
ac6a479f-216a-4b39-bdc5-05f3b1b12507,2020,University of Hertfordshire,H36,10007147,,,,St Antony's Catholic Primary School,102844,Primary
27858ccf-57c8-404f-a9f4-0a94c606bc87,2020,The Manchester Metropolitan University,M40,10004180,,,,"St Antony's Roman Catholic School, a Voluntary Academy",148026,Mathematics
5454ce1c-a64b-4eb0-93d9-692d31fb3ce5,2020,Canterbury Christ Church University,C10,10001143,,,,Stanway Fiveways Primary School,114764,Primary
6f5beee5-8bdc-4f05-bfd2-665a89ecf822,2020,"University of the West of England, Bristol",B80,10007164,,,,Staple Hill Primary School,109018,Primary
d5df23bc-06e6-485c-b8fd-2f9b6ad11e0e,2020,Coventry University,C85,10001726,,,,"Star Academy, Sandyford",139226,Primary
11e473cd-59a8-4a86-ae97-1432f6bdeb75,2020,Staffordshire University,S72,10006299,,,,"Star Academy, Sandyford",139226,Primary
14eb3938-da86-4b1f-879e-84b85916e722,2020,Birmingham City University,B25,10007140,,,,Starbank School,147757,Biology
46328951-55b2-49b1-8093-418704677ddd,2020,Edge Hill University,E42,10007823,,,,Statham Primary School,148456,Primary
d7d5b4b8-288b-40f0-a652-c50e6dcdb550,2020,University of Cumbria,C99,10007842,,,,"St Augustine of Canterbury RC Primary School, A Voluntary Academy",147564,Primary
771445be-3feb-4fc4-ab59-22ae6b95cf6f,2020,Birmingham City University,B25,10007140,,,,St Augustine's Catholic High School,141063,Physical education
05069d29-daeb-46d3-89df-92e672b01171,2020,Nottingham Trent University,N91,10004797,,,,"St Augustine's Catholic Primary and Nursery School, A Voluntary Academy",138508,Primary
fb467ffa-47a4-4c91-a74c-b3576aa4d20a,2020,Edge Hill University,E42,10007823,,,,St Augustine's Catholic Primary School,111309,Primary
b94a7618-62ed-464c-8a42-a54993ab7877,2020,Newman University,N36,10007832,,,,St Augustine's Catholic Primary School,103431,Primary
9cd68c13-a7c1-420c-842e-2a1dc439812a,2020,Newman University,N36,10007832,,,,St Augustine's Catholic Primary School,148087,Primary
71433bdf-d80c-471d-a962-eefe9d161932,2020,University of Durham,D86,10007143,,,,St Augustine's Catholic Primary School,142368,Primary
f5c9cb83-2d57-463c-83c8-1059db1b42ab,2020,St Mary's University,S64,10007843,,,,St Augustine's Catholic Primary School and Nursery,100725,Primary
51443d28-fa22-45ed-9d14-89f83b30e811,2020,University of Greenwich,G70,10007146,,,,St Augustine's Catholic Primary School and Nursery,100725,Primary
b1d04c2a-f313-4093-8436-e74257e2a3ed,2020,Liverpool Hope University,L46,10003956,,,,"St Augustine's Catholic Primary School, A Voluntary Academy",141980,Primary
adb58b14-827f-4a6b-80d1-64de86ac1965,2020,The University Of East Anglia,E14,10007789,,,,"St Augustine's Catholic Primary School, Costessey",142730,Primary
f5e9a194-efe1-42be-888f-a602c2803ff0,2020,University of Derby,D39,10007851,,,,St Augustine's CofE Academy,145682,Primary
021df88e-d3ce-44f3-a20f-c8dde0f61369,2020,The Manchester Metropolitan University,M40,10004180,,,,St Augustine's CofE Primary School,105490,Primary
80e347e0-850d-4d58-9e0e-0202f2cef631,2020,Coventry University,C85,10001726,,,,St Augustine's Federated Schools: CE High School,101154,General sciences
d5cfffad-2f54-40d7-94fd-35d2ee82562a,2020,Leeds Beckett University,L27,10003861,,,,St Augustine's School,138238,Primary
1c529336-9ab6-4120-8d40-8f5e008f8a33,2020,University of Cumbria,C99,10007842,,,,Staveley CofE School,112264,Primary
f27413b9-ced9-4c69-b13e-e1f53f4a608d,2020,York St John University,Y75,10007713,,,,Staveley Community Primary School,121419,Primary
896ef08c-cc10-4c5e-81e7-562588b025c2,2020,Sheffield Hallam University,S21,10005790,,,,Staveley Junior School,112627,Primary
d185cdaf-b60c-4c5c-9f15-ef7cf973b2cc,2020,Oxford Brookes University,O66,10004930,,,,St Barnabas' Church of England Aided Primary School,123211,Primary
a01f0d02-d4fd-4210-96a6-0faad18ba7bc,2020,"University of the West of England, Bristol",B80,10007164,,,,St Barnabas Church of England VC Primary School,109144,Primary
fff90ce7-c777-4db9-a197-4f7dff8e81f3,2020,Bath Spa University,B20,10000571,,,,St Barnabas CofE Primary School,109174,Early years ITT
04348ace-4f49-4cf3-aff7-d916c6b9d40b,2020,University of Worcester,W80,10007139,,,,St Barnabas CofE Primary School,116858,Primary
60b19d82-7ca2-463e-b329-6794bcfbb1aa,2020,University of Worcester,W80,10007139,,,,St Barnabas CofE Primary School,144334,Primary
9743b822-2340-4737-9f66-64a2efccce29,2020,Lincoln Bishop University,B38,10007811,,,,"St Barnabas CofE Primary School, Barnetby",118004,Primary
e47cd131-faf6-49af-bbfb-2b634f9500ac,2020,Edge Hill University,E42,10007823,,,,St Bartholomew's Catholic Primary School,104815,Primary
4fb18201-b283-4d27-9e26-99712ed3b90c,2020,Liverpool Hope University,L46,10003956,,,,St Bartholomew's Catholic Primary School,104815,Primary
01fc1677-f289-424e-86d2-f04a89344bcb,2020,University of Northumbria at Newcastle,N77,10001282,,,,St Bartholomew's Church of England Primary School (Aided),108615,Primary
ae0a664e-bd43-45e4-95db-41c35e87265f,2020,University of Hertfordshire,H36,10007147,,,,"St Bartholomew's Church of England Voluntary Aided Primary School, Wigginton",117463,Primary
78211e7e-966b-4a24-8129-91337d6d1050,2020,Sheffield Hallam University,S21,10005790,,,,St Bartholomew's CofE (C) School,124261,Primary
6037210c-b0d9-449e-b712-4cbb3a064fa6,2020,The University of Brighton,B72,10000886,,,,St Bartholomew's CofE Primary School,114538,Primary
e2c48c95-9f22-42ca-8eaa-06596e3ed948,2020,Bradford College,B60,10000840,,,,St Bartholomew's CofE Voluntary Controlled Primary School,108005,Primary
5ca174f1-aed7-49fe-8bea-50679f9dbfba,2020,Liverpool Hope University,L46,10003956,,,,St Basil's Catholic Primary School,111390,Primary
da753ece-de9a-4f2d-baa9-9006c9045307,2020,University of Winchester,W76,10003614,,,,St Bede Church of England Primary School,116329,Primary
fc1d4d2f-22a5-4d9d-bcef-f2619e1f8c96,2020,University of Sunderland,S84,10007159,,,,St Bede's Catholic Academy,140442,Primary
1585fc80-ea19-4005-a495-26452b722dac,2020,Birmingham City University,B25,10007140,,,,St Bede's Catholic Middle School,141064,Primary
cbeb1f40-5757-4702-93b3-23d753436fe7,2020,University of Worcester,W80,10007139,,,,St Bede's Catholic Middle School,141064,Primary
0b304560-f93a-4e29-aa09-2f443b8183e7,2020,St Mary's University,S64,10007843,,,,St Bede's Catholic Primary School,100631,Primary
e46d0777-6c40-42ec-b8bc-f9dc52fcc374,2020,University of Reading,R12,10007802,,,,St Bede's Catholic Primary School,116380,Primary
a778788e-8791-4d6e-a93c-4e41af7f04c9,2020,University of Winchester,W76,10003614,,,,St Bede's Catholic Primary School,116380,Primary
7b61f5ff-caa2-44e3-b829-b7797336c210,2020,Bradford College,B60,10000840,,,,St Bede's College,105594,Drama
d300d599-e607-4a99-a8f4-c42774e0b415,2020,University of Cumbria,C99,10007842,,,,St Bees Village Primary School,112164,Primary
40a7b1f2-8318-41c9-8a7e-40a86520ef66,2020,Edge Hill University,E42,10007823,,,,St Benedict's Catholic High School,112398,English
6f7cce32-711a-449a-8565-247fa1d1092b,2020,Edge Hill University,E42,10007823,,,,St Benedict's Catholic High School,112398,Mathematics
81261bb7-866d-4dc3-8aad-10ac1ae69cf1,2020,The Manchester Metropolitan University,M40,10004180,,,,St Benedict's Catholic Primary School,111323,Primary
d7486741-f73f-4415-9ece-26c39062dc85,2020,Edge Hill University,E42,10007823,,,,St Benedict's Catholic Primary School Hindley,106494,Primary
83a90b87-ff35-4088-a8b5-250b579b87b9,2020,The University Of East Anglia,E14,10007789,,,,St Benedict's Catholic School,124861,English
3b51e962-039a-45e1-92bc-c5d6f00ccb01,2020,The University Of East Anglia,E14,10007789,,,,St Benedict's Catholic School,124861,History
d4b142c7-40c0-4a9a-a2ff-7a81b99de258,2020,Birmingham City University,B25,10007140,,,,St Benedict's Primary School,103261,Primary
a86fc7ec-0160-41c0-a528-af19b52aa22d,2020,University College Birmingham,B35,10000712,,,,St Benedict's Primary School,103261,Primary
25808a82-a1cf-4960-909b-e3a7fd2b7564,2020,University of Durham,D86,10007143,,,,St Benet's Roman Catholic Voluntary Aided Primary School,108837,Primary
5abaa252-c3ef-4979-90af-fd639bc4b0ea,2020,St Mary's University,S64,10007843,,,,St Bernadette Catholic Primary School,102423,Primary
b710238a-f1a2-48ea-8dab-fd762b3800bc,2020,Bath Spa University,B20,10000571,,,,St Bernadette Catholic Voluntary Aided Primary School,109254,Early years ITT
15fa80ff-4ae7-48cb-a834-d4a02ce78e4a,2020,"University of the West of England, Bristol",B80,10007164,,,,St Bernadette Catholic Voluntary Aided Primary School,109254,Primary
49215d54-be15-486b-b411-12d181e030cd,2020,Birmingham City University,B25,10007140,,,,St Bernadette's Catholic Primary School,147163,Primary
6dd178f5-71a8-4ffc-8140-59f7e663126e,2020,St Mary's University,S64,10007843,,,,St Bernadette's Catholic Primary School,142558,Primary
aee75f99-5dec-4151-939a-19e80321d17a,2020,The University of Brighton,B72,10000886,,,,St Bernadette's Catholic Primary School,114546,Primary
ae2c9449-5c76-4ffb-adb9-13d556b101ba,2020,University of Gloucestershire,G50,10007145,,,,St Bernadette's Catholic Primary School,124372,Primary
473d3c47-067d-462d-b6cd-3becd46467d9,2020,"University of the West of England, Bristol",B80,10007164,,,,St Bernard's Catholic Primary School,148942,Primary
05a91de5-2024-4385-941d-904350348282,2020,"University of the West of England, Bristol",B80,10007164,,,,St Bonaventure's Catholic Primary School,109255,Primary
00497aee-60c4-4932-8c9a-a04842153e30,2020,The Manchester Metropolitan University,M40,10004180,,,,St Boniface RC Primary School,105962,Primary
13b93d38-ba22-49df-807b-8b036825c6b8,2020,Canterbury Christ Church University,C10,10001143,,,,St Botolph's Church of England Primary School,141579,Primary
ed5a4f3b-21b4-40b7-aab9-36f8ff007a37,2020,University of Cumbria,C99,10007842,,,,St Bridget's CofE School,112271,Primary
e2d65d04-2512-4b02-aa2c-2ebbafd6dd3a,2020,University of Cumbria,C99,10007842,,,,St Bridget's CofE School,112296,Primary
1fe61c8a-a507-4c9b-ac14-44f002755be2,2020,Edge Hill University,E42,10007823,,,,St Brigid's Catholic Primary School,104474,Primary
10d0f522-11fd-4714-a270-05461a6943be,2020,Newman University,N36,10007832,,,,St Brigid's Catholic Primary School,141815,Primary
f94a808a-3697-49d6-a6ee-1e394c073c9f,2020,The Manchester Metropolitan University,M40,10004180,,,,St Brigid's RC Primary School,105523,Primary
a4bf22ea-7a3d-4bc1-b260-73d971dbdf73,2020,Edge Hill University,E42,10007823,,,,St Brigid's School,402128,Primary
eac1a718-912e-44ef-a3f9-14b1de68bcd1,2020,University Of Plymouth,P60,10007801,,,,St Budeaux Foundation CofE (Aided) Junior School,113483,Primary
d8fc71fd-1521-4bdb-91ef-8c5c79ef2369,2020,University of Hertfordshire,H36,10007147,,,,St Catherine of Siena Catholic Primary School,138288,Primary
a9ef1a36-5d96-48c6-a61b-3fb24ae2b1e0,2020,Edge Hill University,E42,10007823,,,,"St Catherine's Catholic Primary School, Lowton",106507,Primary
aa673335-ae8f-4232-8f52-fe77561a7836,2020,The University of Brighton,B72,10000886,,,,St Catherine's College,143035,Physical education
dd1f4eca-ffd3-41ed-bde3-0613b276548c,2020,University of Chichester,C58,10007137,,,,St Catherine's College,143035,Physical education
57aa3d1d-44f7-4869-be84-9518dfcefe90,2020,University of Hertfordshire,H36,10007147,,,,St Catherine's Hoddesdon CofE Primary School,133773,Primary
389bc61e-55f0-443d-ae03-41ee154846bb,2020,Liverpool Hope University,L46,10003956,,,,St Cecilia's Catholic Infant & Nursery School,104677,Primary
be34867a-209c-40fd-974d-ccc5e7d480eb,2020,Liverpool Hope University,L46,10003956,,,,St Cecilia's Catholic Junior School,104645,Primary
40642f78-e8b7-4e4c-9f37-70cf23c8f6c6,2020,Liverpool John Moores University,L51,10003957,,,,St Cecilia's Catholic Junior School,104645,Primary
0afdeaea-f7e6-4afe-b76b-5aa91e7ff012,2020,Liverpool Hope University,L46,10003956,,,,St Cecilia's Catholic Primary School,150535,Primary
f95c5f1d-86a2-407a-9165-8712b6ce6dd2,2020,Edge Hill University,E42,10007823,,,,St Cecilia's RC High School,119800,Mathematics
9f06225a-b305-4a5a-9001-639d9f23f5da,2020,Birmingham City University,B25,10007140,,,,St Chad's Catholic Primary School,148440,Primary
0c493128-81a2-4838-b498-926b45179b63,2020,University of Wolverhampton,W75,10007166,,,,St Chad's Catholic Primary School,140144,Primary
de5a9b40-6ff5-4ed8-9d4f-5b54ef7d7159,2020,Edge Hill University,E42,10007823,,,,St. Chad's Church of England Primary and Nursery School,111262,Primary
29b49a22-53f4-47c1-b111-f74d0f529ee0,2020,University of Chester,C55,10007848,,,,St. Chad's Church of England Primary and Nursery School,111262,Primary
05a75a20-85d9-448e-9953-59ad21cac053,2020,Leeds Trinity University,L24,10003863,,,,St Chad's Church of England Primary School,141521,Primary
998849e1-0f66-45b9-9265-1323469a7ad2,2020,University of Worcester,W80,10007139,,,,St Chad's CofE Primary School,148749,Primary
5b595011-49f6-435d-bdf8-ed88104ab76d,2020,Liverpool Hope University,L46,10003956,,,,St Charles' Catholic Primary School,104646,Primary
18249f4e-926f-437f-9879-fa64ea3db817,2020,The Manchester Metropolitan University,M40,10004180,,,,St Charles' RC Primary School,105955,Primary
4deb3f5d-8892-4678-8c84-d3a81ced11d5,2020,University of Cumbria,C99,10007842,,,,St Charles' RC Primary School,105955,Primary
85383ca8-4510-49d1-b329-870291c6178c,2020,University of Hull,H72,10007149,,,,St Charles Voluntary Catholic Academy,144103,Primary
8234a2cc-0f41-4bde-8098-46cdc22018b2,2020,Liverpool John Moores University,L51,10003957,,,,St Christopher's Catholic Primary School,133615,Primary
3f78f8ff-6658-4521-9e09-6c4a17554b74,2020,The Manchester Metropolitan University,M40,10004180,,,,St Christopher's Catholic Primary School,106117,Primary
b389ad9f-c6f7-4a8c-9f36-e306253d3694,2020,University of Chester,C55,10007848,,,,St Christopher's Catholic Primary School,106117,Primary
91a77cfd-8b85-44a5-a634-b8cc120fa006,2020,University of Wolverhampton,W75,10007166,,,,St Christopher's Catholic Primary School,124374,Primary
5962bd58-5a6d-4b0b-8dbe-e1bed819ad71,2020,Oxford Brookes University,O66,10004930,,,,"St Christopher's Church of England School, Cowley",140556,Primary
9435806d-9ea0-40a5-8e6d-9b8f9ed8ff13,2020,Edge Hill University,E42,10007823,,,,St Christopher's RC Primary School,106256,Primary
61492246-eed1-499a-a552-7ff6bf94eb94,2020,University of Sussex,S90,10007806,,,,St Christopher's School,114639,Primary
a971a781-dcb3-4599-a497-da9cdaff355f,2020,Liverpool Hope University,L46,10003956,,,,St Clare's Catholic Primary School,104648,Primary
b6a0bb68-9e77-4c30-8078-2dff19ea1725,2020,Newman University,N36,10007832,,,,St Clare's Catholic Primary School,103476,Primary
a4de896e-727e-40ea-9c61-44554d0a5c80,2020,University of Durham,D86,10007143,,,,St Clare's Catholic Primary School,103476,Primary
74167346-38d6-4cfd-89fa-8b6b71d1f624,2020,Leeds Trinity University,L24,10003863,,,,"St. Clare's Catholic Primary School, A Voluntary Academy",148477,Primary
c56b100c-fb8d-4d72-973a-6270469e86a6,2020,University of Durham,D86,10007143,,,,St Clare's RC Primary School,142370,Primary
4bfd0013-7ba1-4aff-a3fc-05842fdc0e77,2020,York St John University,Y75,10007713,,,,St Clare's RC Primary School,142370,Primary
91026023-2bc4-41e9-a5e9-a888f9e41c48,2020,University of Worcester,W80,10007139,,,,St Clement's CofE Primary,141443,Primary
eb979af6-2649-4062-a802-60e9f92e1e12,2020,The University Of East Anglia,E14,10007789,,,,St Clement's High School,140557,English
ec17d720-a12d-47da-ba35-eb152345aed9,2020,The University Of East Anglia,E14,10007789,,,,St Clement's High School,140557,Mathematics
cbdc436b-9884-4394-9b95-463b87602863,2020,Liverpool Hope University,L46,10003956,,,,St Cleopas' Church of England Junior Mixed and Infant School,104613,Primary
6a54092d-66fd-4d0a-8e6a-7e8a3714a3b2,2020,Liverpool John Moores University,L51,10003957,,,,St Cleopas' Church of England Junior Mixed and Infant School,104613,Primary
ce4e7c0d-4354-4261-91e9-44cf25d6a742,2020,Coventry University,C85,10001726,,,,St Clere's School,137456,Chemistry
32713050-3d79-47ae-990a-064a64575acb,2020,University of East London,E28,10007144,,,,St Clere's School,137456,Computing
3d1d01da-3028-40bd-8fd8-2a3d9fa78824,2020,University of Winchester,W76,10003614,,,,St Columba Church of England Primary Academy,138509,Primary
e3292116-4942-4fd0-87d6-eb66a2990173,2020,University of Greenwich,G70,10007146,,,,St Columba's Catholic Boys' School,138650,Biology
c44f85db-2d35-45b0-a2e5-9cc65d7ca109,2020,Newman University,N36,10007832,,,,St Columba's Catholic Primary School,141669,Primary
3ec36afc-4926-41ed-8c3c-f9b5ccd42182,2020,Edge Hill University,E42,10007823,,,,St Cuthbert's Catholic High School,104835,English
2299ce10-7f4f-4d1c-823f-14e028fd1b93,2020,Liverpool Hope University,L46,10003956,,,,St Cuthbert's Catholic High School,104835,Biology
87508363-5041-4cab-9dfa-a9f25e4a682c,2020,Edge Hill University,E42,10007823,,,,St Cuthbert's Catholic Primary and Nursery School,104649,Primary
b5d67089-6297-42c3-93e9-d9db911d5ea3,2020,Liverpool Hope University,L46,10003956,,,,St Cuthbert's Catholic Primary and Nursery School,104649,Primary
528d3ba9-53bb-4cad-b981-2c015633d29f,2020,Liverpool John Moores University,L51,10003957,,,,St Cuthbert's Catholic Primary and Nursery School,104649,Primary
10cbdcd8-5438-437e-9d90-563b2b08985e,2020,University of Cumbria,C99,10007842,,,,St Cuthbert's Catholic Primary School,112310,Primary
42d2c685-33ad-4391-9e5d-8cb8caecd964,2020,University of Northumbria at Newcastle,N77,10001282,,,,St Cuthbert's Catholic Primary School,108506,Primary
9ae70aa4-51ee-428d-9d12-c25abf399477,2020,Leeds Trinity University,L24,10003863,,,,"St Cuthbert's Catholic Primary School, Sunderland",149036,Primary
c620f104-e366-45d9-833d-c0a0ab5d69c8,2020,University of Cumbria,C99,10007842,,,,"St Cuthberts Catholic Primary School, Windermere",148698,Primary
0018349a-0d85-42da-bffd-16a4187ba66e,2020,Liverpool John Moores University,L51,10003957,,,,St Cuthbert's RC Primary School,111692,Primary
b15f6cfd-127d-40a6-94ba-301e04f95a69,2020,University of Northumbria at Newcastle,N77,10001282,,,,St Cuthbert's Roman Catholic Voluntary Aided Primary School,114242,Primary
42a4104e-ee48-40dd-a910-bb9876c132bc,2020,University of Sunderland,S84,10007159,,,,St Cuthberts Roman Catholic Voluntary Aided Primary School,114256,Primary
e4fcb988-1a70-4e25-b5db-0a5b1228a805,2020,Roehampton University,R48,10007776,,,,St Cuthbert with St Matthias CofE Primary School,100498,Primary
22a36356-4cef-41ec-8147-b9bf1ca9ba26,2020,Kingston University,K84,10003678,,,,St Cyprian's Greek Orthodox Primary Academy,138335,Primary
77e2f7e7-6619-42a4-8508-dbda9b0172b0,2020,Roehampton University,R48,10007776,,,,St Cyprian's Greek Orthodox Primary Academy,138335,Primary
83d243d9-5c0c-43c2-9c2d-78bc68e7da52,2020,"University of the West of England, Bristol",B80,10007164,,,,St David's R.C. Junior & Infants School,401549,Primary
6d66ca9c-75ed-4006-9fea-cb8f50e04da2,2020,Canterbury Christ Church University,C10,10001143,,,,St Day and Carharrack Community School,111840,Primary
475bf368-6319-4cc8-9127-980b4696997d,2020,University of Hertfordshire,H36,10007147,,,,St Dominic Catholic Primary School,117478,Primary
4809508b-edae-4966-b51e-7da997bbdb4d,2020,Plymouth Marjon University,P63,10037449,,,,St Dominic CofE Primary School,148695,Early years ITT
51fa4b77-eede-4fa0-8127-0fa2d29e9130,2020,University of Reading,R12,10007802,,,,St Dominic Savio Catholic Primary School,110041,Primary
82aededa-8491-4514-875e-590586e01d92,2020,St Mary's University,S64,10007843,,,,"St Dunstan's Catholic Primary School, Woking",125238,Primary
facd65f6-6d44-4e5f-9033-d84db23586af,2020,St Mary's University,S64,10007843,,,,St Dunstan's Cheam CofE Primary School,102992,Primary
c1499e96-1775-43d4-bbc0-a6228ee87041,2020,The Manchester Metropolitan University,M40,10004180,,,,St Dunstan's RC Primary School,105526,Primary
1f125b1e-6229-4841-af5c-55d863390349,2020,Birmingham City University,B25,10007140,,,,Stechford Primary School,103262,Primary
56b8d304-01e7-47d8-a373-98282df70ce1,2020,University of Reading,R12,10007802,,,,St Edmund Campion Catholic Primary School and Nursery,144248,Primary
3eb6196c-7bc2-4e4b-8c55-9cc1c2827c5d,2020,University of Wolverhampton,W75,10007166,,,,St Edmund Campion Catholic School,147707,Primary
e392aecb-0e20-4715-bb4b-f5e1f3f8329f,2020,Birmingham City University,B25,10007140,,,,St Edmund's Catholic Primary School,103440,Primary
16347d4b-8491-4dab-9e28-673a03c583e8,2020,Oxford Brookes University,O66,10004930,,,,St Edmund's Catholic Primary School,123225,Primary
316b1a86-fdd2-4f27-bbdf-c81a27ab16ae,2020,The University Of East Anglia,E14,10007789,,,,St Edmund's Catholic Primary School,124764,Primary
5258b358-b5d0-4184-a34d-6d34cbdc8e16,2020,University of Chichester,C58,10007137,Mary Rose Academy,140325,school,St Edmund's Catholic School,116505,Mathematics
7051f190-5b50-4ab5-a686-b67b86bdd8e5,2020,University of Chichester,C58,10007137,,,,St Edmund's Catholic School,116505,Physical education
3f17c1a7-0315-4607-a0bd-6c9fe830c3b4,2020,University of Sussex,S90,10007806,Mary Rose Academy,140325,school,St Edmund's Catholic School,116505,Religious education
3faa525a-1645-44e0-8e28-d08dd3215d84,2020,University of Greenwich,G70,10007146,,,,St. Edmund's Church of England Primary School,130948,Primary
52048846-12b3-4f68-b01a-df69298e3d34,2020,Lincoln Bishop University,B38,10007811,,,,St Edmund's CofE (C) Primary & Nursery School,122741,Primary
c8b29449-3e4b-434a-937b-8c685e99751a,2020,The University Of East Anglia,E14,10007789,,,,St Edmund's Primary School,143074,Primary
903afa31-a523-4da1-8024-6b5b0405ea8b,2020,The Manchester Metropolitan University,M40,10004180,,,,St Edmund's RC Primary School,135307,Primary
9b1b2f98-d45a-4eca-832f-c6bf33efa543,2020,St Mary's University,S64,10007843,,,,St Edward's Catholic First School,110031,Primary
6f5cf6c3-a4b7-41f2-ac8e-7c076d2d9a21,2020,Birmingham City University,B25,10007140,,,,St Edward's Catholic Primary School,103447,Primary
31addf48-85b8-4efa-8238-b85a34d4878c,2020,Birmingham City University,B25,10007140,,,,St Edward's Catholic Primary School,148125,Primary
79ab715b-9ce9-463c-aad4-298866eeb3eb,2020,Canterbury Christ Church University,C10,10001143,,,,St Edward's Catholic Primary School,101128,Primary
d7ea7ead-b948-47c3-bf02-a6a48fa1f346,2020,Canterbury Christ Church University,C10,10001143,,,,St Edward's Catholic Primary School,141386,Primary
9227773a-e1d5-4f81-9da5-65a67150ea40,2020,Kingston University,K84,10003678,,,,St Edward's Catholic Primary School,101128,Primary
8b694045-4f3c-43df-b25f-c20dd8dc3787,2020,Liverpool Hope University,L46,10003956,,,,St Edward's Catholic Primary School,111319,Primary
b69f4966-5b9a-4819-a1b5-b7a5965fb053,2020,Newman University,N36,10007832,,,,St Edward's Catholic Primary School,148125,Primary
4a5a777c-4014-4758-a622-e87042bdd017,2020,Staffordshire University,S72,10006299,,,,St Edward's Church of England Academy,139171,Primary
d1ca6bfa-9ea8-48f3-8734-25efc0e75105,2020,University of Huddersfield,H60,10007148,,,,St Edward's Church of England Primary School,105802,Primary
57fb5a88-1530-459d-88d8-8f4f892410ae,2020,Plymouth Marjon University,P63,10037449,,,,St Edward's CofE Primary School,142443,Primary
79c20786-38ff-4e32-8a98-44b9bce2902e,2020,Edge Hill University,E42,10007823,,,,St Edward's College,136735,Computing
968e29c0-52f9-4877-96fc-4121633532a6,2020,University of Winchester,W76,10003614,,,,Steep Church of England Voluntary Controlled Primary School,116319,Primary
ea0dd808-2406-4388-a729-c5b56b70628a,2020,Middlesex University,M80,10004351,,,,St Elizabeth Catholic Primary School,133288,Primary
52368091-b239-43ed-a835-19f35794367e,2020,St Mary's University,S64,10007843,,,,St Elizabeth's Catholic Primary School,102910,Primary
7fac7925-e91a-4ad7-a1e5-cbfbbe7c3001,2020,University of Derby,D39,10007851,,,,St Elizabeth's Catholic Voluntary Academy,146119,Primary
69458ade-59ff-4a70-9f9a-50fac91f3787,2020,Coventry University,C85,10001726,,,,Stephen Freeman Community Primary School,123079,Primary
df6c8998-7358-4ac7-8f1b-d55a73f42c90,2020,University of Northumbria at Newcastle,N77,10001282,,,,Stephenson Memorial Primary School,108597,Primary
97fddb4a-097e-4298-91a7-b11c860050e3,2020,University of Sunderland,S84,10007159,,,,Stephenson Memorial Primary School,108597,Primary
459ce558-c26d-48a3-b1e6-9bf5e11a2043,2020,Canterbury Christ Church University,C10,10001143,,,,St Ethelbert's Catholic Primary School,118764,Primary
55462ce2-329c-44a3-bab8-2f31f83bca33,2020,University of Chester,C55,10007848,,,,St Ethelbert's RC Primary School,105222,Primary
76399548-8dbe-4415-bf76-2db69d744062,2020,University of Greenwich,G70,10007146,,,,Stewart Fleming Primary School,137035,Primary
fa8a7f6f-6b57-4f24-98dc-1fa21a16b87e,2020,The University of Brighton,B72,10000886,,,,Steyning CofE Primary School,125996,Mathematics
d31fe69b-dc10-4227-bfa0-e864e809db48,2020,The University of Brighton,B72,10000886,,,,Steyning CofE Primary School,125996,Primary
423f8eb6-9d6f-4c6b-b83f-fcd0c6d88ad6,2020,University of Chichester,C58,10007137,,,,Steyning CofE Primary School,125996,Primary
f6a11c06-7f55-44df-95e7-1479f67349cc,2020,The University of Brighton,B72,10000886,Hove Park School and Sixth Form Centre,114607,school,Steyning Grammar School,148221,Business studies
940a3e4f-9553-4123-af47-24c4d31d50a8,2020,University of Chichester,C58,10007137,,,,Steyning Grammar School,148221,Physical education
6fb639a2-e68f-4c79-82c3-6323980d7e4b,2020,University of Sussex,S90,10007806,,,,Steyning Grammar School,148221,Other subjects
4ff71c7a-3394-4643-bffc-b659d1563fcf,2020,Newman University,N36,10007832,,,,St Francis Catholic Primary School,104239,Primary
e52008b9-67dd-402f-9fe2-eaa2875dace9,2020,Roehampton University,R48,10007776,,,,St Francis Catholic Primary School,125203,Primary
78ec9103-1494-4089-a9c1-6304d0ccc7a4,2020,"University of the West of England, Bristol",B80,10007164,,,,St Francis Catholic Primary School,148962,Primary
b35f2926-1732-43f7-925f-d2816b90109f,2020,University of Wolverhampton,W75,10007166,,,,St Francis Catholic Primary School,104239,Primary
a57e2584-d0cb-4ef4-a006-042dd66049d2,2020,University of Cumbria,C99,10007842,,,,St Francis' Catholic Primary School,147336,Primary
74725510-a94c-4863-9c27-89db0c1b9b6e,2020,Edge Hill University,E42,10007823,,,,"St Francis Catholic Primary School, Goosnargh",119633,Primary
78f4fd29-fdce-4987-ab68-43e7a67a6dec,2020,Newman University,N36,10007832,,,,St Francis Church of England Aided Primary School and Nursery,143434,Primary
15ec2ee2-4abe-4385-a82b-f0e6216e4b5a,2020,Oxford Brookes University,O66,10004930,,,,St Francis Church of England Primary School,123172,Primary
ffcc288c-47eb-47f1-a7cd-267c57e62119,2020,University of Winchester,W76,10003614,,,,St Francis Church of England Primary School,116402,Primary
74205ec2-9470-4683-aef3-d6559bd37304,2020,University Of Plymouth,P60,10007801,,,,St Francis CofE Primary School,144059,Primary
b02c174e-ad75-405f-92b8-c49435d3170f,2020,Liverpool Hope University,L46,10003956,,,,St Francis de Sales Catholic Infant and Nursery School,104651,Primary
aad3710d-def9-4e4c-8c11-a8adb5ed4a85,2020,University of Wolverhampton,W75,10007166,,,,St Francis of Assisi Catholic College,104255,Chemistry
61b26265-8d7a-4506-a7ae-6fd37c5fb542,2020,University of Wolverhampton,W75,10007166,,,,St Francis of Assisi Catholic College,104255,Mathematics
846ed7e5-676d-41a6-826c-98af61e6cb62,2020,Edge Hill University,E42,10007823,,,,St Francis of Assisi Catholic Primary School,134598,Primary
42a8a60e-2352-47a9-90f6-6f89a239dd50,2020,Leeds Trinity University,L24,10003863,,,,"St Francis of Assisi Catholic Primary School, a Voluntary Academy",148739,Primary
10d86244-1598-4975-b5e6-90be485b4338,2020,University of Worcester,W80,10007139,,,,St Francis Xavier's Primary School,116884,Primary
4f8e15b5-c0ef-468b-b5da-232e9fd57aac,2020,Oxford Brookes University,O66,10004930,,,,St Frideswide Church of England Primary School,148247,Primary
0e26b70c-02e7-4cc0-9c6c-f2033def47f3,2020,Edge Hill University,E42,10007823,,,,St Gabriel's CofE Primary School,147253,Primary
8fac2488-76f3-4c0c-aad0-996c9ad7950e,2020,Liverpool John Moores University,L51,10003957,,,,St Gabriel's CofE Primary School,147253,Primary
99f21962-0a01-40b0-b588-e10279bd8690,2020,University Of Plymouth,P60,10007801,,,,St Gabriel's CofE Primary School,142802,Primary
af20b559-651f-4259-8dba-f63d56cad239,2020,Staffordshire University,S72,10006299,,,,St George and St Martin's Catholic Academy,140145,Primary
74d7e43b-5697-425f-96f9-a693c03d2a49,2020,University of Chichester,C58,10007137,,,,St George's Beneficial Church of England (Voluntary Controlled) Primary School,116346,Primary
c3665ac8-9e2a-4e52-af7f-fca21026d0fe,2020,Bradford College,B60,10000840,,,,St George's Cathedral Catholic Primary School,100828,Primary
30bd6af4-522a-482a-801f-f1f8295e724e,2020,York St John University,Y75,10007713,,,,St. George's Church of England Academy,138000,Primary
e3b94607-f478-4c6a-8298-08ef9370487c,2020,Birmingham City University,B25,10007140,,,,"St George's Church of England Academy, Newtown",139126,Primary
3752ba28-43ff-4fa1-851c-ff9856c3a541,2020,The Manchester Metropolitan University,M40,10004180,,,,St George's Church of England Primary School,131306,Primary
3cc015b7-1c93-4b87-8c39-b9b115793907,2020,University of Greenwich,G70,10007146,,,,St George's Church of England Primary School,100827,Primary
370a1a1c-849f-4d16-ab27-4b2e20b33caf,2020,Canterbury Christ Church University,C10,10001143,,,,St George's Church of England Voluntary Controlled Primary School,118635,Primary
b3d80365-682e-470d-9f09-9ed9ee2d370b,2020,University of Worcester,W80,10007139,,,,St George's CofE First School and Nursery,146754,Primary
5820b65e-eac7-4d55-a5af-c339ebdb59bb,2020,Plymouth Marjon University,P63,10037449,,,,St George's CofE Primary Academy,139954,Primary
12fb263d-8362-4eb1-acfd-bbb5edf0785d,2020,Edge Hill University,E42,10007823,,,,St George's CofE Primary School,106248,Primary
3d394628-0f30-402b-aa20-ec74f6d2d1f0,2020,The Manchester Metropolitan University,M40,10004180,,,,St George's CofE Primary School,131038,Mathematics
3a9fde40-3c66-45dc-b45e-20e4172f65ba,2020,The Manchester Metropolitan University,M40,10004180,,,,St George's CofE Primary School,131038,Primary
025327c3-27e7-40f3-8062-aee88c301cc0,2020,The Manchester Metropolitan University,M40,10004180,,,,St George's CofE Primary School,150015,Primary
7f17a763-23e1-4ece-bf52-d090077567b6,2020,University of Chester,C55,10007848,,,,St George's CofE Primary School,131038,Primary
d77455ac-4a50-4d85-bb30-926b44e671a2,2020,University of Cumbria,C99,10007842,,,,St George's CofE Primary School,131038,Primary
afc332d0-410d-4de4-bbae-b25bb2ad5f01,2020,University of Worcester,W80,10007139,,,,St George's CofE Primary School,116923,Primary
a1f46b77-686c-4777-b119-e191df00edcf,2020,Bradford College,B60,10000840,,,,St George's Foundation Primary School,127133,Primary
56ca91d1-0e20-496c-9998-06914a995c30,2020,Kingston University,K84,10003678,,,,St George's Junior School,125443,Primary
dd3f2e40-415d-4f6b-849a-331756a35eca,2020,Edge Hill University,E42,10007823,,,,St George's Primary School,104995,Primary
2a604c9e-4389-47cd-a9a5-22e43ffb4778,2020,University of Hull,H72,10007149,,,,St George's Primary School,143226,Primary
e916f34b-7141-46c8-9466-194ed4ee460a,2020,Birmingham City University,B25,10007140,,,,St George's School Edgbaston,103564,Biology
079bff9f-207c-4cbd-964b-9576045f8d30,2020,Birmingham City University,B25,10007140,,,,St George's School Edgbaston,103564,Physical education
89e790b3-81e6-48e6-985a-d31886ddddd6,2020,Liverpool Hope University,L46,10003956,,,,St Gerard's Catholic Primary and Nursery School,111391,Primary
46847bb2-6ecf-44c6-b03c-d1576dfe7160,2020,Lincoln Bishop University,B38,10007811,,,,St Giles Academy,146561,Primary
2b4175a7-408c-4df3-8fcc-590a7d03bc05,2020,University of Derby,D39,10007851,,,,St Giles Church of England Primary and Nursery School,141674,Primary
c9899c97-cb5b-46e7-8404-e79e7edbd7c1,2020,Bradford College,B60,10000840,,,,St Giles' CofE (Aided) Infant School,125190,Primary
4bbe46ad-82c4-4183-8cdf-fd97b487e8c3,2020,Kingston University,K84,10003678,,,,St Giles' CofE (Aided) Infant School,125190,Primary
f1a0b6fa-d72e-463d-8e8f-39f4be1258cd,2020,University of Hertfordshire,H36,10007147,,,,St Giles' CofE Primary School,117564,Primary
4d159bb1-0708-4fdf-8502-72ba5d853675,2020,University of Cumbria,C99,10007842,,,,St Gregory and St Patrick's Catholic Infant School,112355,Primary
8cacd41e-9603-400f-8e5b-da24d198f849,2020,University of Sunderland,S84,10007159,,,,St Gregory's Catholic Academy,139492,Primary
00e32929-a789-46a6-bb65-e5cc0c0a8e4f,2020,Coventry University,C85,10001726,,,,St Gregory's Catholic Primary School,104678,Primary
8a24b6e3-cdfc-488f-89c8-06f467693042,2020,Newman University,N36,10007832,,,,St Gregory's Catholic Primary School,141924,Primary
826518ec-ba31-423f-957b-d7957b1a82ca,2020,Lincoln Bishop University,B38,10007811,,,,"St Helena's Church of England Primary School, Willoughby",120587,Primary
b4d76ceb-e176-46fb-b7b1-1a6227357b7d,2020,Roehampton University,R48,10007776,,,,St Helen's Catholic Primary School,100623,Primary
c37e5fcc-a6a2-4c87-b0b4-431330c23e64,2020,St Mary's University,S64,10007843,,,,St Helen's Catholic Primary School,100623,Primary
c1b6fde5-1406-417f-9fb4-3e80ad5879fc,2020,"University of the West of England, Bristol",B80,10007164,,,,St Helen's Church of England Primary School,109158,Primary
0347c62c-46b1-4d6a-88a7-0da52c07d2f4,2020,Canterbury Christ Church University,C10,10001143,,,,"St Helen's Church of England Primary School, Cliffe",118641,Primary
9f8d33a4-f6c4-4428-8397-0a286f79f362,2020,The University Of East Anglia,E14,10007789,,,,St Helen's Primary School,141819,Primary
73a73e9c-5232-4379-af18-2d5ad9ce33ed,2020,University of Chichester,C58,10007137,,,,St Helens Primary School,118169,Primary
761e285a-1cc0-4e63-b891-ac0bb73b17a8,2020,University of Cumbria,C99,10007842,,,,St Herbert's CofE (VA) Primary and Nursery School,134789,Primary
009128c8-44f4-4383-8450-c0344514fdd0,2020,Edge Hill University,E42,10007823,,,,St Herbert's RC School,105722,Primary
f9eb9d82-9e4d-438c-960b-78a394c20d5a,2020,Edge Hill University,E42,10007823,,,,St Hilda's Church of England High School,104721,English
31e3e92c-5514-4cf8-8435-d9c310cc547c,2020,Edge Hill University,E42,10007823,,,,St Hilda's Church of England High School,104721,Religious education
44b09db3-4158-44a2-a14c-63b042e30ef4,2020,Edge Hill University,E42,10007823,,,,"St Hubert's Roman Catholic Primary School, Great Harwood",119645,Mathematics
e1afd490-b6d8-40d0-97f4-a39511b017d8,2020,Edge Hill University,E42,10007823,,,,"St Hubert's Roman Catholic Primary School, Great Harwood",119645,Primary
5061a36b-ddfc-4446-b6e7-7c2def357189,2020,Edge Hill University,E42,10007823,,,,St Hugh of Lincoln RC Primary School,106353,Primary
2b79eb57-8a38-47a5-8434-25f97f40bbad,2020,Lincoln Bishop University,B38,10007811,,,,"St Hugh's Catholic Primary, A Voluntary Academy",139627,Primary
6bae2035-6a9f-4862-9cba-d67c94f0aa04,2020,Liverpool Hope University,L46,10003956,,,,St Hugh's Catholic Primary School,104652,Primary
8cf847dd-07ce-4dd3-9e1c-87f2c28fa14d,2020,Edge Hill University,E42,10007823,,,,St Hugh's CofE Primary School,105699,Primary
d84489bf-30f2-4c5b-91d8-945d0d7a3a26,2020,The Manchester Metropolitan University,M40,10004180,,,,St Hugh's CofE Primary School,105699,Primary
0e61d04e-b0ba-4596-a98d-d229822d2c45,2020,The Manchester Metropolitan University,M40,10004180,,,,St Hugh's CofE Primary School,150039,Primary
c0a91b7d-7306-4e7d-889a-0289ec9a1bdd,2020,Edge Hill University,E42,10007823,,,,St Ignatius' Catholic Primary School,119610,Primary
eb341519-627e-46e1-90c3-5565b58342db,2020,Roehampton University,R48,10007776,,,,Stillness Junior School,100704,Primary
2b9bc2d4-ac97-4b14-95a2-cd16154d9cda,2020,Edge Hill University,E42,10007823,,,,Stimpson Avenue Academy,140628,Primary
cb2af2ce-c801-416b-ab49-3121fa2692a1,2020,The University of Northampton,N38,10007138,,,,Stimpson Avenue Academy,140628,Primary
bf86bfba-162d-4f0e-bfc9-73172d9a0203,2020,University of Hertfordshire,H36,10007147,,,,St Ippolyts Church of England Aided Primary School,117440,Primary
7311d3fd-146e-4e34-a888-feedf7fa74f7,2020,University of Wolverhampton,W75,10007166,,,,St James Academy,144657,History
47d4e289-6c8f-432d-9819-25227887882b,2020,The University Of Manchester,M20,10007798,,,,St James' Catholic High School,106142,Biology
564c6c5d-d3cf-423f-9e81-126d9f9e0d74,2020,Newman University,N36,10007832,,,,St James Catholic Primary School,141820,Primary
01a688f5-ec78-4fc2-b54e-dff7c4f46442,2020,Edge Hill University,E42,10007823,,,,St James' Catholic Primary School Orrell,106492,Primary
c0f17a14-499c-4971-bbd2-63a84fb3f97a,2020,Edge Hill University,E42,10007823,,,,"St James' Catholic Primary School, Skelmersdale",119588,Primary
8794056f-0d9f-4d1e-b133-8c2676715ec4,2020,University of Hull,H72,10007149,,,,St James' Church of England Academy,141387,Primary
5349ffc7-3d04-4834-a361-f8478c3fc20e,2020,University of Warwick,W20,10007163,Harrington Nursery School,112474,school,St James' Church of England Aided Infant School,112915,Primary
b280634f-b5b1-46bc-b27c-0649d392031b,2020,Birmingham City University,B25,10007140,,,,St James Church of England Primary Academy,143347,Primary
6ce31618-1fe8-4734-815e-ba0dcc73c64d,2020,University of Wolverhampton,W75,10007166,,,,St James Church of England Primary Academy,143347,Primary
6f333c7d-baf6-4c98-bca8-8abad1e72335,2020,Edge Hill University,E42,10007823,,,,St James' Church of England Primary School,145107,Primary
e32ca24e-8aa3-4674-add4-8b927e3d7f4e,2020,Edge Hill University,E42,10007823,,,,St James' Church of England Primary School,146429,Primary
b0406163-b8e1-4391-8316-6815488bcb76,2020,Roehampton University,R48,10007776,,,,St James' Church of England Primary School,100829,Primary
82570f65-f5da-45c9-b62c-e824b0b4e9ae,2020,The Manchester Metropolitan University,M40,10004180,,,,St James' Church of England Primary School,145107,Primary
ca79f285-5b91-45e5-aa12-d379b6d84a41,2020,University of Gloucestershire,G50,10007145,,,,St James' Church of England Primary School,144089,Primary
a4ca9cc0-f766-4494-a44e-7d68411544b0,2020,University of Greenwich,G70,10007146,,,,St James' Church of England Primary School,100829,Primary
aa917842-77bd-4388-9671-06d9267e8a57,2020,Edge Hill University,E42,10007823,,,,St James' Church of England Primary School Blackburn,119502,Primary
b81c22f5-17cb-427d-a8c2-4a47e30928cb,2020,Birmingham City University,B25,10007140,,,,"St James Church of England Primary School, Handsworth",103401,Primary
8f3f7fb1-8467-4670-873c-1c6eccfebbc9,2020,Roehampton University,R48,10007776,,,,St James CofE Aided Primary School,125176,Primary
a24e4878-37a5-4fab-87e5-826148fd45c8,2020,The University of Brighton,B72,10000886,,,,St James CofE Aided Primary School,125176,Primary
02216f05-ede1-46f4-aad1-f9eb27275b87,2020,Birmingham City University,B25,10007140,,,,St James CofE Primary School,131673,Primary
1f53cea6-ab44-495d-9e35-5a8cecbc41bf,2020,Kingston University,K84,10003678,,,,St James CofE Primary School,125163,Primary
218a1e1c-99df-49ce-bde3-e25575db1637,2020,University of Worcester,W80,10007139,,,,St James' CofE Primary School,116885,Primary
1afb15ef-6357-4c22-9c1f-3e8a8577c855,2020,University of Worcester,W80,10007139,,,,St James' CofE Primary School,116903,Primary
6ce9091f-28a4-43e3-8550-75917bbdde0b,2020,University of Chichester,C58,10007137,,,,"St James' CofE Primary School, Coldwaltham",125978,Primary
10b048b7-3685-48b6-b2d5-4962c7ecb0c4,2020,The Manchester Metropolitan University,M40,10004180,,,,"St James CofE Primary School, Farnworth",142944,Mathematics
ac5e5ca7-2962-459b-a07a-5e9b4a9b5a74,2020,The Manchester Metropolitan University,M40,10004180,,,,"St James CofE Primary School, Farnworth",142944,Primary
5de4266f-54a8-4331-bf1b-5c83347aeec7,2020,The University of Northampton,N38,10007138,,,,St James Infant School,144178,Primary
455aa91f-0db4-4292-9476-622b3a5ae866,2020,University of Wolverhampton,W75,10007166,,,,St James Primary School,131581,Primary
7fb7e21d-8afd-4186-a7e2-14230cc436b1,2020,St Mary's University,S64,10007843,,,,St James's Catholic Primary School,102913,Primary
15960e05-f806-4176-908e-81eacf3f5c8f,2020,Roehampton University,R48,10007776,,,,St James the Great RC Primary and Nursery School,137959,Primary
76870a49-2582-4aa9-97f0-6c53be84c298,2020,Edge Hill University,E42,10007823,,,,St Jerome's Catholic Primary School,104938,Primary
b52dfa70-622b-45fe-aec9-f5ab8be28265,2020,St Mary's University,S64,10007843,,,,St John and St James CofE Primary School,102032,Primary
481e0e4d-2f1d-4fdb-b8ab-446349b74cf0,2020,Edge Hill University,E42,10007823,,,,St John Bosco Catholic Primary School,104941,Primary
5a04bad3-fb8b-4f24-ad5e-e21e4118e5b9,2020,Newman University,N36,10007832,,,,St John Bosco Catholic Primary School,148535,Primary
fe0c25ee-9ebc-4d09-9cd2-16adbc0b7bcf,2020,University of Wolverhampton,W75,10007166,,,,St John Bosco Catholic Primary School,148535,Primary
d11e9eae-5423-4b8b-a15d-f639cb1ab6d0,2020,Leeds Trinity University,L24,10003863,St Aidan's Church of England High School,137139,school,St John Fisher Catholic High School,121717,History
c697d2b9-2c48-451c-abb8-14415f1bc9ff,2020,Bradford College,B60,10000840,,,,St John Fisher Catholic Primary School,101921,Primary
b0406542-0547-404b-bcc7-4d7c63b5427a,2020,Edge Hill University,E42,10007823,,,,St John Fisher Catholic Primary School,111392,Primary
84793743-b8b7-4dfd-9cd8-fed18ba7d4f9,2020,Sheffield Hallam University,S21,10005790,,,,"St John Fisher Primary, A Catholic Voluntary Academy",140025,Primary
dac26db7-32ab-4a53-a1fb-91707311f420,2020,St Mary's University,S64,10007843,,,,St John Fisher RC Primary School,102671,Primary
2ea2e48e-9754-43dd-a46d-dc5525a6b9b5,2020,The Manchester Metropolitan University,M40,10004180,,,,St John Plessington Catholic College,139031,Modern languages
7178e1da-af14-43af-8762-569f42cdaf8c,2020,University of Winchester,W76,10003614,,,,St Johns Beaumont,125404,Primary
8e6484b9-2c52-4cde-a9b5-c6769986fcdf,2020,Liverpool John Moores University,L51,10003957,,,,St John's Catholic Infant School,105082,Primary
a3bab175-85bd-4bd0-8713-a5ebca595169,2020,University of Chester,C55,10007848,,,,St John's Catholic Junior School,105080,Primary
fde3ff2f-5a88-44d7-93f8-6a059673e58e,2020,Haybridge SCITT,2B3,10034167,,,,St John's Catholic Primary School,123551,Primary
4bc33328-7ca3-46e6-a977-2ddfbe1bd88f,2020,University of Chester,C55,10007848,,,,St John's Catholic Primary School,123551,Primary
632f9db9-6ade-420e-9e82-4e976e3fb345,2020,Edge Hill University,E42,10007823,,,,"St John's Catholic Primary School, Burscough",119681,Primary
078e3e8c-3e40-4c92-b26b-eb3c2beb960c,2020,University Of Plymouth,P60,10007801,,,,"St John's Catholic Primary School, Camborne",140763,Primary
8590a397-1dec-4ba5-b6e9-bc54e9d53ba5,2020,Canterbury Christ Church University,C10,10001143,,,,"St John's Catholic Primary School, Gravesend",142156,Primary
755f0862-0ab0-4e9c-966b-78b7afb2659e,2020,Edge Hill University,E42,10007823,,,,"St John's Catholic Primary School, Skelmersdale",119586,Primary
4945bfe0-90d9-4eb5-92b5-6dda366e86c8,2020,Birmingham City University,B25,10007140,,,,St John's Church of England Academy,141298,Primary
c7d70cfc-3d86-48df-8a82-b72b9ecc9b88,2020,University of Wolverhampton,W75,10007166,,,,St John's Church of England Primary Academy,140856,Primary
1b27ae4b-2e22-4edf-a22b-6aab2f52c185,2020,University of Reading,R12,10007802,,,,St John's Church of England Primary School,142735,Primary
325718a3-0c99-4640-b3c5-2f8ac8a287e4,2020,University of Wolverhampton,W75,10007166,St John's Church of England Primary School,104228,school,St John's Church of England Primary School,104228,Primary
66a9ea05-ddc5-4269-952a-80a0f066d8b1,2020,University of Wolverhampton,W75,10007166,,,,St John's Church of England Primary School,104228,Primary
0597c797-2590-4b62-ac29-e1dbc3ceb3c6,2020,Canterbury Christ Church University,C10,10001143,,,,St Johns Church of England Primary School,137071,Primary
f07435c8-6d30-4320-b61f-a6fb122d05d0,2020,Leeds Beckett University,L27,10003861,,,,St John's Church of England Voluntary Aided Junior and Infant School,107739,Primary
5225138f-ef2e-4de8-a1f4-d75a0b4aff96,2020,University of Huddersfield,H60,10007148,,,,St John's Church of England Voluntary Aided Junior and Infant School,107739,Primary
6ce8690a-e360-48d1-9980-fbdefd6b3f71,2020,University Of Plymouth,P60,10007801,,,,St John's Church of England Voluntary Controlled Infants School,123759,Primary
8456f541-c38c-4a73-82e7-df21832b2ba3,2020,Staffordshire University,S72,10006299,,,,St John's CofE (A) Primary School,124309,Primary
fd3d219d-a04d-4958-8a45-91bbc3aa67ad,2020,University of Wolverhampton,W75,10007166,,,,St John's CofE First School,145380,Primary
504a9dd4-89ae-43bd-af0d-7b719c9e3c80,2020,Kingston University,K84,10003678,,,,St John's C of E Primary School,102589,Primary
03bdb1fe-fccd-4d17-af09-74ca22b622be,2020,Newman University,N36,10007832,,,,St John's CofE Primary School,139173,Primary
fcfbc7a1-53dd-4b65-a893-593d45ad99a7,2020,Nottingham Trent University,N91,10004797,,,,St John's CofE Primary School,122744,Primary
75bc74ca-ff15-4c07-8bcb-cb76b2179e7e,2020,University of Hertfordshire,H36,10007147,,,,St John's CofE Primary School,117460,Primary
8f85b4e3-ee02-45de-a2a9-34f6213939e0,2020,University of Derby,D39,10007851,,,,St John's CofE Primary School and Nursery,112875,Primary
01773454-63dd-4169-b30c-fb9c5c0a671f,2020,Edge Hill University,E42,10007823,,,,St John's CofE Primary School Mosley Common,106484,Primary
ee09bfa6-02bb-4fd0-b680-38a2bf9d66ad,2020,"University of the West of England, Bristol",B80,10007164,,,,St John's CofE School,144854,Primary
c446a25b-0cfd-41fa-a7f5-6f656a1d8aaf,2020,Bath Spa University,B20,10000571,St John's Marlborough,138623,school,St John's Marlborough,138623,Mathematics
b1da6e2d-c45c-4920-81cf-c481851e9901,2020,University of Chichester,C58,10007137,,,,St John's Meads Church of England Primary School,147712,Primary
03753130-59a7-40e6-8d4f-777362c8cba9,2020,Birmingham City University,B25,10007140,,,,St John's Primary Academy,141822,Primary
adb2d17b-7025-4b5f-b94a-dd145890cd65,2020,University of Wolverhampton,W75,10007166,,,,St John's Primary Academy,141822,Primary
5dacb633-934d-4481-9cc8-c838edc009d9,2020,St Mary's University,S64,10007843,,,,St John's Primary School,146661,Primary
28835950-13e9-42f9-bc70-4b2d8b40cedb,2020,The Manchester Metropolitan University,M40,10004180,,,,"St John's Roman Catholic Primary School, Rochdale",105826,Primary
ab6971a1-3e7a-4f1c-8daa-82a60202eb4e,2020,Coventry University,C85,10001726,,,,St John's School,115399,Design and technology
eda38d2a-85b3-4d2e-9e98-f95006431607,2020,Roehampton University,R48,10007776,,,,St John's Upper Holloway CofE Primary School,100439,Primary
21607f51-2ee3-4f18-ab11-a5e5a03e6355,2020,The Manchester Metropolitan University,M40,10004180,,,,"St John's VA Church of England Primary School, Thornham",105806,Primary
6f708ec4-4600-47df-a0e5-881589a37544,2020,University of Hertfordshire,H36,10007147,,,,"St John's Voluntary Aided Church of England Primary School, Lemsford",117435,Primary
6804f67a-20f3-4199-bdfa-fb0a6dd46674,2020,Roehampton University,R48,10007776,,,,St John's Walham Green Church of England Primary School,100349,Primary
a0c82cfd-dcf2-45e4-810f-8759d6d8c5d9,2020,Bradford College,B60,10000840,,,,St John's Wood Pre-Preparatory School,101174,Primary
2900d757-0421-4ed9-bb37-8a3f5ca93187,2020,The University of Brighton,B72,10000886,,,,St John the Baptist Catholic Primary School,114540,Primary
0dcc5f63-44cb-44a9-831c-c7e5ea1e91a5,2020,University of Sussex,S90,10007806,,,,St John the Baptist Catholic Primary School,114540,Primary
2079541c-c5cc-4df7-b5ef-dd29ad004bf5,2020,Leeds Trinity University,L24,10003863,,,,St. John the Baptist Catholic Primary School,138958,Primary
02d77c5c-b73b-4497-a334-2bd038b86fe6,2020,University of Winchester,W76,10003614,,,,"St John the Baptist Catholic Primary School, Andover",116382,Primary
7eaffd59-8ef9-493f-b617-e6d369a42715,2020,St Mary's University,S64,10007843,,,,St John the Baptist Church of England Junior School,102911,Primary
26a06c37-d6cf-4acf-8862-be2ffa7948ea,2020,University of Chichester,C58,10007137,,,,St John the Baptist Church of England Primary School,116314,Primary
2316d968-efb4-4cf1-b303-04ab84fcc83b,2020,University of Chester,C55,10007848,,,,St John the Baptist CofE (Controlled) Primary School and Nursery,123498,Primary
94378209-90c5-4f2e-a0ca-a5a1433eefbe,2020,Bath Spa University,B20,10000571,,,,St John the Evangelist Church School,143021,Early years ITT
f7b0f3e7-087b-4160-9109-3557007b9b89,2020,Edge Hill University,E42,10007823,,,,St John Vianney Catholic Primary School,104812,Primary
0d0714c1-0594-426b-ab40-4053a69828f6,2020,The Manchester Metropolitan University,M40,10004180,,,,St John with St Mark CofE Primary School,133929,Primary
b7e49f7c-61a0-48b5-b28b-4cb372c02f1a,2020,St Mary's University,S64,10007843,,,,St John XXIII Catholic Primary School,100355,Primary
60217d2b-4753-4537-a94a-0bb6374da741,2020,Birmingham City University,B25,10007140,,,,St Joseph and St Theresa Catholic Primary,124351,Primary
30da28ef-2a6f-4859-8b2c-93bdb4819840,2020,University of Wolverhampton,W75,10007166,,,,St Joseph and St Theresa Catholic Primary,124351,Primary
09bc421e-e650-4714-a6a1-e6c554ab82fb,2020,University of Hertfordshire,H36,10007147,,,,St Joseph Catholic Primary School,117465,Primary
d88842c9-3d17-47ed-8511-460d63f96b60,2020,University of Derby,D39,10007851,,,,St Josephs Catholic Academy,138115,Primary
ea9f4129-14f9-41fc-bf9f-a32b6b230854,2020,"University of the West of England, Bristol",B80,10007164,,,,St Joseph's Catholic College,136980,Chemistry
8a974e8b-f75d-4c16-90e8-adc4da2b50fb,2020,University of Cumbria,C99,10007842,,,,St Joseph's Catholic Junior School,103086,Primary
c367be9c-05ab-466e-8760-e781ebe8f627,2020,Leeds Trinity University,L24,10003863,,,,St Joseph's Catholic Primary Academy,148480,Primary
656b5ea8-85e5-4c44-80a9-05fe96bf5043,2020,Lincoln Bishop University,B38,10007811,,,,St Joseph's Catholic Primary and Nursery School,142093,Primary
9b048db5-77a7-45bf-a7a6-c34a5f0a5bba,2020,Nottingham Trent University,N91,10004797,,,,St Joseph's Catholic Primary and Nursery School,142093,Primary
3877181f-8ec7-49e2-b2ad-37f18f8476dd,2020,Kingston University,K84,10003678,,,,St Joseph's Catholic Primary School,100441,Primary
4f0027c3-0c33-4828-9288-2aa1a1a90245,2020,Leeds Trinity University,L24,10003863,,,,St Joseph's Catholic Primary School,106348,Primary
0608fc06-297a-47c8-8a40-fd7b57af6e54,2020,Leeds Trinity University,L24,10003863,,,,St Joseph's Catholic Primary School,143032,Primary
767536ee-b976-4fe9-a6a4-462f50fe7a8f,2020,Liverpool Hope University,L46,10003956,,,,St Joseph's Catholic Primary School,111373,Primary
0efe250a-f809-4ae7-80d9-c37b364e3095,2020,Newman University,N36,10007832,,,,St Joseph's Catholic Primary School,141670,Primary
c35e23ff-151c-475c-98c6-5c0714f07072,2020,Plymouth Marjon University,P63,10037449,,,,St Joseph's Catholic Primary School,140764,Primary
612bad80-84c1-4651-8a10-523cee21e43b,2020,Sheffield Hallam University,S21,10005790,,,,St Joseph's Catholic Primary School,140590,Primary
d789b3a6-48c4-4451-9562-18f887ae81e5,2020,St Mary's University,S64,10007843,,,,St Joseph's Catholic Primary School,101924,Primary
048cc36d-c545-4da3-bca3-c7bc95deab5e,2020,St Mary's University,S64,10007843,,,,St Joseph's Catholic Primary School,125204,Primary
e94a7158-f92b-49b7-8bac-2b416d9d01b9,2020,St Mary's University,S64,10007843,,,,St Joseph's Catholic Primary School,125205,Primary
484a1fee-7fce-46aa-992c-f8160035ff5a,2020,St Mary's University,S64,10007843,,,,St Joseph's Catholic Primary School,131112,Primary
ac214967-c878-4c1e-9ef9-2ac4b70b0c87,2020,St Mary's University,S64,10007843,,,,St Joseph's Catholic Primary School,146246,Primary
88e28380-accd-4c98-b80f-8f2b3067eb8c,2020,St Mary's University,S64,10007843,,,,St Joseph's Catholic Primary School,147937,Primary
d2d51256-c90a-401d-898b-f2fbdc1ae294,2020,University of Cumbria,C99,10007842,,,,St Joseph's Catholic Primary School,147328,Primary
9c57e4df-751e-4974-b1d1-1e8d9e325746,2020,University of Greenwich,G70,10007146,,,,St Joseph's Catholic Primary School,100169,Primary
edc2ecd2-4fd8-4791-a8be-7b947c45a208,2020,University of Wolverhampton,W75,10007166,,,,St Joseph's Catholic Primary School,124354,Primary
2b2c7457-aa4b-499c-945a-1582bd91ac3a,2020,University of Wolverhampton,W75,10007166,,,,St Joseph's Catholic Primary School,124360,Primary
298004da-a592-48f3-8700-002288a596ee,2020,University of Worcester,W80,10007139,,,,St Joseph's Catholic Primary School,116925,Primary
d49ff05f-a029-4787-8600-de994f5a65f5,2020,The Manchester Metropolitan University,M40,10004180,,,,St. Joseph's Catholic Primary School,111386,Primary
cd708da9-065d-44c6-a542-e578605ad0c7,2020,Edge Hill University,E42,10007823,,,,"St Joseph's Catholic Primary School, Anderton",119668,Primary
d1d77ccd-8557-4d23-a26e-8fd5dfd6f09f,2020,Leeds Trinity University,L24,10003863,,,,"St Joseph's Catholic Primary School, a Voluntary Academy",148879,Primary
1de5b722-695a-470b-ba54-d0b84fa076ab,2020,Lincoln Bishop University,B38,10007811,,,,"St. Joseph's Catholic Primary School, a Voluntary Academy",142158,Primary
ee2b0630-6b02-4182-a74f-ae163a9d95b7,2020,Leeds Trinity University,L24,10003863,,,,"St Joseph's Catholic Primary School, A Voluntary Academy",147924,Primary
01c5a4cc-2e5f-4564-8e7a-7dffb6cd5fa5,2020,Sheffield Hallam University,S21,10005790,,,,"St Joseph's Catholic Primary School, A Voluntary Academy",141478,Primary
8d4a7c43-6247-401e-be4b-95a3556a6bcc,2020,Canterbury Christ Church University,C10,10001143,,,,"St Joseph's Catholic Primary School, Aylesham",140520,Mathematics
3e24ab75-3e2e-41ef-9752-86c1fb10f833,2020,Canterbury Christ Church University,C10,10001143,,,,"St Joseph's Catholic Primary School, Aylesham",140520,Primary
d457d394-0d67-4ac7-bead-babb8f2bd631,2020,Liverpool Hope University,L46,10003956,,,,"St Joseph's Catholic Primary School, Birkenhead",146088,Primary
f97cd41d-f37e-4f56-998e-a367bcbb05b8,2020,University of Sunderland,S84,10007159,,,,"St Joseph's Catholic Primary School, Blackhall",148789,Primary
ab2d8e30-4805-415d-be3f-270b4fb92e0a,2020,University of Northumbria at Newcastle,N77,10001282,,,,"St Joseph's Catholic Primary School, Blaydon",108395,Primary
f534a7a3-d262-4c09-8d4f-f7cbbe9e83fa,2020,University of Sunderland,S84,10007159,,,,"St Joseph's Catholic Primary School, Coundon",148629,Primary
9eab66af-532e-4e41-9868-1cbc9cf88eb0,2020,University of Northumbria at Newcastle,N77,10001282,,,,"St Joseph's Catholic Primary School, Gateshead",148604,Primary
3c592675-47d1-4b35-9e79-2d30581f5674,2020,University of Northumbria at Newcastle,N77,10001282,,,,"St Joseph's Catholic Primary School, Gilesgate",148704,Primary
7875123e-48a9-4dcf-a316-978256a4e3eb,2020,Leeds Trinity University,L24,10003863,,,,"St Joseph's Catholic Primary School, Harrogate, A Voluntary Academy",142159,Primary
077fc5c0-c226-4d5f-8b8f-7aae75d833ab,2020,Edge Hill University,E42,10007823,,,,St Joseph's Catholic Primary School Leigh,106501,Primary
778c1e2a-ab60-49e3-953b-290d5c0962af,2020,Leeds Trinity University,L24,10003863,,,,"St Joseph's Catholic Primary School, Moorthorpe",140558,Primary
9e557be9-42ed-4a31-b4b7-8f165e24e403,2020,Leeds Beckett University,L27,10003861,,,,"St Joseph's Catholic Primary School, Otley",139355,Primary
d3bd6055-2f93-40d1-8a59-06daf48035ee,2020,Leeds Trinity University,L24,10003863,,,,"St Joseph's Catholic Primary School, Otley",139355,Primary
f6c22b3b-2067-47b4-b392-472a34cdac32,2020,Oxford Brookes University,O66,10004930,,,,"St Joseph's Catholic Primary School, Oxford",123216,Primary
f0671a86-b05a-49cd-85f8-97c9b7ebcb46,2020,Edge Hill University,E42,10007823,,,,"St Joseph's Catholic Primary School, Wallasey",105073,Primary
82365494-6219-4f4f-97c6-3b292b56ff09,2020,University of Chester,C55,10007848,,,,"St Joseph's Catholic Primary School, Wallasey",105073,Primary
dbe5dd6a-e4f0-40bb-8ab0-3c124c3ae03f,2020,Edge Hill University,E42,10007823,,,,"St Joseph's Catholic Primary School, Wrightington",119696,Primary
c1052557-2319-417c-a3c6-b41265429a3b,2020,Liverpool Hope University,L46,10003956,,,,"St Joseph's Catholic Primary School, Wrightington",119696,Primary
422a69fb-bf06-4986-8b0e-d5ff4be9e66d,2020,Sheffield Hallam University,S21,10005790,,,,St Joseph's Catholic Voluntary Academy,142827,Primary
605938e6-5c64-4611-b320-d2c1d5aaef4a,2020,Coventry University,C85,10001726,,,,St Joseph's College,138221,Mathematics
486faa7b-402d-49e5-8627-52b06d238904,2020,"Goldsmiths, University of London",G56,10002718,,,,St Joseph's College,138221,Modern languages
2d759969-bc34-457d-b8d9-991333856e05,2020,Sheffield Hallam University,S21,10005790,,,,St Joseph's Primary School,139346,Primary
b80da37c-be77-484c-b350-573f29777985,2020,Roehampton University,R48,10007776,,,,St Joseph's RC Primary School,149488,Primary
2d4def37-744d-4ff9-aa91-408a15ea7e93,2020,University of Worcester,W80,10007139,,,,St Joseph's RC Primary School and Nursery,116911,Primary
afa99019-4aab-415c-9bbe-0a7718f17fa3,2020,Edge Hill University,E42,10007823,,,,"St Joseph's RC Primary School, Halliwell, Bolton",105223,Primary
965349b6-38a4-410a-859e-a0977099d966,2020,The Manchester Metropolitan University,M40,10004180,,,,St Joseph's RC Primary School Manchester,105550,Primary
e8ec0489-bc08-4089-8759-797e29f67edf,2020,St Mary's University,S64,10007843,,,,St Joseph's Roman Catholic Primary School,101555,Primary
9fe42930-71f2-4815-b864-25b72fc7fdb1,2020,Edge Hill University,E42,10007823,,,,"St Joseph's Roman Catholic Primary School, Rochdale",105833,Primary
e7c62deb-cf7a-471d-b4c3-b0c760c884fd,2020,University of Sunderland,S84,10007159,,,,"St Joseph's Roman Catholic Voluntary Aided Primary School, Highfield",108391,Primary
9e63ab16-7666-4ec6-93a8-0272649768f9,2020,Birmingham City University,B25,10007140,,,,St Jude's Catholic Primary School,103463,Primary
df8bb398-391e-4120-9a74-2cda720c76bd,2020,University of Chichester,C58,10007137,,,,St Jude's Catholic Primary School,116376,Primary
25a73e43-fdd5-446d-bfc4-42665367ab4f,2020,University of Winchester,W76,10003614,,,,St Jude's Catholic Primary School,116376,Primary
96cf32d0-7ed8-4b36-aacc-b26848142fae,2020,University of Chichester,C58,10007137,,,,St Jude's CofE Primary School,116344,Primary
a2950b40-7fea-4f83-98d3-e5e482a2d126,2020,Liverpool Hope University,L46,10003956,,,,St Julie's Catholic High School,104712,Religious education
9fbe4e31-73fe-4cc1-9252-bfee30b49646,2020,Liverpool Hope University,L46,10003956,,,,St Julie's Catholic Primary School,104819,Primary
98f81d49-5af3-4b9f-b8b2-0d22417ed107,2020,Edge Hill University,E42,10007823,,,,St Laurence's Catholic Primary School,104461,Primary
e6dc72bd-63df-4e9f-a407-a269482dad60,2020,Coventry University,C85,10001726,,,,St Laurences CofE Primary School,139383,Primary
409fae4d-c66b-40bd-b619-315bcdabce49,2020,The University of Northampton,N38,10007138,,,,St Laurences CofE Primary School,139383,Primary
1a50f88b-fa0f-43d1-9988-1d7b2dd977b3,2020,St Mary's University,S64,10007843,,,,St Lawrence Catholic Primary School,102527,Primary
f819e227-d598-4f1c-9dbb-da39da1a800b,2020,Kingston University,K84,10003678,,,,"St Lawrence CofE Aided Junior School, East Molesey",125179,Primary
b05d9bd9-27a4-4f46-bb45-d3c78063075d,2020,Sussex Teacher Training Partnership,E37,10002131,,,,St Lawrence CofE Primary School,139879,Primary
c2806300-226d-4bbc-bb11-12da8d6322bf,2020,The University of Brighton,B72,10000886,,,,St Lawrence CofE Primary School,139879,Mathematics
218076f5-0571-4e49-aa8b-37cee715ee23,2020,The University of Brighton,B72,10000886,,,,St Lawrence CofE Primary School,139879,Primary
17edf5c1-53fb-4e4e-bf04-fca19b2e31bf,2020,University of Chester,C55,10007848,,,,St Lawrence CofE Primary School,123468,Primary
f16ae719-3f68-4eb6-8a8d-87508d386578,2020,Birmingham City University,B25,10007140,,,,St Lawrence CofE (Voluntary Aided) Primary School,130884,Primary
fca3eb47-6e12-4920-84e0-cac68b06ea09,2020,OTT SCITT,24T,10059630,The Cherwell School,137970,school,St Leonard's Church of England Primary School,123179,Primary
f285bbcf-f874-483e-aa0a-a6c729220603,2020,University of Derby,D39,10007851,,,,St Leonard's CofE (A) First School,124381,Primary
ff457f63-b14f-490f-9127-12e6cb644d94,2020,Edge Hill University,E42,10007823,,,,St Leo's and Southmead Catholic Primary School Serving the Community,104475,Primary
d57cbd91-dbcf-4daa-9753-ce24a5a0415c,2020,Edge Hill University,E42,10007823,,,,St Lewis Catholic Primary School,111368,Primary
1c166fbf-cae4-411a-897e-9c87a153b15d,2020,Birmingham City University,B25,10007140,,,,St Luke's Church of England Aided Primary School,104372,Primary
dd4d620c-c52d-419e-9bf4-64f1f6200bad,2020,Edge Hill University,E42,10007823,,,,St Luke's Church of England Primary School,104897,Primary
cc76bf44-2029-4b8b-a1d6-f9129eb8f0c2,2020,"Goldsmiths, University of London",G56,10002718,,,,St Luke's Church of England Primary School,100954,Primary
c9b6457c-55b4-41ab-9eb7-c13da8233162,2020,The Manchester Metropolitan University,M40,10004180,,,,St Luke's Church of England Primary School,105805,Mathematics
95701bcd-0f2e-47d4-a179-6165f6b22b8d,2020,The Manchester Metropolitan University,M40,10004180,,,,St Luke's Church of England Primary School,105805,Primary
375ce2c5-8250-4f38-a19d-00e7d9d374d1,2020,The University of Northampton,N38,10007138,,,,St Luke's Church of England Primary School,143467,Primary
054f6e61-6c89-4e1b-9976-2aa01aa245d9,2020,Staffordshire University,S72,10006299,,,,St Luke's CofE (C) Primary School,124267,Primary
6c595744-5a35-4079-b633-94630e1c2537,2020,Leeds Beckett University,L27,10003861,,,,St Luke's CofE Primary School,107305,Primary
85cd1ea0-8070-4d03-8405-29e308702157,2020,University of Reading,R12,10007802,,,,St Luke's CofE Primary School,141601,Primary
eb8ee90d-abe2-43ce-9975-a0445a351b81,2020,Liverpool Hope University,L46,10003956,,,,St Luke's Halsall Church of England Primary School,104921,Primary
44ba0d4b-1919-448f-a297-e9bab602e92e,2020,Canterbury Christ Church University,C10,10001143,,,,St Margaret Clitherow Catholic Primary School,141156,Primary
4edcc955-3806-4604-bc85-44eae44cc632,2020,Edge Hill University,E42,10007823,,,,St Margaret Mary's Catholic Infant School,104481,Primary
5e21e711-957c-4ae1-8bb2-ed8bb75478fd,2020,Liverpool Hope University,L46,10003956,,,,St Margaret Mary's Catholic Infant School,104481,Primary
ce5fd82c-43dd-4a4f-9e7b-38e0afc6509d,2020,Birmingham City University,B25,10007140,,,,St Margaret's At Hasbury CofE Primary School,103840,Primary
0db97e26-84df-4c0b-b44c-1507fd162833,2020,University of Northumbria at Newcastle,N77,10001282,,,,St Margaret's Church of England Primary School,114230,Primary
dc8c021a-abf4-4476-86a3-50303c5fc40a,2020,Leeds Beckett University,L27,10003861,,,,St Margaret's Church of England Voluntary Controlled Primary School,107990,Primary
cd119f77-b68f-48f0-bcb7-cfa4a24f7bc3,2020,Birmingham City University,B25,10007140,,,,St Margaret's CofE Primary School,103995,Primary
8015d29d-1a05-4815-adca-edc0826332a6,2020,Edge Hill University,E42,10007823,,,,St Margaret's CofE Primary School,105493,Primary
df9e0ebf-59b2-48b2-af24-a11bca161a62,2020,University of Sussex,S90,10007806,,,,St Margaret's CofE Primary School,126043,Primary
88e3162f-680c-4cea-a909-e9e98302023b,2020,University of Wolverhampton,W75,10007166,,,,St Margaret's CofE Primary School,103995,Primary
dae4e3a0-9326-48b2-8915-d09a8386983f,2020,The University of Brighton,B72,10000886,,,,"St Margaret's CofE Primary School, Rottingdean",114537,Mathematics
a0875474-bb7c-4b96-bf20-b32ddd5bbb30,2020,Liverpool Hope University,L46,10003956,Evelyn Street Primary Academy and Nursery,143064,school,St Margaret's CofE Voluntary Aided Primary School,131349,Primary
92e6b130-ebc9-4aad-8b16-e20852df5f05,2020,University of Greenwich,G70,10007146,,,,St Margaret's Lee CofE Primary School,100724,Primary
b06d67bc-f747-4ac1-b61b-4b890c3d9516,2020,The University Of East Anglia,E14,10007789,,,,St Margaret's Primary Academy,141984,Primary
44be5e09-4530-41e0-bece-7a3667050562,2020,Edge Hill University,E42,10007823,,,,St Marie's Catholic Primary School,104466,Primary
ca73b707-4d7b-46d7-b4b9-36c9022b1168,2020,Edge Hill University,E42,10007823,,,,St Marie's Catholic Primary School Standish,106493,Primary
1f1ee5c7-0620-491a-af38-aed4aff2972d,2020,Edge Hill University,E42,10007823,,,,"St Mark's Catholic Primary School, Ipswich",124786,Primary
b1ea2de6-f13e-4861-93f2-9121140ddeb0,2020,The University Of East Anglia,E14,10007789,,,,"St Mark's Catholic Primary School, Ipswich",124786,Primary
cab3f46d-eca7-4729-9306-33754a707f89,2020,University of Winchester,W76,10003614,,,,"St Mark's CofE Junior School, Salisbury",141645,Primary
7d417640-788e-41e6-9f01-f910325d4fb2,2020,The University of Brighton,B72,10000886,,,,St Mark's CofE Primary School,114545,Mathematics
1ae4eb4b-2c7d-4035-9066-d6de58188c75,2020,The University of Brighton,B72,10000886,,,,St Mark's CofE Primary School,114545,Primary
70590d64-0081-4c36-968a-f74e95dfe322,2020,University of Sussex,S90,10007806,,,,St. Mark's CofE Primary School,126015,Primary
4bc24d2a-2040-41e5-b128-b106fba297a7,2020,Roehampton University,R48,10007776,,,,St Mark's Primary School,102645,Primary
8213494b-8597-473c-a0b5-f5d0f6e85e93,2020,Edge Hill University,E42,10007823,,,,St Mark's RC Primary School,105956,Primary
7f9ceb5f-efc0-4678-869b-4dfbab63b695,2020,Newman University,N36,10007832,,,,St Martin de Porres Catholic Primary School,103467,Primary
c1570b81-a1dc-45ee-92ec-91d618998edf,2020,University of Wolverhampton,W75,10007166,,,,St Martin de Porres Catholic Primary School,103467,Primary
b905048d-6a5e-4710-8006-127e0e35453e,2020,University of Chester,C55,10007848,,,,St Martin's Academy Chester,139377,Primary
eb05860f-860e-48e7-bfbe-6acddf6cfda1,2020,Kingston University,K84,10003678,,,,St Martin's Church of England Junior School,149003,Primary
b2a962e1-6278-4283-a997-0d81ab87e2be,2020,"University of the West of England, Bristol",B80,10007164,,,,St Martin's Church of England Primary School,144921,Primary
7b584e75-149e-46dc-a65e-8e02028e41fc,2020,University of Wolverhampton,W75,10007166,,,,St Martin's Church of England Primary School,141825,Primary
f0340b45-ac31-4e6d-93b9-5c1b4b7e9639,2020,Coventry University,C85,10001726,,,,"St Martin's Church of England Voluntary Aided Primary School, Scarborough",121615,Primary
7ab2da3f-6e21-49a8-9548-7441e1f16642,2020,University of Sussex,S90,10007806,,,,St Martin's CofE Primary School,114539,Primary
bba6e343-f21d-46d7-8d73-0b76158eb174,2020,Lincoln Bishop University,B38,10007811,,,,St Martin's Preparatory School,118125,Primary
c41c48ce-de6f-4973-829e-43c58de62278,2020,Canterbury Christ Church University,C10,10001143,,,,St Martin's School,143075,Primary
066373db-8ea7-4a02-95af-08e9b287d631,2020,The University of Brighton,B72,10000886,,,,St Martin's School Brentwood,136875,Physical education
938f3c83-4038-4f9f-9aa3-e65bdfdad650,2020,University of Reading,R12,10007802,,,,St Mary & All Saints Church of England Primary School,146275,Primary
bfe285aa-9fd5-4db8-9cec-b5a17dabbd38,2020,Two Mile Ash ITT Partnership,T89,10059102,,,,St Mary and All Saints CofE Primary School,110459,Primary
82e75bc6-9438-4eed-9407-8f29bac60745,2020,Two Mile Ash ITT Partnership,T89,10059102,,,,St Mary and St Giles Church of England School,147891,Primary
45a23712-7245-461e-a590-c93af87d09b9,2020,Oxford Brookes University,O66,10004930,,,,St Mary and St John Church of England Primary School,123213,Primary
db799e05-06a9-4e73-9150-dd55fe37c82f,2020,Birmingham City University,B25,10007140,,,,St Mary and St Margaret's Church of England Aided Primary School,104097,Primary
90a58693-5aa0-46e7-a849-d6d9487448da,2020,Liverpool Hope University,L46,10003956,,,,St Mary and St Paul's CofE Primary School,104453,Primary
969a4c22-c99e-4cd7-bcbd-9f1107a34dfb,2020,The University Of East Anglia,E14,10007789,,,,St Mary and St Peter Catholic Primary School,142737,Primary
ef177727-7921-4bf9-8a0a-ae95a420febc,2020,University of Northumbria at Newcastle,N77,10001282,,,,St Mary and St Thomas Aquinas Catholic Primary School,108392,Primary
325b80ef-40b4-4883-b381-099050ee099f,2020,University of Winchester,W76,10003614,,,,St Mary Bourne Primary School,115945,Primary
281998bc-cc56-4f2f-aa76-979d42bab239,2020,The Manchester Metropolitan University,M40,10004180,,,,"St Mary Magdalene Catholic Primary School, a Voluntary Academy",148993,Primary
d695d799-8da2-4811-929b-0f679fe4850a,2020,Nottingham Trent University,N91,10004797,,,,St Mary Magdalene CofE Primary School,141545,Primary
884bca67-3944-49f2-ba60-5a40e2f66f96,2020,Newman University,N36,10007832,,,,St Mary Magdalene CofE Voluntary Controlled Primary School,103989,Primary
2eb8ad26-dd8a-497a-a98b-36a03c089f8e,2020,The Manchester Metropolitan University,M40,10004180,,,,"St Mary Magdalene's Roman Catholic Primary School, Burnley",119489,Primary
4b9ee3f3-7251-46c2-9d09-5bb59994db39,2020,Edge Hill University,E42,10007823,,,,St Mary Magdalen's Catholic Primary School,119638,Primary
43deccbd-0d3f-4f8a-98a3-ee38b2ce8ee5,2020,St Mary's University,S64,10007843,,,,St Mary Magdalen's Catholic Primary School,102909,Primary
6346dfce-5657-40aa-9c5e-543714b8d4aa,2020,Edge Hill University,E42,10007823,,,,St Mary of the Angels Catholic Primary School,111357,Primary
2e22bc73-2874-4216-8583-b9651b330722,2020,University of Wolverhampton,W75,10007166,,,,St Mary of the Angels Catholic Primary School,104240,Primary
7de04c7c-5e5c-45b0-a793-429e15415efa,2020,University of Hull,H72,10007149,,,,St Mary Queen of Martyrs VC Academy,140903,Primary
6926e7fd-e807-4884-a6a2-469a28206a35,2020,University of Winchester,W76,10003614,,,,St Mary's Bentworth Church of England Primary School,116351,Primary
741dd537-3bf2-4bb3-8788-8ae911bc853d,2020,Edge Hill University,E42,10007823,,,,St. Mary's Blackbrook Catholic Primary School,104802,Primary
8bd8e37d-c810-447e-a1b2-137ad9f57818,2020,Staffordshire University,S72,10006299,,,,St Marys Catholic Academy,140114,Primary
20ea528c-bd3b-43fe-9d18-bd98c164ef78,2020,Liverpool Hope University,L46,10003956,,,,"St Mary's Catholic College, A Voluntary Academy",143554,Biology
83788404-abc4-4b6e-90a4-d49427ae732f,2020,University of Northumbria at Newcastle,N77,10001282,,,,"St Mary's Catholic First School, Hexham",148261,Primary
5d1aa304-6146-4924-b029-00648151b266,2020,Roehampton University,R48,10007776,,,,St Mary's Catholic Infant School,142246,Primary
69c741e6-46bf-4ccf-b92a-e60eea94e5f9,2020,University of Wolverhampton,W75,10007166,,,,St Mary's Catholic Primary Academy,141827,Primary
068f7caa-7f9f-4c2d-b0cb-dd95989d2f27,2020,Birmingham City University,B25,10007140,,,,St Mary's Catholic Primary School,124349,Primary
f4756ab4-e7a9-4218-82e0-0948e885d4fc,2020,Birmingham City University,B25,10007140,,,,St Mary's Catholic Primary School,149316,Primary
2b4a8eac-9606-4063-8c67-7b4beec9407c,2020,Edge Hill University,E42,10007823,,,,St Mary's Catholic Primary School,104813,Primary
c0ed01e1-e430-4e10-a1ff-a44f79c0939c,2020,Edge Hill University,E42,10007823,,,,St Mary's Catholic Primary School,111340,Primary
3bf30506-9e4d-4714-a945-9dcb06c7adf9,2020,Lincoln Bishop University,B38,10007811,,,,St Mary's Catholic Primary School,139880,Primary
33ed0664-ff5a-4162-90d2-03a4762f4765,2020,Newman University,N36,10007832,,,,St Mary's Catholic Primary School,103438,Primary
029dc0eb-3578-451a-ae1a-875f40e6bc9d,2020,St Mary's University,S64,10007843,,,,St Mary's Catholic Primary School,100350,Primary
07809f5e-226d-4fd7-8c9a-53013d084d0d,2020,St Mary's University,S64,10007843,,,,St Mary's Catholic Primary School,102036,Primary
6cc180cb-d3f9-4267-8aa9-429369d6a922,2020,St Mary's University,S64,10007843,,,,St Mary's Catholic Primary School,102670,Primary
dbc39227-dcd6-470d-91ca-497b7cb9e010,2020,The University of Brighton,B72,10000886,,,,St Mary's Catholic Primary School,114570,Primary
2ac26813-e070-48ce-9bae-177e7a4401cc,2020,University of Chester,C55,10007848,,,,St Mary's Catholic Primary School,106240,Primary
599ce2d4-c8be-48d0-8af7-12ee1da725ce,2020,University of Chester,C55,10007848,,,,St Mary's Catholic Primary School,111340,Primary
6267d482-a9e9-4b69-801f-6387c349ee3f,2020,University of Chichester,C58,10007137,,,,St Mary's Catholic Primary School,126037,Primary
ee510fa9-5489-4d07-99cd-3365a1055350,2020,University of Gloucestershire,G50,10007145,,,,St Mary's Catholic Primary School,137031,Primary
6a70e203-67f7-4b0a-ad13-8ed2a5843d31,2020,The University of Brighton,B72,10000886,,,,St Marys Catholic Primary School,114566,Mathematics
3fa0185a-f685-4da3-aa42-62ed0f0b8d55,2020,The University of Brighton,B72,10000886,,,,St Marys Catholic Primary School,114566,Primary
34a562e4-5641-4ade-bd89-cc8db9672d05,2020,Canterbury Christ Church University,C10,10001143,,,,St Mary's Catholic Primary School - a Catholic voluntary academy,147241,Primary
471886cb-52c5-4699-8efb-c79eed2c1167,2020,The University of Northampton,N38,10007138,,,,"St Mary's Catholic Primary School, Aston-le-Walls",122040,Primary
6a589fb4-c143-4822-89d6-d797737c4eb2,2020,Leeds Trinity University,L24,10003863,,,,"St Mary's Catholic Primary School, a Voluntary Academy",148166,Primary
0882efbd-e356-4377-8313-7730056edd88,2020,University Of Plymouth,P60,10007801,,,,"St Mary's Catholic Primary School, Bodmin",140773,Primary
fb13e798-fe93-441b-9295-ebc15ef29d96,2020,The University Of East Anglia,E14,10007789,,,,"St Mary's Catholic Primary School, Ipswich",145382,Primary
a9fb5d32-21db-4665-a5cc-ebb13f0583ba,2020,Edge Hill University,E42,10007823,,,,"St Mary's Catholic Primary School, Scarisbrick",119683,Primary
1b8d426a-8613-47c5-bd6f-c0acd15f0a05,2020,Birmingham City University,B25,10007140,,,,"St Mary's Catholic Primary School, Southam",125708,Primary
ac732ed6-358e-4732-832d-d1bcf27e8368,2020,University of Sunderland,S84,10007159,,,,"St Mary's Catholic Primary School, Sunderland",148781,Primary
a2296af2-d82f-4314-8bbe-d4eccecc8943,2020,Plymouth Marjon University,P63,10037449,,,,"St Mary's Catholic School, Penzance",140778,Primary
f50d6501-a2ad-418c-be44-48a1bbe9bcf1,2020,Edge Hill University,E42,10007823,,,,"St Mary's Church of England Aided Primary School, Prestwich",105342,Primary
f38e4272-afd1-4de2-965a-ac1dceb51a01,2020,Edge Hill University,E42,10007823,,,,St Mary's Church of England Primary School,111316,Primary
7b7ac6cc-3004-470a-8b96-e9f62b685dd4,2020,Sheffield Hallam University,S21,10005790,,,,St Mary's Church of England Primary School,140341,Primary
1c885582-1000-4f36-9c33-36442a2cf7ec,2020,Staffordshire University,S72,10006299,,,,St Mary's Church of England Primary School,144210,Primary
bf623d55-c0ea-4a56-87fe-832d6541e8f1,2020,St Mary's University,S64,10007843,,,,St Mary's Church of England Primary School,102914,Primary
72a8cb0e-3209-4aab-8aeb-b344738e532d,2020,The Manchester Metropolitan University,M40,10004180,,,,St Mary's Church of England Primary School,106106,Mathematics
213cd969-a82d-4eb9-aa34-00c48c690258,2020,University of Chester,C55,10007848,,,,St Mary's Church of England Primary School,123524,Primary
91ff351f-d054-4dc4-8dd3-a19062fb344c,2020,University of Chichester,C58,10007137,,,,St Mary's Church of England Primary School,126048,Primary
58d0134b-15ac-4da0-8260-c68d45e8980d,2020,Oxford Brookes University,O66,10004930,,,,"St Mary's Church of England Primary School, Banbury",144872,Primary
19b09dd7-9b92-4cd3-b8bb-102a6750b373,2020,Leeds Trinity University,L24,10003863,,,,"St Mary's Church of England Primary School, Barnsley",137870,Primary
1f69bbaa-31cb-4706-860b-e449ea007fbd,2020,The Manchester Metropolitan University,M40,10004180,,,,"St Mary's Church of England Primary School, Hawkshaw",105340,Primary
d443922f-6788-4edb-88d4-7e21c0d7886b,2020,Birmingham City University,B25,10007140,,,,"St Mary's Church of England Primary School, Hinckley",120134,Primary
efa705bf-2913-499f-83f2-e5f718e76584,2020,University of Hertfordshire,H36,10007147,,,,"St Mary's Church of England Primary School, Rickmansworth",117447,Primary
26dfd505-05e9-49f5-9c4b-db16e05aec4c,2020,Edge Hill University,E42,10007823,,,,"St Mary's Church of England Primary School, West Derby",104624,Mathematics
74aa7750-af62-4950-8939-6e3f2aac6740,2020,Liverpool Hope University,L46,10003956,,,,"St Mary's Church of England Primary School, West Derby",104624,Primary
efe8cb84-e81c-42a7-a3a3-e975d37b2b45,2020,"University of the West of England, Bristol",B80,10007164,,,,"St Mary's Church of England Primary School, Yate",109264,Primary
56eb12ee-dc43-4d35-aea1-ac2f2f4d1ccd,2020,University of Hertfordshire,H36,10007147,,,,"St Mary's Church of England VA Primary School, Welham Green",117497,Primary
cfd16d2f-38ba-4f36-9c1e-f803840d5e5c,2020,University of Winchester,W76,10003614,,,,St Mary's Church of England Voluntary Aided Junior School,116350,Primary
8871d909-44a5-4421-b2e5-8b5c20e30cd9,2020,University of Northumbria at Newcastle,N77,10001282,,,,St Mary's Cockerton Church of England Primary School,142962,Primary
79c6f6eb-e6d6-485e-a50c-fc1c272c7fa0,2020,St Mary's University,S64,10007843,,,,St Mary's CofE Nursery and Primary School,101046,Primary
ccc22c0a-c0a0-4254-b871-bebc453071fb,2020,Edge Hill University,E42,10007823,,,,St Mary's CofE Primary School,106447,Primary
fbc5f65d-17cd-46e5-a0b0-a9971322e09c,2020,Middlesex University,M80,10004351,,,,St Mary's CofE Primary School,144238,Primary
e8cb1cc5-db88-452d-830c-9ca0243b2032,2020,Newman University,N36,10007832,,,,St Mary's CofE Primary School,148937,Primary
ac4488b2-0ecd-40f2-962b-4c07a2dcc98e,2020,The University of Brighton,B72,10000886,,,,St Mary's CofE Primary School,125194,Primary
453cd039-64da-4fa3-95e9-def34bf2249f,2020,University of Chester,C55,10007848,,,,St Mary's CofE Primary School,123537,Primary
eb89e510-06f1-47ea-a9e8-72879384cb67,2020,University of Chichester,C58,10007137,,,,St Mary's CofE Primary School,126024,Primary
07fec0e0-b7e0-4808-9221-a84b342006f1,2020,University of Worcester,W80,10007139,,,,St Mary's CofE Primary School,123537,Primary
6f0312a2-18f5-4bea-b62a-70a8486eff2f,2020,The Manchester Metropolitan University,M40,10004180,,,,"St Mary's CofE Primary School, Deane",105203,Primary
dcdcb6a0-11e0-4d11-b26d-3390de1e9ffe,2020,University of Hertfordshire,H36,10007147,,,,"St Mary's CofE Primary School, Northchurch",117424,Primary
146210fc-63f8-4562-9940-5b4b98d87806,2020,University of Worcester,W80,10007139,,,,St Mary's CofE (VA) Primary School,135057,Primary
00d385e2-6a2e-4949-adc1-874a45eb2971,2020,Edge Hill University,E42,10007823,,,,St. Mary's College,104972,Primary
6dcd1f53-cf1f-45a6-8b11-42d57526081c,2020,The University Of East Anglia,E14,10007789,,,,St. Mary's (Endowed) CofE VA Primary School,121125,Primary
58881997-8c78-42bb-935a-5d2d46701fc8,2020,University of Reading,R12,10007802,,,,St Mary's Farnham Royal CofE Primary School,110435,Primary
8d9ab0b1-09f4-4323-aede-61b27e53bd87,2020,St Mary's University,S64,10007843,,,,St Mary's Hampton Church of England Primary,139421,Primary
dc6e0245-6fad-4d35-a0d1-283a05e2d48c,2020,Leeds Trinity University,L24,10003863,,,,"St Mary's Primary School Knaresborough, A Voluntary Catholic Academy",142176,Primary
e7a429ec-7649-4872-8a4c-7cae62404bae,2020,St Mary's University,S64,10007843,,,,St Mary's RC Junior School,102994,Primary
d7aeadf7-022f-4521-bf16-9144ff3a9cdc,2020,University of Chester,C55,10007848,,,,St Mary's R.C. Primary School,400379,Primary
f4803a31-cc40-41aa-88f2-bff7fc577020,2020,University of Chester,C55,10007848,,,,St Mary's R.C. Primary School,400456,Primary
a3f18af7-3837-4404-ac36-00a05d7614d1,2020,"University of the West of England, Bristol",B80,10007164,,,,St Mary's R.C. Primary School,401551,Primary
7f368c4b-d942-4e65-a0fb-c1ea001fe3f3,2020,"University of the West of England, Bristol",B80,10007164,,,,St Mary's R.C. Primary School,401646,Primary
9a7c3801-ad9d-48bc-ab30-ea5b67a34102,2020,The Manchester Metropolitan University,M40,10004180,,,,St Mary's RC Primary School,105727,Primary
5765149d-6b65-4344-b0e9-d3271d6c48b7,2020,The Manchester Metropolitan University,M40,10004180,,,,St Mary's RC Primary School,106252,Primary
baa8d37f-13b0-4274-8e85-83f87b9ae113,2020,The University Of East Anglia,E14,10007789,,,,St Mary's Roman Catholic Primary School,142806,Primary
d6deab69-eb0b-4c48-88f3-3ba862e0bd86,2020,Edge Hill University,E42,10007823,,,,"St Mary's Roman Catholic Primary School, Chipping",119643,Primary
8d4c5b46-5cab-4b7a-8a3e-f973a6f4f323,2020,Liverpool Hope University,L46,10003956,,,,"St Mary's Roman Catholic Primary School, Langho",119642,Primary
e78d62a6-6be3-4038-9251-b5a2987ed3fd,2020,University of Northumbria at Newcastle,N77,10001282,,,,"St Mary & St Thomas Aquinas Catholic Primary School, Blaydon",149052,Primary
b808e229-6829-4d12-aacd-5233cb5704ea,2020,Edge Hill University,E42,10007823,,,,St Mary & St Thomas CofE Primary School,142161,Primary
4782496f-981f-44a1-933a-e38e1179a5ca,2020,Leeds Beckett University,L27,10003861,,,,St Matthew's Catholic Primary School,107336,Primary
f6077181-ae12-4470-a165-0900383b917c,2020,Liverpool Hope University,L46,10003956,,,,St Matthew's Catholic Primary School,132793,Primary
385aece5-14a9-4a2f-b7b1-823bcfa035cc,2020,University of Sunderland,S84,10007159,,,,"St Matthew's Catholic Primary School, Jarrow",149035,Primary
eb60178b-dab9-4777-9b5c-ad42ec706040,2020,Staffordshire University,S72,10006299,,,,St Matthews Church of England Academy,140299,Primary
acc4621a-7423-476b-a84e-2267c8f3becc,2020,University of Chichester,C58,10007137,,,,St Matthew's Church of England Aided Primary School,116352,Primary
08a83a9f-39e0-4a1a-bddd-69d8cba0de96,2020,University of Winchester,W76,10003614,,,,St Matthew's Church of England Aided Primary School,116352,Primary
c795e2e6-08ae-4a0a-a3b3-a9d81eb2c248,2020,Plymouth Marjon University,P63,10037449,,,,St Matthew's Church of England Primary and Nursery Academy,140425,Primary
0d9ce7d0-a3d9-44a5-8055-a6a7d906bc02,2020,Lincoln Bishop University,B38,10007811,,,,St Matthew's CofE Primary School,122764,Primary
7dda6ef0-386f-484a-b5c5-5f793b40a11e,2020,University of Wolverhampton,W75,10007166,,,,St Matthew's CofE Primary School,104000,Primary
1e229c2d-1771-4bdb-8df2-126058497801,2020,Liverpool Hope University,L46,10003956,St Patrick's RC High School,105986,school,St Matthew's RC High School,148389,Drama
575afeba-b96d-47eb-b478-2d52188c683c,2020,University of Wolverhampton,W75,10007166,,,,St Matthias School,104387,History
4edf5b8b-ce36-4c19-9de5-ab34a1ebd8f9,2020,Leeds Beckett University,L27,10003861,,,,St Michael & All Angels Church of England Primary School,138902,Primary
23624c52-0923-41d3-bf28-89420aadcd22,2020,Liverpool Hope University,L46,10003956,,,,St Michael and All Angels Catholic Primary School,105090,Primary
303bd692-667d-4251-917b-53c83895ff10,2020,Liverpool John Moores University,L51,10003957,,,,St Michael and All Angels Catholic Primary School,104464,Primary
4d9779d3-3e8a-4a01-a6f7-6296cc96301f,2020,University of Winchester,W76,10003614,,,,St Michael and All Angels CofE Infant School,116366,Primary
fab31dc5-c443-4aa2-9763-49f271227482,2020,St Mary's University,S64,10007843,,,,St Michael Catholic Primary School,125233,Primary
1bd81274-5cfa-41c4-9f5c-9910f2cc8a51,2020,St Mary's University,S64,10007843,,,,St Michael Catholic Primary School & Nursery,149289,Primary
25297dd8-9966-4c8d-841f-af01ac834fe1,2020,Liverpool John Moores University,L51,10003957,,,,St Michael-in-the-Hamlet Community Primary School,133330,Primary
04c93275-d5a3-4d0e-a757-038cff2e2522,2020,Roehampton University,R48,10007776,,,,St Michael-In-the-Hamlet Infant School,104577,Primary
6eaa206e-3367-4cb3-a5f1-bc97610751dc,2020,Edge Hill University,E42,10007823,,,,St Michaels Catholic Primary & Nursery School,111393,Primary
03a61a3a-4046-483d-a3d6-5fa252ea35a0,2020,Liverpool Hope University,L46,10003956,,,,St Michael's Catholic Primary School,104656,Primary
1c274e55-ea3f-4a58-9c73-837d7894c996,2020,University of Northumbria at Newcastle,N77,10001282,,,,"St Michael's Catholic Primary School, Esh Village",148262,Primary
1a76c706-3aba-4abf-bd9c-7c0ef3f02902,2020,Coventry University,C85,10001726,,,,St Michael's Catholic School,110516,English
ab1afb8d-cbe6-45c2-9a26-abe604127f52,2020,Coventry University,C85,10001726,,,,St Michael's Catholic School,110516,Primary
79bf963c-63eb-4170-a137-dd3a64d5a494,2020,Birmingham City University,B25,10007140,,,,St Michael's Church of England C Primary School,104227,Primary
cce161f6-7fe9-4b0f-8c23-444d40fadcf4,2020,Edge Hill University,E42,10007823,,,,St Michael's Church of England High School,141338,Religious education
9c605dbc-4cc8-4d34-8d70-084ea79c2c2c,2020,Plymouth Marjon University,P63,10037449,St Michael's Church of England Primary School,140027,school,St Michael's Church of England Primary School,140027,Primary
4579cff9-fade-4f9e-95c2-4a76e1828166,2020,Plymouth Marjon University,P63,10037449,,,,St Michael's Church of England Primary School,140027,Primary
518974a5-ff07-4f20-a557-fc83ad2983f7,2020,University Of Exeter,E84,10007792,,,,St Michael's Church of England Primary School,113407,Primary
538cb573-5be5-488a-8ac1-e98b9184cb59,2020,University Of Plymouth,P60,10007801,,,,St Michael's Church of England Primary School,113407,Primary
01ce0b9b-ed66-4e4a-81c4-51cebea8997c,2020,"University of the West of England, Bristol",B80,10007164,,,,"St Michael's Church of England Primary School, Stoke Gifford",109228,Primary
58e73c0c-4e6e-4f7d-a179-1e5cb996824b,2020,"University of the West of England, Bristol",B80,10007164,,,,"St Michael's Church of England Primary School, Winterbourne",109225,Primary
2c369e2d-9e2a-45b6-a1d5-36e517477d0f,2020,Roehampton University,R48,10007776,,,,St Michael's CofE Primary School,101049,Primary
0b5a656b-bb89-41c5-9580-4fef43931522,2020,University of Cumbria,C99,10007842,,,,St Michael's CofE Primary School,112246,Primary
a961cf67-0ddf-4fe2-9841-43332b0fce5d,2020,Oxford Brookes University,O66,10004930,,,,"St Michael's CofE Primary School, Oxford City",123143,Primary
f4dfb913-5a43-48fc-8283-c58fc8fe1475,2020,Oxford Brookes University,O66,10004930,,,,"St Michaels CofE Primary School, Steventon Village",123160,Primary
f369d524-8176-44a7-8380-772c38573c40,2020,University of Reading,R12,10007802,,,,"St Michael's CofE Primary School, Sunninghill",110019,Primary
30031fa8-ae9d-4f2f-bc1e-c705815a65e5,2020,Staffordshire University,S72,10006299,,,,St Michael's Community Academy,140175,Primary
423c3da7-4e89-4837-9852-38bc0afb978b,2020,University of Chester,C55,10007848,,,,St Michael's Community Academy,140175,Primary
038dc5af-d549-4d00-94fe-1fb22baf3e75,2020,Bath Spa University,B20,10000571,,,,St Michaels Junior Church School,145716,Early years ITT
2c45bdde-0fc2-4213-946a-9eab90c6b428,2020,Edge Hill University,E42,10007823,,,,St Michael's-On-Wyre Church of England Primary School & Nursery,119544,Primary
46621261-85f0-4517-81e3-f23bbef602a9,2020,The University of Brighton,B72,10000886,,,,St Michael's Primary School,114423,Mathematics
02636b67-f408-4414-be50-ecf50162ba39,2020,"University of the West of England, Bristol",B80,10007164,,,,St Michael's R.C. Primary School,401552,Primary
3103c11e-5530-4d43-85f7-7f33c0397216,2020,University of Wolverhampton,W75,10007166,,,,St Michael's VA Junior School,121146,Primary
de481d8a-a305-452c-b955-dbe72b898086,2020,Edge Hill University,E42,10007823,,,,St Michael with St Thomas CE Primary School,147262,Primary
f0920683-05c0-42d7-b977-d1a82308acfa,2020,University of Winchester,W76,10003614,,,,St Monica Primary School,116106,Primary
57451fd6-4658-430e-87e9-358b4262b278,2020,Kingston University,K84,10003678,,,,St Monica's Roman Catholic Primary School,100268,Primary
ddc1d334-a99c-4921-94b0-956904f77957,2020,University of Cumbria,C99,10007842,,,,St Monica's Roman Catholic Primary School,100268,Primary
294bd10f-348f-4775-a8e8-75fe6a2c0b6b,2020,Canterbury Christ Church University,C10,10001143,,,,St Nicholas At Wade Church of England Primary School,118698,Mathematics
016783de-34d7-4c75-9cb0-40ff55e8e103,2020,Leeds Trinity University,L24,10003863,,,,St Nicholas Catholic Primary School,108029,Primary
d1ca19fe-7059-4e2b-a25b-29e416fd9e33,2020,Newman University,N36,10007832,,,,St Nicholas Catholic Primary School,140529,Primary
54bf9d92-eb1a-4e1d-8997-f6c5a5dee5b1,2020,Canterbury Christ Church University,C10,10001143,,,,St Nicholas CE Primary Academy,147447,Primary
1cb8779f-a9a7-4754-8d21-22716b606676,2020,"University of the West of England, Bristol",B80,10007164,,,,St Nicholas Chantry Church of England Primary School,145443,Primary
4b5da543-278f-49fd-acd8-14552274fcff,2020,University of Wolverhampton,W75,10007166,,,,St Nicholas Church of England First School,142986,Primary
f03847d7-af64-4317-bc64-8748d0becc5b,2020,Canterbury Christ Church University,C10,10001143,,,,St Nicholas Church of England Primary School,149617,Primary
2ca08304-4a0c-4bf5-8f46-9a85e16b99db,2020,Canterbury Christ Church University,C10,10001143,,,,"St Nicholas' Church of England Voluntary Controlled Primary School, Rawreth",115090,Primary
42b8d315-a776-4736-9a76-cb604543811b,2020,Roehampton University,R48,10007776,,,,St Nicholas CofE Primary School,125230,Primary
5ffff24e-ee7d-43f3-873a-86a107564e49,2020,Oxford Brookes University,O66,10004930,,,,St Nicholas' Primary and Nursery School,123021,Primary
947f39dd-a236-4878-b70e-07528f4a0bea,2020,University of Hull,H72,10007149,,,,St Nicholas Primary School,140906,Primary
3d770e77-4cb5-411b-8b4d-935436cf68e0,2020,The University Of East Anglia,E14,10007789,,,,St Nicholas Priory CofE VA Primary School and Nursery,121093,Primary
98ce262c-51be-4c91-9b75-8dba2ab33eac,2020,Canterbury Christ Church University,C10,10001143,,,,St Nicholas' School,119059,Primary
2a2959f3-e89f-4f2d-8f7c-be011ff7bbd0,2020,Oxford Brookes University,O66,10004930,,,,"St Nicolas Church of England Primary School, Abingdon",123166,Primary
861f70a2-ebb8-472f-95c0-01300cc59b63,2020,University of Sussex,S90,10007806,,,,St Nicolas CofE Primary School,114560,Primary
27307351-5ef7-4f0c-9820-3b7a621f25c9,2020,Plymouth Marjon University,P63,10037449,,,,"St Nicolas' CofE VA School, Downderry",140342,Primary
ffaed101-1b92-4968-88fe-93ba18dccdce,2020,The University of Brighton,B72,10000886,,,,St Nicolas & St Mary CofE Primary School,149006,Primary
c7f49c85-0e92-4e09-b1c3-11355e864176,2020,University of Sussex,S90,10007806,,,,St Nicolas & St Mary CofE Primary School,149006,Primary
8b92c609-6ded-4cc8-ae53-f1f441d4b6a5,2020,Leeds Trinity University,L24,10003863,,,,St Norbert's Catholic Voluntary Academy,138827,Primary
ba061f0b-da5e-4bb5-b2d2-22069a0a584e,2020,Lincoln Bishop University,B38,10007811,,,,St Norbert's Catholic Voluntary Academy,138827,Primary
4931b6a7-5ffc-4453-8d97-43cd98b51dc0,2020,Edge Hill University,E42,10007823,,,,Stockbridge Village Primary School,136222,Primary
09c8f847-019d-43ee-b86c-30c38388d609,2020,"University of the West of England, Bristol",B80,10007164,,,,Stockham Primary School,123072,Primary
a4f5416b-d81f-4293-b58c-9c9c3720de28,2020,University of Northumbria at Newcastle,N77,10001282,,,,Stocksfield Avenue Primary School,108477,Primary
ad1893e5-fb3b-4381-8686-7b2c4769d448,2020,York St John University,Y75,10007713,,,,Stocksfield Avenue Primary School,143266,Primary
d0a11f2d-78ef-4e7c-b8bf-9a36922fdc99,2020,Leeds Beckett University,L27,10003861,,,,Stocks Lane Primary School,107237,Primary
d06ba8de-e63d-487e-88be-b94b961d732a,2020,Leeds Trinity University,L24,10003863,,,,Stocks Lane Primary School,107237,Primary
20fc20bd-926d-41c1-81c8-f3bcba7f0517,2020,University of Hull,H72,10007149,,,,Stockwell Academy,141720,Primary
e50d54a4-7906-41ab-a1b3-87842c0b2d99,2020,Roehampton University,R48,10007776,,,,Stockwell Primary School,100582,Primary
2739fc99-ccff-4d91-9e24-d24a55b52842,2020,The University of Northampton,N38,10007138,,,,Stoke Bruerne Church of England Primary School,121992,Primary
5bfa58c9-5c0d-4c4d-b23c-77a6733acaf9,2020,Plymouth Marjon University,P63,10037449,,,,Stoke Damerel Primary Academy,144843,Primary
a72c0764-2830-4446-9f8d-d83fd449a7aa,2020,University Of Plymouth,P60,10007801,,,,Stoke Fleming Community Primary School,141286,Primary
6e4b008f-ccf0-4f16-ad30-c2c679b428db,2020,Two Mile Ash ITT Partnership,T89,10059102,,,,Stoke Goldington Church of England School,110408,Primary
a6c72d82-5af8-4dd2-8267-2c7a721abe3f,2020,Birmingham City University,B25,10007140,,,,Stoke Heath Primary School,103684,Primary
885df4f7-8e6f-4498-a662-b07924d1d052,2020,University of Winchester,W76,10003614,,,,Stoke Park Infant School,115862,Primary
bb436bc4-0d03-439d-8a10-21ceeaaa62a4,2020,University of Winchester,W76,10003614,,,,Stoke Row CofE Primary School,123136,Primary
8abd3d8e-91de-422a-b57b-b1e4b3f39c4a,2020,University of Worcester,W80,10007139,,,,Stokesay Primary School,141340,Primary
c0241865-4605-4dea-8e52-05725452578a,2020,University of Sunderland,S84,10007159,,,,Stokesley Primary Academy,143612,Primary
e5faeaf8-6419-4180-9802-ef471ac85bd4,2020,University of Derby,D39,10007851,,,,Stonebroom Primary and Nursery School,112621,Primary
553bb5eb-3982-44aa-bb2d-760f4f763c71,2020,Oxford Brookes University,O66,10004930,,,,Stonesfield Primary School,123022,Primary
99ed4151-eb64-4153-b547-d41f1dd42926,2020,University of Winchester,W76,10003614,,,,Stonesfield Primary School,123022,Primary
40bd7681-147f-456d-94f0-ec713cde4686,2020,Canterbury Christ Church University,C10,10001143,,,,Stone St Mary's CofE Primary School,144098,Mathematics
a447a540-0796-4171-a614-33a67fa50a97,2020,Canterbury Christ Church University,C10,10001143,,,,Stone St Mary's CofE Primary School,144098,Primary
6d1c1944-e268-47de-a5c4-b79509949200,2020,University of Greenwich,G70,10007146,,,,Stone St Mary's CofE Primary School,144098,Primary
4a68a996-3360-4f28-8eca-9ff0f9319571,2020,Birmingham City University,B25,10007140,,,,Stoneydelph Primary School,145834,Primary
614518ce-5574-436c-b427-3e49859b9c6e,2020,University of Derby,D39,10007851,,,,Stoneydelph Primary School,145834,Primary
6dc1ef2e-264f-4950-b6f7-753a4b0d6006,2020,The University Of East Anglia,E14,10007789,,,,Stonham Aspal Church of England Voluntary Aided Primary School,124772,Primary
da2462a0-b6fd-4c54-95ad-1768faf48d8e,2020,The University of Brighton,B72,10000886,,,,Stopsley Community Primary School,109553,Primary
09422424-0888-40fd-9266-28cbe98346e0,2020,University of Bedfordshire,B22,10007152,,,,Stopsley High School,148692,Physical education
ff4fe390-bdf8-4387-8a4a-dee282bb3175,2020,University of Chichester,C58,10007137,,,,Storrington Primary School,125874,Primary
b9c505ce-9327-44f3-b205-f5b403f5eca1,2020,Birmingham City University,B25,10007140,,,,Story Wood School,103213,Primary
2746f35a-3536-4318-9003-63265f509472,2020,Birmingham City University,B25,10007140,,,,St Osburg's Catholic Primary School,103711,Primary
11dea64c-8c0a-4b37-990e-79b9cdab3a17,2020,University of Chichester,C58,10007137,,,,St Oscar Romero Catholic School,126096,Physical education
f8d9e781-9089-4532-9ea8-65263b444440,2020,University of Sussex,S90,10007806,St Paul's Catholic College,126101,school,St Oscar Romero Catholic School,126096,Modern languages
b618b3be-0297-4d72-a876-42c35639c464,2020,University of Sussex,S90,10007806,,,,St Oscar Romero Catholic School,126096,English
c5c1a5ba-2ed0-442d-bd42-40abe1f59c90,2020,St Mary's University,S64,10007843,,,,St Osmund's Catholic Primary School,102919,Primary
644b92b9-4790-4282-8e4b-ae9f527cd521,2020,University of Chichester,C58,10007137,,,,"St Osmund's Catholic Primary School, Salisbury",126425,Primary
099c3f23-38c8-425b-8d71-f12e13eddb18,2020,Edge Hill University,E42,10007823,,,,St Oswald's Catholic Primary School,106488,Primary
6f5ca198-5bf9-4529-a23c-a63c78ceb517,2020,Liverpool Hope University,L46,10003956,,,,St Oswald's Catholic Primary School,106488,Primary
e4ce257e-67a7-4dbf-abbf-0aaf412452f5,2020,Liverpool Hope University,L46,10003956,,,,St Oswald's Catholic Primary School,142523,Primary
fc0b14f1-d236-40ce-b425-a65ca2de8b14,2020,University of Sunderland,S84,10007159,,,,"St Oswald's Catholic Primary, Wrekenton",148409,Primary
0796916e-fdd2-4c54-a234-cbce0687cc37,2020,Birmingham City University,B25,10007140,,,,St Oswald's CofE Academy,142022,Primary
fbffd815-fc1e-4ae8-b963-bb05225c43c2,2020,University of Chester,C55,10007848,,,,St Oswald's CofE Aided Primary School,130929,Primary
fbfead9b-588c-4e64-8962-41c2c41dce58,2020,University of Derby,D39,10007851,,,,St Oswald's CofE Primary School,112796,Primary
a7ddafd8-e6b9-4b21-86d8-dcc320ff8db7,2020,University of Worcester,W80,10007139,,,,St Oswald's CofE Primary School,144456,Primary
a2694689-f064-47a3-ac0e-7816befc6f92,2020,University of Chester,C55,10007848,,,,Stottesdon CofE Primary School,142312,Primary
4d468bfb-e20c-4918-b2d5-111f5b2c683d,2020,St Mary's University,S64,10007843,,,,Stoughton Infant School,146259,Primary
3a3ba274-465d-4e83-9a52-6d07af603d77,2020,University of Wolverhampton,W75,10007166,,,,Stowlawn Primary School,104317,Primary
3fa777c6-135a-4220-a8ff-24fd514c2874,2020,Canterbury Christ Church University,C10,10001143,,,,Stowting Church of England Primary School,118682,Primary
58ddc713-4339-41d7-9c97-1c6d691cd517,2020,The University Of East Anglia,E14,10007789,,,,Stowupland High School,143362,English
f3427661-f0f7-4a51-b4de-e0b296f0a2bf,2020,The University Of East Anglia,E14,10007789,,,,Stowupland High School,143362,History
bfc92053-45dc-4754-982f-1c123be5668c,2020,The University Of East Anglia,E14,10007789,,,,Stowupland High School,143362,Modern languages
65da035a-c8ff-4b7f-b7a8-18b4b16d3b00,2020,The University Of East Anglia,E14,10007789,,,,St Pancras Catholic Primary School,146977,Primary
742ac29e-cf7a-4cdd-9305-e57ba0198236,2020,Liverpool Hope University,L46,10003956,,,,St Paschal Baylon Catholic Primary School,104679,Primary
d3e318fc-423a-4aad-b474-7b52bc42ae5b,2020,Newman University,N36,10007832,,,,St Patrick and St Edmund's Catholic Primary School,103439,Primary
0ca82a01-7f4e-41c4-957b-deb137984372,2020,University of Huddersfield,H60,10007148,,,,St Patrick's Catholic Primary Academy,148659,Primary
b8c72f10-691f-4e24-b93f-797855dafa06,2020,University of Wolverhampton,W75,10007166,,,,St Patrick's Catholic Primary Academy,147630,English
c9985396-44c7-4469-a2f8-6b4b49a8e41e,2020,University of Wolverhampton,W75,10007166,,,,St Patrick's Catholic Primary Academy,147630,History
ec3c3a90-5be0-47e9-b186-fdcfa57b3342,2020,University of Wolverhampton,W75,10007166,,,,St Patrick's Catholic Primary Academy,147630,Primary
85d3918d-f6f9-41d1-898c-e2664375e3dc,2020,Birmingham City University,B25,10007140,,,,St Patrick's Catholic Primary School,125715,Primary
5830079e-21f3-40e0-ba1b-4d1ca6281d9b,2020,Edge Hill University,E42,10007823,,,,St Patrick's Catholic Primary School,106460,Primary
1ed798dc-28d4-40d8-a4f7-ca38c8675c98,2020,Lincoln Bishop University,B38,10007811,,,,St Patrick's Catholic Primary School,149626,Primary
0e124b68-6484-44c1-90dc-9ff073793c36,2020,Liverpool Hope University,L46,10003956,,,,St Patrick's Catholic Primary School,106460,Primary
fddc52b1-f34a-4494-8d27-840de9b584b4,2020,Liverpool John Moores University,L51,10003957,,,,St Patrick's Catholic Primary School,104660,Primary
34b7ffee-49ae-4705-844c-3bfe2e1ce5cb,2020,Newman University,N36,10007832,Sacred Heart Catholic Primary School,142205,school,St Patrick's Catholic Primary School,142215,Primary
13ab3681-90f8-4fe2-886c-733e72b87870,2020,Newman University,N36,10007832,,,,St Patrick's Catholic Primary School,125715,Primary
97e9b7bc-3948-4baa-a961-576e4c3f0751,2020,University of Chester,C55,10007848,,,,St Patrick's Catholic Primary School,123555,Primary
4e15b904-15bf-4a77-a4fa-c46cf003b04d,2020,University of Cumbria,C99,10007842,,,,St Patrick's Catholic Primary School,119583,Primary
19628b4a-2d9b-4153-bd12-d07a59237277,2020,University of Winchester,W76,10003614,,,,St Patrick's Catholic Primary School,116390,Primary
9cba0b0f-4615-4ddd-90d0-df6078bb87ab,2020,Lincoln Bishop University,B38,10007811,,,,"St Patrick's Catholic Primary School, A Voluntary Academy",140783,Primary
ebbd6c96-e549-4f1c-9cd4-c99dc9cdfd86,2020,University of Sunderland,S84,10007159,,,,"St Patrick's Catholic Primary School, Ryhope",148452,Primary
f884c78e-3e81-4704-99fb-4251e95ea11f,2020,Birmingham City University,B25,10007140,,,,St Patricks Church of England Primary Academy,136320,Primary
531cc30c-4c95-408c-8648-98543c835242,2020,Liverpool Hope University,L46,10003956,St Patrick's RC High School,105986,school,St Patrick's RC High School,105986,Drama
b67656a9-376a-4002-b1de-b8efd1641d13,2020,Leeds Trinity University,L24,10003863,,,,St Paulinus Catholic Primary Academy,148485,Primary
e693877f-be71-4680-b023-f3b99539b600,2020,University of Greenwich,G70,10007146,,,,St Paul's Academy,105135,Chemistry
88bb1508-ddc1-4257-935b-9d5fb2e5217b,2020,Liverpool Hope University,L46,10003956,,,,St Paul's and St Timothy's Catholic Infant School,104673,Primary
ffef82b1-5f19-4c89-bd0b-31178f4a17ba,2020,The University of Brighton,B72,10000886,,,,St Paul's Catholic College,148753,Mathematics
cfa3f78a-b5ae-4079-9234-09b01e1ffc9f,2020,University of Sussex,S90,10007806,,,,St Paul's Catholic College,126101,Other subjects
13fcc7e1-bfa0-4fe2-916f-1b0e7618e249,2020,The Manchester Metropolitan University,M40,10004180,,,,St Paul's Catholic Primary School,106238,Mathematics
7b7418ba-86bd-4bc8-8e52-7ef2cc937fc0,2020,The Manchester Metropolitan University,M40,10004180,,,,St Paul's Catholic Primary School,106238,Primary
75225bc7-301f-494b-ad87-9f849dc1cd98,2020,University of Hertfordshire,H36,10007147,,,,St Paul's Catholic Primary School,117492,Primary
4d5108ab-9400-4038-a7a4-d54d975fd3bb,2020,The Manchester Metropolitan University,M40,10004180,,,,"St Paul's Catholic Primary School, A Voluntary Academy",141831,Mathematics
c4212155-f867-4e17-a22e-ffd2259e987c,2020,The Manchester Metropolitan University,M40,10004180,,,,"St Paul's Catholic Primary School, A Voluntary Academy",141831,Primary
de9d37c5-b7a7-4e42-9c85-358b77bc680d,2020,St Mary's University,S64,10007843,,,,"St Paul's Catholic Primary School, Thames Ditton",125212,Primary
9a937a0c-98ac-4347-a26f-1d85ee9928ef,2020,Loughborough University,L79,10004113,,,,"St Paul's Catholic School, a Voluntary Academy",146232,Physical education
413a868e-4148-45a6-9021-348249559a60,2020,Canterbury Christ Church University,C10,10001143,,,,St Paul's Church of England Academy,143034,Primary
728ce97d-1158-42fd-a263-7d1486147588,2020,St Mary's University,S64,10007843,,,,"St Paul's Church of England Primary School, Langleybury",117417,Primary
44e41828-7037-4b9f-99ee-da2779077aec,2020,University of Hertfordshire,H36,10007147,,,,"St Paul's Church of England Primary School, Langleybury",117417,Primary
fec015fc-694b-4011-8846-438819c108fc,2020,University of Hertfordshire,H36,10007147,,,,"St Paul's Church of England Voluntary Aided Primary School, Chipperfield",117441,Primary
96aa57c6-c54d-4868-8d69-460d6affd48c,2020,Canterbury Christ Church University,C10,10001143,,,,St Pauls' Church of England Voluntary Controlled Primary School,118590,Primary
852d8ca2-1f64-441b-a80c-0e93e2f91365,2020,University of Greenwich,G70,10007146,,,,St Pauls' Church of England Voluntary Controlled Primary School,118590,Primary
46f879f0-2a0f-4c60-9887-a8353c038021,2020,Roehampton University,R48,10007776,,,,St Paul's CofE (Aided) Primary School,125171,Primary
91dae179-53d5-43c1-9bf5-f60eaba143a6,2020,Kingston University,K84,10003678,,,,St Paul's CofE Primary School,140028,Primary
d1d11300-20df-41f4-9c9f-aa744cd2dbba,2020,St Mary's University,S64,10007843,,,,St Paul's CofE Primary School,102524,Primary
0b9cb504-808a-49cc-87f1-f272507e975a,2020,The Manchester Metropolitan University,M40,10004180,,,,St Paul's CofE Primary School,105498,Primary
9b78af6d-9dcd-4261-b671-725142e4e116,2020,The Manchester Metropolitan University,M40,10004180,,,,St Paul's CofE Primary School,147730,Primary
70c73414-d32a-4491-a714-29fc1a8360af,2020,University of Sunderland,S84,10007159,,,,St Paul's CofE Primary School,108836,Primary
f7319ee6-38c9-4275-9d2b-756d1bbda42c,2020,University of Worcester,W80,10007139,,,,St Paul's CofE Primary School,138037,Primary
e1303b19-e63d-418d-945d-660ebc5fb53e,2020,Edge Hill University,E42,10007823,,,,"St Paul's CofE Primary School, Astley Bridge",138851,Primary
01cb1957-5f84-474b-8a7b-97dc5950685d,2020,University of Warwick,W20,10007163,,,,"St Paul's CofE Primary School, Leamington Spa",125701,Primary
3668ca45-24a6-4c1d-aebd-f199475d2ed6,2020,Coventry University,C85,10001726,,,,"St Paul's CofE Primary School, Nuneaton",125656,Primary
e9953ab2-cd65-4655-90e3-b6b955ecf605,2020,York St John University,Y75,10007713,,,,St Paul's Nursery School,121266,Primary
247bbb7b-5360-4306-bb30-b8527eec1e5d,2020,Plymouth Marjon University,P63,10037449,,,,St Paul's Roman Catholic Primary School,140676,Early years ITT
51143d1c-2fd8-4cae-a48e-7e31ae24e9bd,2020,Plymouth Marjon University,P63,10037449,,,,St Paul's Roman Catholic Primary School,140676,Primary
8dc2184c-d2b2-49d8-bcbe-c67e583fb342,2020,University of Buckingham,2Z3,10007787,,,,St Paul's School,102942,History
959bb7cb-b5c4-4089-ad09-8284429a2cf4,2020,University of Chester,C55,10007848,,,,St Pauls Voluntary Aided Primary School,401698,Primary
be1d2595-4ec1-4218-98e2-9fdc8974e1b3,2020,University of Greenwich,G70,10007146,,,,St Paul's Way Trust School,143379,Primary
590cd346-a448-45ca-8ebd-41327bd051f3,2020,Edge Hill University,E42,10007823,,,,St Peter and St Paul Catholic Primary School,104810,Primary
6afd1c2f-743e-4a9e-af9d-8fd92c5db101,2020,Lincoln Bishop University,B38,10007811,,,,St Peter and St Paul CofE Primary School,136058,Primary
9ec1415f-7e20-4179-804e-3cf0d4df64b2,2020,The University of Brighton,B72,10000886,,,,St Peter and St Paul CofE Primary School,114564,Primary
452011f7-c4dc-4478-9b8c-e14097cd3c59,2020,Newman University,N36,10007832,,,,St Peter and St Paul RC Junior and Infant School,146298,Primary
4cb1417d-d314-4e08-b137-1100d89531e2,2020,Canterbury Christ Church University,C10,10001143,,,,St Peter-in-Thanet CofE Junior School,118750,Primary
56f1836d-c899-4547-b6b5-27715eb3cd7a,2020,University of Worcester,W80,10007139,,,,St Peter's Catholic First School,141066,Primary
04714929-7ddb-4506-b0c5-43b7cb533367,2020,Edge Hill University,E42,10007823,,,,St Peter's Catholic Primary School,111370,Primary
976f8027-fbd8-46a1-a33a-a590838f492f,2020,Kingston University,K84,10003678,,,,St Peter's Catholic Primary School,125211,Primary
b5c06dd7-fb7f-45b5-8dfe-120395a695e7,2020,Liverpool Hope University,L46,10003956,,,,St Peter's Catholic Primary School,105069,Primary
6f960be5-4151-4427-a105-d4698485a7e8,2020,Newman University,N36,10007832,,,,St Peter's Catholic Primary School,103469,Primary
d741e5fa-73ad-496a-aa20-47eada2dc59d,2020,Newman University,N36,10007832,,,,St Peter's Catholic Primary School,125714,Primary
27acb4ae-5a66-4723-a862-4353e2ec93d2,2020,Roehampton University,R48,10007776,,,,St Peter's Catholic Primary School,125211,Primary
d90413de-da15-4fe6-aa4b-f3a00808c954,2020,Sheffield Hallam University,S21,10005790,,,,St Peter's Catholic Primary School,149348,Primary
3bcfe8f1-ca5e-450c-857e-6d02e69868b2,2020,St Mary's University,S64,10007843,,,,St Peter's Catholic Primary School,125211,Primary
aa9d4832-5300-43b4-bda3-469f05119da3,2020,The Manchester Metropolitan University,M40,10004180,,,,St Peter's Catholic Primary School,105537,Primary
7cb2907b-833d-40ca-ae4c-f8b718bf5a2c,2020,University of Greenwich,G70,10007146,,,,St Peter's Catholic Primary School,141471,Primary
5b108714-0493-4535-b943-2d0269e7719f,2020,University of Sunderland,S84,10007159,,,,"St Peter's Catholic Primary School, Low Fell",148908,Primary
95bc73ca-4699-492e-84c9-a648842246c0,2020,The University of Brighton,B72,10000886,,,,"St Peter's Catholic Primary School, Shoreham-by-Sea",126041,Primary
574afa96-89db-4039-ae1f-d33afb8ac9ac,2020,University of Chichester,C58,10007137,,,,"St Peter's Catholic Primary School, Shoreham-by-Sea",126041,Primary
c5d9f9c2-baa3-45c0-ac64-aa7ec6b1d605,2020,The University of Northampton,N38,10007138,,,,St Peter's Church of England Academy,140030,Primary
ce0fbc86-f196-4d90-bfa0-4aef29476541,2020,Coventry University,C85,10001726,,,,St Peter's Church of England Aided Junior School,116388,Primary
2959f068-f5ee-4b22-b14d-d6b517157de4,2020,University of Winchester,W76,10003614,,,,St Peter's Church of England Aided Junior School,116388,Primary
5f37a3df-4798-4d03-a1d4-5e5bd0b49c43,2020,Plymouth Marjon University,P63,10037449,,,,St Peter's Church of England Aided School,113553,Physical education
c7ebd5f8-fd4e-4697-ba28-84591dbc8777,2020,University of Wolverhampton,W75,10007166,,,,St Peter's Church of England Primary Academy,142982,Primary
afb26d05-61e5-4ea3-bd47-d189f693821e,2020,"Goldsmiths, University of London",G56,10002718,,,,St Peter's Church of England Primary School,100839,Primary
b203a7ab-2ead-4e09-84be-be829be236a1,2020,"University of the West of England, Bristol",B80,10007164,St Peter's Church of England Primary School,143285,school,St Peter's Church of England Primary School,143285,Primary
906df6a2-56f0-4a78-8e20-ac8f1c884931,2020,"University of the West of England, Bristol",B80,10007164,,,,St Peter's Church of England Primary School (VC),135872,Primary
a309b15b-1b67-4300-8f4c-e930d6e4aa21,2020,The University of Northampton,N38,10007138,,,,St Peter's Church of England Primary School Whetstone,146603,Primary
8dda58ea-d406-4e06-a5b7-a5245a7ef5bc,2020,Oxford Brookes University,O66,10004930,,,,"St Peter's Church of England School, Alvescot",141833,Primary
5f241b09-15f3-400d-aa88-c503ab2bc907,2020,St Mary's University,S64,10007843,,,,St Peter's CIW Voluntary Controlled Primary School,400445,Primary
910650b6-6026-4778-82b5-c31a58e5c7da,2020,Staffordshire University,S72,10006299,,,,St Peter's CofE Academy,136824,Primary
8c7540b2-002e-4f9c-ba4e-1e89b817096b,2020,University of Derby,D39,10007851,,,,St Peter's CofE Academy,136824,Primary
4369ab26-f5a1-47ff-8425-1138b20c3520,2020,University of Derby,D39,10007851,,,,St Peter's CofE Academy Alton,145679,Primary
d24bba28-0ac5-4424-a19d-2702c5244fdc,2020,The University Of East Anglia,E14,10007789,,,,St Peter's CofE Aided Junior School,141213,Primary
b432f116-66b8-49d4-a13d-fcff83519c6a,2020,The University Of East Anglia,E14,10007789,,,,"St Peter's CofE Primary Academy, Easton",142599,Primary
f8ce76c2-a0e8-4156-ae49-8238f2d17207,2020,Lincoln Bishop University,B38,10007811,,,,"St Peter's CofE Primary Academy, Mansfield",144397,Primary
7a598b2f-0c25-40d8-bb36-345b97673290,2020,Edge Hill University,E42,10007823,,,,St Peter's CofE Primary School,104801,Primary
73778d75-797f-4c45-b016-3a07b71e438d,2020,The University of Brighton,B72,10000886,,,,St Peter's CofE Primary School,126028,Mathematics
dd8af9c8-b5d6-425f-a6f2-d6291aa1fd53,2020,The University of Brighton,B72,10000886,,,,St Peter's CofE Primary School,126028,Primary
b67b641f-203b-4a03-928c-c38cf8dc5411,2020,University of Chichester,C58,10007137,,,,St Peter's CofE Primary School,126005,Primary
40deb180-e1bb-4bd7-bfb6-33b422cb9765,2020,Birmingham City University,B25,10007140,,,,St Peters CofE Primary School,134476,Primary
42c4992a-d9ba-4f09-9f71-85a916eb5434,2020,Edge Hill University,E42,10007823,,,,St Peter's CofE Primary School Chorley,119806,Primary
f53464d8-e850-4773-b42f-1edb8ecb7204,2020,Birmingham City University,B25,10007140,,,,St Peter's Collegiate Academy,138852,Physical education
163370e4-6db5-49ad-a99a-71ba7dcf8ecc,2020,University of Wolverhampton,W75,10007166,,,,St Peter's Collegiate Academy,138852,Primary
4ee34001-b57c-4650-9aac-b875e1a231e8,2020,Canterbury Christ Church University,C10,10001143,,,,St Peter's Methodist Primary School,118707,Primary
c05176c8-4615-4f25-b4a6-eaaf7928887c,2020,University of Worcester,W80,10007139,,,,St Peter's Primary School,149258,Primary
6a9e694c-9e36-42a5-a888-7d87e96769ea,2020,Liverpool Hope University,L46,10003956,,,,St Peter's RC High School,131880,Computing
fc3c114f-b0a3-4e9d-9ca4-010fe093c975,2020,Plymouth Marjon University,P63,10037449,,,,St Peter's RC Primary School,140784,Primary
36f11ab8-8434-4baa-b35c-71a923ab902e,2020,University Of Plymouth,P60,10007801,,,,St Peter's RC Primary School,140784,Primary
70893097-6b3d-4f5e-af36-d26e7fb1db9a,2020,Leeds Trinity University,L24,10003863,,,,"St Peter's Roman Catholic Primary School, Blackburn",119514,Primary
053f6a15-61d6-4e47-b120-7f69118c2fb2,2020,The University of Northampton,N38,10007138,,,,St Peter's School,122126,Primary
987bc36d-44b0-4e0c-85dc-7acbb9db98ff,2020,University of Bedfordshire,B22,10007152,,,,St Peter's School,137248,Physical education
aeeedfe8-786b-4fb8-8ee8-7587d95b223f,2020,York St John University,Y75,10007713,,,,St Peter's School 2-18,121724,Primary
d64cd615-12dc-406f-b076-ec93be07e2a2,2020,Oxford Brookes University,O66,10004930,,,,St Philip and James' Church of England Aided Primary School Oxford,123214,Primary
9fecfca1-7b6b-4d24-a215-d23f2998835c,2020,University of Chichester,C58,10007137,,,,St Philip Howard Catholic School,144243,Physical education
01416bc8-43a8-4902-be4a-c5bdc5f409d0,2020,University of Sussex,S90,10007806,St Paul's Catholic College,126101,school,St Philip Howard Catholic School,144243,Business studies
2b8120fb-dd3e-43b7-84cf-bbf1bc30c3c6,2020,Lincoln Bishop University,B38,10007811,,,,St Philip Neri With St Bede Catholic Voluntary Academy,141460,Primary
10158021-9251-4da5-b157-0f267d09dff5,2020,Leeds Trinity University,L24,10003863,,,,St Philip's Catholic Primary School,108033,Primary
adfe8e26-f2a9-4744-b6d6-7013355dd6dd,2020,The University of Brighton,B72,10000886,,,,St Philip's Catholic Primary School,114569,Primary
d9904a0e-df51-4a71-82e5-90de13eecd6a,2020,Edge Hill University,E42,10007823,,,,St Philip's Church of England Primary School,104902,Primary
a588d097-2e8f-415d-a077-e8e7d6910664,2020,The Manchester Metropolitan University,M40,10004180,,,,St Philip's Church of England Primary School,105509,Primary
7e2eadd1-bc3c-4ad6-822b-7b0246fa584d,2020,Edge Hill University,E42,10007823,,,,"St Philip's CofE Primary School, Atherton",106515,Primary
635ebc7f-93df-4b5c-b1ff-4b594d06e535,2020,Bradford College,B60,10000840,,,,St Piran's School,110126,Primary
4e844578-d227-4eb0-9506-007c37eeafb4,2020,University of Cumbria,C99,10007842,,,,St Pius X Catholic Primary School,112365,Primary
9a3b765f-77db-45b1-8f0f-b5f6d03095c0,2020,Edge Hill University,E42,10007823,,,,St Pius X Preparatory School,119822,Primary
5a965228-5d25-41a0-8fd4-350dece696a1,2020,Newman University,N36,10007832,,,,Straits Primary School,103827,Primary
cc3c5b1b-2fdd-43dd-b336-dd6f409d63a5,2020,Roehampton University,R48,10007776,,,,Strand-on-the-Green Infant and Nursery School,102504,Primary
0333cdec-e8e7-45f2-bc41-fa298900feb6,2020,University of Durham,D86,10007143,,,,Stranton Primary School,139884,Primary
ea1ef8f8-facd-486e-8065-40c1e655267c,2020,St Mary's University,S64,10007843,,,,St Raphael's Catholic Primary School,101925,Primary
9a38422e-512d-48ea-8507-d0269afb7910,2020,The Manchester Metropolitan University,M40,10004180,,,,St Raphael's Catholic Primary School,106242,Mathematics
afc98123-7c95-4ae7-915b-be2fa5bd3255,2020,The Manchester Metropolitan University,M40,10004180,,,,St Raphael's Catholic Primary School,106242,Primary
1be23567-addd-4a0b-af13-49623e826c94,2020,University of East London,E28,10007144,,,,Stratford Manor Primary School & Nursery,102729,Primary
51838642-53db-498b-b71d-3ee3c8d418a8,2020,University of Gloucestershire,G50,10007145,,,,Stratford-Upon-Avon Primary School,142581,Primary
5c2f1305-c7c1-483d-8f9f-e49ef55c1f17,2020,University Of Plymouth,P60,10007801,,,,Stratton Primary School,111983,Primary
7b1e90dd-536e-4834-9ca5-b8a6ff63a11c,2020,Leeds Beckett University,L27,10003861,,,,"Streethouse Junior, Infant and Nursery School",108195,Primary
863052bc-26d2-4805-9c42-c824ee031586,2020,Lincoln Bishop University,B38,10007811,,,,Street Lane Primary School,145251,Primary
29c4a3ea-09c0-4760-b779-0c1422e7a117,2020,Birmingham City University,B25,10007140,,,,Streetsbrook Infant and Early Years Academy,142979,Primary
a50ad601-18cc-4d7f-a84b-fa1b42245b0e,2020,University of Wolverhampton,W75,10007166,,,,St Regis Church of England Academy,147113,Primary
661487b2-fb8d-4b0d-9413-28da4be24233,2020,Edge Hill University,E42,10007823,,,,Stretford High School,106370,Mathematics
d5cf526a-4986-4b39-81f9-0a879d264b16,2020,Liverpool Hope University,L46,10003956,,,,Stretton St Matthew's CofE Primary School,111382,Primary
9f6dad87-0e90-4daf-b3ce-7ce56ea99b27,2020,University of Chester,C55,10007848,,,,Stretton Sugwas CofE Academy,138055,Primary
57935505-bf46-4cdd-ac9f-a3cc38e0e129,2020,University of Worcester,W80,10007139,,,,Stretton Sugwas CofE Academy,138055,Primary
250a6d92-21e1-4f13-9041-f3e01df57397,2020,The University of Brighton,B72,10000886,St Richard's Catholic College,114612,school,St Richard's Catholic College,114612,Mathematics
4451cf01-1cab-4d40-a1e3-7e8c47099774,2020,The University of Brighton,B72,10000886,,,,St Richard's Catholic College,114612,Physical education
8fef4595-4b18-44b4-9a48-d3651bb4575a,2020,University of Sussex,S90,10007806,St Richard's Catholic College,114612,school,St Richard's Catholic College,114612,Modern languages
df618005-c7c3-4972-a8d1-b397f87b4363,2020,Edge Hill University,E42,10007823,,,,"St Richard's Catholic Primary School, Skelmersdale",119684,Primary
bb47997e-27d7-41a2-a671-007e68d2d007,2020,St Mary's University,S64,10007843,,,,St Richard's Church of England Primary School,102907,Primary
24b65d39-70e6-4f07-8757-c9b9ea4e20d9,2020,St Mary's University,S64,10007843,,,,St Richard's Church of England Primary School,146474,Primary
fb6c84a9-aa0f-43b4-af74-211beb3f0b2a,2020,Middlesex University,M80,10004351,,,,St Saviour's Church of England Primary School,144239,Primary
e3cdeb57-ed5e-4506-a2ce-ae1e2f94f158,2020,University of East London,E28,10007144,,,,St Saviour's Church of England Primary School,100961,Primary
1c6d037d-c9cb-4e03-8ad6-be57f4f7693b,2020,Birmingham City University,B25,10007140,,,,St Saviour's C of E Primary School,103406,Primary
8a5294d7-43c0-4d3f-87e2-d4e0fbc1bbe4,2020,Coventry University,C85,10001726,,,,St Saviour's C of E Primary School,103406,Primary
1ba102b7-7cba-4365-a94d-88c0b7d26ca8,2020,Roehampton University,R48,10007776,,,,St Saviour's CofE Primary School,101141,Primary
49cc27a7-67fe-4907-9f88-70d9014a2a68,2020,Edge Hill University,E42,10007823,,,,St Sebastian's Catholic Primary School and Nursery,104664,Primary
0162329b-9bf7-422f-a40b-ffaf92da86cd,2020,Liverpool Hope University,L46,10003956,,,,St Sebastian's Catholic Primary School and Nursery,104664,Primary
724dc7cf-8777-4f69-a496-59a199fc2725,2020,Edge Hill University,E42,10007823,,,,St Silas's CofE Primary School,146541,Primary
83ff4eec-b96a-48b6-9c24-c043fcc6ea4a,2020,Leeds Beckett University,L27,10003861,,,,St Silas's CofE Primary School,132045,Primary
7436d0a2-1d3d-49ee-a277-0c51e5caf57c,2020,Birmingham City University,B25,10007140,,,,St Simon and St Jude CofE Primary School,139200,Primary
bbceba21-ce46-4646-88d5-47b016415317,2020,Canterbury Christ Church University,C10,10001143,,,,St Simon Stock Catholic School,140537,Mathematics
7cb425e2-2429-47ae-a9e6-6408eb860bfd,2020,St Mary's University,S64,10007843,,,,St Stephen's C E Primary School,102915,Primary
0a4818ab-02d4-4859-9a2f-2b821b411f67,2020,Birmingham City University,B25,10007140,,,,St Stephen's Church of England Primary School,144251,Primary
f9f7a861-3853-458d-ad97-a9e18f3c691b,2020,Canterbury Christ Church University,C10,10001143,,,,St Stephen's CofE Primary School,144939,Primary
137de9a8-9513-465a-ae4e-75866341fe56,2020,St Mary's University,S64,10007843,,,,St Stephen's CofE Primary School,100353,Primary
cf51ea98-17e1-4f39-bc36-159fea18f0ce,2020,The University of Brighton,B72,10000886,,,,St Stephen's CofE Primary School,144939,Primary
2667427a-0099-4492-9850-22668a2173d8,2020,Edge Hill University,E42,10007823,,,,St Stephen's CofE School,119358,Primary
d878772a-8da7-47ea-989d-024f1bf32575,2020,University Of Plymouth,P60,10007801,,,,St Stephens Community Academy,140513,Primary
ea077ab8-3813-4523-9408-04b257b8c9c7,2020,Bath Spa University,B20,10000571,,,,St Stephen's Infant School,109046,Early years ITT
4a314f55-8187-4583-8bb1-054b0965baf2,2020,Canterbury Christ Church University,C10,10001143,,,,St Stephen's Infant School,148501,Mathematics
509c1881-d6e6-4865-9d12-c77f38cae8b8,2020,Canterbury Christ Church University,C10,10001143,,,,St Stephen's Infant School,148501,Primary
739731c9-b3b0-4bb0-a804-a41462b814bc,2020,Plymouth Marjon University,P63,10037449,,,,St Stephens (Saltash) Community Primary School & Nursery,111966,Early years ITT
77591b16-a8fe-433a-8eb6-9f6305ae3383,2020,Plymouth Marjon University,P63,10037449,,,,St Stephens (Saltash) Community Primary School & Nursery,111966,Primary
85bab549-659b-4609-b154-534db042cb3d,2020,University Of Plymouth,P60,10007801,,,,St Stephens (Saltash) Community Primary School & Nursery,111966,Primary
326c1149-f685-42af-99c0-fcf99fa8df8a,2020,Oxford Brookes University,O66,10004930,,,,St Swithun's CofE Primary School,123177,Primary
b6a320c1-9f33-4b78-818c-905d97e9056f,2020,Brunel University London,B84,10000961,,,,St Swithun Wells Catholic Primary School,102421,Primary
17a42072-ebb4-464d-919a-672179b38d6c,2020,St Mary's University,S64,10007843,,,,St Swithun Wells Catholic Primary School,102421,Primary
74834618-b5de-4be7-a5ce-a4d6fa497247,2020,University of Winchester,W76,10003614,,,,"St Swithun Wells Catholic Primary School, Chandlers Ford",116383,Primary
22e03830-30b5-4d4c-8d1d-6c6691561247,2020,Liverpool Hope University,L46,10003956,,,,St Teresa of Lisieux Catholic Primary School,136686,Primary
d563566b-d603-4d02-831a-e128ecee722d,2020,University of Reading,R12,10007802,,,,St Teresa's Catholic Academy,144455,Primary
ff2462f8-c4bd-446a-997c-38712fd9a7b0,2020,Newman University,N36,10007832,,,,St Teresa's Catholic Primary School,103456,Primary
6c8c076c-268c-4fc3-ab62-04ce07908231,2020,Liverpool Hope University,L46,10003956,,,,"St Teresa's Catholic Primary School, Devon Street",104807,Primary
50146e96-c1d3-42bb-9fd5-118d533433d5,2020,University of Durham,D86,10007143,,,,"St Teresa's Catholic Primary School, Hartlepool",148367,Primary
24c00b90-b32a-471e-8405-7881322e3e1e,2020,University of Sunderland,S84,10007159,,,,"St Teresa's Catholic Primary School, Hartlepool",148367,Primary
7f045489-1d7d-4b82-9539-d9c2a4a01d5b,2020,Edge Hill University,E42,10007823,,,,St Teresa's RC Primary School,105247,Primary
77bda22e-75c3-4857-a60f-a830e8d57a25,2020,Liverpool Hope University,L46,10003956,,,,St Theresa's Catholic Primary School,104823,Primary
2aff8a92-ab74-4c73-9163-098ee44b59ca,2020,Liverpool Hope University,L46,10003956,,,,St Theresa's Catholic Primary School,111388,Primary
5b15ff07-d4ba-4990-acf2-db74d70a2c0a,2020,The Manchester Metropolitan University,M40,10004180,,,,St. Theresa's RC Primary School,136825,Mathematics
75a81de8-c08c-4932-afd7-af79b065ac29,2020,University of Greenwich,G70,10007146,,,,St Thomas A Becket Roman Catholic Primary School,100177,Primary
4f3134ac-5689-4ecc-b5db-45487ad254b1,2020,University of Chester,C55,10007848,,,,St Thomas and St Anne CofE Primary School,123525,Primary
0b9c29d9-3a45-4d06-84bf-89ad409d3e9f,2020,Staffordshire University,S72,10006299,,,,St Thomas Aquinas Catholic Primary School,140805,Primary
cea5a7d2-8c78-41c2-bf68-6dd83ff221c2,2020,The Manchester Metropolitan University,M40,10004180,,,,St Thomas Aquinas Catholic Primary School,140805,Primary
ad9af471-fea8-4087-858f-d2bc6a271b13,2020,Newman University,N36,10007832,,,,St Thomas Aquinas Catholic School,141835,Religious education
48aa2b39-c5f4-40f8-b5b1-a4e5c7938e67,2020,St Mary's University,S64,10007843,,,,St Thomas Becket Catholic Primary School,138612,Primary
727adb9d-e043-45b1-8b0a-05e0a1673227,2020,Coventry University,C85,10001726,,,,St Thomas Becket Catholic School,142747,Physics
fe27739a-3d67-4986-a421-2446d5f373fe,2020,Canterbury Christ Church University,C10,10001143,,,,"St Thomas' Catholic Primary School, Sevenoaks",141157,Primary
f34c67ed-bc7a-404a-9297-89bff9a23477,2020,St Mary's University,S64,10007843,,,,"St Thomas' Catholic Primary School, Sevenoaks",141157,Primary
dfb84c36-8997-477c-85ce-6d67b34c740d,2020,University of Derby,D39,10007851,,,,St Thomas Catholic Voluntary Academy,146145,Primary
ff12c829-9e05-4c3a-983f-78fcfbf1fd5e,2020,Leeds Trinity University,L24,10003863,,,,St Thomas CE (VC) Primary School,136109,Primary
37ccefa2-db55-41c4-bb5f-717897ae7fd8,2020,University of Winchester,W76,10003614,,,,"St Thomas' Church of England Infant School, Woolton Hill",116328,Primary
a0afa8f8-85ab-4863-a6c3-80eded131f0e,2020,The Manchester Metropolitan University,M40,10004180,,,,St Thomas' Church of England Primary School,105824,Primary
a7111d57-6a18-451b-be70-f14104f91058,2020,Edge Hill University,E42,10007823,,,,"St Thomas Church of England Primary School, Lydiate",145096,Primary
7f5a1b6c-b906-4a70-a199-4bbaa51433df,2020,Edge Hill University,E42,10007823,,,,St Thomas CofE Junior and Infant School,106487,Primary
b29c6da7-c9bb-487d-be84-5a97403bbda2,2020,Staffordshire University,S72,10006299,,,,St Thomas' CofE Primary Academy,148401,Primary
e1d2d1f4-8345-4670-a972-55125690e72f,2020,Edge Hill University,E42,10007823,,,,St Thomas CofE Primary School,105234,Primary
8ed5b8c3-a99b-4dbb-94a8-c0ff0da5030a,2020,Edge Hill University,E42,10007823,,,,St Thomas CofE Primary School,106465,Primary
81b6d5d9-32dc-45c9-8728-31fe54f5c9ec,2020,The Manchester Metropolitan University,M40,10004180,,,,St Thomas CofE Primary School,105698,Primary
cf1dbdc6-4bc3-49ee-997f-a4f16aa2a69b,2020,Edge Hill University,E42,10007823,,,,"St Thomas' CofE Primary School, Leigh",106448,Primary
bb76df5a-4899-4ed8-965f-021bf373f63a,2020,Birmingham City University,B25,10007140,,,,St Thomas More Catholic First School,147714,Primary
01c04e8e-bc2b-4e59-b06d-b428a9766fb4,2020,Newman University,N36,10007832,,,,St Thomas More Catholic Primary School,147017,Primary
ac6d5a70-134f-4ffa-bca0-a3f8b2c1fd5d,2020,University of Wolverhampton,W75,10007166,,,,St Thomas More Catholic Primary School,124376,Primary
22b4ab9c-b2e7-46b2-a3ec-51928a787fb3,2020,Coventry University,C85,10001726,,,,St Thomas More Catholic School and Sixth Form College,141836,Chemistry
6a41fe95-5ed8-4b63-8e8f-352050d56a2a,2020,Coventry University,C85,10001726,,,,St Thomas More Catholic School and Sixth Form College,141836,Mathematics
d5ac103b-5268-4a8a-823f-07d549096f52,2020,University of Wolverhampton,W75,10007166,,,,"St Thomas More Catholic School, Willenhall",104259,Primary
fb8067b5-cef0-47f0-83f6-17e0731a51b9,2020,University of Durham,D86,10007143,,,,St Thomas More RC Primary School,142376,Primary
5cec3501-2c0d-4d1a-8c74-78b9b00d1133,2020,University of Sunderland,S84,10007159,,,,St Thomas More RC Primary School,142376,Primary
8c6fa60c-da4d-46c4-9d3a-5ceae4063bb5,2020,Canterbury Christ Church University,C10,10001143,,,,St Thomas More Roman Catholic Primary School,118769,Primary
15a1d7d4-0fe1-41a2-859b-26f767e61516,2020,Coventry University,C85,10001726,,,,St Thomas of Canterbury Catholic Primary School,133774,Primary
633d08ac-d381-4f99-8704-acddffb9494e,2020,Edge Hill University,E42,10007823,,,,St Thomas of Canterbury Catholic Primary School,104809,Early years ITT
264ad5d1-97c7-47aa-9a11-1ef4b0906e2e,2020,University of Chichester,C58,10007137,,,,St Thomas of Canterbury Catholic Primary School,118199,Primary
81dd6932-1abd-479e-80ca-b82c7741ce6a,2020,Sheffield Hallam University,S21,10005790,,,,"St Thomas of Canterbury School, a Catholic Voluntary Academy",138828,Primary
3ae7f9e0-477b-4c21-b516-d566f286171c,2020,University of Cumbria,C99,10007842,,,,St Thomas's CofE Primary School,112322,Primary
6e59b7a2-d4a5-48a8-87d3-4dfd1cb8ca23,2020,Edge Hill University,E42,10007823,,,,St Thomas the Martyr Voluntary Aided Church of England Primary School,119495,Primary
781b63ca-1a98-4219-bc1e-debfeeea88ff,2020,University Of Plymouth,P60,10007801,,,,Stuart Road Primary Academy,144844,Primary
47605b82-fcb4-492d-82fa-bc98160fd2c1,2020,University Of Plymouth,P60,10007801,,,,Stuart Road Primary School,113288,Primary
a8fdfdd8-a241-42f7-968b-b126743438ef,2020,University of Sunderland,S84,10007159,,,,Studio West,140965,Physical education
503cab1e-8b6a-45e4-821a-0a79fc74862b,2020,University of Worcester,W80,10007139,,,,Studley St Mary's CofE Academy,141000,Primary
2098a36f-713b-4fe1-90ee-8918a6b28db1,2020,Leeds Trinity University,L24,10003863,,,,"St Urban's Catholic Primary School, a Voluntary Academy",147483,Primary
e472e63e-de79-4969-9fad-a807cc419cde,2020,Canterbury Christ Church University,C10,10001143,,,,Sturry Church of England Primary School,138738,Primary
689c70de-6c45-43fa-a32c-6ecfd8dea821,2020,The University of Brighton,B72,10000886,,,,Sturry Church of England Primary School,138738,Mathematics
e577b453-609a-4532-aa5e-8c289e3c8158,2020,Lincoln Bishop University,B38,10007811,,,,Sturton by Stow Primary School,120478,Primary
f223b44f-f7ad-40d2-a05b-4cf583056b1a,2020,Edge Hill University,E42,10007823,,,,"St Veronica's Roman Catholic Primary School, Helmshore",119589,Primary
fb1f09ee-45ca-48a3-9584-c819dffff2c6,2020,Edge Hill University,E42,10007823,,,,St Vincent de Paul Catholic Primary School,104667,Primary
50bd6be4-2607-4b12-8971-fe947f15f6e1,2020,Liverpool Hope University,L46,10003956,,,,St Vincent de Paul Catholic Primary School,104667,Primary
a7bdd43b-e5af-4e7d-9f79-53326060293d,2020,Liverpool John Moores University,L51,10003957,,,,St Vincent de Paul Catholic Primary School,104667,Primary
afe7e0dd-f3f0-4bbf-a344-281f2ea2dca6,2020,Roehampton University,R48,10007776,,,,St Vincent De Paul Catholic Primary School,101144,Primary
da38bfb8-5450-42c6-8a91-231656177df2,2020,St Mary's University,S64,10007843,,,,St Vincent De Paul Catholic Primary School,101144,Primary
9ce80635-d0f9-4f60-85dc-4c56611f3eea,2020,Edge Hill University,E42,10007823,,,,St Vincent's Catholic Primary School,111376,Primary
8af75811-413d-43ff-89cd-94185b3ece69,2020,University of Winchester,W76,10003614,,,,St Vincent's Catholic Primary School,101926,Primary
d995d0a8-ea21-4cee-ad95-58feaaf8d04e,2020,Liverpool Hope University,L46,10003956,,,,St Vincent's School - A Specialist School for Sensory Impairment and Other Needs,104734,History
0ee443f0-e736-4410-b6d9-5424861db0cb,2020,University of Hull,H72,10007149,,,,St Vincent's Voluntary Catholic Academy,140848,Primary
578b7dbe-cf06-4ee1-900b-46c2d8eeebc0,2020,University of Chester,C55,10007848,,,,St Werburgh's and St Columba's Catholic Primary School,111384,Primary
635ffddb-e717-4dfe-ba13-79f02cc05ecd,2020,Keele and North Staffordshire Teacher Education,24J,10060817,Blackfriars Academy,141448,school,St Werburgh's CE (A) Primary School,141837,Primary
aaf23f6e-24e2-42d8-9f92-c7d54424cfaf,2020,University of Derby,D39,10007851,,,,St Werburgh's CofE Primary School,147490,Primary
e1c5f06a-f2cb-4351-a76a-f60d299ee338,2020,Birmingham City University,B25,10007140,,,,St Wilfrid's Catholic Junior and Infant School,148083,Primary
648bf3de-9cf0-454f-af03-2fcc25965848,2020,Newman University,N36,10007832,,,,St Wilfrid's Catholic Junior and Infant School,148083,Primary
a6be22c8-5003-4968-b7ad-db1190bc9055,2020,Edge Hill University,E42,10007823,,,,St Wilfrid's Catholic Primary School,111461,Primary
4f62d54d-55b3-4d40-9867-7915c7f44641,2020,Leeds Trinity University,L24,10003863,,,,St Wilfrid's Catholic Primary School,138830,Primary
bd444224-15e7-4ebe-a82e-6d83d0ceecc4,2020,Sheffield Hallam University,S21,10005790,,,,St Wilfrid's Catholic Primary School,138830,Primary
3d6be449-c86c-466d-96de-1bd4d7572aea,2020,University of Chester,C55,10007848,,,,St Wilfrid's Catholic Primary School,111461,Primary
f6a79910-4416-47e4-bed8-2d2149acc73b,2020,University of Northumbria at Newcastle,N77,10001282,,,,St Wilfrid's Catholic Primary School,148282,Primary
70323427-a25c-45eb-93ca-e0d421110749,2020,Edge Hill University,E42,10007823,,,,St Wilfrids Catholic Primary School,106509,Primary
729a1094-7718-4a89-9e00-19809d59ce0d,2020,University of Chichester,C58,10007137,,,,St Wilfrids Catholic Primary School,149292,Primary
14f4bed3-60f1-41d8-974c-d5ebd349ba6d,2020,St Mary's University,S64,10007843,,,,"St Wilfrid's Catholic Primary School, Burgess Hill",126061,Primary
d40afb9c-5560-4b6b-b22a-58ba3b174508,2020,The University of Brighton,B72,10000886,,,,"St Wilfrid's Catholic Primary School, Burgess Hill",126061,Primary
e8227779-f702-42b4-9ca3-fed186f114c1,2020,University of Sussex,S90,10007806,St Paul's Catholic College,126101,school,"St Wilfrid's Catholic Primary School, Burgess Hill",126061,Primary
4c1666f2-2274-4485-af3a-7fdf4fb2f2ad,2020,Edge Hill University,E42,10007823,,,,St Wilfrid's Cof E Primary School,119529,Primary
32124176-7c90-4312-b9ad-1e8358b55726,2020,Nottingham Trent University,N91,10004797,,,,St Wilfrid's CofE Primary School,122752,Primary
fb741819-76f9-439f-ac32-690e15465c5e,2020,The University of Brighton,B72,10000886,,,,St Wilfrid's CofE Primary School,149129,Mathematics
6b3271ac-1f47-46bb-8517-dbd814f33072,2020,University of Sunderland,S84,10007159,,,,St Wilfrid's Roman Catholic Voluntary Aided Primary School,108400,Primary
6543f4d5-a4df-4bc6-95e7-6422f5e9e8fc,2020,Edge Hill University,E42,10007823,,,,St William of York Catholic Primary School,105226,Primary
adf440a5-171f-463e-8401-622df746eea0,2020,Edge Hill University,E42,10007823,,,,St William's Catholic Primary School,106497,Primary
6125087c-0278-4333-b536-cbb29b2189de,2020,Bradford College,B60,10000840,,,,"St William's Catholic Primary School, A Voluntary Academy",148102,Primary
6d982f89-a67d-4021-a66c-cef1b6d80e4e,2020,Leeds Trinity University,L24,10003863,,,,"St William's Catholic Primary School, A Voluntary Academy",148102,Primary
f2b7da79-63cd-46e6-b33b-a67ce1cb133e,2020,The University Of East Anglia,E14,10007789,,,,St William's Primary School,120859,Primary
08aee3db-70e3-4747-b870-0a4379b1db2b,2020,The Manchester Metropolitan University,M40,10004180,,,,St Willibrord's RC Primary School,105540,Primary
e2a05fa5-234d-4282-af44-612ee38c28ae,2020,University of Chester,C55,10007848,,,,St Winefride's Catholic Primary School,111313,Primary
b2e66d42-6336-4d84-ac3a-27849b6cf7c9,2020,Middlesex University,M80,10004351,,,,St Winefride's RC Primary School,148972,Primary
cf2de628-79e5-4696-8cbc-f10cd632dd4d,2020,University of Cumbria,C99,10007842,,,,St Wulstan's and St Edmund's Catholic Academy,149263,Primary
d7b3d751-48c4-4dce-bd38-84d1ffc2d0b0,2020,University of Cumbria,C99,10007842,,,,St Wulstan's and St Edmund's Catholic Primary School and Nursery,119624,Primary
e42fb269-d880-47bc-9fbb-2afffd4f2233,2020,University of Worcester,W80,10007139,,,,St Wulstan's Catholic Primary School,141444,Primary
ef7ed5f4-286b-4463-bbe1-6ef72146a526,2020,Middlesex University,M80,10004351,,,,Sudbury Primary School,138608,Primary
222f76e9-488a-4ce9-a31a-993a9c023cf9,2020,St Mary's University,S64,10007843,,,,Sudbury Primary School,138608,Primary
503a5abf-391b-41f1-bc82-cc7dd2486ca7,2020,Liverpool Hope University,L46,10003956,,,,Sudley Infant School,104580,Primary
d7c16f5b-7667-4332-b9f0-dd5dacc8331e,2020,Two Mile Ash ITT Partnership,T89,10059102,,,,Summerfield School,110385,Primary
e24dde39-d18d-4b52-b208-13283b5617c2,2020,Birmingham City University,B25,10007140,,,,Summerhill Primary Academy,143322,Primary
ae0769a9-0663-4470-a42a-74cd881a7b7f,2020,Haybridge SCITT,2B3,10034167,,,,Summerhill Primary Academy,143322,Primary
3a450f77-7374-49e8-aa1c-bbf0b059e5c1,2020,Newman University,N36,10007832,,,,Summerhill Primary Academy,143322,Primary
d73fe422-d67c-46c3-9abc-75810a382494,2020,University of Wolverhampton,W75,10007166,,,,Summerhill Primary Academy,143322,Primary
1531be6e-b299-4732-8e6b-885fc8f0b1e4,2020,University of Worcester,W80,10007139,,,,Summerhill Primary Academy,143322,Primary
2328c92b-d76d-427e-93cf-9be9fe18c98b,2020,Edge Hill University,E42,10007823,,,,Summerhill Primary School,104882,Primary
26d0ec2a-ad6a-485c-af6b-37470d372421,2020,York St John University,Y75,10007713,,,,Summer Lane Primary,131459,Primary
005dc95f-0732-4e04-80a6-e64bc7d846cf,2020,Edge Hill University,E42,10007823,,,,Summerseat Methodist Primary School,148325,Primary
0353dd1f-d420-4934-b870-1f1620bafc04,2020,The Manchester Metropolitan University,M40,10004180,,,,Summerville Primary School,105889,Primary
f6e774b8-356f-41ca-b808-d8c769ce6cfc,2020,Staffordshire University,S72,10006299,,,,Sun Academy Bradwell,142194,Primary
cb3f0775-b47e-4dac-b413-4182075ee4a1,2020,University of Chester,C55,10007848,,,,Sundorne Infant School and Nursery,123395,Primary
79d972d1-b2eb-47a1-a4ab-b5cf0fd4f2e0,2020,University of Winchester,W76,10003614,,,,Sun Hill Junior School,144882,Primary
ef8d975a-04a9-4a96-923f-df347c0b18c3,2020,University of Northumbria at Newcastle,N77,10001282,,,,Sunningdale School,108882,Primary
34a23615-41d2-4acf-b159-e0b85b9d387c,2020,Oxford Brookes University,O66,10004930,,,,Sunningwell Church of England Primary School,123161,Primary
74e787c6-999f-4c12-a281-61bb94d677de,2020,The Manchester Metropolitan University,M40,10004180,,,,Sunny Brow Nursery School,105760,Primary
959e9853-6d25-4e83-9415-083d26e36b28,2020,University of Sunderland,S84,10007159,,,,Sunnybrow Primary School,114060,Primary
c2ec9963-b9f5-4592-b68f-73f69b41f39e,2020,Roehampton University,R48,10007776,,,,Sunnyhill Primary School,100585,Primary
d1f71ef4-8ae5-4e0d-8847-5e7c1a32cbab,2020,University of Derby,D39,10007851,,,,Sunnyside Spencer Academy,140613,Primary
fe76db94-98f4-4f69-9b3a-1056d7f98f71,2020,University of Wolverhampton,W75,10007166,,,,Sunshine Infant and Nursery School,104145,Primary
a37afefe-f2de-4d89-b503-7761cbb41031,2020,University of Greenwich,G70,10007146,,,,Sussex Road Community Primary School,118286,Primary
dc2f1337-aebf-4c7c-a50f-9144adfd6603,2020,Lincoln Bishop University,B38,10007811,,,,Sutton-Cum-Lound CofE School,122809,Primary
94064770-479f-47b0-8b17-a5aa1df2dd7d,2020,Leeds Trinity University,L24,10003863,,,,Sutton-in-Craven Community Primary School,121420,Primary
82656139-d0eb-4318-8cd4-e87b44b15f90,2020,York St John University,Y75,10007713,,,,Sutton on the Forest Church of England Voluntary Controlled Primary School,121518,Primary
7a093feb-f2f1-426a-8d0f-01c3bc60966e,2020,Lincoln Bishop University,B38,10007811,,,,Sutton-On-Trent Primary and Nursery School,122678,Primary
c24d2329-08fc-4df8-a54e-7637407f404c,2020,Haybridge SCITT,2B3,10034167,,,,Sutton Park Primary School,146749,Primary
b526d420-a746-43bf-a174-0f586ebc7fdc,2020,York St John University,Y75,10007713,,,,Sutton Park Primary School,139513,Primary
6632d2f5-78aa-4347-9954-4c357320192e,2020,Lincoln Bishop University,B38,10007811,,,,Sutton Road Primary School,133277,Primary
a40a35e3-ccea-46ce-a151-c53b1e8677e0,2020,Canterbury Christ Church University,C10,10001143,,,,Swalecliffe Community Primary School,118558,Primary
1d11503e-cb68-4c6a-abf3-8a4a42d2c7ab,2020,University of Hertfordshire,H36,10007147,,,,Swallow Dell Primary and Nursery School,133488,Primary
05fbfdd2-7439-4cef-8512-e65632e7b665,2020,University of Northumbria at Newcastle,N77,10001282,,,,Swalwell Primary School,108342,Primary
22187f9d-9e44-46d3-8b55-1958d390ca07,2020,Birmingham City University,B25,10007140,,,,Swanshurst School,103514,Computing
b53feb09-3c67-445b-93fd-8d26db3fb64c,2020,Leeds Beckett University,L27,10003861,,,,Swarcliffe Primary School,107944,Primary
55bd7960-55e1-41f1-9eb2-32b5a78bd51d,2020,University of Southampton,S27,10007158,,,,Swaythling Primary School,116109,Primary
240c3ba3-6e23-45e4-b2fc-bbdf3b668516,2020,Leeds Trinity University,L24,10003863,,,,Swillington Primary School,143239,Primary
cfea85ea-7e07-499a-82bb-207c4a272d59,2020,University of Gloucestershire,G50,10007145,,,,Swindon Village Primary School,115744,Primary
ba4eede3-102a-4ce2-a4f1-43162935a67e,2020,York St John University,Y75,10007713,,,,Swinemoor Primary School,132209,Primary
3f4dbeeb-7975-47dc-809e-3a255788b179,2020,Leeds Beckett University,L27,10003861,,,,Swinnow Primary School,107979,Primary
9a958bd7-dc3a-43a2-877a-cf76d00d0d99,2020,Leeds Trinity University,L24,10003863,,,,Swinnow Primary School,107979,Primary
f873e1d6-42c8-48bf-8e78-6a699b8e3805,2020,Sheffield Hallam University,S21,10005790,,,,Swinton Fitzwilliam Primary School,143652,Primary
4de5ae24-64d0-4a7e-8581-c7f15f050b6d,2020,Sheffield Hallam University,S21,10005790,,,,Swinton Queen Primary School,143321,Primary
4a87d6dc-7418-4e03-8650-0ccb848a97b6,2020,The University of Brighton,B72,10000886,,,,Swiss Gardens Primary School,125914,Mathematics
8d75e2c9-6595-4b02-868b-cbd3eb817ea6,2020,The University of Brighton,B72,10000886,,,,Swiss Gardens Primary School,125914,Primary
190342f2-6a49-4416-8cdf-c067d40f65a8,2020,Haybridge SCITT,2B3,10034167,,,,Sytchampton Endowed Primary School,116916,Primary
c0477877-1076-47e2-86e1-bce8ba40d015,2020,Kingston University,K84,10003678,,,,Sythwood Primary and Nursery School,140509,Primary
5df81689-4375-44fb-b344-9f30279e8acb,2020,The University of Northampton,N38,10007138,,,,Sywell Church of England Primary School,148312,Primary
5cd2a740-580a-401f-aed4-00f01476fabe,2020,The University Of East Anglia,E14,10007789,,,,Tacolneston Church of England Primary,121060,Primary
5a1c005a-b534-45dc-888c-5d7ba4dfc17d,2020,University of Winchester,W76,10003614,,,,Tadley Community Primary School,115952,Primary
c78755f7-153b-445d-9404-25a4535df1c6,2020,St Mary's University,S64,10007843,,,,Tadworth Primary School,125296,Primary
65d14fb5-e941-4e27-a56b-a3695dbaa30d,2020,University of Winchester,W76,10003614,,,,Talavera Junior School,116149,Primary
d8f2a977-c135-435f-a480-2ae78e726266,2020,"University of the West of England, Bristol",B80,10007164,,,,Talbot Primary School,144874,Primary
20cfca2c-88d8-4595-a5cc-3facc7d4131f,2020,Sheffield Hallam University,S21,10005790,,,,Talbot Specialist School,107178,Primary
daaca6db-0909-437e-b3fb-67d49fa5a3b1,2020,Birmingham City University,B25,10007140,,,,Tameside Primary Academy,146358,Primary
1e70c741-5e03-44ae-9c0c-9cee20cb677d,2020,University of Wolverhampton,W75,10007166,,,,Tame Valley Academy,139011,Primary
3b081df5-df60-4faa-885d-3e039381eefa,2020,Coventry University,C85,10001726,Millais School,126066,school,Tanbridge House School,126064,Mathematics
24147068-0aeb-4cc5-85d8-aca92ed99970,2020,The University of Brighton,B72,10000886,,,,Tanbridge House School,126064,Physical education
0e1bdf08-d6fa-4e4f-897b-4929e0899c04,2020,University of Durham,D86,10007143,,,,Tanfield Lea Community Primary School,131545,Primary
0ead37bf-282e-4651-83de-1ce7ca5508cf,2020,University of Chichester,C58,10007137,,,,Tangmere Primary Academy,138049,Primary
089e82fa-74cd-4a43-9c31-bf885e1e1768,2020,Birmingham City University,B25,10007140,,,,Tardebigge CofE First School,116917,Primary
6dd8fc61-8169-4a43-9261-696cc559ced7,2020,Newman University,N36,10007832,,,,Tardebigge CofE First School,116917,Primary
a1acf0ec-1564-41ef-b12e-81e8cf9ebdeb,2020,Edge Hill University,E42,10007823,,,,Tarleton Holy Trinity CofE Primary School,119573,Primary
baace4b4-9ec7-42bb-85c5-e8f6a81227ad,2020,University of Chester,C55,10007848,,,,Tarporley CofE Primary School,111260,Primary
3dfc75d4-bf68-45db-b3f3-a5d3796fafdb,2020,University of Chester,C55,10007848,,,,Tarvin Primary School,111110,Primary
592397ca-252a-482e-9bbe-18adcef3896d,2020,University of Chester,C55,10007848,,,,Tarvin Primary School,147995,Primary
bdf25e76-8ef7-40af-b792-d012b05bd614,2020,University of Chester,C55,10007848,,,,Tattenhall Park Primary School,111108,Primary
c68afb3c-a96d-44c0-9afb-76dab0cb5865,2020,Lincoln Bishop University,B38,10007811,,,,Tattershall Primary School,120493,Primary
f5dd0c92-af4c-48e4-8d75-681c24b6fa2a,2020,The University Of East Anglia,E14,10007789,,,,Taverham High School,139487,Biology
4ed941cc-33f8-4cdb-9b23-8d5b2f973cec,2020,The University Of East Anglia,E14,10007789,,,,Taverham High School,139487,English
9c3b2ec6-cfbb-4270-a500-c77525910356,2020,Plymouth Marjon University,P63,10037449,,,,Tavistock College,145336,Physical education
514a0235-cb07-420d-a577-295cd2e16aa1,2020,University Of Exeter,E84,10007792,,,,Tavistock College,145336,Religious education
82ac2f4f-22a4-4eff-8dbe-06ea0c8fbbbc,2020,Coventry University,C85,10001726,,,,Tealby School,120480,Primary
60ed9d04-83c6-4ffc-bea2-07eb17bf85d9,2020,University Of Plymouth,P60,10007801,,,,Tedburn St Mary School,145345,Primary
f15be21b-1e75-4373-89f2-c32c8997e781,2020,University of Sunderland,S84,10007159,,,,Teesville Academy,146887,Primary
7b275774-31c8-4138-891c-e58b73ecb092,2020,University Of Exeter,E84,10007792,,,,Teignmouth Primary School,136493,Primary
81fd2cd7-8959-4423-b198-e58bb2b2eee2,2020,Birmingham City University,B25,10007140,,,,Templars Primary School,103692,Primary
0d803557-4733-4dde-baaa-d3b93f9640fe,2020,University of Worcester,W80,10007139,,,,Temple Grafton CofE Primary School,145712,Primary
2f686c1e-d553-4b51-9e90-d0bb74566c8c,2020,Canterbury Christ Church University,C10,10001143,,,,Temple Sutton Primary School,144694,Primary
a8ee9a2e-115d-4b68-a96e-6449dcbd4798,2020,University of Hertfordshire,H36,10007147,,,,Templewood Primary School,117174,Primary
8da40c6b-c99b-4886-8cb1-9c76b3aae817,2020,University of Worcester,W80,10007139,,,,Tenbury CofE Primary School,142448,Primary
f81bba46-0d1d-45cf-b2cf-b011b0016baa,2020,University College Birmingham,B35,10000712,,,,Tenterfields Primary Academy,143195,Primary
406aab12-4c40-44a6-abe5-41aa0654bbfc,2020,University of Chester,C55,10007848,,,,Terra Nova School,111472,Primary
207ab154-9593-4f44-9705-7d592b089b7a,2020,York St John University,Y75,10007713,,,,Terrington Hall School,121732,Primary
9afe2471-8bcd-472d-8bc2-037cf948065c,2020,University of Southampton,S27,10007158,Noadswood School,137125,school,Testwood School,137315,Biology
c2aabe06-0a1b-4ba5-8370-f68d168bd546,2020,University of Wolverhampton,W75,10007166,,,,Tettenhall Wood School,149227,Primary
b2a3ee9e-7efd-4f51-8287-5abc5b7ac254,2020,York St John University,Y75,10007713,,,,Thackley Primary School,107221,Primary
0e9b126b-e4e0-413d-91d5-913da4bfd871,2020,University of Chichester,C58,10007137,,,,Thakeham Primary School,125856,Primary
d4df9d75-3940-4da6-87cd-74c302088120,2020,The University of Brighton,B72,10000886,,,,Thameside Primary School,138581,Primary
c5c5ff2e-cead-4c31-a599-ad01ae151bff,2020,University of Reading,R12,10007802,,,,Thameside Primary School,109800,Primary
495ceec7-428b-4294-bcbd-713e7e0500b4,2020,Coventry University,C85,10001726,,,,Thames Park Secondary School,147853,Chemistry
e4f59a5f-0bba-4712-98a2-63c4479b47bd,2020,Coventry University,C85,10001726,,,,Thames Park Secondary School,147853,General sciences
1a1648d9-8fea-457f-adb8-891f2e01f370,2020,University of Hull,H72,10007149,,,,Thanet Primary School,144674,Primary
bdc38aa6-7a26-4d21-a32f-d308eb4978b1,2020,The University of Northampton,N38,10007138,,,,The Abbey Primary School,144173,Primary
269ccefa-6137-45dd-8c4e-b99f1e4bdb6e,2020,Leeds Trinity University,L24,10003863,,,,The Academy At St. James,143847,Primary
386a3689-b232-4bca-b1b6-42fd074df902,2020,Edge Hill University,E42,10007823,,,,The Academy of St Nicholas,136119,History
dee395d6-91b6-40c3-871d-ea84f796d453,2020,Canterbury Christ Church University,C10,10001143,,,,The Academy of Woodlands,139493,Mathematics
c20727fc-1dae-4bb1-87a0-931496512199,2020,The Manchester Metropolitan University,M40,10004180,,,,The Albion Academy,146793,Modern languages
747f625a-359f-45cb-8800-cfd181fe4615,2020,Oxford Brookes University,O66,10004930,,,,Theale C.E. Primary School,109980,Primary
85829448-89e9-4da1-94f3-b0eb2aaf4c3e,2020,University of Reading,R12,10007802,,,,Theale C.E. Primary School,109980,Primary
98eceefa-3032-4af1-b753-7fced8808209,2020,University of Gloucestershire,G50,10007145,,,,The Altus School,135330,Primary
f5bd4157-c263-4c04-9468-2edfded2203a,2020,University of Chichester,C58,10007137,,,,The Angmering School,126081,Physical education
bf3ed51f-119f-4d4c-9e06-d20f047a1796,2020,Middlesex University,M80,10004351,,,,The Annunciation Catholic Infant School,101330,Primary
823b75f0-2732-41f0-9e97-3c7e6fcc62df,2020,Bradford College,B60,10000840,,,,The Archbishop's School,118898,English
f68be7f4-bb8e-4c45-817a-ea76ccea6472,2020,University of East London,E28,10007144,,,,The ArtsXchange,141164,English
ae92ca37-2401-4563-9a50-83852a32b7e3,2020,The University of Northampton,N38,10007138,,,,The Avenue Infant School,121871,Primary
0e381c30-954f-4c0a-8684-2af7b93bb0bc,2020,Two Mile Ash ITT Partnership,T89,10059102,,,,The Aylesbury Vale Academy,135879,Primary
5a275167-ec81-4b83-9ac6-d582d7b460a6,2020,The University of Brighton,B72,10000886,,,,The Baird Primary Academy,140493,Primary
dc33dd0a-c2db-4d10-abf2-017cdee34069,2020,The University Of Bolton,8N5,10006841,,,,The Barlow RC High School and Specialist Science College,105581,Computing
1be3f6e0-adf6-493b-b9bc-3a03f7faf147,2020,The University Of Bolton,8N5,10006841,,,,The Barlow RC High School and Specialist Science College,105581,Mathematics
b3320e4d-f263-4a14-a6f7-b9ba7c68d1f3,2020,Edge Hill University,E42,10007823,,,,The Beacon Church of England Primary School,145086,Primary
e844f0c1-6f27-45a8-8a4a-387ffb657f1b,2020,Coventry University,C85,10001726,,,,The Beacon Church of England (VA) Primary School,113430,Business studies
478befd7-c6a1-4bd4-b003-0b96d7cbd515,2020,Coventry University,C85,10001726,,,,The Beacon Church of England (VA) Primary School,113430,Primary
8a43daa1-98cc-478c-a3a7-53ae5ab92181,2020,Canterbury Christ Church University,C10,10001143,,,,The Beacon Folkestone,119044,Primary
97611d29-ee08-4365-98ba-40c4ce96c6eb,2020,Coventry University,C85,10001726,,,,The Beaconsfield School,139367,English
2b2d06b3-b966-49bd-a7fe-956b6c44a54e,2020,Lincoln Bishop University,B38,10007811,,,,The Beeches Primary School,110756,Primary
54ea2f75-2de3-4cb5-93d1-1e17881b8352,2020,University of Chester,C55,10007848,,,,The Berkeley Academy,142235,Primary
172094be-7e3a-427f-9118-4ce5076c36cc,2020,Edge Hill University,E42,10007823,,,,The Blessed Sacrament Catholic Primary School,119604,Primary
1ab04211-ce05-4e1b-a060-45d8b692f50a,2020,Edge Hill University,E42,10007823,,,,"The Blessed Sacrament Catholic Primary School, Preston",149414,Primary
3588af6e-37fe-49f3-b13e-6224c6ebc5cf,2020,Liverpool Hope University,L46,10003956,Liverpool College,139686,school,The Blue Coat School,137916,Classics
9c1ea77d-31f9-4400-81c5-c0fa2bba61ea,2020,St Mary's University,S64,10007843,,,,The Blue School CofE Primary,102523,Primary
2e3a2c34-2260-47bb-a843-78557f642112,2020,Coventry University,C85,10001726,,,,The Bolsover School,138836,Modern languages
3d79e41c-d246-4fc8-bce2-69472ba4d9e1,2020,University of Reading,R12,10007802,Ranelagh School,137267,school,The Brakenhale School,142577,Design and technology
5cf731f9-a5d9-4198-a184-7c0ad5baa923,2020,Coventry University,C85,10001726,,,,The Bramble Academy,141398,Primary
d0735361-43cb-4edb-ae4a-8ee969a9f33f,2020,University of Greenwich,G70,10007146,,,,The Brent Primary School,140592,Primary
5026cbfb-4ed3-44fe-8e5f-3ce8b9bd9da6,2020,University of Wolverhampton,W75,10007166,,,,The Bridge School,144043,Primary
aa5765d8-167f-4d18-b5b4-3d2d8c364fe6,2020,Birmingham City University,B25,10007140,,,,The Brier School,103878,Primary
a89f43fd-ab01-4202-bedf-2202514848e0,2020,University of Wolverhampton,W75,10007166,,,,The Bromley-Pensnett Primary School,141979,Primary
bf209750-0c49-42d4-b5a7-815ca7785904,2020,Coventry University,C85,10001726,,,,The Brooksbank School,137521,Music
5ab1301e-f8ab-4329-a9f8-55b1dbbc46e3,2020,University of Chester,C55,10007848,,,,The Brow Community Primary School,111124,Primary
ff8c2188-6232-4e23-9477-08f0785df91d,2020,University of Wolverhampton,W75,10007166,,,,The Burton Borough School,123574,Computing
68200488-8283-4966-90eb-fb4709850ad8,2020,Lincoln Bishop University,B38,10007811,,,,The Butterwick Pinchbeck's Endowed CofE Primary School,120683,Primary
e87fc345-e6c7-4a72-b080-7094083a9758,2020,Edge Hill University,E42,10007823,,,,The Byrchall High School,138699,Biology
df048daa-e194-436f-af36-8529fc5b5ea8,2020,Edge Hill University,E42,10007823,,,,The Byrchall High School,138699,English
53bdbf9a-57b6-4c74-9bc1-c861d3feaa06,2020,Edge Hill University,E42,10007823,,,,The Byrchall High School,138699,Religious education
bca332da-d497-4697-857d-331a1061fe96,2020,Canterbury Christ Church University,C10,10001143,,,,The Canterbury Primary School,136344,Primary
738bad15-e012-45c6-b5c4-87e91f351f74,2020,Newman University,N36,10007832,,,,The Carlton Infant Academy,145093,Primary
68e69f3f-a691-4051-b083-8a56acfc9373,2020,Sheffield Hallam University,S21,10005790,,,,The Carlton Infant Academy,145093,Primary
f1dde168-cf61-4f8c-a059-cde525f9ab4a,2020,Plymouth Marjon University,P63,10037449,,,,The Castle School,136916,Physical education
477f5f87-1d25-41c4-896e-1ee45b23086c,2020,Plymouth Marjon University,P63,10037449,,,,The Cathedral School of St Mary,140785,Primary
16a67a1d-3dc1-4a8e-9e55-5ecb8f9b1260,2020,The Manchester Metropolitan University,M40,10004180,,,,The Cathedral School of St Peter and St John RC Primary,105964,Primary
8aa8f95e-8d47-4220-8680-64a31763fc22,2020,The University of Brighton,B72,10000886,,,,The Cavendish School,138475,Primary
a1360dea-8024-4315-b7d9-94c9010e3be6,2020,Brunel University London,B84,10000961,,,,The Chalfonts Community College,137215,English
e06547d5-082d-42b2-9952-36489fa2cca9,2020,Coventry University,C85,10001726,,,,The Chalk Hills Academy,135337,History
0849fa7d-5859-460c-a840-443a3e79998e,2020,University of Bedfordshire,B22,10007152,,,,The Chalk Hills Academy,135337,Physical education
ddf0d7c2-e46e-4283-93e4-5f2c1ecac05c,2020,The Manchester Metropolitan University,M40,10004180,,,,The Cheadle Academy,136959,Computing
4595758b-5b50-4595-a2cf-ca6265357926,2020,Edge Hill University,E42,10007823,,,,The Cobbs Infant and Nursery School,111001,Primary
83810acc-ec19-4167-b128-6b7fcfd8136c,2020,University of Chester,C55,10007848,,,,The Cobbs Infant and Nursery School,111001,Primary
622871a1-5b70-41c4-8213-e71a93c3f09a,2020,University of Reading,R12,10007802,,,,The Colleton Primary School,109878,Primary
445aab50-807c-4b1f-aef4-8e3b493ee153,2020,St Mary's University,S64,10007843,,,,The Collett School,117672,Primary
a1b75db5-7427-49d3-b5ec-a10ad4285444,2020,Edge Hill University,E42,10007823,,,,The Coppice School,119893,Primary
6a45cc11-9fb3-4d7f-8743-50343c711838,2020,The University of Brighton,B72,10000886,,,,The Cornelius Vermuyden School,140308,Physical education
3939db16-f615-4fa2-8625-1b2b5a112884,2020,The University of Brighton,B72,10000886,,,,The Cornerstone Academy,139258,Physical education
df3afcfb-7a7a-46ea-8c2d-c535f0a616c9,2020,University of Bedfordshire,B22,10007152,,,,The Cottesloe School,110533,Physical education
6d7f92eb-38be-435c-b442-0d26a8a5e86b,2020,Edge Hill University,E42,10007823,,,,"The County High School, Leftwich",138743,Mathematics
6b2c5cc2-7e5e-4ee5-b817-ff6eda213b32,2020,The Manchester Metropolitan University,M40,10004180,,,,"The County High School, Leftwich",138743,Computing
d554cdf1-8bd3-4bb3-aa70-2c2f23bc4235,2020,The Manchester Metropolitan University,M40,10004180,,,,"The County High School, Leftwich",138743,Mathematics
62dbf02e-d5ac-41b2-8c3e-8a00d74be4d9,2020,Lincoln Bishop University,B38,10007811,,,,The Cowbit St Mary's (Endowed) CofE Primary,120611,Primary
5956cd22-febb-4024-959c-f63cbeed7621,2020,The University of Portsmouth,P80,10007155,Mary Rose Academy,140325,school,The Cowplain School,138038,Mathematics
d1e796d2-fae8-420e-9893-2067218d1555,2020,University of Hertfordshire,H36,10007147,,,,The Cranbourne Primary School,143410,Primary
43cc0124-9a2a-46d4-8a9a-0e990c629ada,2020,University of Winchester,W76,10003614,,,,The Crescent Primary School,115886,Primary
a4bd198d-d73e-4a58-9ea7-fd628e8ae2f5,2020,University of Wolverhampton,W75,10007166,,,,The Crestwood School,141325,History
6f7a75af-29e2-46af-976a-70ca03225885,2020,The Manchester Metropolitan University,M40,10004180,,,,The Crompton House Church of England Academy,137294,Mathematics
b4f8146b-8815-4035-8a23-c91f89a58bad,2020,University of Derby,D39,10007851,,,,The Curzon CofE Primary School,112981,Primary
e4ddc765-0e88-4e49-926f-e34d45f4d7c3,2020,Birmingham City University,B25,10007140,,,,The Dame Ellen Pinsent School,103615,Primary
66d8329d-6f3a-4c90-8d6e-d32ddb4c48bf,2020,Edge Hill University,E42,10007823,,,,The Deanery Church of England High School and Sixth Form College,106534,Geography
b78900a5-5cea-4a1d-9028-0d9b80538dfb,2020,The Manchester Metropolitan University,M40,10004180,,,,The Deanery Church of England High School and Sixth Form College,106534,French language
286398e1-8d8d-4943-9036-091fc496be12,2020,The Manchester Metropolitan University,M40,10004180,,,,The Deanery Church of England High School and Sixth Form College,106534,Modern languages
03475254-9199-4b77-b68a-c8168124a28a,2020,University of Chichester,C58,10007137,,,,The De Montfort School,148338,Physical education
aba2eba2-8d76-4b75-979b-506afd258707,2020,Middlesex University,M80,10004351,,,,The Devonshire Hill Nursery & Primary School,102087,Primary
374d4b8a-16aa-4eca-8019-336bf2a82ccc,2020,University of East London,E28,10007144,,,,The Devonshire Hill Nursery & Primary School,102087,Primary
d79039f7-e238-4bcd-80a1-2e81fc4851b1,2020,Staffordshire University,S72,10006299,,,,The Dingle Primary School,111080,Primary
3ff75497-5084-48e7-81eb-6422692c86ce,2020,Canterbury Christ Church University,C10,10001143,,,,The Discovery School,134057,Primary
09135bfa-9168-4ad1-8404-0724bd4969ad,2020,University of Wolverhampton,W75,10007166,,,,The Dormston School,103855,Primary
4914c9c7-f790-4202-85a8-5c2aad89f187,2020,University Of Plymouth,P60,10007801,,,,The Duchy School Bradninch,140078,Primary
f234e481-527c-4b69-ae3f-8c5eb40c0c3f,2020,The University of Northampton,N38,10007138,,,,The Duston School,138214,Primary
50114cb6-2c47-48a7-9480-b23a189e86bd,2020,Birmingham City University,B25,10007140,,,,The Earls High School,137812,Biology
961cf7b7-3827-4506-9518-855e4a3c3e69,2020,The University of Brighton,B72,10000886,,,,The Eastbourne Academy,136106,Physical education
30691e2d-4fc6-4724-aedd-190ff3983df9,2020,St Mary's University,S64,10007843,,,,The Echelford Primary School,140034,Primary
be47c184-4799-44e5-93a2-9326827e84d6,2020,Lincoln Bishop University,B38,10007811,,,,The Edenham Church of England School,143259,Primary
7e3df69b-6b4e-4ff2-8607-e549649dcfa0,2020,Sheffield Hallam University,S21,10005790,,,,The Elizabethan Academy,138076,Mathematics
cb16eda4-bfc2-4f37-9adf-cb18d53082e9,2020,Oxford Brookes University,O66,10004930,,,,The Elms Primary School,138009,Primary
1f60f42e-c91c-483c-8f56-06d9e820e961,2020,Plymouth Marjon University,P63,10037449,,,,The Erme Primary School,113254,Primary
862e220c-fb43-426b-9f43-9f0b7cd7c5ad,2020,York St John University,Y75,10007713,,,,The Ferncumbe CofE Primary School,148515,Primary
f3d04a55-8ae6-4f38-97a1-b1f8468cf118,2020,The Manchester Metropolitan University,M40,10004180,,,,The Ferns Primary Academy,138399,Primary
18201306-a095-4a29-9b42-8dbee1c4f29c,2020,University of Chichester,C58,10007137,,,,The Flying Bull Academy,140719,Primary
e1775820-b849-4562-9bff-12b8a2ddba49,2020,Sheffield Hallam University,S21,10005790,,,,The Forest Academy,139136,Primary
7b159d1f-b6fa-4e83-9199-eca818d66744,2020,University of Chichester,C58,10007137,,,,The Forest School,126065,Physical education
e214920c-4024-4ec1-8551-ae099e091682,2020,University of Reading,R12,10007802,,,,The Forest School,139853,Computing
e167d2eb-dc12-4cb6-bb61-72283f56bf97,2020,Birmingham City University,B25,10007140,,,,The Fountains High School,146070,Primary
0156b868-f4d0-4e4d-9d3d-08d0126fe415,2020,Birmingham City University,B25,10007140,,,,The Friary School,146907,Physical education
e3010cea-d9f0-42eb-b150-8578d3cdc5c9,2020,University of Wolverhampton,W75,10007166,,,,The Friary School,146907,Mathematics
e45d8839-e1fd-4d4b-99b2-29f4729e4ee8,2020,Lincoln Bishop University,B38,10007811,,,,The Gainsborough Hillcrest Early Years Academy,138330,Primary
a60c7e8e-9c5b-4334-ba94-fd2683b26369,2020,Lincoln Bishop University,B38,10007811,,,,The Gainsborough Parish Church Primary School,138640,Primary
21a6db76-e478-4012-9063-cce9c35e0beb,2020,University of Greenwich,G70,10007146,,,,The Gateway Primary Academy,140593,Primary
61d4804a-94e5-4642-b92f-c3ce0402fc26,2020,Canterbury Christ Church University,C10,10001143,,,,The Gateway Primary Free School,138334,Primary
d7213ad2-ddb3-40f7-a181-a928f6571c60,2020,University of Sussex,S90,10007806,,,,The Gattons Infant School,125940,Primary
f709e511-258b-4425-a519-95a5ae614522,2020,The University of Brighton,B72,10000886,,,,The Gatwick School,141038,Primary
bd547176-aef0-4186-b18f-8c10c49ae33e,2020,University of Hertfordshire,H36,10007147,,,,The Giles Infant and Nursery School,117316,Primary
4092744e-58bb-46e0-b15c-f72c4fd110a6,2020,Nottingham Trent University,N91,10004797,,,,The Glapton Academy,140239,Primary
a92ee2de-4d6a-4072-9350-973786f18c25,2020,The University of Brighton,B72,10000886,,,,The Globe Primary Academy,141348,Primary
4da3aef2-d79e-49fe-af07-0493b23698ad,2020,The University of Northampton,N38,10007138,,,,The Good Shepherd Catholic Primary School,142742,Primary
b244ac17-ae19-4675-b081-6ddae49e63e2,2020,Edge Hill University,E42,10007823,,,,The Grange Primary School,104859,Primary
0d4b0bfb-dcd7-41f9-9a98-896695f9beb2,2020,Lincoln Bishop University,B38,10007811,,,,The Grange Primary School,140626,Primary
36ea6c42-f9f7-46bb-b537-192ffceffefd,2020,St Mary's University,S64,10007843,,,,The Greville Primary School,125008,Primary
e604819b-3d20-4c10-bc65-dfb48a16839f,2020,University of Winchester,W76,10003614,,,,The Greville Primary School,125008,Primary
34a781e1-4402-4585-b909-751a24bd1dd6,2020,University of Chester,C55,10007848,,,,The Grosvenor Park Church of England Academy,146779,Primary
f5e060b6-6550-425d-a683-70e909e411d7,2020,University of Northumbria at Newcastle,N77,10001282,,,,The Grove Primary School,114046,Primary
3e6da7e6-4949-4d71-845a-14666c1e4d78,2020,University Of Exeter,E84,10007792,,,,The Gryphon School,138471,Physical education
0adf914f-564d-4d5d-82ab-6fa4fb5af06f,2020,St Mary's University,S64,10007843,,,,The Harrodian School,102950,Primary
9b0be4d9-a9aa-4e04-bce4-ebddf3384aa0,2020,University of Wolverhampton,W75,10007166,,,,The Hart School,137100,Primary
0139bf2e-9be5-4940-99b4-643773491a53,2020,The University of Brighton,B72,10000886,,,,The Hastings Academy,136401,Physical education
e5d03576-6baa-4778-8fd8-604bea8642f5,2020,University of Greenwich,G70,10007146,,,,The Hathaway Academy,139578,Chemistry
981c815c-ba7f-43b6-b64b-95b8032d4669,2020,The University of Brighton,B72,10000886,,,,The Haven Church of England Methodist Primary School,149523,Primary
e1182387-f78a-4e76-9204-0b785a3403b6,2020,University of Reading,R12,10007802,,,,The Hawthorns Primary School,109921,Primary
e9906ab0-a51b-4364-8653-be9e1a3ab2f8,2020,University of Reading,R12,10007802,,,,The Heights Primary School,139972,Primary
b0ab0a36-31d3-4ad6-97f0-5a405ec37ecc,2020,Oxford Brookes University,O66,10004930,,,,The Hendreds Church of England School,140473,Primary
b5d47c4d-989d-4686-bf2f-ee86723c72f8,2020,The Manchester Metropolitan University,M40,10004180,,,,The Heys School,147883,Mathematics
53a45763-eac0-481d-af8b-484f9fd4dc70,2020,Coventry University,C85,10001726,,,,The Highcrest Academy,136858,Business studies
d1f107cf-2710-4211-a9a0-107c23352e9c,2020,Leeds Beckett University,L27,10003861,,,,"The Holy Family Catholic High School, Carlton",121718,Primary
607b32aa-21db-4122-90c0-268f276a5d30,2020,Bradford College,B60,10000840,Beaufort Primary School,140508,school,The Horsell Village School,140084,Primary
ff8cae68-494e-4449-a9d1-6478088c845d,2020,Roehampton University,R48,10007776,,,,The Horsell Village School,140084,Primary
81cc292a-2314-4e95-9024-3dc54acf57bd,2020,University of Derby,D39,10007851,,,,The Howard Primary School,142095,Primary
8ccdf4f9-49fb-4765-9103-7cfe24983dc9,2020,University of Reading,R12,10007802,,,,The Ilsleys Primary School,109813,Primary
9d3c15ee-490b-47bb-bf5b-43af43356856,2020,Bath Spa University,B20,10000571,,,,The John of Gaunt School,138020,Mathematics
ea0516b8-36f3-4337-a332-4373a59db039,2020,Canterbury Christ Church University,C10,10001143,,,,The John Wallis Church of England Academy,136197,Primary
aadd5258-a8d9-45af-bf9e-f8cd3a655349,2020,Canterbury Christ Church University,C10,10001143,,,,The John Wesley Church of England Methodist Voluntary Aided Primary School,133627,Primary
cabad415-1aeb-47da-bec5-23fd168a3185,2020,Sutton Park SCITT,25D,10035849,,,,The Khalsa Academy Wolverhampton,142080,English
893b4720-bb86-4fd2-99bf-ba6e78d4a14c,2020,University of Wolverhampton,W75,10007166,,,,The Khalsa Academy Wolverhampton,142080,English
bae16111-1a2f-4439-8f2c-c3e68375fdb5,2020,University of Wolverhampton,W75,10007166,,,,The Khalsa Academy Wolverhampton,142080,Mathematics
8c62a639-15c1-48d4-a3be-6275c5ae0729,2020,University of Nottingham,N84,10007154,,,,The Kimberley School,138641,Mathematics
6d2c8ea6-1a6e-4f1d-9215-d5d4415498c1,2020,St Mary's University,S64,10007843,,,,The King's Church of England Primary School,102921,Primary
23465fa3-109e-44e5-996b-f005ccc821f1,2020,University of Wolverhampton,W75,10007166,,,,The King's Church of England School,131547,Primary
41957c5d-8ffd-43d5-8732-d695abf68e45,2020,Coventry University,C85,10001726,,,,The Kingsley School,125775,Primary
8cec64c6-7093-401b-993a-116fa6d1a90f,2020,University of Worcester,W80,10007139,,,,The King's School,117037,Primary
ed285540-f8b9-417d-a96d-b5ad8fb436cd,2020,University of Winchester,W76,10003614,,,,The Knights Enham Junior School,116014,Primary
60297dfa-7b65-4b2c-bf1f-c51c6903333b,2020,Lincoln Bishop University,B38,10007811,,,,The Lancaster School,120686,Primary
9b5f1937-cfdb-49e1-86cb-4e7d9312c781,2020,The University of Brighton,B72,10000886,,,,The Lenham School,143954,Physical education
794f1957-7caf-4c75-a823-99c44fe65918,2020,The University Of East Anglia,E14,10007789,,,,The Limes Primary Academy,143671,Primary
3a4baae0-8f12-4613-b10a-84da217e8346,2020,Lincoln Bishop University,B38,10007811,,,,The Lincoln Bishop King Church of England Primary School,120630,Primary
e576c8a6-1c34-45ed-aa04-1bddff30419a,2020,Lincoln Bishop University,B38,10007811,,,,The Lincoln Manor Leas Junior School,139470,Primary
bb3523f6-a19e-470c-b6a6-069addc363ed,2020,Lincoln Bishop University,B38,10007811,,,,The Lincoln St Giles Nursery School,120365,Primary
4bfa0e8d-87c7-49ee-aafd-98073cbddbc6,2020,Lincoln Bishop University,B38,10007811,,,,The Lincoln St Peter at Gowts Church of England Primary School,120563,Primary
f62d4771-2a60-4632-8947-9fa5d9aa0cde,2020,Coventry University,C85,10001726,,,,The Linden Academy,137324,Primary
9f46cfe3-83c7-463c-9196-09613cc97f50,2020,University of Wolverhampton,W75,10007166,,,,The Link Academy,144952,Drama
993d3ed0-5ab7-42e9-8bf1-715dbf2b16f6,2020,University of Wolverhampton,W75,10007166,,,,The Link Academy,144952,History
710055f7-bf1c-4cf0-a043-d5d2a4be57bd,2020,University of Sunderland,S84,10007159,,,,The Link School,135640,Mathematics
4656ce09-a464-48df-94be-a8e52a72a16e,2020,University of Chichester,C58,10007137,,,,The Littlehampton Academy,135745,Mathematics
4a9a6a54-82bf-45cf-a89a-86fb628ade65,2020,University of Chichester,C58,10007137,,,,The Littlehampton Academy,135745,Physical education
9e015c4f-3c9a-48d0-bfea-dc1df37681e6,2020,Bradford College,B60,10000840,,,,The Lloyd Williamson School Foundation,132788,Art and design
82984cc1-c0fb-4f3a-a28b-41bccb24200f,2020,London Metropolitan University,L68,10004048,,,,The Lloyd Williamson School Foundation,132788,Modern languages
764508f7-541c-4e22-a421-7da77503073c,2020,"Goldsmiths, University of London",G56,10002718,,,,The London Oratory School,137157,Art and design
78baa4e5-ee8a-4409-af39-dcc7d3d12e19,2020,University of Cumbria,C99,10007842,,,,The Loyne Specialist School,119892,Primary
2318334a-e3d9-478b-a622-d46afb172405,2020,Canterbury Christ Church University,C10,10001143,,,,The Lyceum,131343,Primary
0ce11379-07ef-4e87-9eae-fbd16a0ae4aa,2020,University of Worcester,W80,10007139,,,,The Lyppard Grange Primary School,144580,Primary
c6249d47-2ea9-4718-9d67-c2df7de4546a,2020,Liverpool John Moores University,L51,10003957,Knutsford Academy,138002,school,The Macclesfield Academy,137064,Physical education
ed29ad00-ee3b-45af-ac50-19340411bb67,2020,The University of Brighton,B72,10000886,,,,The Malling School,118897,Physical education
793868fd-4ef7-4a3e-b4b8-c4f6e995c718,2020,The Manchester Metropolitan University,M40,10004180,,,,The Manchester Grammar School,105591,Modern languages
7c837478-cc8f-4b3b-b94b-a123a73d1f41,2020,The University Of Bolton,8N5,10006841,,,,The Manor Academy,137158,Mathematics
3514352c-3546-450d-a04d-9496390791f5,2020,"University of the West of England, Bristol",B80,10007164,,,,The Manor Church of England Primary School,109176,Primary
8fa9aba0-2a3a-4377-bf75-931824899c6a,2020,Canterbury Christ Church University,C10,10001143,,,,The Maplesden Noakes School,137833,History
00372eb7-df66-4b0e-95bf-765e0b9cd5ee,2020,University of Chichester,C58,10007137,,,,The March CofE Primary School,146448,Primary
004eacb1-92b2-4fc6-84f1-e90a62b5a52a,2020,Lincoln Bishop University,B38,10007811,,,,The Market Rasen Church of England Primary School,120577,Primary
7fcef4e1-d449-48c0-be5e-7b217c558b9c,2020,The University of Brighton,B72,10000886,,,,The Marsh Academy,135290,Physical education
77c2d49f-6388-4ade-9212-0e70a976fe69,2020,Lincoln Bishop University,B38,10007811,,,,The Marton Academy,144912,Primary
7b615d19-1861-4a5b-bdaf-1ec9f6372cf5,2020,Brunel University London,B84,10000961,,,,The Matthew Arnold School,138765,Biology
40abd417-079e-4c46-96c4-40a7a56942ff,2020,Tes Institute,H40,10035578,The Highway Primary School,142743,school,The Mawney Foundation School,131426,Primary
cee16297-0797-4b78-977f-34100edb4135,2020,University of Wolverhampton,W75,10007166,,,,The Meadows School,132231,Primary
fa1c1ee3-ede2-401f-b86c-fd8e60b9942e,2020,Bradford College,B60,10000840,,,,The Mews,145468,Mathematics
847d4251-8fea-49f3-9c6d-5778368a5f0d,2020,Nottingham Trent University,N91,10004797,,,,The Milford Academy,138741,Primary
b35d9680-b34e-44ad-8ddc-f8d2dc9abdda,2020,University of Huddersfield,H60,10007148,,,,The Mill Academy,141097,Primary
c80dd029-3dae-4b82-a795-a8178a6617ce,2020,The University of Brighton,B72,10000886,,,,The Mill Primary Academy,139958,Primary
5205bf6d-edb3-493e-a259-4b6f10f6f24e,2020,University of Chichester,C58,10007137,,,,The Mill Primary Academy,139958,Primary
94cbd8c1-665a-429b-9bb8-44759b378087,2020,University of Winchester,W76,10003614,,,,The Mill Primary Academy,139958,Primary
d9c44800-0b6b-4eab-93a3-4388516261d3,2020,University of Derby,D39,10007851,,,,The Mosley Academy,138899,Primary
161db994-0049-4b9d-bd14-de51edc6b525,2020,University of Bedfordshire,B22,10007152,,,,The Netherhall School,142035,Physical education
010689c0-0141-44cc-8a78-d4cb26963628,2020,Lincoln Bishop University,B38,10007811,,,,The Nettleham Infant and Nursery School,138639,Primary
236de7a9-ac44-47c8-b5d6-2452f45f6fc1,2020,Lincoln Bishop University,B38,10007811,,,,The New Leake Primary School,120466,Primary
943ff859-157c-469d-aedb-6489b4b517b8,2020,University of Cumbria,C99,10007842,,,,The New North Academy,137393,Primary
ba934be1-c2c0-4a76-b908-7f6954f44aa1,2020,The University Of East Anglia,E14,10007789,,,,The Nicholas Hamond Academy,138918,Mathematics
bff28ad3-d08c-430b-8cfb-8250c4ddc097,2020,University of Huddersfield,H60,10007148,Trinity Academy Halifax,136094,school,The North Halifax Grammar School,136788,English
1d76d77c-c836-4245-a09f-ac8e5572b320,2020,Lincoln Bishop University,B38,10007811,,,,The North Hykeham All Saints Church of England Primary School,120533,Primary
7d1c03ce-6426-4dc5-b5ea-86f212b11027,2020,Liverpool Hope University,L46,10003956,,,,The Oaks Primary School,105176,Primary
ca4e7fc3-e175-4386-8def-e5b332bbcaae,2020,Newman University,N36,10007832,,,,The Oaks Primary School,149872,Primary
c22ab92c-1120-4f6c-82f4-9bb0051b71b0,2020,Edge Hill University,E42,10007823,,,,The Oldershaw School,136895,Physical education
77f810a5-1943-4289-a225-fa4b469f91f1,2020,Birmingham City University,B25,10007140,,,,The Old Park School,103880,Primary
bf91201d-9e3c-4f83-a4e5-dcf0d845d21b,2020,The University Of East Anglia,E14,10007789,,,,The Old School,124885,Primary
bcdf516b-ca04-45c3-8a1c-cdebb6f85bbf,2020,Birmingham City University,B25,10007140,,,,"The Olive School, Small Heath",147452,Primary
aad2c380-be65-4e9e-bcdd-fc0d9cf55403,2020,The University Of East Anglia,E14,10007789,Thorpe St Andrew School and Sixth Form,143278,school,The Open Academy,135650,Mathematics
9ac3a0be-5298-49ae-8184-6e71be141b32,2020,The University Of East Anglia,E14,10007789,,,,The Open Academy,135650,English
84e0c974-e2e1-4e5c-9a64-50aeb56d9573,2020,The University Of East Anglia,E14,10007789,,,,The Open Academy,135650,Geography
06e35af2-68f1-4e37-ba1c-9d5013e46462,2020,The University Of East Anglia,E14,10007789,,,,The Open Academy,135650,History
b599fe97-6275-4494-a9f3-9ea829f3d975,2020,The University Of East Anglia,E14,10007789,,,,The Open Academy,135650,Mathematics
ee8349ea-13dc-4840-bf93-ea44d810c710,2020,The University Of East Anglia,E14,10007789,,,,The Open Academy,135650,Modern languages
fbd8b0f3-d142-4ad7-8d7d-433714df47d1,2020,The University Of East Anglia,E14,10007789,,,,The Open Academy,135650,Physics
a92698be-4d22-4cea-9504-5f7608d3805d,2020,Coventry University,C85,10001726,,,,The Oratory School,123282,Physical education
31fe520a-6a71-4c5a-a17b-c0e3df189e61,2020,University of Wolverhampton,W75,10007166,,,,The Orchard School,132232,Primary
cb9ebdd1-3d0a-4c9b-9241-5d2cbbd5b8de,2020,University of Wolverhampton,W75,10007166,,,,The Orchards Primary Academy,139860,Primary
33362652-15b8-4ccf-8e42-d89171ee09a7,2020,University of Worcester,W80,10007139,,,,The Orchards School,148386,Primary
14e4dd3d-9ad9-40ae-a205-0d6d3891ef51,2020,Middlesex University,M80,10004351,,,,The Orion Primary School,131970,Primary
7cecebe9-9953-4ace-932e-8b88629036ff,2020,Birmingham City University,B25,10007140,,,,The Oval School,143087,Primary
8cb319b6-cb8f-4897-b8be-f70a830a87ef,2020,Plymouth Marjon University,P63,10037449,,,,The Park Community School,146094,Physical education
a78ccfdd-c4a7-441e-bb6e-e154979f9b14,2020,University Of Exeter,E84,10007792,Woolacombe School,145765,school,The Park Community School,146094,Biology
1d70b775-e402-4530-a921-1a8863c4daa4,2020,Coventry University,C85,10001726,,,,The Parker E-ACT Academy,138235,Physical education
accc5e34-5095-44cd-b326-c4315b34db73,2020,Lincoln Bishop University,B38,10007811,,,,The Parkgate Academy,143140,Primary
9801a6ea-e9d5-42f7-85e4-8d90960ef457,2020,"University of the West of England, Bristol",B80,10007164,,,,The Park Primary School,109017,Primary
e537c4a5-67e6-41cf-97d1-c486ae5bda83,2020,The University of Portsmouth,P80,10007155,,,,The Petersfield School,136903,Mathematics
eed0c70c-f9b0-4b30-b5c4-13119e7df229,2020,University of Chichester,C58,10007137,,,,The Petersfield School,136903,Physical education
3b521332-6f9e-4797-8c00-f9ed411fd898,2020,University of Wolverhampton,W75,10007166,,,,The Phoenix Collegiate,136091,English
e25c348b-9d1d-47b8-bd48-ebe3aa6cd61e,2020,University of Wolverhampton,W75,10007166,,,,The Phoenix Collegiate,136091,Primary
8f60b75a-6ede-4495-a93a-ba066bea4900,2020,University of Greenwich,G70,10007146,,,,The Phoenix Primary School,143128,Primary
8e6b1a62-b183-4af7-804f-eae1cad03c9d,2020,University of Reading,R12,10007802,Calthorpe Park School,116436,school,The Piggott School,136891,Modern languages
d23151b4-fd77-415a-9bc9-4e65671cf81e,2020,University of Reading,R12,10007802,,,,The Piggott School,136891,Primary
38151bc8-25f3-4a59-9f9c-21aec9f4fc86,2020,University of Greenwich,G70,10007146,,,,The Pilgrim School (A Church of England Primary With Nursery),143832,Primary
1ef6686b-bec7-4f3a-917a-dcd26351cba5,2020,Birmingham City University,B25,10007140,,,,The Pines Special School,103622,Primary
e4860265-2ba8-4b94-820a-5f34b7c3e89c,2020,University of Wolverhampton,W75,10007166,,,,The Pines Special School,103622,Primary
6f942a38-ccf4-4039-806a-60f7308b7060,2020,University of Chichester,C58,10007137,,,,The Portsmouth Academy,139714,Physical education
8cab4f07-334e-4d31-b9ac-f7decac105d3,2020,University of Sussex,S90,10007806,Mary Rose Academy,140325,school,The Portsmouth Academy,139714,Religious education
56346d69-8682-4bb8-95b7-51922e1d9568,2020,University of Southampton,S27,10007158,,,,The Portsmouth Grammar School,116583,Geography
d608c6cb-efe7-4e9c-abb5-84636d65e830,2020,University of Chichester,C58,10007137,,,,The Prebendal School,126122,Primary
a149e6ce-656e-4152-9cc2-3030011f0c90,2020,Lincoln Bishop University,B38,10007811,,,,The Primary School of St Mary and St Martin,122796,Primary
f68bde57-0373-489a-97fa-7a1c4a49f445,2020,Sheffield Hallam University,S21,10005790,,,,The Primary School of St Mary and St Martin,122796,Primary
8ee8f4e2-816b-4457-8234-8fe0d8487bdc,2020,The University of Northampton,N38,10007138,,,,The Priors School,137488,Primary
6bd9dbf8-5422-49ff-9e69-d1fc81c7c851,2020,University of Winchester,W76,10003614,,,,The Priory Church of England Primary School,113847,Primary
61bf49a1-3287-4734-a241-ef296a4bf861,2020,Birmingham City University,B25,10007140,,,,The Priory Primary School,131212,Primary
4e0bdab4-aa73-4efd-a358-ba68b4f431a0,2020,Lincoln Bishop University,B38,10007811,,,,The Python Hill Academy,146314,Primary
f3f69e11-0a5d-43cf-b4a8-ee9567405127,2020,University of Derby,D39,10007851,,,,The Python Hill Academy,146314,Primary
54e06ce3-0ca2-4255-ac7a-036de7997ef0,2020,University of Chichester,C58,10007137,,,,The Regis School,137782,Mathematics
9c6d142a-1e2c-4931-b069-4c2b91424bd0,2020,University of Chichester,C58,10007137,,,,The Regis School,137782,Physical education
5b5f80d3-98b4-45d9-a7fc-b5f712123ad7,2020,University of Derby,D39,10007851,,,,The Richard Clarke First School,148506,Primary
a58f86b4-d055-4786-b5da-60f8cb599ffe,2020,University of Derby,D39,10007851,,,,The Richard Crosse CofE Primary School,142096,Primary
3db781e8-89c7-41cd-b293-92aabb9ad3b7,2020,University of Gloucestershire,G50,10007145,,,,The Richard Pate School,115801,Primary
3289d266-d40e-4032-820e-cd0e4d7ff7fc,2020,Lincoln Bishop University,B38,10007811,,,,"The Richmond School, Skegness",120494,Primary
1a005625-3784-4f56-8f19-1b6355586641,2020,University of Reading,R12,10007802,,,,The Ridgeway Primary School,109789,Primary
669013fe-4fbe-4f1c-8ff3-c93d91c092cb,2020,University of Worcester,W80,10007139,,,,The River School,117041,Primary
138cb2cf-9f19-4571-b00a-0432966071cc,2020,University of Greenwich,G70,10007146,,,,The Robert Drake Primary School,137246,Primary
85e7739c-ca92-4f0f-b24b-a6f7f06b3180,2020,St Mary's University,S64,10007843,,,,The Rosary Catholic Primary School,135261,Primary
ff9c7e74-753a-4834-9d53-203013416f1e,2020,University of Gloucestershire,G50,10007145,,,,The Rosary Catholic Primary School,137410,Primary
5b9e9dbc-b5e6-469d-ace8-45552abbb05c,2020,University of Bedfordshire,B22,10007152,Middlefield Primary Academy,138595,school,The Round House Primary Academy,139634,Primary
492a0f39-4e81-4c9c-9d51-34749bd78aa4,2020,Birmingham City University,B25,10007140,,,,The Rowan School,144374,Primary
c49cd556-5255-4d74-acfc-ea5c66bda136,2020,University of Wolverhampton,W75,10007166,,,,"The Royal School, Wolverhampton",143101,Primary
55f86353-0cbc-4dd7-bdf6-f2a921fc6e89,2020,University of Durham,D86,10007143,,,,The Rydal Academy,138989,Primary
7e87a63f-5154-4956-a4d4-fd628ab7f8fa,2020,Roehampton University,R48,10007776,,,,The Sherwood School,102646,Primary
a789a9e2-1c18-4cbb-a73f-cd56b3cf4ae3,2020,Birmingham City University,B25,10007140,,,,The Shirestone Academy,138425,Biology
911af174-b247-4369-825a-231c02b97bfb,2020,Birmingham City University,B25,10007140,,,,The Shirestone Academy,138425,Primary
698a9029-0896-4da9-aea3-c78046cdd9b6,2020,Newman University,N36,10007832,,,,The Shirestone Academy,138425,Primary
43ee285d-af0a-489b-bd3d-1418f4094b01,2020,Nottingham Trent University,N91,10004797,,,,The Sir Donald Bailey Academy,141760,Primary
f507fb74-9c49-402f-90a5-5f7d5efbdf0f,2020,The University of Brighton,B72,10000886,,,,The Sir Robert Woodard Academy,135744,Physical education
4d3e2377-6483-41be-9667-01bdfdeae022,2020,University of Sussex,S90,10007806,,,,The Sir Robert Woodard Academy,135744,English
6a3f4bc6-8cf4-48a2-a984-e0d5602b7928,2020,Canterbury Christ Church University,C10,10001143,,,,The Sittingbourne School,137687,Mathematics
95fc6ed7-147c-4685-ac8c-ee178ef0d9d1,2020,Lincoln Bishop University,B38,10007811,,,,The South Hykeham Community Primary School,120388,Primary
09862c27-6e67-465e-9be3-7f8ae7291baa,2020,Lincoln Bishop University,B38,10007811,,,,The St Augustine's Academy,148383,Primary
1804077d-9386-47db-8731-4ef51e26c7e8,2020,Coventry University,C85,10001726,,,,The Stephen Perse Foundation,110924,Primary
2e97c93e-8064-4f36-90db-8a0046916d4b,2020,Lincoln Bishop University,B38,10007811,,,,"The St Faith and St Martin Church of England Junior School, Lincoln",120561,Primary
9b40418f-162a-4cd1-8b48-ed0a3c264ab3,2020,Lincoln Bishop University,B38,10007811,,,,"The St Faith's Church of England Infant and Nursery School, Lincoln",120562,Primary
4f2ebb3a-4d51-4b78-8e69-05e21b313ce3,2020,Lincoln Bishop University,B38,10007811,,,,"The St Gilbert of Sempringham Church of England Primary School, Pointon",120606,Primary
aa8f7f5f-5ae2-4a57-a30f-27c2afa2f093,2020,The University of Brighton,B72,10000886,,,,The St Leonards Academy,136400,Physical education
bc95284f-cbd8-4451-b666-98b7e2319e9c,2020,Lincoln Bishop University,B38,10007811,,,,"The St Margaret's Church of England School, Withern",120588,Primary
b22cd177-965c-4e03-ae52-8e2340cb2731,2020,The University of Brighton,B72,10000886,,,,The St Marylebone CofE School,137353,Physical education
d2928ac3-cbbb-4f87-9748-31ce95353073,2020,University College London,U80,10007784,,,,The St Marylebone CofE School,137353,Primary
50cbb0f6-97b6-40b2-aaac-623369f71a33,2020,Coventry University,C85,10001726,,,,The Stockwood Park Academy,135338,Biology
07c6e4e6-4812-455b-8053-d78d87761065,2020,Edge Hill University,E42,10007823,,,,The Sutton Academy,136141,Computing
1a5ec171-67fa-414c-b2fc-ba9ad286caac,2020,Edge Hill University,E42,10007823,,,,The Sutton Academy,136141,Religious education
d5f51409-6a21-4056-a18e-30cc0af15451,2020,University of East London,E28,10007144,,,,The Sweyne Park School,139534,English
e8d7f193-7950-4844-9cb9-022ef8eb4c4f,2020,University of Wolverhampton,W75,10007166,,,,The Telford Park School,139536,History
42e62746-0c52-4980-8c61-1f6d5f451192,2020,University of Wolverhampton,W75,10007166,,,,The Telford Priory School,142285,Primary
82f5f360-cd37-4dcc-8922-6d07bb913eb3,2020,The University Of East Anglia,E14,10007789,Litcham School,146237,school,The Thetford Academy,136204,Physical education
5d2e98a0-d3ff-4ad9-9f55-de4d803d8a06,2020,The University Of East Anglia,E14,10007789,,,,The Thetford Academy,136204,Biology
43bc9756-45fd-4253-8b88-69a60e0769e4,2020,The University Of East Anglia,E14,10007789,,,,The Thetford Academy,136204,Chemistry
7f212fa7-2a99-4098-b4ec-c4db0e77f76d,2020,The University Of East Anglia,E14,10007789,,,,The Thetford Academy,136204,English
0c21b14c-7106-4958-bc1e-b581a101668e,2020,The University Of East Anglia,E14,10007789,,,,The Thetford Academy,136204,History
ab735b75-174c-4122-bb9a-288469dcb5f9,2020,The University Of East Anglia,E14,10007789,,,,The Thetford Academy,136204,Modern languages
675b2d5a-59d6-4311-a7d9-1d91f2794d1e,2020,The University Of East Anglia,E14,10007789,,,,The Thetford Academy,136204,Physical education
33156513-c9d0-4129-872b-09c2c3481db7,2020,Edge Hill University,E42,10007823,,,,The Trinity Catholic Academy,149134,Primary
f30730b5-5014-4453-a05f-92cc43c3b6f6,2020,Edge Hill University,E42,10007823,,,,The Trinity Catholic Primary School,134722,Primary
854277fc-6d23-4dc6-bb69-8eca15ae643f,2020,The University of Brighton,B72,10000886,,,,The Turing School,148179,Physical education
79aebaa2-6c53-48f8-b375-b9caf811cb42,2020,University of Sussex,S90,10007806,,,,The Turing School,148179,English
f14761b3-e7e2-4ff8-bcab-6321e302d8ae,2020,Lincoln Bishop University,B38,10007811,,,,The Tydd St Mary Church of England Primary School,120614,Primary
a03fd92a-4f97-4335-bba4-2fe8d1ee4ee8,2020,Birmingham City University,B25,10007140,,,,The University of Birmingham School,140863,Computing
d6970696-ad52-4aad-b6ef-b89d3947cb13,2020,Leeds Beckett University,L27,10003861,,,,The Vale Primary Academy,138332,Primary
c7fd7085-f182-4d40-9c5b-9830ae56d77b,2020,York St John University,Y75,10007713,,,,The Vale Primary Academy,138332,Primary
3ef8ea76-08f7-48f4-8602-e805457f5a9f,2020,The Manchester Metropolitan University,M40,10004180,,,,The Valley Community Primary School,133980,Primary
24dd5fab-2f89-419a-b314-d7eec8b5a289,2020,St Mary's University,S64,10007843,,,,The Village School,146212,Primary
390b46bf-fde0-4c29-870f-b1ee88d620c9,2020,Roehampton University,R48,10007776,,,,The Vineyard School,102906,Primary
44ecedbc-5c14-4b82-9d6c-8de1a65e5f79,2020,St Mary's University,S64,10007843,,,,The Vineyard School,102906,Primary
ee3026ca-6296-4f7f-ac44-63874b44249a,2020,Birmingham City University,B25,10007140,,,,The Warriner School,142218,Biology
bd979ad8-b177-4555-a489-a7df5b069c41,2020,University of Nottingham,N84,10007154,,,,The Wells Academy,147456,English
5a39b420-1038-44f2-af4b-2820846d45af,2020,University of Chichester,C58,10007137,,,,The Westgate School,116407,Physical education
835d88fb-9e13-4405-85d3-559b592c7f1b,2020,Sheffield Hallam University,S21,10005790,,,,The West Park Academy,144885,Primary
03df9df3-5926-421b-80f7-37e28468b863,2020,St Mary's University,S64,10007843,,,,The William Hogarth Primary School,133486,Primary
f40f6e21-0ff5-42c6-bc6d-97fe059c48bf,2020,University of Cumbria,C99,10007842,,,,"The Willows Catholic Primary School, Kirkham",151086,Primary
427b978f-f8d1-43f5-bc71-bad034df6e96,2020,Staffordshire University,S72,10006299,,,,The Willows Primary School,123999,Primary
60e5ada4-cce1-4f0a-8fc4-a77bed89305f,2020,University of Reading,R12,10007802,,,,The Willows Primary School,135213,Primary
99c48a9d-5dcc-468d-89fe-d3858ac9e9c0,2020,Coventry University,C85,10001726,,,,The Winstanley School,143844,Biology
35beac60-ad04-42a1-9df4-af3bb6898269,2020,Coventry University,C85,10001726,,,,The Winstanley School,143844,Mathematics
c0ac5a77-88d4-41cc-ad86-fe405cf39120,2020,Coventry University,C85,10001726,,,,The Winstanley School,143844,Modern languages
d2641ea9-7922-462b-b8a2-9e97c8ffbf62,2020,Birmingham City University,B25,10007140,,,,The Wisdom Academy,135882,Biology
3aa646f2-da29-4738-b2cf-b0b774f30bbc,2020,Birmingham City University,B25,10007140,,,,The Wisdom Academy,135882,Primary
b8bc313d-ed66-46e0-89ab-92f5097b1b47,2020,University of Derby,D39,10007851,,,,The Woodlands Community Primary School,147228,Primary
10583fb5-2dbf-4d11-b7da-205323598629,2020,The University of Brighton,B72,10000886,St Richard's Catholic College,114612,school,The Workplace,147855,Mathematics
09eaa9a3-4f30-46d2-b082-755876b83d8e,2020,Liverpool John Moores University,L51,10003957,,,,Thingwall Primary School,105051,Primary
f31fcd1a-11d2-435d-a738-d23bbc2a2c75,2020,York St John University,Y75,10007713,,,,Thirsk Community Primary School,121365,Primary
b99cf601-de1e-441d-8451-0ab2b4697b12,2020,University of Chichester,C58,10007137,,,,Thomas A Becket Infant School,125954,Primary
692dac5b-1d6e-4a5f-868f-c56563e598b8,2020,University of Chichester,C58,10007137,,,,Thomas A Becket Junior School,125955,Primary
a790ea5c-c6c7-45e0-b716-b078180fef87,2020,St Mary's University,S64,10007843,,,,"Thomas Arnold Primary School, Rowdowns Road",101220,Primary
0484c874-d819-4056-9c0f-9d94a7039f9f,2020,Birmingham City University,B25,10007140,,,,Thomas Barnes Primary School,124087,Primary
f7e8b191-1a92-4bd9-a125-72ad34119977,2020,The University Of East Anglia,E14,10007789,,,,Thomas Bullock Church of England Primary and Nursery Academy,141192,Mathematics
fa85ae2a-ef24-43ad-80dd-1cd7b89769fd,2020,The University Of East Anglia,E14,10007789,,,,Thomas Bullock Church of England Primary and Nursery Academy,141192,Primary
712c4e75-17e7-4e7c-a788-7b93cc6abfee,2020,University of Cumbria,C99,10007842,,,,Thomas Buxton Primary School,100930,Primary
8456f82b-988e-41ae-be86-dc1375bc5dd6,2020,Lincoln Bishop University,B38,10007811,,,,Thomas Deacon Academy,135263,Primary
072d1b10-1d4e-4407-88f0-d7d424467a14,2020,University of Bedfordshire,B22,10007152,Lionel Walden Primary School,110632,school,Thomas Eaton Primary Academy,143955,Primary
34ca35a3-314c-42c7-873a-1e885cfc29c5,2020,Middlesex University,M80,10004351,,,,Thomas Gamuel Primary School,140405,Primary
5b6a0059-cfb3-4be7-9594-777c59740389,2020,Two Mile Ash ITT Partnership,T89,10059102,,,,Thomas Hickman School,110313,Primary
ec68875b-65e5-43bd-8c26-ede4da10ba05,2020,Bradford College,B60,10000840,,,,Thomas Middlecott Academy,141391,History
4d33d63d-7cb0-4884-b0a0-6b1aebd2e9d1,2020,Roehampton University,R48,10007776,,,,Thomas's Academy,142256,Primary
a3abd1dc-1174-4c7b-a231-2e06892618c4,2020,Coventry University,C85,10001726,,,,Thomas's Battersea,100530,Primary
fd8a6387-7cf9-4344-a002-8bd43a3e98c5,2020,Coventry University,C85,10001726,,,,Thomas's Clapham,130398,Primary
570d1194-b6ee-442f-9c51-a8646b07ffd7,2020,Coventry University,C85,10001726,,,,Thomas's Fulham,130239,Primary
e06165fe-5e6f-4d39-aee2-1bba5361c9b9,2020,Coventry University,C85,10001726,,,,Thomas's Kensington,100534,Primary
71d35bc3-3888-4d32-a125-6166a841f950,2020,"Goldsmiths, University of London",G56,10002718,,,,Thomas Tallis School,100190,Design and technology
386cf72a-6509-48b2-a685-172273a436f6,2020,University of Wolverhampton,W75,10007166,,,,Thomas Telford School,123627,Primary
9cf53732-ac29-4af1-95af-baff2c982daa,2020,University of Wolverhampton,W75,10007166,,,,Thomas Telford University Technical College,140160,Computing
b38d7f9e-ebf8-4a15-ac0e-5e44a584e793,2020,University of Wolverhampton,W75,10007166,,,,Thomas Telford University Technical College,140160,English
f0a8393f-0efa-4074-af50-e637dace2094,2020,University of Wolverhampton,W75,10007166,,,,Thomas Telford University Technical College,140160,History
60c47b16-9c30-4ac6-84b5-cfaea0e609af,2020,University of Northumbria at Newcastle,N77,10001282,,,,Thomas Walling Primary Academy,140788,Primary
ae78c76f-04eb-49c0-8243-b1e265445e74,2020,University of Hull,H72,10007149,,,,Thoresby Primary School,139886,Primary
709d0963-ad59-4c06-a1ef-282372ddab46,2020,York St John University,Y75,10007713,,,,Thornaby Church of England Primary School,147254,Primary
323ee5d2-ea52-47e9-9e39-3dad7aed5be0,2020,Plymouth Marjon University,P63,10037449,,,,Thornbury Primary School,143306,Primary
1e04b2d2-b71c-480c-9f2a-602bf8e52172,2020,Canterbury Christ Church University,C10,10001143,,,,Thornden Wood Primary School,147751,Primary
7fe2d464-7b7b-47f7-b112-61797e725f92,2020,The University Of East Anglia,E14,10007789,,,,Thorndon Church of England Voluntary Controlled Primary School,124745,Primary
103917e5-0805-4179-b72c-1ba939be1d65,2020,Lincoln Bishop University,B38,10007811,,,,Thorne King Edward Primary School,106750,Primary
6507140f-07b8-4919-a355-b2d02b3423a5,2020,Leeds Beckett University,L27,10003861,,,,Thorner Church of England Primary School,146003,Primary
460ee818-9ecf-4e36-a485-db43e3b87f73,2020,University of Sunderland,S84,10007159,,,,Thorney Close Primary School,108828,Primary
357010b0-2f57-4dab-a3c1-8eb3cf14fc5e,2020,University of Chichester,C58,10007137,,,,Thorney Island Community Primary School,125868,Primary
c52d18a6-c065-4077-8b71-423eba68195c,2020,Liverpool Hope University,L46,10003956,,,,Thorn Grove Primary School,106079,Primary
5a4141f4-aeb9-4351-9ac3-7580b26c33e4,2020,University of Sunderland,S84,10007159,,,,Thornhill Academy,144990,Chemistry
af340ce2-1708-489d-8ddc-f46777bb8709,2020,University of Sunderland,S84,10007159,,,,Thornhill Academy,144990,Physical education
690ac741-2e59-4db7-be83-fdae1a234e72,2020,University of Sunderland,S84,10007159,,,,Thornhill Academy,144990,Physics
2810fb4a-852c-4552-9448-a129c907b16b,2020,Leeds Trinity University,L24,10003863,,,,Thornhill Lees Church of England Voluntary Controlled Infant and Nursery School,107705,Primary
6a8551e6-96e2-4869-b4aa-e04683eb5cd8,2020,University of Bedfordshire,B22,10007152,,,,Thornhill Primary School,109504,Primary
0a3ab490-e4ed-48ad-a147-41365dabe33b,2020,University of Cumbria,C99,10007842,,,,Thornhill Primary School,147396,Primary
b25a9958-02f3-4d7b-839e-9ff61c548585,2020,University of Hertfordshire,H36,10007147,,,,Thornhill Primary School,109504,Primary
6dfbf88c-f3c4-4cac-be2e-ca581bbe517f,2020,Birmingham City University,B25,10007140,,,,Thorns Collegiate Academy,143818,Primary
16dcedb3-d502-46b7-a423-062e354531e1,2020,University of Wolverhampton,W75,10007166,,,,Thorns Collegiate Academy,143818,Chemistry
8762f521-4404-4f3e-aacb-3c46adda3523,2020,University of Wolverhampton,W75,10007166,,,,Thorns Collegiate Academy,143818,Primary
581b99b1-035e-4154-9086-5f47fc1f0e02,2020,The Manchester Metropolitan University,M40,10004180,,,,Thornsett Primary School (High Peak Federation),112600,Primary
492b05df-f258-41ed-9d03-5ac7f1a1be49,2020,Edge Hill University,E42,10007823,,,,Thornton Cleveleys Baines Endowed Voluntary Controlled Primary School,119391,Primary
e9cd1e8d-8e61-4c4f-9e12-b2bf1aaecf47,2020,University of Cumbria,C99,10007842,,,,Thornton Cleveleys Baines Endowed Voluntary Controlled Primary School,119391,Primary
d1c09279-4598-458a-9132-550f869276ef,2020,University of Cumbria,C99,10007842,,,,Thornton-Cleveleys Red Marsh School,119897,Primary
5af2f4f4-d3ef-4217-ac4d-2a9c24f99f32,2020,Edge Hill University,E42,10007823,,,,Thornton Cleveleys Royles Brook Primary School,119149,Primary
e22a721f-73ca-457d-9bc4-27a7da564a36,2020,Leeds Trinity University,L24,10003863,,,,Thornton in Craven Community Primary School,121421,Primary
5e4ae311-6bef-4174-a09b-55dd32e88d99,2020,Leeds Beckett University,L27,10003861,,,,Thornton Primary School,143944,Primary
0cc8a4a7-78de-4248-b7ef-1b7a0a7165e1,2020,Leeds Trinity University,L24,10003863,,,,Thornton Primary School,143944,Primary
d3ab34e1-355a-4bbd-b058-a58360d57a40,2020,University of Northumbria at Newcastle,N77,10001282,,,,Thorntree Academy,147765,Primary
6a05dcfd-b060-40fc-a949-0ae77ee9690d,2020,Coventry University,C85,10001726,,,,Thorpepark Academy,142307,Primary
7bddd42c-95c3-4ae6-9d7c-c0dff261cca6,2020,University of Hull,H72,10007149,,,,Thorpepark Academy,142307,Primary
62620c69-f43d-476e-a1e2-b6fec0590b02,2020,The University Of East Anglia,E14,10007789,Thorpe St Andrew School and Sixth Form,143278,school,Thorpe St Andrew School and Sixth Form,143278,Biology
fc1c8175-2b2f-4d78-a86c-0a10fa634bd2,2020,The University Of East Anglia,E14,10007789,Thorpe St Andrew School and Sixth Form,143278,school,Thorpe St Andrew School and Sixth Form,143278,Physical education
f2a30a5c-597c-46c2-8073-49f99a551806,2020,The University Of East Anglia,E14,10007789,,,,Thorpe St Andrew School and Sixth Form,143278,Geography
ca709a82-f1dd-4f12-84f0-b68c26cc25b6,2020,The University Of East Anglia,E14,10007789,,,,Thorpe St Andrew School and Sixth Form,143278,History
f031f576-4cd6-44a9-a0f7-be52cccb5995,2020,The University Of East Anglia,E14,10007789,,,,Thorpe St Andrew School and Sixth Form,143278,Physical education
1f45cb8c-7369-4580-83d0-a8790c24b14d,2020,The University Of East Anglia,E14,10007789,,,,Thorpe St Andrew School and Sixth Form,143278,Physics
10df5713-5299-442f-ad22-8a445036e5e2,2020,The University of Brighton,B72,10000886,,,,Three Bridges Primary School,125901,Primary
e8adab69-3885-4927-91d6-726fe1810a6c,2020,University of Sussex,S90,10007806,,,,Three Bridges Primary School,125901,Primary
7dd161fe-b68c-4489-87d4-ee69a975f160,2020,Birmingham City University,B25,10007140,,,,Three Peaks Primary Academy,141344,Primary
a551e4af-c709-4b3c-a08f-7b9b6c83b337,2020,University of Northumbria at Newcastle,N77,10001282,,,,Throckley Primary School,108446,Primary
2436b40c-4cd6-4659-9a6a-e443b37b596d,2020,University of Sunderland,S84,10007159,,,,Throston Primary School,111612,Primary
1ff8b48d-7d12-4dd8-b7c1-11b8d2778b17,2020,Coventry University,C85,10001726,,,,Thrussington Church of England Primary School,138926,Primary
39a84962-bd28-44e0-a444-5a37de167afb,2020,Sheffield Hallam University,S21,10005790,,,,Thrybergh Academy,148547,Mathematics
543b8088-0015-4f62-943d-9b925e155269,2020,University of Cumbria,C99,10007842,,,,Thursby Primary School,112123,Primary
a0e57e39-d5ae-468b-a206-87c91e3f709d,2020,University of Chester,C55,10007848,,,,Tibberton Church of England Primary School,123505,Primary
baae76dd-d675-4c66-b9e8-77f6baa31d5d,2020,University of Worcester,W80,10007139,,,,Tibberton CofE First School,116851,Primary
7510f114-e73d-4872-8857-2569f5ea938c,2020,University of Bedfordshire,B22,10007152,,,,Tickford Park Primary School,151293,Primary
45899608-f16a-4253-a16e-93ea132dea45,2020,Sheffield Hallam University,S21,10005790,,,,Tickhill Estfeld Primary School,106725,Primary
b8e34e90-b338-4f40-91ab-ead2fa62cd4b,2020,Lincoln Bishop University,B38,10007811,,,,Tickhill St Mary's Church of England Primary and Nursery School,106777,Primary
d140c185-0276-4914-b836-d1cbf095918a,2020,The University of Northampton,N38,10007138,,,,Tiffield Church of England Voluntary Aided Primary School,122031,Primary
9dc14b37-db02-4a8f-b55d-72514eddadf3,2020,Canterbury Christ Church University,C10,10001143,,,,Tilbury Pioneer Academy,140832,Primary
39baec79-0f06-42bc-b5d1-dae82eb219a5,2020,University College Birmingham,B35,10000712,,,,Tile Cross Academy,144306,Primary
e8d6d736-2e2a-4271-804f-f93603a884bc,2020,University of Derby,D39,10007851,,,,Tillington Manor Primary School,124196,Primary
91cbd199-a5d6-4453-9bd4-8cb53379d64a,2020,The University of Northampton,N38,10007138,,,,Tilney St Lawrence Community Primary School,120884,Primary
b864739b-e9a9-4233-9090-5a4ed1cdae8a,2020,University of Chester,C55,10007848,,,,Tilstock CofE Primary and Nursery,144983,Primary
a58435cb-26ef-4a9e-b413-1719c6a94c8b,2020,University of Greenwich,G70,10007146,,,,Timbercroft Primary School,143209,Primary
d3a39ced-1f3b-4cd1-b7b6-29ec8e00bc1b,2020,Sheffield Hallam University,S21,10005790,,,,Tinsley Meadows Primary School,142749,Primary
f0a93234-566b-48e1-8e4c-94d9c97131b0,2020,University of Winchester,W76,10003614,,,,Tiptoe Primary School,115915,Primary
0f60cd8e-2f2c-4a66-a6b8-c44e7770f207,2020,Edge Hill University,E42,10007823,,,,Tithe Barn Primary School,106080,Primary
6216c005-832e-4547-8642-9de648796a1b,2020,Staffordshire University,S72,10006299,,,,Tittensor CofE (C) First School,124279,Primary
e79fd44f-c983-48f5-8c1b-f23e2a7578f7,2020,Bath Spa University,B20,10000571,,,,Tiverton High School,113548,Chemistry
7e98667a-8366-4ae6-9736-713df19fd5db,2020,Birmingham City University,B25,10007140,,,,Tividale Community Primary School,133261,Primary
915ce432-3ccb-4086-b583-9c02234b3f03,2020,University of Wolverhampton,W75,10007166,,,,Tividale Community Primary School,133261,Primary
bf52de85-5dea-4bdc-b2c1-26e81a507b1e,2020,Birmingham City University,B25,10007140,,,,Tividale Hall Primary School,103960,Primary
24b366bb-e79f-4bab-bf54-9eb9d668f162,2020,University of Wolverhampton,W75,10007166,,,,Tividale Hall Primary School,103960,Primary
0c646b4b-34cb-4b89-a153-e7a8c5dc8978,2020,Sheffield Hallam University,S21,10005790,,,,Toll Bar Primary School,106677,Primary
79f38e56-f69c-48b1-a5ac-3d01f1287d6c,2020,York St John University,Y75,10007713,,,,Toll Bar Primary School,106677,Primary
d06902ac-9f76-432e-ab92-e7b798c80add,2020,Kingston University,K84,10003678,,,,Tolworth Infant and Nursery School,102575,Primary
e4513ef2-e701-4f70-b131-b3ac56219a86,2020,Kingston University,K84,10003678,,,,Tolworth Junior School,102574,Primary
351ecd40-5a46-48aa-a1f1-0b68ff17486c,2020,Edge Hill University,E42,10007823,,,,Tonacliffe Primary School,119271,Primary
31c4ce80-e25c-4816-95f3-4f2cd391d4f3,2020,University of Sunderland,S84,10007159,,,,Toner Avenue Primary School,108704,Primary
2ef881eb-f1df-495e-aded-79434fa80cf6,2020,Plymouth Marjon University,P63,10037449,,,,Tor Bridge Primary School,147263,Primary
64446177-900e-4d52-aded-ba14853834d2,2020,University Of Plymouth,P60,10007801,,,,Tor Bridge Primary School,147263,Primary
798f0d0d-2b2a-43ff-85e7-3e3b9733b313,2020,The Manchester Metropolitan University,M40,10004180,,,,Torkington Primary School,106081,Primary
14160b22-5d0f-4a12-b794-ccab950ce46c,2020,University Of Plymouth,P60,10007801,,,,Torpoint Community College,112041,History
16a207f4-da1a-4c76-ba26-b270dcd2bf58,2020,University Of Plymouth,P60,10007801,,,,Torre Church of England Academy,140092,Primary
50c91f49-bdd8-4dca-938c-29231587f0f3,2020,Nottingham Trent University,N91,10004797,,,,Toton Bispham Drive Junior School,122554,Primary
102d8462-29f7-4125-bdad-f885e50da935,2020,Edge Hill University,E42,10007823,,,,Tower College,104837,Primary
f3613f52-1c45-4a08-8274-59c8df6504cf,2020,Edge Hill University,E42,10007823,,,,Tower College,104837,Religious education
02afd49b-7a2a-4aa4-80e8-041defde06d0,2020,St Mary's University,S64,10007843,,,,Towers Infant School,102309,Primary
89453bd4-56a3-4154-86ed-caa68280d2a6,2020,University of Cumbria,C99,10007842,,,,Towers Infant School,102309,Primary
67d89a85-b15f-4e10-a591-00a300acc66f,2020,University of Greenwich,G70,10007146,,,,Towers Infant School,102309,Primary
3f4b638e-4ce7-4185-83cf-e647e1aab519,2020,University of Cumbria,C99,10007842,,,,Towers Junior School,102313,Primary
f8c77aee-a5de-4816-9a6e-36dc10936b32,2020,University of Greenwich,G70,10007146,,,,Towers Junior School,102313,Primary
75b689fd-be82-45d0-b53a-04404ed983a5,2020,The University of Brighton,B72,10000886,,,,Towers School and Sixth Form Centre,136583,Physical education
988d956c-30f9-460c-97ba-93b214e1cc66,2020,Birmingham City University,B25,10007140,,,,Tower View Primary School,124046,Primary
6cf9f7f5-983d-43a9-b3a0-40c4c2316782,2020,University of Sunderland,S84,10007159,,,,Town End Academy,136486,Primary
819c70ff-bc53-4a2e-9f68-c7ca529704a7,2020,Liverpool John Moores University,L51,10003957,,,,Townfield Primary School,140931,Primary
860f5ecf-e04d-40b7-9348-a74c1bb4d8bc,2020,Leeds Trinity University,L24,10003863,,,,Towngate Primary Academy,143078,Primary
ee697559-34d4-47ca-8594-d8cc488aa420,2020,University of Huddersfield,H60,10007148,,,,Towngate Primary Academy,143078,Primary
417f2a98-27bc-44e8-ada9-6c06ce3a623d,2020,Birmingham City University,B25,10007140,,,,Town Junior School,141206,Primary
e2346b83-3b55-4f58-918a-c05b03da7745,2020,University of Chester,C55,10007848,,,,Town Lane Infant School,143391,Primary
ef8815f0-e1d0-476d-8aaf-812c609fbe7c,2020,"Goldsmiths, University of London",G56,10002718,,,,Townley Grammar School,137769,Mathematics
2fd170c8-6cff-4d6e-a251-747d0f4501ba,2020,University of Greenwich,G70,10007146,,,,Townley Grammar School,137769,Biology
d6f9ccc5-a619-4887-b065-afd59f38d761,2020,Lincoln Bishop University,B38,10007811,,,,Townley Primary School,110630,Primary
53adb8ee-9aac-4451-8a0f-7aa02ab18449,2020,St Mary's University,S64,10007843,,,,Trafalgar Infant School,102901,Primary
961c8ad7-f4ec-4699-b19e-44a28f36d5e4,2020,St Mary's University,S64,10007843,,,,Trafalgar Junior School,102900,Primary
d33552f5-6bde-46d3-a365-1a39743dfd0a,2020,University of Chichester,C58,10007137,Mary Rose Academy,140325,school,Trafalgar School,141875,History
a27dd5cf-7e5b-452c-ae31-b0c42eb84174,2020,University of Chichester,C58,10007137,Mary Rose Academy,140325,school,Trafalgar School,141875,Mathematics
959307da-8223-44c0-9b60-5d8878e4b0d2,2020,University of Chichester,C58,10007137,,,,Trafalgar School,141875,Physical education
e2607c5c-f33b-49d5-9734-c4ca1ca0f8ca,2020,Leeds Beckett University,L27,10003861,,,,Tranmere Park Primary School,107855,Primary
bc09ff28-6636-4245-971a-88d7841d6425,2020,Edge Hill University,E42,10007823,,,,Treales Church of England Primary School,119701,Primary
66d9c7c4-7242-4822-9895-8403335acdac,2020,Canterbury Christ Church University,C10,10001143,,,,Treetops School,144234,Primary
97255593-7913-491d-951a-898a24fcc705,2020,University of Chester,C55,10007848,,,,Trefonen CofE Primary School,123507,Primary
9e7b56e0-626f-4f3f-80e7-e2ed60738e30,2020,Plymouth Marjon University,P63,10037449,,,,Tregadillett Primary School,111948,Primary
bb96ad1a-930a-4db7-b8b6-3ebdb4b85826,2020,University Of Plymouth,P60,10007801,,,,Tregadillett Primary School,111948,Primary
0c0647e6-dcac-47da-a589-0ea88f14c6ca,2020,University Of Exeter,E84,10007792,,,,Tregolls Academy,138671,Primary
b4a190a2-1cd3-4900-a958-af13398439c6,2020,University Of Plymouth,P60,10007801,,,,Tregolls Academy,138671,Primary
478f8036-8ab3-4d86-a569-6acd66db82d9,2020,University Of Plymouth,P60,10007801,,,,Trenance Learning Academy,136312,Primary
65b38e9b-dbda-4694-beea-20b20dd3ce84,2020,University of Nottingham,N84,10007154,,,,Trent College,113004,English
bd0c57a5-bd40-4495-b570-1ec0419f5ec7,2020,Plymouth Marjon University,P63,10037449,,,,Treviglas Academy,145843,Physical education
a7d42b7d-db30-4577-b339-590b2c54fb15,2020,University of Huddersfield,H60,10007148,Trinity Academy Halifax,136094,school,Trinity Academy Grammar,144946,English
17018ef8-c7d1-4ba8-a256-dee6eea7913d,2020,Leeds Beckett University,L27,10003861,,,,Trinity Academy Whitehill,136547,Primary
6ccf2d96-fd44-408e-b9bb-0a8cc81e2a33,2020,Leeds Beckett University,L27,10003861,,,,Trinity All Saints CofE VA Primary School,107338,Primary
c5e47022-43b3-49a7-b49e-8f8002107445,2020,Edge Hill University,E42,10007823,,,,Trinity Church of England/Methodist School,119406,Primary
1e0e0d15-3dd4-448b-9029-665cc4552888,2020,University of East London,E28,10007144,,,,"Trinity Church of England School, Belvedere",136538,English
d8efcf7e-f36d-4443-bf6c-ca4223250b3f,2020,University of Greenwich,G70,10007146,,,,"Trinity Church of England School, Lewisham",100749,Primary
4648ccfe-0271-403b-88eb-98e4981982ce,2020,The University Of East Anglia,E14,10007789,,,,Trinity Church of England Voluntary Aided Primary School,140623,Primary
07483be9-d9de-440d-bc6e-dbca3c0fd3dd,2020,The University Of Bolton,8N5,10006841,,,,Trinity CofE High School,137801,Computing
481b8276-abb9-4197-a73f-3af8ac3fe862,2020,University of Worcester,W80,10007139,,,,Trinity Primary School,116686,Primary
f87b2d44-6192-422e-b364-7bdcb328639d,2020,Edge Hill University,E42,10007823,,,,Trinity St Peter's CofE Primary School,134988,Primary
37a942e3-929b-4102-bd4f-b0efd378d7ef,2020,Liverpool Hope University,L46,10003956,,,,Trinity St Peter's CofE Primary School,134988,Primary
db884270-209e-44fc-9145-09870e48ceff,2020,University of Chichester,C58,10007137,,,,Trosnant Junior School,115911,Primary
90c7fcc3-41e6-4940-bf93-483a3a26782f,2020,University of Cumbria,C99,10007842,,,,Trumacar Nursery and Community Primary School,119272,Primary
bd241f7d-9ff0-4e81-bdd0-b88b9a4e4e3e,2020,University of Sunderland,S84,10007159,,,,Tudhoe Colliery Primary School,138557,Primary
be2260bd-e2c2-4b5a-9e5e-54e75f7a7a99,2020,Birmingham City University,B25,10007140,,,,Tudor Grange Academy Worcester,135913,Geography
4dc3a893-bcd0-49c8-b1cc-5ced53a51f23,2020,University of Worcester,W80,10007139,,,,Tudor Grange Primary Academy Perdiswell,148114,Primary
84f270da-0e15-445d-9c1e-c59115ae2747,2020,Kingston University,K84,10003678,,,,Tudor Primary School,101913,Primary
7bf5eba4-7304-492f-826d-08eb76c63e10,2020,Middlesex University,M80,10004351,,,,Tudor Primary School,101913,Primary
a87a6257-af83-463e-b932-54dbc992c382,2020,Roehampton University,R48,10007776,,,,Tudor Primary School,101913,Primary
7b661af4-3d5e-47dc-a526-774e7ab7aecd,2020,St Mary's University,S64,10007843,,,,Tudor Primary School,101913,Primary
4abe5fd2-376a-4636-bd69-81da1ce57831,2020,University of Hertfordshire,H36,10007147,,,,Tudor Primary School,117109,Primary
3fcbd181-36ee-4783-aafd-830daa09c259,2020,University of Reading,R12,10007802,,,,Tudor Primary School,101913,Primary
62770982-0309-43c0-98a7-ab354cb1ec15,2020,Sheffield Hallam University,S21,10005790,,,,Tupton Hall School,146099,Mathematics
f4540296-0ecb-418c-92a5-4d8aacd5e6fa,2020,University of Chichester,C58,10007137,,,,Turners Hill CofE Primary School,126010,Primary
8f2bacbd-7a40-4e84-8651-b8508b7d929c,2020,University of Sussex,S90,10007806,,,,Turners Hill CofE Primary School,126010,Primary
44f02bfd-bc58-4035-af7b-339f8c74eb15,2020,University of Cumbria,C99,10007842,,,,Turton and Edgworth CofE/Methodist Controlled Primary School,119408,Primary
c50a1370-6707-4806-8855-66ebfe5aa12a,2020,Birmingham City University,B25,10007140,,,,Turves Green Primary School,144390,Physical education
06e7242b-2850-4610-8a94-21475b3e90a9,2020,University of Chester,C55,10007848,,,,Tushingham With Grindley CofE Primary School,111285,Primary
78cb53df-1d06-4fbe-884e-d0d0a66d1bad,2020,University of Northumbria at Newcastle,N77,10001282,,,,Tweedmouth West Primary School,122186,Primary
558d6140-dac8-4c25-99c9-7037c9463a3f,2020,Edge Hill University,E42,10007823,,,,Twelve Apostles Catholic Primary School,106503,Primary
a816a7d7-7d38-4456-84d0-921dc511cb85,2020,St Mary's University,S64,10007843,,,,Twickenham Primary Academy,142122,Primary
339c0032-e65c-4fc6-a6d5-3a6ea020aebd,2020,Birmingham City University,B25,10007140,,,,Twickenham Primary School,140518,Primary
63bc46c8-7eef-4334-9b8b-cfa6d6319229,2020,The University of Brighton,B72,10000886,,,,Twineham CofE Primary School,126011,Mathematics
658baf94-2652-4df2-b247-c3d0afffce34,2020,The University of Brighton,B72,10000886,,,,Twineham CofE Primary School,126011,Primary
5223d523-5427-423f-a234-88440bb108cf,2020,Edge Hill University,E42,10007823,,,,Twiss Green Community Primary School,111195,Primary
2cd8442b-021c-4e2f-a933-0d7187731434,2020,Birmingham City University,B25,10007140,,,,Two Gates Primary School,146513,Primary
3af8981c-33ca-4056-9209-d2c2a588e260,2020,University of Wolverhampton,W75,10007166,,,,Two Gates Primary School,146513,Primary
70e2d6c6-c5a2-4ce6-a1ff-d28d0e9ac1ce,2020,Two Mile Ash ITT Partnership,T89,10059102,,,,Two Mile Ash School,137061,Primary
3aab5e75-437f-49cc-a5d0-24d98e524da2,2020,University of Hertfordshire,H36,10007147,,,,Two Waters Primary School,117108,Primary
09772592-0220-422e-af9e-09c640d49e9b,2020,Edge Hill University,E42,10007823,,,,Tyldesley St George's Central CofE Primary School and Nursery,131331,Primary
f0643c4f-d1a3-4fa3-a795-4b50b1d6098d,2020,"University of the West of England, Bristol",B80,10007164,,,,Tyndale Primary School,146956,Primary
6d372d61-8daa-455f-a34a-cb883cffe3f8,2020,Staffordshire University,S72,10006299,,,,Tynsel Parkes CofE Primary Academy,143896,Primary
065cba19-70e8-40e9-8958-c0b0b24a94cb,2020,University of Chichester,C58,10007137,,,,Uckfield College,114590,Physical education
60238152-b175-44a3-a8fd-a6e41caa4236,2020,University of Sussex,S90,10007806,,,,Uckfield College,114590,Modern languages
f440d474-392f-47cd-930d-957e048d957f,2020,University College Birmingham,B35,10000712,Ryders Hayes School,136619,school,Uffculme School,103605,Primary
86fa7d25-81fc-48cc-9ed1-73588a122d11,2020,Oxford Brookes University,O66,10004930,,,,Uffington Church of England Primary School,123170,Primary
f3451da1-b304-49e2-87ef-e2f6abc5d713,2020,University of Hertfordshire,H36,10007147,,,,Underhill School,101301,Primary
ecbf3c2a-bc23-4a19-bc08-0c8406a223c1,2020,Nottingham Trent University,N91,10004797,,,,Underwood Church of England Primary School,122746,Primary
a7e93294-c1e1-4abf-a71d-68d2e97f4cce,2020,Staffordshire University,S72,10006299,,,,Underwood West Academy,143153,Primary
1e6d58f3-eb3b-42cc-95bc-5f17d23b8b48,2020,Edge Hill University,E42,10007823,,,,Unity Academy Blackpool,139675,Primary
9286946b-39bc-48c7-b93f-745be48149e3,2020,The University Of East Anglia,E14,10007789,,,,Unity Primary Academy,141113,Primary
3aca1f0b-8ade-43b4-881b-177dea5d3fc3,2020,The University Of Bolton,8N5,10006841,,,,University Collegiate School,141941,Mathematics
77278d78-eea3-4369-83f4-79bc2ac7a0b3,2020,Birmingham City University,B25,10007140,,,,Uphall Primary School,102819,Primary
836c4523-cbb7-4f0a-852c-cdb9fb336733,2020,University of East London,E28,10007144,,,,Uphall Primary School,102819,Primary
aba43ba4-c76b-43e1-8aad-88c0f280f6c0,2020,Edge Hill University,E42,10007823,,,,Up Holland High School,119751,English
deefe23c-7514-4371-8087-c608d21595ab,2020,Edge Hill University,E42,10007823,,,,Up Holland High School,119751,Religious education
1490d426-f7e6-4f94-a45a-f8bfb9335874,2020,Nottingham Trent University,N91,10004797,,,,Uplands Junior L.E.A.D. Academy,142787,Primary
64c05c6c-2409-407f-8458-f1d1b4369895,2020,The University of Brighton,B72,10000886,,,,Upper Beeding Primary School,125857,Primary
c0ded291-007d-43c5-b561-182817927923,2020,University of Chichester,C58,10007137,,,,Upper Beeding Primary School,125857,Primary
a6be5384-6643-4985-ba27-36d4abf33269,2020,Edge Hill University,E42,10007823,,,,Upper Wharfedale School,121690,Religious education
a065018b-5db0-42b0-8b67-c753d98a8bf4,2020,Coventry University,C85,10001726,,,,Uppingham Community College,136629,English
7c5c5c85-90a6-4d9d-bdb6-1fc9c8b8c4ce,2020,University of Cumbria,C99,10007842,,,,Upton Cross Primary School,142267,Primary
69f757b1-6270-41df-8795-18d11d856910,2020,University of East London,E28,10007144,,,,Upton Cross Primary School,142267,Primary
85776c5a-e589-4f30-bb49-05d9aaa3c638,2020,Edge Hill University,E42,10007823,,,,Upton Hall School FCJ,137929,English
cf98433a-19ef-4d91-b068-79e587287c33,2020,Liverpool Hope University,L46,10003956,,,,Upton Hall School FCJ,137929,Religious education
99445452-9fbc-4ec3-b447-210348e288d9,2020,Edge Hill University,E42,10007823,,,,Upton Heath CofE Primary School,145074,Primary
63afabe5-ec2b-479f-a099-444ba19905be,2020,Canterbury Christ Church University,C10,10001143,,,,Upton Junior School,143220,Primary
0324970e-e88f-4948-bafd-0237c22952e6,2020,Leeds Trinity University,L24,10003863,,,,Upton Primary School,130862,Primary
7795dfa5-d385-4142-9481-d304e68f5749,2020,The Manchester Metropolitan University,M40,10004180,,,,Upton Priory School,142513,Primary
60601701-9262-49a4-8048-75cfcc00ce42,2020,University of Worcester,W80,10007139,,,,Upton Snodsbury CofE Primary  School,116854,Primary
c47cadb6-4823-46a5-b5a6-874febd71e82,2020,University of Worcester,W80,10007139,,,,Upton-Upon-Severn CofE Primary and Pre School,116853,Primary
955ae32d-cc1a-46ea-80ff-279b7a7d6136,2020,University of Chester,C55,10007848,,,,Upton Westlea Primary School,111100,Primary
e54f32c2-5126-4859-8dd8-fda75f020afb,2020,The University Of East Anglia,E14,10007789,,,,Upwell Academy,144017,Primary
4d998f3d-fb1b-48f1-a754-81568c6e042a,2020,Canterbury Christ Church University,C10,10001143,,,,Ursuline College,141628,Mathematics
74fcf9b6-3541-4b69-9156-de4a80a1e98d,2020,University of Sunderland,S84,10007159,,,,Usworth Colliery Nursery School,108749,Primary
7936347d-6638-4ac1-908d-7598d12a41e2,2020,University of Northumbria at Newcastle,N77,10001282,,,,Usworth Colliery Primary School,108799,Primary
215a8d25-87ea-447e-ad7f-8daf3717919d,2020,University of Reading,R12,10007802,,,,UTC Reading,139268,Computing
3c1fd6d1-5d49-4b03-8d25-c5760bb8c954,2020,Sheffield Hallam University,S21,10005790,,,,UTC Sheffield City Centre,139695,Biology
71592228-b868-4fec-ae03-dc26510beb1a,2020,Sheffield Hallam University,S21,10005790,,,,UTC Sheffield City Centre,139695,Mathematics
be42ebb7-1097-42b7-91c5-488cfc9f4801,2020,Sheffield Hallam University,S21,10005790,,,,UTC Sheffield Olympic Legacy Park,142605,Mathematics
7e58b898-5fa1-451c-b421-74572a8ed4a7,2020,University College London,U80,10007784,,,,Valence Primary School,101222,Primary
860ba44f-98b2-442e-ae15-ea66277330fb,2020,University of East London,E28,10007144,,,,Valence Primary School,101222,Primary
69d37855-47b4-4a5b-9e65-e3c9ec24c051,2020,University of Winchester,W76,10003614,,,,Valentine Primary School & Nursery,132025,Primary
3d7883ac-3f5f-4c51-9d76-7cc65c10e1c1,2020,Edge Hill University,E42,10007823,,,,Valewood Primary School,104890,Primary
bf0b46c4-b7b6-4991-8944-7b70e1b6106a,2020,Canterbury Christ Church University,C10,10001143,,,,Valley Invicta Primary School At Kings Hill,140432,Primary
7aff5e24-382e-45ed-a17f-8717583088e3,2020,Canterbury Christ Church University,C10,10001143,,,,Valley Invicta Primary School At Leybourne Chase,140430,Primary
b1d87a48-077b-45e6-be0c-7bc39499054d,2020,Birmingham City University,B25,10007140,,,,Valley Nursery School,104137,Primary
c623ffa8-d09b-4f95-888e-033a23f7e133,2020,University of Wolverhampton,W75,10007166,,,,Valley Nursery School,104137,Primary
7b2827d6-c098-43ac-af8e-bfa9e8a350c8,2020,Tes Institute,H40,10035578,Greenacre School,138046,school,Valley Park School,136581,Mathematics
1834fb1b-3e64-4706-a1d3-723c5125bb04,2020,Edge Hill University,E42,10007823,,,,Valley Primary School and Nursery,134214,Primary
97683475-925c-477b-9074-30e2f26e234e,2020,University of Sunderland,S84,10007159,,,,Valley Road Academy,144221,Primary
3ce91330-c51d-49a7-9833-2c410ff0e4ee,2020,Leeds Beckett University,L27,10003861,,,,Valley View Community Primary School,131111,Primary
a7830d9d-84fd-4845-a60c-c0fcb6bc8a15,2020,University of Sunderland,S84,10007159,,,,Valley View Primary School,108694,Primary
e18bea88-a76a-47c8-8c7b-3531adda4c50,2020,University of Bedfordshire,B22,10007152,,,,Vandyke Upper School,137169,Physical education
c522e51a-00fb-43d2-bc74-990e2980ce41,2020,The Manchester Metropolitan University,M40,10004180,,,,Varna Community Primary School,105459,Mathematics
15e31b24-dff3-4e4d-9ab8-39c99ddb58af,2020,The University of Brighton,B72,10000886,Hove Park School and Sixth Form Centre,114607,school,Varndean School,114579,Chemistry
841f1177-a7b3-4b36-b5e8-e60d1f1bc735,2020,The University of Brighton,B72,10000886,Millais School,126066,school,Varndean School,114579,English
25620d7c-34f9-48e8-943f-88b96abbe4d7,2020,University of Sussex,S90,10007806,,,,Varndean School,114579,Mathematics
36f5f28c-4a16-4027-9174-11e1aebf7db4,2020,University of Derby,D39,10007851,,,,Veritas Primary Academy,140381,Primary
1c7415a1-672c-4cd9-a012-6e4461b0518a,2020,University of Wolverhampton,W75,10007166,,,,Veritas Primary Academy,140381,Primary
acec1c69-8de4-4c07-a785-aaf04f0d1e2a,2020,Edge Hill University,E42,10007823,,,,Vernon Primary School,135327,Primary
a3aadf53-e473-49b2-93d7-c24d28b13321,2020,"Goldsmiths, University of London",G56,10002718,,,,Vicarage Primary School,145366,Primary
9c7c429a-ad27-41eb-b93f-5128c0bed4cd,2020,University of Cumbria,C99,10007842,,,,Vickerstown School,149244,Primary
e5612e05-f4fa-4585-9f0b-820e08566d02,2020,University of Hull,H72,10007149,,,,Victoria Dock Primary School,144673,Primary
c04e79e6-2454-4743-a190-974a86421bbb,2020,Edge Hill University,E42,10007823,,,,Victoria Infant and Nursery School,112144,Primary
fd74e8d3-18ed-45d5-ba2b-af4a5ac7f90d,2020,University of Cumbria,C99,10007842,,,,Victoria Infant and Nursery School,112144,Primary
39143662-754f-44fc-b9b8-b44b755412ee,2020,Edge Hill University,E42,10007823,,,,Victoria Junior School,112145,Primary
1d7bbf2f-2c4b-4ed9-b24e-ae01b0f0b29a,2020,University of Cumbria,C99,10007842,,,,Victoria Junior School,112145,Primary
34489e63-a564-4834-bc4a-5d7f5b13919a,2020,The University Of Birmingham,B32,10006840,,,,Victoria Park Primary,138033,Primary
9d48584b-dfbd-4f8d-bf75-c576a94b027c,2020,Leeds Beckett University,L27,10003861,,,,Victoria Primary Academy,142450,Primary
9d22cf32-1d38-4587-8537-1b08dc5f5d37,2020,Leeds Trinity University,L24,10003863,,,,Victoria Primary School,143571,Primary
95bdb757-8ab9-4296-a713-9b39f271bd67,2020,Nottingham Trent University,N91,10004797,,,,Victoria Primary School,145018,Primary
0c89232d-50f2-43ea-b0f7-6060d6ddd84c,2020,Plymouth Marjon University,P63,10037449,,,,Victoria Road Primary,145654,Primary
10f018ec-82a4-4062-99d0-504124f3cd94,2020,Canterbury Christ Church University,C10,10001143,,,,Victoria Road Primary School,118369,Primary
7a828260-4b07-4af2-ba89-351951bd7675,2020,St Mary's University,S64,10007843,,,,Victor Seymour Infants' School,142750,Primary
c8088a54-ccf0-4eef-b161-580863b9646f,2020,University of Wolverhampton,W75,10007166,,,,Victory Heights Primary School,142482,Primary
30f25cd9-58c3-4555-a27b-ccd17a3372b1,2020,University of Winchester,W76,10003614,,,,Vigo Primary School,115970,Primary
1d20d8f2-9253-4bc2-82b8-253eca2c55ec,2020,Roehampton University,R48,10007776,,,,Viking Primary School,101908,Primary
6d539efc-73a1-4d3b-893d-12fd6fdcdcc2,2020,Birmingham City University,B25,10007140,,,,Villiers Primary School,145715,Primary
9fe312d0-9bac-4dff-9f42-918367aa7ce4,2020,Staffordshire University,S72,10006299,,,,Villiers Primary School,145715,Primary
7f025c75-5505-43d8-bf45-9c832ce01a1c,2020,University of Wolverhampton,W75,10007166,,,,Villiers Primary School,145715,Primary
07a5f0be-a30f-4bba-b097-652c0caef518,2020,Middlesex University,M80,10004351,,,,Vittoria Primary School,100426,Primary
15edd260-0c23-4145-ad77-825e84c89ce7,2020,University Of Plymouth,P60,10007801,,,,Wadebridge Primary Academy,137366,Primary
ffd0d9e7-3698-43d9-8a08-a8cfc9895f6c,2020,Nottingham Trent University,N91,10004797,,,,Wadsworth Fields Primary School,135458,Primary
4564498d-66a7-4b8d-a4f5-92a60c2716b7,2020,University of Reading,R12,10007802,Ranelagh School,137267,school,Waingels,142166,Design and technology
e29d79af-73b0-4834-a36d-5826c0d9e805,2020,University of Reading,R12,10007802,,,,Waingels,142166,Modern languages
d10efed0-0991-469f-81fa-de1f14f870fb,2020,University of Derby,D39,10007851,,,,Waingroves Primary School,148018,Primary
84b1ca73-5b98-4edb-966d-ef6c288a32b2,2020,Leeds Beckett University,L27,10003861,,,,Wainstalls School,140107,Primary
5c63d7a6-67c6-420a-9039-8cc0bce0c458,2020,Sheffield Hallam University,S21,10005790,,,,Wainwright Primary Academy,144485,Primary
4cd2394f-6bd7-45a4-806f-757e439593f3,2020,Leeds Trinity University,L24,10003863,,,,Wakefield Pinders Primary (JIN) School,108210,Primary
9837a991-241b-44ad-90c2-1e5fe160236e,2020,Leeds Beckett University,L27,10003861,,,,Wakefield St Marys Church of England Voluntary Aided Primary School,108269,Primary
e6de0815-54de-40ce-9863-997b58a62d24,2020,University of Chichester,C58,10007137,,,,Walberton and Binsted CofE Primary School,125997,Primary
630a6834-aa48-40c0-98b8-f84ed64df0ea,2020,University of Northumbria at Newcastle,N77,10001282,,,,Walbottle Village Primary School,144559,Primary
3717e9f1-cca0-4ffb-846f-a4c73dfcad96,2020,University of Sunderland,S84,10007159,,,,Walbottle Village Primary School,144559,Primary
295ec30e-7b7d-41ce-b75f-d7c597886155,2020,Coventry University,C85,10001726,,,,Wales High School,136331,Biology
b88074e4-2bd4-413b-82c4-3f31ee6ea21e,2020,Coventry University,C85,10001726,,,,Wales High School,136331,Business studies
3ae8969e-ed12-4977-a748-5ef50a16e7f4,2020,Coventry University,C85,10001726,,,,Wales High School,136331,Modern languages
ee559e8c-7022-45a3-b14d-60e0ebc0fc34,2020,Leeds Beckett University,L27,10003861,,,,Wales High School,136331,Physical education
475bef4b-54a4-4b51-bdf0-a6a08192f797,2020,Sheffield Hallam University,S21,10005790,,,,Wales Primary School,106883,Primary
69bd7e89-2989-4c6d-83fa-7a042a583d6c,2020,The University of Northampton,N38,10007138,,,,Walgrave Primary School,121864,Primary
f3b21be2-ed35-4aa1-9425-bb30a1cd9298,2020,University of Sunderland,S84,10007159,,,,Walkergate Community School,144273,Primary
8393ce54-f38b-4de2-a1af-83923abb5726,2020,Middlesex University,M80,10004351,,,,Walker Primary School,146868,Primary
091bef10-f096-420c-828f-30ff9734ab62,2020,Sheffield Hallam University,S21,10005790,,,,Walkley Primary School,107094,Primary
3106569b-c320-408f-a06c-d28999c3a1e3,2020,St Mary's University,S64,10007843,,,,Wallace Fields Junior School,125298,Primary
152e7a2a-599c-4641-8b9c-6401bd43ac39,2020,The University of Brighton,B72,10000886,,,,Wallands Community Primary and Nursery School,114405,Mathematics
8b8edc40-70f6-4166-afe4-97a0e43cb69a,2020,The University of Brighton,B72,10000886,,,,Wallands Community Primary and Nursery School,114405,Primary
945116e6-c0b0-42bf-997e-70ef8abff74f,2020,"University of the West of England, Bristol",B80,10007164,,,,Walliscote Primary School,144922,Primary
9b7bceae-4d3c-4c80-9924-0e34c30899f9,2020,University of Winchester,W76,10003614,,,,Wallop Primary School,115957,Primary
b22875c5-d49b-4a16-9338-2c6155d45a21,2020,Birmingham City University,B25,10007140,,,,Walmley Junior School,103543,Primary
7412fa10-2fa8-4c9b-9b7a-829c3187062f,2020,University of Worcester,W80,10007139,,,,Walmley Junior School,103543,Primary
d6cf8f06-09c9-48a2-b614-60ebd9cecaee,2020,Edge Hill University,E42,10007823,,,,Walsall Academy,133697,Mathematics
df29d4a7-3ae7-4785-96e7-29bd4f68212e,2020,The University Of Birmingham,B32,10006840,,,,Walsall Academy,133697,Mathematics
1a4c60ec-8e9e-43cc-8821-182eaca0445f,2020,University of Wolverhampton,W75,10007166,,,,Walsall Academy,133697,Primary
c1a88fb8-7d5a-4010-a22d-1c0f08456a5a,2020,University of Wolverhampton,W75,10007166,,,,Walsall Wood School,104201,Primary
05bc9f8d-f1d6-4627-86d7-946a0d5e9213,2020,University of Derby,D39,10007851,,,,Walter Evans Church of England Aided Primary School,142752,Primary
68c4c0e9-95da-4915-b452-e17739656ba5,2020,Sheffield Hallam University,S21,10005790,,,,Walton Academy,136624,Mathematics
f82a838f-96d4-4bc3-ba2b-6e327f10675c,2020,Leeds Beckett University,L27,10003861,,,,Walton Holymoorside Primary School,147120,Primary
c52a4868-b030-4213-bfa7-973daf41429d,2020,York St John University,Y75,10007713,,,,Walton Holymoorside Primary School,112645,Primary
2bf54713-dac9-44c0-87fd-7ce3f3c8caa4,2020,St Mary's University,S64,10007843,,,,Walton Oak Primary School,146682,Primary
159d1f75-9d60-4f9d-8fc1-8c970dd2a533,2020,University of Derby,D39,10007851,,,,Walton On Trent CofE Primary and Nursery School,146607,Primary
91903ec9-9507-42c4-b9ce-d4c536895e71,2020,Oxford Brookes University,O66,10004930,,,,Wantage Church of England Primary School,140255,Primary
75c814c5-c061-4417-a69e-b7e68c2445e6,2020,Plymouth Marjon University,P63,10037449,Ilsham Church of England Academy,137304,school,Warberry CofE Academy,142287,Primary
776160cc-de1e-43e6-8484-dd4134d5a95e,2020,University of Chichester,C58,10007137,,,,Warblington School,116475,Physical education
de357f40-8a1e-4cb1-9a7f-849d965e2955,2020,Birmingham City University,B25,10007140,,,,Ward End Primary School,103217,Primary
ca3c4a89-7145-4f0d-816c-f7904653438f,2020,Newman University,N36,10007832,,,,Ward End Primary School,103217,Primary
63d55c83-84c5-4b8e-8496-261c64116720,2020,The University Of Birmingham,B32,10006840,,,,Ward End Primary School,103217,Primary
576db182-910f-48d6-8c3a-a2f3328cd024,2020,University of Sussex,S90,10007806,,,,Warden Hill Infant School,109570,Early years ITT
2eb3c1e9-145a-4689-b834-918080d13079,2020,Edge Hill University,E42,10007823,,,,Warden Hill Junior School,109562,Primary
65ea18cd-b7c2-4544-850e-a650b084f3ec,2020,University of Bedfordshire,B22,10007152,,,,Warden Hill Junior School,109562,Primary
3a88a08e-af79-4b25-bb20-2893898b1525,2020,University of Gloucestershire,G50,10007145,,,,Warden Hill Primary School,115740,Primary
6dc56119-976e-4f99-977b-6710a4f29955,2020,Canterbury Christ Church University,C10,10001143,,,,Warden House Primary School,139186,Primary
ff6450a3-1d75-4f73-a48d-9af2d72f0305,2020,University of Sunderland,S84,10007159,,,,Ward Jackson Church of England VA Primary School,136943,Primary
3eb4851c-71b5-4329-a4e2-d49a0c704c7a,2020,University of Reading,R12,10007802,,,,Warfield Church of England Primary School,109982,Primary
ae3cf5ad-4f61-44a1-ad5a-27507177c835,2020,Brunel University London,B84,10000961,,,,Warren Dell Primary School,144905,Primary
f4f35f38-ff11-4b05-b2c9-5f5f30c65ea2,2020,University of Hertfordshire,H36,10007147,,,,Warren Dell Primary School,144905,Primary
5a19ccf3-5ca0-476c-aa3f-422a6971135d,2020,University of Wolverhampton,W75,10007166,,,,Warren Farm Primary School,138303,Primary
bde13665-4d92-49ba-9641-721d7b3d71be,2020,London South Bank University,L75,10004078,,,,Warren Road Primary School,136915,Primary
ee53f1d9-f7a7-44b5-bca7-8a6bf5f4719c,2020,York St John University,Y75,10007713,,,,Warthill Church of England Voluntary Controlled Primary School,121523,Primary
19dc5912-ed22-4c58-8669-fca3d4fa09e9,2020,University of Cumbria,C99,10007842,,,,Warton Archbishop Hutton's VC Primary School,119404,Primary
3118dc2d-fa80-4c43-8266-d565b944449a,2020,University of Sunderland,S84,10007159,,,,Washington Academy,144937,Business studies
e8cd3222-162e-475c-9c2b-8683459d98f4,2020,University of Sunderland,S84,10007159,,,,Washingwell Community Primary School,108356,Primary
52c126fd-2f6b-4333-aca5-66d3d4d67cde,2020,Oxford Brookes University,O66,10004930,,,,Watchfield Primary School,140301,Primary
31357f2a-36be-41f6-892e-1a7463c1c261,2020,Sheffield Hallam University,S21,10005790,,,,Watercliffe Meadow Community Primary School,131082,Primary
c458dede-6b2a-49da-8238-7b0cd7cd3ee3,2020,The University of Brighton,B72,10000886,,,,Waterfield Primary School,145544,Primary
bcaf8fe7-35e8-418f-91bc-7f66056a16a1,2020,The University Of Bolton,8N5,10006841,,,,Waterloo Lodge,119853,Mathematics
429fb12b-84ef-4e92-a425-d82297b4ce01,2020,University of Cumbria,C99,10007842,,,,Waterloo Primary Academy,138300,Primary
2ce4b03f-9a0a-4ff3-b08b-70c67b078f54,2020,Birmingham City University,B25,10007140,,,,Water Mill Primary School,103326,Primary
58cbdb76-5782-43b0-893b-2b73a84081e1,2020,Birmingham City University,B25,10007140,,,,Water Orton Primary School,125620,Primary
2edab54a-3099-4d27-8ee3-2da7c14f86a1,2020,Coventry University,C85,10001726,,,,Waterside Academy,147653,Physical education
50778334-056c-44fc-89f1-e890e603bbfa,2020,Birmingham City University,B25,10007140,,,,Waterside Primary Academy,149097,Primary
a47b4ddd-84e6-48da-959f-938331bf5c74,2020,Staffordshire University,S72,10006299,,,,Waterside Primary School,123993,Primary
97f75850-5595-4fa3-aeaf-544c1e560baa,2020,Sheffield Hallam University,S21,10005790,,,,Waterthorpe Infant School,107064,Primary
9fbbe56b-a03e-4aa9-8d72-b8640301df51,2020,University of Hertfordshire,H36,10007147,,,,Watford St John's Church of England Primary School,142221,Primary
b1f14873-e19b-4335-a2dc-47db1b507354,2020,Leeds Trinity University,L24,10003863,,,,Wath Victoria Primary School,140170,Primary
1b3bcbca-e0a3-4e27-a809-3a6aac4b43c4,2020,Sheffield Hallam University,S21,10005790,,,,Wath Victoria Primary School,140170,Primary
e535cfd2-0cdd-4a89-a825-6c3eb4721f2c,2020,University of Hertfordshire,H36,10007147,,,,Watling Lower School,109499,Primary
08f814d1-3aef-4bce-9224-db4ea2300f91,2020,University of Wolverhampton,W75,10007166,St John's Church of England Primary School,104228,school,Watling Street Primary School,104202,Primary
37fdfd8f-734c-4b50-aa73-b0d8d0ab87a9,2020,Lincoln Bishop University,B38,10007811,,,,Watton Westfield Infant and Nursery School,143956,Primary
43c2bb52-f393-4c28-92d6-c8b4895faa58,2020,The University Of East Anglia,E14,10007789,,,,Watton Westfield Infant and Nursery School,143956,Primary
aa9e0354-c4ea-490d-8560-851c4254f330,2020,Sheffield Hallam University,S21,10005790,,,,Waverley Primary Academy,147871,Primary
62e2a369-0380-44b9-95ab-89c4a271fb61,2020,Birmingham City University,B25,10007140,Waverley Studio College,139788,school,Waverley School,142219,Modern languages
d76f4bac-7821-45aa-9ae9-a41357d40d34,2020,Birmingham City University,B25,10007140,,,,Waverley School,142219,Biology
3420ec19-f9de-4132-b49c-eb7bde3141b1,2020,Birmingham City University,B25,10007140,,,,Waverley School,142219,Physical education
9c0e8be2-f923-424d-9888-8a12a8346eae,2020,The University Of East Anglia,E14,10007789,,,,Wayland Academy,137949,Biology
fba98785-8867-450e-a501-d6dbfc9ea447,2020,The University Of East Anglia,E14,10007789,,,,Wayland Academy,137949,History
efe71368-21f9-4d80-890e-2d34f8611082,2020,The University of Northampton,N38,10007138,,,,Waynflete Infants' School,138056,Primary
ecc21418-31fc-4ebf-83d4-d9ce131595ac,2020,University of Greenwich,G70,10007146,,,,Weald Community Primary School,118283,Primary
68f28e0a-a35c-4e39-974f-6841b2fe0d0f,2020,Middlesex University,M80,10004351,,,,Weald Rise Primary School,102215,Primary
7d618755-a9d0-41aa-9de5-71f6f85098e5,2020,University of Hertfordshire,H36,10007147,,,,Weald Rise Primary School,102215,Primary
91df3474-1f71-45ed-ae71-32625ca8487d,2020,The University Of Bolton,8N5,10006841,,,,Weaverham High School,111414,Modern languages
8bcb506d-c5ff-4a8a-bb40-1f51fff6a0cf,2020,University of Chester,C55,10007848,,,,Weaverham High School,111414,English
8bab8697-16f5-4a06-aff7-9f825f5832de,2020,Edge Hill University,E42,10007823,,,,Weaverham Primary Academy,146642,Primary
7cbad51d-12ad-4fb6-9063-99a35aa1ade6,2020,Plymouth Marjon University,P63,10037449,,,,Webber's Church of England Primary School,113434,Primary
74e819ef-8d3c-451a-b7c7-b569c1621cba,2020,Birmingham City University,B25,10007140,,,,Wednesfield Academy,141245,Biology
70272581-6e06-4a7f-a62e-55dd5126ddbe,2020,Birmingham City University,B25,10007140,,,,Wednesfield Academy,141245,Physical education
ae7e8145-f7a8-4e6b-aa5d-af7df9689f2a,2020,University of Wolverhampton,W75,10007166,,,,Wednesfield Academy,141245,Computing
5d947638-f28e-4da3-86a0-f8de51376a3a,2020,University of Wolverhampton,W75,10007166,,,,Wednesfield Academy,141245,Geography
56612df6-c8f4-4516-9008-a8a6dcd15370,2020,University of Wolverhampton,W75,10007166,,,,Wednesfield Academy,141245,Primary
c901eb9f-555a-4f7d-a81c-b53805ac3b5d,2020,The University of Northampton,N38,10007138,,,,Weedon Bec Primary School,141080,Primary
eab8bd16-1c94-4b83-b038-d820ca59eacd,2020,Sheffield Hallam University,S21,10005790,,,,Weelsby Academy,138279,Primary
84582422-fafa-4151-8e9e-2c15e228a3ac,2020,Edge Hill University,E42,10007823,,,,Weeton St Michael's Church of England Voluntary Aided Primary School,119561,Primary
ec588f1a-9f1f-4548-89c7-afde686b1ea3,2020,Middlesex University,M80,10004351,,,,Welbourne Primary School,102124,Primary
dfd0c6ea-20af-45fe-8047-dff7e7985020,2020,York St John University,Y75,10007713,,,,Welburn Community Primary School,121327,Primary
ccbd367d-6d22-4418-b2e2-4f19b06b5497,2020,University of Reading,R12,10007802,,,,Welford and Wickham C.E. Primary School,109984,Primary
0bce1e96-c24d-40cf-9c84-f9e371eeee34,2020,University of Worcester,W80,10007139,,,,Welford-on-Avon Primary School,125528,Primary
f8e1f800-b830-4512-b870-e6b29ab95a64,2020,Lincoln Bishop University,B38,10007811,,,,Welholme Academy,141289,Primary
bb211df5-aedf-495b-bc15-253879bfbdec,2020,Liverpool Hope University,L46,10003956,,,,Wellesbourne Community Primary School,133329,Primary
2a174042-bd79-4879-af06-bddb468d020f,2020,Sheffield Hallam University,S21,10005790,,,,Wellgate Primary School,143555,Primary
4e492d1e-ce75-4ad0-a624-fbeed61f3180,2020,Leeds Trinity University,L24,10003863,,,,Wellhouse Junior and Infant School,107647,Primary
9e4459e1-8976-4244-903e-8047e935deb8,2020,The University of Northampton,N38,10007138,,,,Wellingborough School,122131,Primary
87fcf732-81b9-4422-ab75-1baeaf89e497,2020,University of Winchester,W76,10003614,,,,Wellow Primary School,148214,Primary
28822860-fb38-47fd-bb06-dffce1bccfe8,2020,"University of the West of England, Bristol",B80,10007164,,,,Wells Cathedral School,123916,Biology
0ed8aafb-a66a-4c92-9f73-6ede17476a89,2020,University of Winchester,W76,10003614,,,,Wellstead Primary School,129650,Primary
00f8c79e-fed1-4d5f-afd2-44bf8453e593,2020,Birmingham City University,B25,10007140,,,,Welsh House Farm Community School and Special Needs Resources Base,103295,Primary
d699e918-4443-4c12-9fc6-ef9feda4105c,2020,University of Chester,C55,10007848,,,,Welshpool Church in Wales Primary School,402408,Primary
f27f26da-fffd-48bf-99da-a2af3b15f015,2020,"University of the West of England, Bristol",B80,10007164,,,,Welshpool Church in Wales Primary School,402408,Primary
18895a8d-72fa-4459-ba1d-f16020da877b,2020,Lincoln Bishop University,B38,10007811,,,,Welton St Mary's Church of England Primary Academy,139187,Primary
2c34ce47-e608-4682-9aa4-2222aaa6f54b,2020,University of Hertfordshire,H36,10007147,,,,Welwyn St Mary's Church of England Voluntary Aided Primary School,117490,Primary
18fb79df-1974-4755-96ce-3bf6b33497ad,2020,University of Cumbria,C99,10007842,Wensley Fold CofE Primary Academy,139514,school,Wensley Fold CofE Primary Academy,139514,Primary
fea6a8b9-d137-4825-b455-14b4acddbea2,2020,Canterbury Christ Church University,C10,10001143,,,,Wentworth Primary School,137836,Primary
4b2ee950-f65d-41b7-b606-a130bf9a3b73,2020,University of Worcester,W80,10007139,,,,Weobley Primary School,116746,Primary
09112aaa-b22d-442d-91bd-b471899de7b1,2020,The Manchester Metropolitan University,M40,10004180,,,,Werneth Primary School,140597,Primary
6d7a045b-8e56-4996-9599-46b1ff04eb0f,2020,Staffordshire University,S72,10006299,,,,Werrington Primary School,148507,Primary
827adb20-f5f8-4aa7-8062-4d0377b4e7d0,2020,University of Reading,R12,10007802,,,,Wescott Infant School,147926,Primary
749536cb-8248-46f3-b9af-51952a01ee78,2020,University of Winchester,W76,10003614,,,,Wescott Infant School,147926,Primary
cb4fdc12-4273-4561-ab93-ce900b826e18,2020,University of Winchester,W76,10003614,,,,Wessex Primary School,109821,Primary
ef932c2e-6ea6-489e-957e-a71d465e22ae,2020,University of Derby,D39,10007851,,,,Wessington Primary School,112646,Primary
eb33410b-2c32-4976-a0e6-9d2ee03050d2,2020,University of Sunderland,S84,10007159,,,,Wessington Primary School,134532,Primary
b8b1e963-e176-4bc7-bd6a-de23004cc396,2020,University of Sussex,S90,10007806,,,,West Blatchington Primary and Nursery School,114425,Primary
57bc2b27-64dc-4b42-b94c-5b8344131115,2020,University of Sussex,S90,10007806,,,,West Blatchington Primary and Nursery School,149963,Primary
144cd0fd-bf26-45ce-9a8f-2daae450cea3,2020,University of Sunderland,S84,10007159,,,,West Boldon Primary School,108701,Primary
f71f34b3-8ee8-446e-b82f-8af50b5fe61f,2020,University of Huddersfield,H60,10007148,,,,Westborough High School,107775,Biology
8963f7b1-1f97-487d-b7dc-d9cf08830d30,2020,University of Huddersfield,H60,10007148,,,,Westborough High School,107775,Chemistry
70b0808e-ed51-47d9-9da5-08e968189d86,2020,Coventry University,C85,10001726,,,,Westbourne Primary School,143566,Primary
e3be68bf-f145-4e48-a7fe-51e8c9fce787,2020,Nottingham Trent University,N91,10004797,,,,Westbourne Primary School,136796,Primary
c423a19e-562f-4e67-a94d-2410f32b2c85,2020,University of Chichester,C58,10007137,,,,Westbourne Primary School,125858,Primary
2ec9f37e-82a4-4452-9f7b-5b7fd415bd14,2020,Leeds Beckett University,L27,10003861,,,,Westbrook Lane Primary School,107861,Primary
93184c6e-63f8-4f8a-a42b-c44d34310179,2020,Edge Hill University,E42,10007823,,,,Westbrook Old Hall Primary School,145389,Primary
8e7173da-2dbb-4d42-b8b8-b447a1259922,2020,Liverpool John Moores University,L51,10003957,,,,Westbrook Old Hall Primary School,145389,Primary
369bc32a-0b36-482f-9558-7b3129cd82d7,2020,Bath Spa University,B20,10000571,,,,Westbury Infant School,126233,Early years ITT
df594bfd-118d-44b3-8e6a-71886bdf98a2,2020,St Mary's University,S64,10007843,,,,West Byfleet Junior School,125081,Primary
2983ae6a-18f1-4187-956c-79a4eb66f2d8,2020,York St John University,Y75,10007713,,,,West Cliff Primary School,144681,Primary
1461e7a0-f866-4c8a-992c-f0d54002f975,2020,Bath Spa University,B20,10000571,,,,West Coker CofE VC Primary School,123821,Early years ITT
9c9449d0-0ddc-4f0a-829e-7c214bc31cd9,2020,University of Hull,H72,10007149,,,,Westcott Primary School,140830,Primary
3e1a5135-1fa0-4dc6-8101-49726963bc06,2020,Birmingham City University,B25,10007140,,,,West Coventry Academy,137209,Geography
a8a7e99b-33ef-466f-be53-56c1cf5e3a3b,2020,Coventry University,C85,10001726,,,,West Coventry Academy,137209,Art and design
72a63245-02dc-473e-8bf9-fdbe67c7b7d6,2020,Coventry University,C85,10001726,,,,West Coventry Academy,137209,Biology
cef2a60b-1312-4f25-9e06-735136edc273,2020,University of Chichester,C58,10007137,,,,West Dean CofE Primary School,126004,Primary
1bdc28d6-227e-4e97-abfc-6677dd6baf81,2020,The University of Brighton,B72,10000886,,,,Westdene Primary School,114380,Mathematics
a8cb28e5-0e88-4ffd-a0a6-719baeee3e40,2020,The University of Brighton,B72,10000886,,,,Westdene Primary School,114380,Primary
3155a8e3-1c23-4886-8aef-89dbebeeb84e,2020,University of Sussex,S90,10007806,,,,Westdene Primary School,114380,Primary
0a674cc4-e90e-488d-8689-d2c6ee0d75d7,2020,The University Of East Anglia,E14,10007789,,,,West Earlham Infant and Nursery School,120954,Primary
85d0ce22-4a24-458b-b3e5-583cdf1bdc10,2020,The University Of East Anglia,E14,10007789,,,,West Earlham Junior School,120958,Primary
5d1fa292-cab5-4201-9a67-dd7edc463b68,2020,University of Reading,R12,10007802,,,,Westende Junior School,148014,Primary
f430d756-d29a-4335-a512-eeb4486623a7,2020,University of Cumbria,C99,10007842,,,,West End Primary School,119139,Primary
e98e98f5-62e5-4b8c-9a69-3bc83915eb31,2020,University of Northumbria at Newcastle,N77,10001282,,,,Westerhope Primary School,108457,Primary
fd944178-499b-458f-a86e-c5b488831965,2020,University of Winchester,W76,10003614,,,,Western Church of England Primary School,116327,Primary
2555c501-291d-447f-9857-ba2d5554d961,2020,University of Northumbria at Newcastle,N77,10001282,,,,Western Community Primary School,133384,Primary
919f27b4-16d5-4f4b-beb2-08ae13b62dd0,2020,University of Sunderland,S84,10007159,,,,Western Community Primary School,133384,Primary
2549ea2a-40f4-4cfb-86f9-edc49b45fc51,2020,St Mary's University,S64,10007843,,,,Western House Academy,140857,Primary
55a56e42-11bc-481e-9e70-f9126908b947,2020,The University of Brighton,B72,10000886,,,,Western Road Community Primary School,114406,Primary
f71ec402-854e-4366-937d-96c5d3ab0726,2020,Leeds Trinity University,L24,10003863,,,,Westerton Primary Academy,142452,Primary
d9ea80a8-bc16-4323-987d-bde63e74c2e1,2020,Kingston University,K84,10003678,,,,West Ewell Primary School and Nursery,145797,Primary
e677eca0-9f32-4b82-a279-732d3ac5b197,2020,Ted Wragg Teacher Training Partnership,S66,10060466,,,,West Exe School,145404,Biology
20de0c99-a0e1-4784-bd43-23ab1603c920,2020,Coventry University,C85,10001726,,,,Westfield Academy,140049,Religious education
101ed96c-0ba3-41c6-90f5-99aa7cc4a6d3,2020,Sheffield Hallam University,S21,10005790,,,,Westfield Infant School,147144,Primary
631b8e70-c2dc-428a-8cb9-44d7051e369b,2020,York St John University,Y75,10007713,,,,Westfield Infant School,147144,Primary
9459f077-03ac-446b-b806-fa800e0505e3,2020,Birmingham City University,B25,10007140,,,,Westfield Primary School,124193,Primary
373ca66b-c3cc-43f9-81db-2abb4b478c48,2020,Sheffield Hallam University,S21,10005790,Silverdale School,139167,school,Westfield School,145562,English
8f07e908-d826-466c-8331-85e1303b33ba,2020,York St John University,Y75,10007713,,,,Westgarth Primary School,145661,Primary
fc3d2c82-d857-445e-bea9-37b2b851effa,2020,York St John University,Y75,10007713,,,,Westgate Hill Primary Academy,144970,Primary
7e74a614-9efa-4698-86de-bdd76d8954e8,2020,Leeds Beckett University,L27,10003861,,,,Westgate Primary School,107879,Primary
bb94e277-7f54-42b0-8a3a-4a6c38faca45,2020,Lincoln Bishop University,B38,10007811,,,,West Grantham Church of England Primary Academy,148432,Primary
613ee3f6-173f-44d1-9094-2eac03f6b1ff,2020,Middlesex University,M80,10004351,,,,West Grove Primary,131657,Primary
fa7bf520-7f06-49e3-a886-998f106790f4,2020,St Mary's University,S64,10007843,,,,West Grove Primary,131657,Primary
8fe38e21-ccc3-4712-9f47-c88eb4cfe8a5,2020,London South Bank University,L75,10004078,,,,West Ham Church Primary School,102765,Primary
2a1c3f9b-2148-4f04-a3a3-f16c37daac90,2020,University of Greenwich,G70,10007146,,,,West Hill Primary Academy,144668,Primary
33c5fdab-cad9-4886-b0df-01f3ed00ed9e,2020,Coventry University,C85,10001726,,,,West Hill Primary School,124072,Primary
cffa8bbd-0010-4a97-8ef5-d996775eafd5,2020,Plymouth Marjon University,P63,10037449,,,,West Hill Primary School,113106,Primary
33621f32-2960-4c18-a546-eec50fc1e4cd,2020,University Of Plymouth,P60,10007801,,,,West Hill Primary School,113106,Primary
016cb5d6-9982-4a0c-9706-1e04107a22ff,2020,University of Wolverhampton,W75,10007166,,,,West Hill Primary School,124072,Primary
b0e104e5-d53e-4e87-a74c-c2cfcdbfebab,2020,The University of Brighton,B72,10000886,,,,West Hoathly CofE Primary School,126012,Mathematics
7d70cf3b-23d1-4839-8c6c-6e0217479a1f,2020,University of Sussex,S90,10007806,,,,West Hoathly CofE Primary School,126012,Primary
b549efea-eeb5-48ec-b596-185de290d699,2020,University of Derby,D39,10007851,,,,Westhouses Primary School,112508,Primary
f166573a-64b6-4f68-a21c-19ad23894ba5,2020,The University of Brighton,B72,10000886,,,,West Hove Infant School,114428,Primary
cc38ec39-7792-4e9d-ad4e-fcc63a51c0ef,2020,University of Sussex,S90,10007806,,,,West Hove Infant School,114428,Primary
c2597cfe-d82a-4056-a8d5-b71cfbb61a85,2020,Oxford Brookes University,O66,10004930,,,,West Kidlington Primary and Nursery School,144398,Primary
d1be2a66-10f6-4753-b6b0-6ffacefba8b4,2020,Canterbury Christ Church University,C10,10001143,,,,Westlands Community Primary School,115027,Primary
b82ce242-d867-4023-9ce8-c50130096fad,2020,Canterbury Christ Church University,C10,10001143,,,,Westlands Primary School,136270,Primary
7d8baa49-c49f-4666-8141-845b1d5515a3,2020,University of Northumbria at Newcastle,N77,10001282,,,,West Lane Primary School,108346,Primary
8b707b37-4873-43c5-92e0-a69299d3cec3,2020,"University of the West of England, Bristol",B80,10007164,,,,West Leigh Infant School,145261,Primary
5560ad12-a939-4cdf-af2c-246a14856343,2020,Brunel University London,B84,10000961,,,,West Lodge Primary School,102216,Primary
d4e52d9b-7f98-4187-935e-b11214b45f8d,2020,Middlesex University,M80,10004351,,,,West Lodge Primary School,102216,Primary
6b504788-03ae-4285-85ee-217c3ea2926a,2020,University of Hertfordshire,H36,10007147,,,,West Lodge Primary School,102216,Primary
2aed3547-3f91-450e-a78e-02640a8cd283,2020,Canterbury Christ Church University,C10,10001143,,,,Westmeads Community Infant School,118363,Mathematics
02072833-1312-47df-8680-5c9074c6bfa8,2020,University of Winchester,W76,10003614,,,,West Meon Church of England Voluntary Controlled Primary School,116322,Primary
b30cf2d8-f3db-4184-b6e4-9ef8afc7c2c5,2020,Canterbury Christ Church University,C10,10001143,,,,West Minster Primary School,118438,Primary
3298b0bf-ec6f-4211-be31-039dd499d195,2020,University of Northumbria at Newcastle,N77,10001282,,,,Westmoor Primary School,108582,Primary
78d2672a-fd9e-4e14-882c-42240c2d9dcf,2020,Edge Hill University,E42,10007823,,,,Westmorland Primary School,132121,Primary
efeecac5-3d45-4fc1-9a6d-4f50dc965442,2020,University of Northumbria at Newcastle,N77,10001282,,,,West Newcastle Academy,139729,Primary
be0b3971-0928-4d68-a5bf-2c99fdaa6579,2020,Plymouth Marjon University,P63,10037449,Priory Community School,137300,school,Weston College,130564,History
5093213b-dc62-4456-8326-685c73b91145,2020,Coventry University,C85,10001726,,,,Weston Favell Academy,136948,Music
491ce4ca-ee1f-40b9-9579-26ae7d3a0ae0,2020,Birmingham City University,B25,10007140,,,,Weston Favell CofE Primary School,138956,Primary
d0605c3e-4b13-4bbd-8078-cbaf82551d33,2020,The University of Northampton,N38,10007138,,,,Weston Favell CofE Primary School,138956,Primary
987adb51-9024-4c8a-8854-3fc491b54a21,2020,Edge Hill University,E42,10007823,,,,Weston Primary School,111114,Primary
ecb6c6e2-dcc7-4cd4-9e62-e7f749bfd4a6,2020,Staffordshire University,S72,10006299,,,,Weston Rhyn Primary School,123403,Primary
602f919f-b735-4be8-858d-d291877fdf05,2020,University of Chester,C55,10007848,,,,Weston Rhyn Primary School,123403,Primary
566ca6fa-80f0-4843-8ab7-ce8c4d9fd219,2020,University of Worcester,W80,10007139,,,,Weston-under-Penyard CofE Primary School,116918,Primary
3504e3bd-cee1-4c7c-bcf8-2a93a400c49a,2020,University of Chester,C55,10007848,,,,Weston Village Primary School,145587,Primary
d6d5a87f-81e0-4daf-ab95-516c96fb8ca1,2020,Oxford Brookes University,O66,10004930,,,,West Oxford Community Primary School,123050,Primary
bc551a4a-3838-4803-9b55-36c549d97abe,2020,University of Durham,D86,10007143,,,,West Pelton Primary School,114004,Primary
1c8e1c3c-8604-4662-b2ec-1e15ad6cbbf9,2020,University of Hull,H72,10007149,,,,West Road Primary Academy,147373,Primary
64043987-1560-4a62-971d-e337b3c949b5,2020,University of Northumbria at Newcastle,N77,10001282,,,,West Road Primary Academy,147373,Primary
6d825f1f-de9f-4d52-8a87-1ac6f68019b2,2020,The University of Brighton,B72,10000886,,,,West St Leonards Primary Academy,140179,Primary
714c4383-f14a-4f5c-90fb-3e3095d846e6,2020,Kingston University,K84,10003678,,,,West Thornton Primary Academy,136769,Primary
2ca7a769-253a-41e6-8480-90a3ed153d62,2020,Kingston University,K84,10003678,,,,West Thornton Primary School,147971,Primary
652f8a29-ad0e-46d0-9cc2-7cc7f0877db9,2020,Edge Hill University,E42,10007823,,,,Westvale Primary School,104431,Primary
b98e889f-feae-4135-8c4d-6e93d555cf39,2020,Liverpool Hope University,L46,10003956,,,,Westvale Primary School,104431,Primary
85e931aa-82da-4092-9b20-7898b49a3053,2020,University of Sunderland,S84,10007159,,,,West View Primary School,141627,Primary
e333f5f1-b43e-4d42-9b8e-4f250a9ffbd4,2020,University of Wolverhampton,W75,10007166,,,,West Walsall E-ACT Academy,138374,English
60b16f64-bc7b-458f-9526-518d33e3c6d4,2020,University of Wolverhampton,W75,10007166,,,,West Walsall E-ACT Academy,138374,Geography
cb0f4ada-1c7d-478a-912c-4d4effbeab53,2020,University of Wolverhampton,W75,10007166,,,,West Walsall E-ACT Academy,138374,Mathematics
6839efc1-ea70-4c23-ad23-149548c1f43f,2020,University of Wolverhampton,W75,10007166,,,,West Walsall E-ACT Academy,138374,Primary
5bf19383-3b48-4a04-b80d-8cd1d7d83e86,2020,Coventry University,C85,10001726,,,,West Walton Community Primary School,120890,Primary
c27c9578-7887-4001-8686-ea44d3d61c11,2020,Sheffield Hallam University,S21,10005790,,,,Westways Primary School,107095,Primary
4cc6d839-06a6-4ede-b729-af7c6978c2fa,2020,Oxford Brookes University,O66,10004930,,,,West Witney Primary School & Nursery,123084,Primary
990bc504-14ea-46d0-815d-269b94464be4,2020,Leeds Beckett University,L27,10003861,,,,Westwood Academy,141401,Primary
c6de6e1e-7656-4c6a-8246-fe6d8b6243fd,2020,Lincoln Bishop University,B38,10007811,,,,Westwood First School,146623,Primary
2f372461-c2e3-4167-87af-9e5128c3b529,2020,The Manchester Metropolitan University,M40,10004180,,,,Westwood Park Community Primary School,105905,Primary
8d59e5f3-540f-4118-a390-f1232edbc4de,2020,The University of Northampton,N38,10007138,,,,Westwood Primary School,146407,Primary
a7f80ff2-a8e3-4d2f-a91f-8973536caf81,2020,University of Bedfordshire,B22,10007152,Lionel Walden Primary School,110632,school,Westwood Primary School,146407,Primary
0c01877d-c102-4c2f-8d54-705c189e5d50,2020,Coventry University,C85,10001726,,,,Westwoodside Church of England Academy,138713,Primary
ad2a8e16-37a0-43fc-9139-e37ac75a8311,2020,Leeds Beckett University,L27,10003861,,,,Wetherby High School,108088,Primary
615f6f55-7fc4-461f-a6f1-65924510c892,2020,York St John University,Y75,10007713,,,,Wetwang Church of England Voluntary Controlled Primary School,117997,Primary
d32dafb5-da1d-42a5-9e16-02feb87cb541,2020,Brunel University London,B84,10000961,,,,Wexham School,110078,English
57cd9a3a-2765-49d8-a2a6-875ca4e0f023,2020,St Mary's University,S64,10007843,,,,Weyfield Primary Academy,139070,Primary
ac59e9b5-b099-4249-ab96-ce7cb778002d,2020,The Manchester Metropolitan University,M40,10004180,,,,Whaley Bridge Primary School,112647,Primary
c48dd046-ef79-46cc-8974-0540171224b3,2020,Sheffield Hallam University,S21,10005790,,,,Wharncliffe Side Primary School,146498,Primary
eafaf036-d16c-41f1-832b-9764d6dfb908,2020,University of Chester,C55,10007848,,,,Wharton CofE Primary School,135635,Primary
101742bb-236d-4376-9898-18ac8602f75b,2020,University of Hertfordshire,H36,10007147,,,,Wheatfields Infants' and Nursery School,146893,Primary
1f92c6ff-57bd-452f-8ae1-f841a78e212d,2020,Oxford Brookes University,O66,10004930,,,,Wheatley Church of England Primary School,140344,Primary
34722b44-57fa-4f57-9b8f-1c5f2cb705ce,2020,University of Northumbria at Newcastle,N77,10001282,,,,Wheatley Hill Community Primary School,114147,Primary
616c2d53-df9d-4008-bdd0-1a858fb33015,2020,University of Sunderland,S84,10007159,,,,Wheatley Hill Community Primary School,114147,Primary
7768ed01-a34d-4368-b400-684bb9d03a14,2020,Birmingham City University,B25,10007140,,,,Wheelers Lane Technology College,103501,Biology
89123bf5-1c1e-4cc2-b63f-fcff435273c7,2020,Coventry University,C85,10001726,,,,Wheelers Lane Technology College,103501,History
2f3236ad-3c65-4cff-8b6f-22ca374abef0,2020,University of Warwick,W20,10007163,Bishop Challoner Catholic College,103560,school,Wheelers Lane Technology College,103501,History
c2dc7ba5-2b34-49f7-822a-f2741779101f,2020,University of Warwick,W20,10007163,,,,Wheelers Lane Technology College,103501,Chemistry
bd4bdfdb-682b-46d4-8c41-e622c1e410de,2020,University of Chester,C55,10007848,,,,Wheelock Primary School,142756,Primary
413f02e1-4953-49d5-9b4b-f45227410fab,2020,York St John University,Y75,10007713,,,,Wheldrake with Thorganby Church of England Primary School,144712,Primary
e91d23eb-9275-4482-826e-72765cb1ea70,2020,University of Winchester,W76,10003614,,,,Wherwell Primary School,115960,Primary
7f1c57aa-05ae-474a-ae33-cc26429fcfd2,2020,Bradford College,B60,10000840,,,,Whetley Academy,139046,Primary
6636e354-cdef-44a2-8e0b-92850f94b9e7,2020,Plymouth Marjon University,P63,10037449,,,,Whimple Primary School,113113,Primary
80d3d0fc-cca7-45c5-8470-8e236782be02,2020,Leeds Beckett University,L27,10003861,,,,Whinmoor St Paul's Church of England Primary School,108051,Primary
5889795e-9ef0-4e51-be37-17e72b1cc9ff,2020,Liverpool John Moores University,L51,10003957,,,,Whiston Willis Primary Academy,145613,Primary
83453e38-bb7b-4b6c-a3dc-24e6d8cbfb69,2020,University of Chester,C55,10007848,,,,Whitby Heath Primary School,111087,Primary
b7cabe8c-11ad-4452-b3fc-2d333373eab8,2020,"University of the West of England, Bristol",B80,10007164,,,,Whitchurch Primary School,147800,Primary
476d8679-ccb9-4e84-ac08-a7cd368fbee6,2020,Middlesex University,M80,10004351,,,,Whitchurch Primary School & Nursery,131316,Primary
38e5c071-f211-4cdd-b7b7-89fd87b980bd,2020,University of Hertfordshire,H36,10007147,,,,White Bridge Primary School,145603,Primary
8438d8b9-b22d-434f-8ce7-e3859f919a3f,2020,Canterbury Christ Church University,C10,10001143,,,,White Cliffs Primary and Nursery School,138168,Primary
fdafccdb-ba3f-4a88-b8c8-a2fcba5c9d29,2020,Kingston University,K84,10003678,,,,White Court School,114988,Primary
f080b2d0-9152-43f9-bb75-58845ad6ddfd,2020,Birmingham City University,B25,10007140,,,,Whitecrest Primary School,103922,Primary
b0d3852c-dbb0-4b91-ab5c-880de669b5d9,2020,Lincoln Bishop University,B38,10007811,,,,Whitefriars Church of England Primary Academy,141314,Primary
8956bc32-7b90-4a01-a6df-784c4c61ac38,2020,The University of Northampton,N38,10007138,,,,Whitefriars Primary School,121909,Primary
901019e2-6e8e-49f4-b46c-906fadd3e92d,2020,Plymouth Marjon University,P63,10037449,,,,Whitefriars School,141071,Physical education
9c3e8333-b827-436a-abe7-f230123f253c,2020,The Manchester Metropolitan University,M40,10004180,,,,Whitegate Nursery School,119096,Primary
16b122b3-64e2-41b3-8cd6-9a83170ddb67,2020,Canterbury Christ Church University,C10,10001143,,,,White Hall Academy and Nursery,138575,Primary
0792acf6-7147-4ce9-abf5-ad9ed770173c,2020,St Mary's University,S64,10007843,,,,Whitehall Infant School,102411,Primary
b3153177-ea27-4050-8653-7b47def7b0a4,2020,Birmingham City University,B25,10007140,,,,Whitehall Nursery and Infant School,104163,Primary
ed628d10-db80-47d6-a3e0-59542a62b1a9,2020,St Mary's University,S64,10007843,,,,Whiteheath Junior School,102400,Primary
e458093d-d546-43e6-942c-b72d85218f18,2020,The Manchester Metropolitan University,M40,10004180,,,,Whitehill Primary School,106084,Mathematics
6c127df5-80f9-4350-9948-69d7b8bd8c23,2020,The Manchester Metropolitan University,M40,10004180,,,,Whitehill Primary School,106084,Primary
e9f3778e-f114-4a73-8bfe-0dfa11f39a88,2020,Coventry University,C85,10001726,,,,Whitehills Primary School,121926,Primary
559121e5-a838-4cc5-b9a3-80f4246160a5,2020,Birmingham City University,B25,10007140,,,,Whitehouse Common Primary School,132007,Primary
8f494254-bbdb-4e2e-8348-44faa944a878,2020,The University Of East Anglia,E14,10007789,,,,White House Farm,147092,Primary
16f87af4-a734-4a4b-b3b1-75f98de0c6c0,2020,University of Durham,D86,10007143,,,,Whitehouse Primary School,111549,Primary
1c041024-b670-4ab6-b3e3-2603d81001b7,2020,University of Reading,R12,10007802,,,,Whiteknights Primary School,148800,Primary
0cf3ece4-f774-4b6d-9191-f825d13ca324,2020,University of Winchester,W76,10003614,,,,Whiteley Primary School,131420,Primary
53d7c565-d10f-469d-b2e1-b42fa9beec56,2020,The University of Brighton,B72,10000886,,,,White Meadows Primary Academy,140794,Mathematics
e65323d7-a4c1-40c9-b330-bb75a058a03d,2020,The University of Brighton,B72,10000886,,,,White Meadows Primary Academy,140794,Primary
8de0bc80-51e9-40f3-bc80-4a15878a29cd,2020,University of Chichester,C58,10007137,,,,White Meadows Primary Academy,140794,Primary
a5234516-07cf-4be6-9490-5f9dc088a0a3,2020,University of Northumbria at Newcastle,N77,10001282,,,,White Mere Community Primary School,108362,Primary
795a5c25-26b6-4714-9d19-c6026aad16b3,2020,Coventry University,C85,10001726,,,,Whitemoor Academy (Primary and Nursery),138663,Primary
f7e84e6f-7ea6-45c0-ae2d-0ae7e9e80a24,2020,Lincoln Bishop University,B38,10007811,,,,White's Wood Academy,139361,Primary
82055c12-26a1-485b-97a2-b58ca7f4bdfd,2020,Sheffield Hallam University,S21,10005790,,,,Whiteways Primary School,147621,Primary
93c65b79-4652-4e5e-9c73-937e2b80d003,2020,Staffordshire University,S72,10006299,,,,Whitfield Valley Primary Academy,141346,Primary
1b488017-e5bd-47bb-b152-56e02477672b,2020,University of Wolverhampton,W75,10007166,,,,Whitgreave Primary School,104297,Primary
e4a64a60-25e3-46b9-926f-efd14276c6f9,2020,Middlesex University,M80,10004351,,,,Whitings Hill Primary School,101304,Primary
23aee525-9079-4265-9c81-e412da20ed7d,2020,Plymouth Marjon University,P63,10037449,,,,Whitleigh Community Primary School,132215,Primary
945950e3-7995-4d6e-bd9a-c73505e63986,2020,University Of Plymouth,P60,10007801,,,,Whitleigh Community Primary School,132215,Primary
b653eeab-b72b-4d73-a44a-fd72f2b0cf55,2020,Sheffield Hallam University,S21,10005790,,,,Whitley and Eggborough Community Primary School,121423,Primary
7d511f52-9191-454e-915a-f04a59654d23,2020,University of Gloucestershire,G50,10007145,,,,Whitminster Endowed Church of England Primary School,115660,Primary
ad26332e-696a-48f7-9b9a-d3d31f9c4739,2020,Brunel University London,B84,10000961,,,,Whitmore High School,102239,English
80f7a061-8d03-4000-8d54-695a84f82876,2020,Canterbury Christ Church University,C10,10001143,,,,Whitstable Junior School,118364,Primary
909e061c-037f-4497-b473-755681262aab,2020,The University of Northampton,N38,10007138,,,,Whittlebury Church of England Primary School,122003,Primary
c0ce85d3-3391-4e75-a85d-1ccb54b54790,2020,Edge Hill University,E42,10007823,,,,Whittle-le-Woods Church of England Primary School,119478,Primary
253687e7-2f7e-42f4-9871-d9cb53850765,2020,University of Derby,D39,10007851,,,,Whitwick St John The Baptist Church of England Primary School,120171,Primary
c5c9a7f9-c2c3-4217-b1c4-a19d0c63cd32,2020,The Manchester Metropolitan University,M40,10004180,,,,Whitworth Community High School,119753,Mathematics
ed08c68e-ff98-4ecc-8bf3-cd156c380383,2020,Liverpool Hope University,L46,10003956,,,,Whixall CofE Primary School,143325,Primary
d09394c3-4da3-4de0-9867-1125d01ce07e,2020,University of Chester,C55,10007848,,,,Whixall CofE Primary School,143325,Primary
6c4032f6-bf2c-4196-ae0b-85b93636931d,2020,Birmingham City University,B25,10007140,,,,Whoberley Hall Primary School,103674,Primary
1df814b2-a7c7-4103-8f0d-fbb3dda69fd8,2020,University of Chichester,C58,10007137,,,,Whytemead Primary School,148719,Primary
67999a3c-dbf5-4f2b-b01c-4588e063bf75,2020,Canterbury Christ Church University,C10,10001143,,,,Wickhambreaux Church of England Primary School,118660,Primary
cef61534-8cb7-4dc7-a5f4-5193f1404333,2020,Canterbury Christ Church University,C10,10001143,,,,Wickham Common Primary School,142301,Primary
0b703dde-d5a0-4ea0-96e5-ba1a6b88e627,2020,"University of the West of England, Bristol",B80,10007164,,,,Widden Primary School,115481,Primary
df82ee54-0d57-4faa-80d5-aed94efb923e,2020,Plymouth Marjon University,P63,10037449,,,,Widewell Primary Academy,139289,Primary
4c2571b1-6545-4ade-a1f2-368b4167206d,2020,Plymouth Marjon University,P63,10037449,,,,Widey Court Primary School,143309,Early years ITT
d5f4cdc1-a22b-4204-9074-4792fc485f31,2020,Plymouth Marjon University,P63,10037449,,,,Widey Court Primary School,143309,Primary
16a3fecd-61dd-4373-b12f-35dcc75761fe,2020,University Of Plymouth,P60,10007801,,,,Widey Court Primary School,143309,Primary
7c28815a-159f-4f1b-91c3-f0143457dd60,2020,University of Chester,C55,10007848,,,,Widnes Academy,141538,Primary
9d03fe40-6028-43a6-b7d4-42a940a3e09a,2020,Edge Hill University,E42,10007823,,,,Wigan Worsley Mesnes Community Primary School,106404,Primary
876d27cc-5f1d-44d2-929d-d67ba00b5801,2020,York St John University,Y75,10007713,,,,Wigginton Primary School,121366,Primary
0404b800-bdc3-40ea-ac88-111e0fbe4303,2020,Bradford College,B60,10000840,,,,Wigmore Primary,109588,Primary
c337e635-7730-4b0a-8676-f008c9f694c8,2020,Edge Hill University,E42,10007823,,,,Wigmore Primary,109588,Primary
a0db86e7-0670-4c71-bf63-d919eef5552b,2020,Birmingham City University,B25,10007140,,,,Wigston Academy,137984,Physical education
99338b25-04b0-4323-b76f-d136fc4cdc9f,2020,Coventry University,C85,10001726,,,,Wigston Birkett House Community Special School,138935,Primary
145bf9b8-ab83-42e7-9878-65e8a27b806a,2020,Leeds Trinity University,L24,10003863,,,,Wigton Moor Primary School,107870,Primary
bfc661d3-b692-4f37-9c54-d8b27c631210,2020,University of Cumbria,C99,10007842,,,,Wigton Nursery and Infant School,112126,Primary
34f75665-ab4e-4d63-8a88-ece435509fe4,2020,Leeds Beckett University,L27,10003861,,,,Wilberlee Junior and Infant School,107648,Primary
953463ff-557e-4aee-a6d4-cbd40a08acd4,2020,Leeds Trinity University,L24,10003863,,,,Wilberlee Junior and Infant School,107648,Primary
26452745-d9ac-4646-9292-9b936305821a,2020,University of Reading,R12,10007802,,,,Wildridings Primary School,109941,Primary
fae4c99a-6e59-40d4-82fd-4d4bf85f86de,2020,St Mary's University,S64,10007843,,,,Willaston Primary Academy,142236,Primary
332757f2-ef75-4ec9-a54d-e57c56d5929e,2020,University of Chester,C55,10007848,,,,Willaston Primary Academy,142236,Primary
e04aafed-ca65-415c-aed8-cbd637b0c7bc,2020,University of Wolverhampton,W75,10007166,,,,Willenhall E-ACT Academy,137706,English
89fc87b2-c36f-43a8-97cb-797597c31208,2020,University of Wolverhampton,W75,10007166,,,,Willenhall E-ACT Academy,137706,History
e02c1f5e-60c1-4e15-a187-52cf0425be65,2020,University of Hull,H72,10007149,,,,Willerby Carr Lane Primary School,135115,Primary
94241bf5-3525-4dbf-b38e-6c5ea76e973c,2020,Canterbury Christ Church University,C10,10001143,,,,Willesborough Infant School,118370,Primary
dc82ded2-64aa-4488-b9fb-03aad71d0469,2020,Canterbury Christ Church University,C10,10001143,,,,Willesborough Junior School,118371,Primary
ad9a3bc6-d75c-4b9b-a4c9-a9fae9c8fb14,2020,University of Hertfordshire,H36,10007147,,,,William Austin Infant School,109584,Primary
599cef54-7c52-41ac-9900-43118f9b045f,2020,Middlesex University,M80,10004351,,,,William Bellamy Primary School,101226,Primary
7b541f55-f4ca-454a-a677-446f955dd26e,2020,University of Nottingham,N84,10007154,,,,William Booth Primary and Nursery School,144462,Primary
6e0b3b3c-f7a3-42d7-a438-77fa96271c1a,2020,University of East London,E28,10007144,,,,William Edwards School,137214,English
be051f49-8aae-4ad2-962a-9b971e6892a2,2020,Oxford Brookes University,O66,10004930,,,,William Fletcher Primary School,123023,Primary
89e9094d-c868-4936-935b-e4cd3dcfaa55,2020,University of Winchester,W76,10003614,,,,William Gilpin Church of England Primary School,116353,Primary
2e1b00be-8351-4939-8f2e-2aed4001ba13,2020,The Manchester Metropolitan University,M40,10004180,,,,William Hulme's Grammar School,135296,Mathematics
0b009ceb-9565-4bea-a4ac-ac7a5a7e2768,2020,The Manchester Metropolitan University,M40,10004180,,,,William Hulme's Grammar School,135296,Primary
35dce758-09a7-4b23-8d43-1188e70c9da9,2020,Oxford Brookes University,O66,10004930,,,,William Morris Primary School,142409,Primary
41245464-95d6-4942-9570-498d4269f0bb,2020,Birmingham City University,B25,10007140,,,,William Murdoch Primary School,103317,Primary
df84591d-1b00-47d2-b9fc-38b456a220a0,2020,Birmingham City University,B25,10007140,,,,William Reynolds Primary School,123433,Primary
c306aab0-487b-4eef-a4a5-e33ee3d74c16,2020,University of Chester,C55,10007848,,,,William Reynolds Primary School,123433,Primary
4acbed62-6a6c-43f1-a681-151452661392,2020,The University of Brighton,B72,10000886,,,,Willingdon Primary School,114422,Primary
226ecc3c-296a-4459-8a38-1ef3984b15d2,2020,University of Sussex,S90,10007806,,,,Willingdon Primary School,114422,Primary
c1cddcd0-e9cb-4e08-a349-0cc91309a2da,2020,Lincoln Bishop University,B38,10007811,,,,Willoughton Primary School,120487,Primary
22ccf488-bae9-4fab-a6ae-4fc9d7348a13,2020,University of Reading,R12,10007802,,,,Willow Bank Infant School,109889,Primary
5fd8ccff-6f55-456b-bfdd-d7343c6d2a4b,2020,University of Reading,R12,10007802,,,,Willow Bank Junior School,109890,Primary
f7347a2f-d079-42ef-9a27-90766c3ae925,2020,Plymouth Marjon University,P63,10037449,,,,Willowbank Primary School,145763,Primary
296808b9-ddef-42f5-b5df-2c224260012d,2020,Nottingham Trent University,N91,10004797,,,,Willow Brook Primary School,122650,Primary
00a3ed1a-6acf-4cf6-aeed-f2058433512c,2020,University of East London,E28,10007144,,,,Willow Brook Primary School Academy,138364,Primary
d29b087a-b91a-4230-887a-ad9b640b5a82,2020,Oxford Brookes University,O66,10004930,,,,Willowcroft Community School,139770,Primary
b32b76ec-7e1f-4f48-ac5f-b077eab80b7c,2020,University of Cumbria,C99,10007842,,,,Willow Lane Community Primary School,119134,Primary
7205cc1c-d37d-4084-a456-ddf93f166b72,2020,"University of the West of England, Bristol",B80,10007164,,,,Willow Park CofE Primary School,148841,Primary
4f45c5bc-bea0-4e17-9c05-6643d8d82aae,2020,St Mary's University,S64,10007843,,,,Willow Primary School,139198,Primary
6268a2ce-b06d-429a-aa0f-eca9474d18e4,2020,University of Wolverhampton,W75,10007166,,,,Willows Primary School,124161,Primary
fc1a376b-29b9-426f-ab7a-3545fa25e865,2020,Leeds Trinity University,L24,10003863,,,,Willow Tree Community Primary School,148997,Primary
af5660e6-5204-4400-9614-80d05bc985bf,2020,University of Sunderland,S84,10007159,,,,Willow Wood Community Primary School,108783,Primary
8acb3843-7fa0-4e14-9006-c90afa2c3ef9,2020,Leeds Trinity University,L24,10003863,,,,Wilsden Primary School,144006,Primary
c8019b51-2910-491c-9f3a-0472664a6a48,2020,Coventry University,C85,10001726,,,,Wilsthorpe School,146451,Biology
069ed425-3e0a-47da-ab7c-c5386c35e871,2020,Kingston University,K84,10003678,,,,Wimbledon Chase Primary School,102662,Primary
479543eb-88ce-453e-bd2c-c98374944140,2020,University of Winchester,W76,10003614,,,,Wimborne First School and Nursery,148464,Primary
cae58565-284c-49c0-a8ac-a5451153fa25,2020,University of Chester,C55,10007848,,,,Wincham Community Primary School,111160,Primary
41bb5e45-339b-4260-86bf-2990213ae00e,2020,Canterbury Christ Church University,C10,10001143,,,,Wincheap Foundation Primary School,118867,Mathematics
c9524660-beca-47a0-9c24-e184ce7b7028,2020,Oxford Brookes University,O66,10004930,,,,Windale Primary School,146381,Primary
355bec18-46d4-4b8d-b6fa-9f723792acaf,2020,University of Chichester,C58,10007137,,,,Windlesham House School,126113,Physical education
113a32a1-103b-4df3-b5f4-96ead0db3865,2020,Edge Hill University,E42,10007823,,,,Windmill Hill Primary School,111177,Primary
b67cd5aa-e2d8-4f30-8001-bde01e951d49,2020,University of Reading,R12,10007802,,,,Windmill Primary School and Nursery,139899,Primary
eb43e7d4-82e5-467c-a1e5-89fcc3ca66d7,2020,University of Durham,D86,10007143,,,,Wingate Primary School,114149,Primary
f152ee37-e158-4203-840a-bc214b776708,2020,Canterbury Christ Church University,C10,10001143,,,,Wingham Primary School,118403,Primary
6298cf1b-f1a1-456b-a7d2-b8d6e373d032,2020,University of Winchester,W76,10003614,,,,Winklebury Junior School,115858,Primary
3bef1c69-1ccd-41c2-8c1f-5a50e81afd8a,2020,Plymouth Marjon University,P63,10037449,,,,Winkleigh Primary School,113174,Primary
fcc06a2f-78a2-4c88-a895-949e1c019c03,2020,University Of Plymouth,P60,10007801,,,,Winkleigh Primary School,113174,Primary
33f11e92-219b-4b4f-b9cf-62faaa8283d0,2020,Edge Hill University,E42,10007823,,,,Winsford High Street Community Primary School,111057,Primary
33a996ee-5ced-4660-af1b-50aed2affc1b,2020,University of Chester,C55,10007848,,,,Winsford High Street Community Primary School,111057,Primary
dff4cef6-4b1f-4846-a314-765143be9853,2020,Edge Hill University,E42,10007823,,,,Winstanley Community Primary School,106407,Primary
5af3e85a-d114-4fea-ace4-93301a7d7a81,2020,University of Cumbria,C99,10007842,,,,Winterbourne Boys' Academy,140683,Primary
7fcbcd9f-90d2-4691-98d5-8fb72b6613f6,2020,Roehampton University,R48,10007776,,,,Winterbourne Junior Girls' School,101745,Primary
6442e2b1-e5ab-4757-b36e-5509f5d7253e,2020,Lincoln Bishop University,B38,10007811,,,,Winteringham Primary School,117753,Primary
2ee4ef96-b428-4914-9da6-eaa3c725821d,2020,"University of the West of England, Bristol",B80,10007164,,,,Winterstoke Hundred Academy,147350,Mathematics
ca954ca0-9b05-4c82-89ce-25f1bc9ef5c9,2020,Leeds Beckett University,L27,10003861,,,,Winterton Church of England Infants' School,118020,Primary
89b4f276-3a51-4a13-986f-b9c03a08cc4f,2020,Lincoln Bishop University,B38,10007811,,,,Winterton Church of England Infants' School,118020,Primary
eb3c857e-86e5-4212-a9fd-b36001b534e1,2020,Lincoln Bishop University,B38,10007811,,,,Winterton Junior School,117787,Primary
1d7c2721-ec05-4f2d-996a-fa6161f75015,2020,Sheffield Hallam University,S21,10005790,,,,Winthorpe Primary School,148218,Primary
8a9567ef-cc0a-48aa-a1da-611585d2b641,2020,University of Winchester,W76,10003614,,,,Winton Primary School,142453,Primary
eb79d6cb-fd0c-4929-bb87-d48a90c34594,2020,York St John University,Y75,10007713,,,,Wisewood Nursery & Primary School,142074,Primary
828a1c0b-a130-40c9-b4d7-f9638c893d67,2020,University of Chester,C55,10007848,,,,Wistaston Church Lane Academy,141568,Primary
363e30df-d991-4b53-8a65-b3e2434c5bc8,2020,York St John University,Y75,10007713,,,,Wistow Parochial Church of England Voluntary Controlled Primary School,121596,Primary
19b8ce17-73db-4379-8598-601d7a759cf3,2020,Leeds Trinity University,L24,10003863,,,,Witham St Hughs Academy,137978,Primary
235a838c-b4a6-4875-8a26-cb7cc3711945,2020,University of Cumbria,C99,10007842,,,,Withinfields Primary School,107502,Primary
a4883731-5565-4e19-ad6b-65f8250a9f09,2020,University of Huddersfield,H60,10007148,,,,Withinfields Primary School,107502,Primary
84a1be70-c9bb-42fe-9ce2-b26364d01b11,2020,University Of Plymouth,P60,10007801,,,,Wiveliscombe Primary School,123713,Primary
c795c1ec-9c83-4a52-a62e-85a014286bfc,2020,The University of Brighton,B72,10000886,,,,Wivelsfield Primary School,114424,Primary
70db89ec-56fe-4523-8cfb-cad57b3e8a1c,2020,University of Bedfordshire,B22,10007152,,,,Wixams Academy,144595,Physical education
7bce4bf5-b7f8-4a82-9011-a78abbd4f837,2020,University of Warwick,W20,10007163,,,,WMG Academy for Young Engineers,140961,Modern languages
53e7b02d-a41d-4e03-a311-22a4512deb33,2020,Birmingham City University,B25,10007140,,,,WMG Academy for Young Engineers (Solihull),142900,Biology
9c677ad2-51f6-4c41-8416-12eb841d4f0c,2020,Newman University,N36,10007832,,,,Woden Primary School,139199,Primary
29948e19-5ded-4f92-9dc1-95a368a7d446,2020,University of Wolverhampton,W75,10007166,,,,Wodensborough Ormiston Academy,139918,Primary
a2ad0f16-8450-4498-8ad5-d598d67194a5,2020,University of Wolverhampton,W75,10007166,,,,Wodensfield Primary School,104345,Primary
6e2ec141-c9dd-466d-83b2-cc8b9ffadd3e,2020,Coventry University,C85,10001726,,,,Woking High School,139993,Geography
e84d4c75-61d1-4e6c-968b-eddc00dae361,2020,University Of Plymouth,P60,10007801,,,,Wolborough Church of England (Aided) Nursery and Primary School,113477,Primary
42215ea9-6f83-40ca-82df-a959e1ecea30,2020,Leeds Beckett University,L27,10003861,,,,Wold Academy,139968,Primary
9189d2c4-0db8-41e9-a09a-027b02d408cb,2020,York St John University,Y75,10007713,,,,Wold Academy,139968,Primary
f8c24c71-714f-4fd1-a3d9-35aef069b2ce,2020,University of Wolverhampton,W75,10007166,,,,Wolgarston High School,145381,Geography
5fcb9ed1-749b-40bc-a5b9-7616ee1556ec,2020,University of Wolverhampton,W75,10007166,,,,Wolgarston High School,145381,Primary
c5c71b4b-c15f-4fde-aca6-5226f12bf6b6,2020,University of Bedfordshire,B22,10007152,,,,Wollaston School,146489,Physical education
a93ed205-718a-4a77-9d8d-3252159f5ffe,2020,Birmingham City University,B25,10007140,,,,Wolsey House Primary School,120039,Primary
c285d559-324e-4322-9631-7da460cecf2a,2020,Coventry University,C85,10001726,,,,Wolsey House Primary School,120039,Primary
1a17a621-513f-48d0-ab0b-3530b968443b,2020,Edge Hill University,E42,10007823,,,,Wolverham Primary and Nursery School,144562,Mathematics
0d14f06c-a705-4819-a850-2ab2154c7b09,2020,University of Chester,C55,10007848,,,,Wolverham Primary and Nursery School,144562,Primary
e42fc174-a201-49f3-acb2-52d6fb32b38e,2020,University of Wolverhampton,W75,10007166,,,,Wombourne High School,141343,History
9bc49eeb-cc2c-43ba-bb23-74b556d2c61e,2020,University of Wolverhampton,W75,10007166,,,,Wombourne High School,141343,Primary
fb4b4a24-5c2a-4697-885f-9db6870991f5,2020,Staffordshire University,S72,10006299,,,,Wombridge Primary School,123404,Primary
e05d273f-8029-4367-ab6f-809c09d3d794,2020,University of Chester,C55,10007848,,,,Wombridge Primary School,123404,Primary
e49eab78-2d52-41f1-bdb3-6e2370521a8a,2020,University of Huddersfield,H60,10007148,,,,Wood Bank School,107590,Primary
12b54e38-a2f8-4ee0-af9f-90ca845bff3c,2020,University College London,U80,10007784,,,,Woodbridge High School,102854,Business studies
3454ac2a-b51b-4c93-8ba8-c279866cdd25,2020,Canterbury Christ Church University,C10,10001143,,,,Woodchurch Church of England Primary School,118672,Mathematics
618e791f-4f2e-49d1-9e47-77488b4bc620,2020,Edge Hill University,E42,10007823,,,,Woodchurch Road Primary School,105047,Primary
17f0c5f9-ecf3-4256-ab33-78157b0f4e32,2020,University of Gloucestershire,G50,10007145,,,,Woodcock Hill Primary School,103372,Primary
8730028f-5fd1-497a-963c-c0651f982a4b,2020,Staffordshire University,S72,10006299,,,,Woodcocks' Well CofE Primary School,111255,Primary
92b2ec93-e08d-4ff8-89e1-2bb7db5fcfa5,2020,Coventry University,C85,10001726,,,,Woodcote Primary School,120096,Primary
4cb2bcc5-4f45-4dc6-8408-8a5938db37d7,2020,University of Reading,R12,10007802,,,,Woodcote Primary School,123040,Primary
5dfb80a2-40c6-423c-b358-87e9bec0d97b,2020,Middlesex University,M80,10004351,,,,Wood End Park Academy,138621,Primary
565908f8-013e-496b-9ac9-55a7051dba26,2020,St Mary's University,S64,10007843,,,,Wood End Park Academy,138621,Primary
f04ec01e-1044-49d9-8330-73577eb215ed,2020,University of Wolverhampton,W75,10007166,,,,Wood End Primary School,104322,Primary
09aabf75-542c-4c92-88b2-bfb17ab729dc,2020,University of Hertfordshire,H36,10007147,,,,Wood End School,117358,Primary
767a20cd-7cd8-49c1-ba54-f69f5f5ed915,2020,Edge Hill University,E42,10007823,,,,Woodfield Primary School,106402,Primary
102f4231-1fb1-4116-9760-a22b997d6122,2020,Plymouth Marjon University,P63,10037449,,,,Woodfield Primary School,143475,Primary
943206be-15d7-4719-a46c-afc34166e396,2020,York St John University,Y75,10007713,,,,Woodfield Primary School,143451,Primary
65932675-d406-4f6f-9582-1c897bd05d01,2020,Kingston University,K84,10003678,,,,Wood Field Primary School,149360,Primary
fde2e13e-6f0c-4e28-a40c-30a69adefffd,2020,Plymouth Marjon University,P63,10037449,,,,Woodford Primary School,142788,Primary
ff2d56f6-6ec4-4799-8e4b-35417e1fe96b,2020,Birmingham City University,B25,10007140,,,,Woodgate Primary School,103310,Primary
81f846ab-3e1c-4424-8be9-0b5c738d52d0,2020,Newman University,N36,10007832,,,,Woodgate Primary School,103310,Primary
d29025f6-ba12-44ce-87c6-fd79aac3af46,2020,University of Chichester,C58,10007137,,,,Woodgate Primary School,125936,Primary
16b30412-a844-4288-a078-e5f321391c4d,2020,University of Wolverhampton,W75,10007166,,,,Wood Green Junior School,103913,Primary
d2dec5eb-5413-48b7-88f5-994a2fe3c36e,2020,Canterbury Christ Church University,C10,10001143,,,,Woodhill Primary School,143594,Primary
b225ee45-bfc3-485a-b567-df3b49fc3c19,2020,University of Greenwich,G70,10007146,,,,Woodhill Primary School,143594,Primary
854c4861-6529-4b32-a131-95649c1de8bf,2020,The Manchester Metropolitan University,M40,10004180,,,,Woodhouse Academy,141074,Mathematics
9e15d5cd-5589-4130-9994-5b27d594d294,2020,University of Sunderland,S84,10007159,,,,Woodhouse Community Primary School,131919,Primary
16ed43c4-9931-4ef6-bbd2-5ae3e605d971,2020,University of Wolverhampton,W75,10007166,,,,Woodhouse Primary Academy,139637,Primary
2279f50d-973b-4a09-b3a8-c99d1a621515,2020,The University of Brighton,B72,10000886,,,,Woodingdean Primary School,114480,Primary
1f094f13-88b2-4fcf-b9ba-2acb4d9b9b7f,2020,University of Sussex,S90,10007806,,,,Woodingdean Primary School,114480,Primary
984e9c12-e0e3-47c8-8db3-4f04068f46d5,2020,Coventry University,C85,10001726,,,,Woodkirk Academy,137383,Business studies
a876e88d-1f06-474e-94dd-9c7e2574203f,2020,Edge Hill University,E42,10007823,,,,Woodland Community Primary School,134599,Primary
97116ec2-ea6e-43b5-868c-43f3fe7673cc,2020,Birmingham City University,B25,10007140,,,,Woodlands,145224,Primary
91457ce0-288a-4de0-a963-dbcf3e3da293,2020,Roehampton University,R48,10007776,,,,Woodlands Academy,143118,Primary
2e52faf0-b35e-4b19-a1b9-d918d9f77871,2020,Birmingham City University,B25,10007140,,,,Woodlands Academy of Learning,138343,Primary
9460db81-81a3-4b16-aa68-b23c510a5e74,2020,Lincoln Bishop University,B38,10007811,,,,Woodlands Infant and Nursery School,120436,Primary
c51b2a1c-aa42-4313-9afc-0d2455cf4a48,2020,Birmingham City University,B25,10007140,,,,Woodlands Infant School,104053,Primary
759e8fbc-c066-4804-95f4-80ff0ce6700c,2020,Newman University,N36,10007832,,,,Woodlands Infant School,104053,Primary
112e8e0e-3ad5-4d22-8d86-6116a074b898,2020,University of Sussex,S90,10007806,,,,Woodlands Meed,136114,Modern languages
eadb79b9-c778-4759-8461-0e22192ea908,2020,The University Of East Anglia,E14,10007789,,,,Woodlands Primary Academy,139580,Primary
6f8b9c9d-471e-4cb1-857f-30db97cd97c6,2020,Liverpool Hope University,L46,10003956,,,,Woodlands Primary School,135136,Primary
b3994877-fd41-436c-9dd3-4c61ccc45d98,2020,University of Chester,C55,10007848,,,,Woodlands Primary School,135136,Primary
0f9d3507-0fb8-4bcf-b82d-9e1e12f83ba5,2020,"University of the West of England, Bristol",B80,10007164,,,,Woodlands Primary School,147311,Primary
c7a96b1f-7e91-4120-bd59-93217731d966,2020,University Of Plymouth,P60,10007801,,,,Woodlands School,113644,Primary
943cd829-dace-4571-90c5-8b9dd034a2e3,2020,The University of Northampton,N38,10007138,,,,Woodland View Primary School,137918,Primary
9715972a-3b72-4724-9d35-57c18aa34528,2020,University of Northumbria at Newcastle,N77,10001282,,,,Woodlawn School,108652,Primary
4c96f71d-1e76-40bc-8293-33aa6276b4e8,2020,University of Sunderland,S84,10007159,,,,Woodlawn School,108652,Primary
6f2cb78a-38d0-44a6-a46a-f1bc8faecaaf,2020,University of Reading,R12,10007802,,,,Woodley CofE Primary School,109988,Primary
70eb6bd8-cb26-47b6-9c44-7024ede14be3,2020,University of Gloucestershire,G50,10007145,,,,Woodmancote School,115576,Primary
5a7d43dc-6218-425d-93e4-6f4d4545e8c4,2020,The University of Northampton,N38,10007138,,,,Woodnewton- A Learning Community,138153,Primary
e45f05a6-b97a-4d09-b9ab-3d4ede9f527c,2020,Bradford College,B60,10000840,,,,Woodpecker Court,147958,English
eff95209-65e3-45ff-8746-6f2a149a2d34,2020,University of Wolverhampton,W75,10007166,,,,Woods Bank Academy,139305,Primary
44db9fd4-2a2b-4baf-a117-dfcc41746e6d,2020,Sheffield Hallam University,S21,10005790,,,,Woodsetts Primary School,144323,Primary
6c4bc229-2907-417f-bfc5-6851a5401359,2020,Nottingham Trent University,N91,10004797,,,,Wood's Foundation CofE Primary School,122810,Primary
6b97b36e-a73c-4971-9c63-c76a0b3128c8,2020,Canterbury Christ Church University,C10,10001143,,,,Woodside Academy,139106,Primary
07ba3b2e-db31-487d-883f-25f8afc92f1a,2020,University of Chester,C55,10007848,,,,Woodside Primary School,139630,Primary
49368c65-999e-4a98-8476-a4eced2267c0,2020,University of Hertfordshire,H36,10007147,,,,Woodside Primary School,147879,Primary
42ba8db5-7cd9-42e8-8eff-ee235a2a61d7,2020,Oxford Brookes University,O66,10004930,,,,Woodstock Church of England Primary School,123118,Primary
580409f3-7b1b-49a3-9456-5c7f0d2098ef,2020,University of Wolverhampton,W75,10007166,,,,Woodthorne Primary School,146194,Primary
cab8fd97-8a3a-4ac2-a8b0-eb18aff46c84,2020,Sheffield Hallam University,S21,10005790,,,,Woodthorpe CofE Primary School,147107,Primary
a3264b42-6e24-4d2a-93b0-b6b8bca491ca,2020,Sheffield Hallam University,S21,10005790,,,,Woodthorpe Primary School,148690,Primary
eaf29de6-2581-4345-a0cb-6b070dd1c69d,2020,Coventry University,C85,10001726,Nottingham Academy,135881,school,Woodvale Primary Academy,139112,Primary
8292cd95-ae2d-4179-9530-a314ad4dcd9b,2020,University Of Plymouth,P60,10007801,,,,Woodwater Academy,139019,Primary
2dbfccbc-8e7a-4b32-949c-1901109564ad,2020,University of Hertfordshire,H36,10007147,,,,Woolenwick Junior School,117322,Primary
b5bf41d2-d188-4d1e-af8d-2dc78ce1729b,2020,Sheffield Hallam University,S21,10005790,,,,Woolley Wood School,107180,Primary
66f4323a-09dd-4040-8152-360be5f5d2ed,2020,Liverpool Hope University,L46,10003956,,,,Woolton Primary School,136813,Primary
2568980a-ee3a-45a4-9972-79bf986ca719,2020,University of Greenwich,G70,10007146,,,,Woolwich Polytechnic School,141163,Biology
d104be0a-2760-42e2-b7a0-3005e8571537,2020,University of Greenwich,G70,10007146,,,,Woolwich Polytechnic School,141163,Chemistry
d42f1af6-c655-4700-8c76-568673a9217b,2020,University of Chichester,C58,10007137,,,,Wootey Infant School,115985,Primary
37196cc3-ca45-4882-8ac6-f1d233745aad,2020,University of Bedfordshire,B22,10007152,,,,Wootton Upper School,137522,Physical education
7c0445e8-a7f8-41b4-932d-43884772a10d,2020,Birmingham City University,B25,10007140,,,,Wootton Wawen CofE Primary School,148514,Primary
9bb20a2e-c133-4b5b-936e-965279e3363d,2020,"University of the West of England, Bristol",B80,10007164,,,,Worlebury St Paul's Church of England Voluntary Aided Primary School,109241,Primary
215612b4-1cf9-42d1-9386-6940fc6444a1,2020,Canterbury Christ Church University,C10,10001143,,,,Wormley CofE Primary School,117400,Primary
25776cb9-134b-47d9-8c65-5384d0bd0b9f,2020,St Mary's University,S64,10007843,,,,Wormley CofE Primary School,117400,Primary
bd07d0c0-0dfa-4122-8c01-693582bf41e0,2020,University of Hertfordshire,H36,10007147,,,,Wormley CofE Primary School,117400,Primary
742371d8-6638-4d10-b210-c80cfbe0f545,2020,Edge Hill University,E42,10007823,,,,Worth Primary School,139459,Primary
f6a7f810-b6bf-44fe-b615-8a39e19f65e9,2020,The Manchester Metropolitan University,M40,10004180,,,,Worth Primary School,139459,Primary
6b427bb5-7162-40aa-a4f3-3d147f49dffc,2020,Canterbury Christ Church University,C10,10001143,,,,"Wouldham, All Saints Church of England Voluntary Controlled Primary School",118634,Primary
71243a12-0f02-4eb9-a5ea-3239748f4090,2020,Lincoln Bishop University,B38,10007811,,,,Wragby Primary School,120488,Primary
04dd2888-4854-439e-8362-eefc7081a091,2020,Lincoln Bishop University,B38,10007811,,,,Wrangle Primary School,120685,Primary
21a08faa-c3e3-40f9-87c6-6e6ca1feb21b,2020,"University of the West of England, Bristol",B80,10007164,,,,Wraxall Church of England Primary School,146004,Primary
e7b2dc32-f2dd-48cc-b934-32b26d377f65,2020,St Mary's University,S64,10007843,,,,Wraysbury Primary School,109907,Primary
3ca91676-07eb-4d3d-87b2-254bd37002a8,2020,University of Cumbria,C99,10007842,,,,Wreay Church of England Primary School,147397,Primary
080a44a0-d3e8-49e6-8c26-c0f4642bb6c4,2020,University of Chester,C55,10007848,,,,Wrenbury Primary School,111078,Primary
1e34450e-17ba-434c-a165-1b508f9de674,2020,Coventry University,C85,10001726,,,,Wrenn School,139961,English
c2738973-123d-4037-a48f-9aea335f21fe,2020,The University Of East Anglia,E14,10007789,,,,Wroughton Infant Academy,143461,Primary
2880e304-6928-4c25-a94c-7657c7e6c084,2020,Lincoln Bishop University,B38,10007811,,,,Wybers Wood Academy,138975,Primary
c5214eda-e0e2-4900-b8ba-857d7f7bdcfd,2020,University of Greenwich,G70,10007146,,,,Wyborne Primary School,100146,Primary
8e1f3841-d032-4a16-9058-0416e80da476,2020,Leeds Beckett University,L27,10003861,,,,Wycliffe CofE Primary School,146512,Primary
d609037a-378e-4ed4-9ac2-b222f810a354,2020,"University of the West of England, Bristol",B80,10007164,,,,Wyedean School and Sixth Form Centre,137382,Mathematics
cac5bdfd-000a-4124-b9ea-039ca6eaf961,2020,Lincoln Bishop University,B38,10007811,,,,Wygate Park Academy,140498,Primary
b5c8da40-f1cb-4a89-93e1-b43bfa6ad002,2020,University Of Plymouth,P60,10007801,,,,Wyke Regis Church of England Junior School,113787,Primary
c71ae9f0-e637-437f-9dfa-7378fade2e51,2020,University of Northumbria at Newcastle,N77,10001282,,,,Wylam First School,146911,Primary
d9c14fd6-6b81-4b16-9ff0-35fe0ed8abaa,2020,The University Of East Anglia,E14,10007789,,,,Wymondham College,136481,Biology
156ce7ac-51a6-4c77-b139-514ea64b810f,2020,The University Of East Anglia,E14,10007789,,,,Wymondham College,136481,English
b8d86197-9c15-4792-ba3a-0f2f15b81ed5,2020,The University Of East Anglia,E14,10007789,,,,Wymondham College,136481,Geography
dbc2ed0c-a8dd-4e10-84f0-622e5b6a5b4a,2020,The University Of East Anglia,E14,10007789,,,,Wymondham College,136481,History
75733c05-7517-41c9-8d5e-9f4b63eac457,2020,The University Of East Anglia,E14,10007789,,,,Wymondham College,136481,Mathematics
2b64f951-cd1d-4071-9f6e-4fcd0b5785fc,2020,The University Of East Anglia,E14,10007789,,,,Wymondham College,136481,Modern languages
ec4306a3-a1c8-414d-8ec5-36e0e977e4b7,2020,Birmingham City University,B25,10007140,,,,Wyndcliffe Primary School,141319,Primary
bfd4c2d1-9c68-4a43-aae2-e016f5b8c79c,2020,University of Winchester,W76,10003614,,,,Wyndham Park Infants' School,141646,Primary
c000c676-17f8-499e-9370-ba19937be798,2020,University of Northumbria at Newcastle,N77,10001282,,,,Wyndham Primary School,143273,Primary
cbeb814a-33dc-4287-bec8-873fafe565f0,2020,Edge Hill University,E42,10007823,,,,Wyvern Academy,143845,English
c32582d5-91e8-49c9-90ec-1d4c1ff2117c,2020,University of Chichester,C58,10007137,,,,Wyvern College,138184,Physical education
8dd79c3d-60ac-4df7-83bf-8e7a8a0731f7,2020,University of Southampton,S27,10007158,,,,Wyvern College,138184,English
620a24cf-a55d-43c1-bb12-4336c8258919,2020,Sheffield Hallam University,S21,10005790,,,,XP School,140964,Mathematics
61ffa652-1821-4901-bd2f-06b5271a3f45,2020,University of Cumbria,C99,10007842,,,,Yanwath Primary School,145138,Primary
7f8e1a5b-141c-494a-bfd6-8ecb2a169c7f,2020,University of Chichester,C58,10007137,,,,Yapton CE Primary School,126001,Primary
908cc27a-70d1-4856-84bf-0fdf4497b868,2020,Lincoln Bishop University,B38,10007811,,,,Yarborough Academy,138542,Primary
d5d012cc-9f68-4c08-ae09-e36410b51cbd,2020,The University of Northampton,N38,10007138,,,,Yardley Hastings Primary School,121876,Primary
0552aed5-5d98-4deb-a4d8-3c5f26334fca,2020,Middlesex University,M80,10004351,,,,Yardley Primary School,136364,Primary
9c7b6b25-4daa-413d-a70f-d03413ac8677,2020,University of Sunderland,S84,10007159,,,,Yarm Primary School,140599,Primary
05e6b898-0ef1-4186-8f47-cc329e5dba8c,2020,University of Winchester,W76,10003614,,,,Yattendon C.E. Primary School,110026,Primary
22db2e7d-a8a0-426c-a544-c2830559f796,2020,"University of the West of England, Bristol",B80,10007164,,,,Yatton Church of England Junior School,145263,Primary
ac92ebfa-3e73-4c32-94a9-1364d7fee455,2020,"University of the West of England, Bristol",B80,10007164,,,,Yatton Infant School,145444,Primary
bebd2238-1de2-4ced-b542-eb3e69d848c0,2020,The University of Brighton,B72,10000886,,,,Yavneh College,136922,Physical education
cddd3a59-5ee8-474f-9e54-27abe4327272,2020,The University Of East Anglia,E14,10007789,,,,Yaxham Church of England Voluntary Aided Primary School,121129,Primary
2337b066-43c2-41cf-9f16-34f59303e4ba,2020,Canterbury Christ Church University,C10,10001143,,,,Yaxley Infant School,110713,Primary
f356c6e0-f4db-4d08-bf5d-305d3742027e,2020,Brunel University London,B84,10000961,,,,Yeading Junior School,102403,Primary
8bf31ae1-3cbc-4e5c-8a78-5dbf218473f4,2020,Leeds Trinity University,L24,10003863,,,,Yeadon Westfield Infant School,107859,Primary
4018a165-5db1-44d3-bf7f-4e958247f016,2020,Edge Hill University,E42,10007823,,,,Yealand Church of England Primary School,119546,Primary
bb60df3e-9ead-4471-b6a3-c2ad7d267324,2020,Plymouth Marjon University,P63,10037449,,,,Yealmpstone Farm Primary School,113328,Primary
2c32f568-8bd6-4689-8bc7-a6c8babc51fa,2020,University Of Plymouth,P60,10007801,,,,Yealmpstone Farm Primary School,113328,Primary
4ed5704e-52dc-4d15-a8e8-6135eb826b65,2020,University Of Plymouth,P60,10007801,,,,Yealmpton Primary School,136635,Primary
04da4a49-429b-460f-b32d-7c3e1a6b23cc,2020,York St John University,Y75,10007713,,,,Yearsley Grove Primary School,132228,Primary
116cc352-62ad-4961-8bbb-036c49cdec0d,2020,Plymouth Marjon University,P63,10037449,,,,Yeoford Community Primary School,145344,Primary
1ba7ae59-a5bb-4ccb-b423-fd2d956517a0,2020,"University of the West of England, Bristol",B80,10007164,,,,Yeo Moor Primary School,141361,Primary
5b3e71a0-42ac-48e0-8312-9411fe106f9b,2020,University College London,U80,10007784,,,,Yerbury Primary School,100429,Primary
a3444b8c-2917-48b1-adf1-91d604e97058,2020,University of Cumbria,C99,10007842,,,,Yewdale School,141995,Primary
75a5fa8d-d376-44bc-bdf7-00fe50741e07,2020,Sheffield Hallam University,S21,10005790,,,,Yewlands Academy,145943,Chemistry
4aed20d0-59cc-48be-94ee-cea507fadf1c,2020,Birmingham City University,B25,10007140,,,,Yew Tree Primary School,103974,Primary
bf419e3a-316a-4968-a810-e921b1e7bc4d,2020,University of Hertfordshire,H36,10007147,,,,Yorke Mead Primary School,117130,Primary
4375ce20-0187-4797-8041-e16d2a0dc1c3,2020,Birmingham City University,B25,10007140,,,,Yorkmead Junior and Infant School,103284,Primary
17c70390-eba5-4d08-9f43-adc35b27bfa3,2020,The Manchester Metropolitan University,M40,10004180,,,,Yorston Lodge School,111479,Primary
2954f03a-d644-496f-996b-0849985b6e76,2020,The University Of Bolton,8N5,10006841,,,,Youth Challenge Pru,142758,Mathematics
2e1ff25c-abff-436c-984e-ac431f8b170e,2020,University of Derby,D39,10007851,,,,Yoxall St Peter's CofE Primary School,142809,Primary
96c031f8-310a-458d-b17c-ff71a47a906d,2020,University of Chester,C55,10007848,,,,Ysgol Clawdd Offa,402218,Primary
141371c5-d709-4d65-8483-b747d57d3219,2020,University of Chester,C55,10007848,,,,Ysgol Derwen,400389,Primary
16028138-45f6-451f-93d7-2444f1576e99,2020,University of Chester,C55,10007848,,,,Ysgol Esgob Morgan C.I.W. Voluntary Controlled Primary School,402365,Primary
6434924d-26f6-4da8-bbf4-15b3a5adec75,2020,Liverpool Hope University,L46,10003956,,,,Ysgol Heulfan,402081,Primary
517c1f10-8774-483b-9e76-1a450edef47e,2020,University of Chester,C55,10007848,,,,Ysgol Llanfyllin,402449,Primary
27d0820c-5a6d-4bf1-b4a0-a04e0c3fe8db,2020,University of Chester,C55,10007848,,,,Ysgol Maesyllan,400404,Primary
2df9a476-c654-44f5-886b-ee00eac03f43,2020,University of Chester,C55,10007848,,,,Ysgol Meifod,400479,Primary
14d545e7-774d-445a-a059-a652eb904f6d,2020,Liverpool Hope University,L46,10003956,,,,Ysgol Pen Y Bryn,400260,Primary
297b496a-d0cd-4815-949e-0ab74a0bb094,2020,University of Chester,C55,10007848,,,,Ysgol Reoledig Llanbedr,400306,Primary
18cfedf1-d6bc-429a-a7b6-77e7ad9d058d,2020,University of Chester,C55,10007848,,,,Ysgol T. Gwynn Jones,400217,Primary
da26c580-13ee-4f1d-8d3c-e1552af6e0cd,2020,University of Chester,C55,10007848,,,,Ysgol Trefnant,402082,Primary
8ce48bc9-b08e-464c-b894-5205b24b2721,2020,University of Chester,C55,10007848,,,,Ysgol Ty Ffynnon,402343,Primary
7551968a-bd20-4860-b04f-93843d3f7634,2020,University of Chester,C55,10007848,,,,Ysgol y Waun,402299,Primary
94bbb9fd-95ed-4d02-9f4e-d8ea4be8437b,2020,University of Winchester,W76,10003614,,,,Zouch Academy,140685,Primary